grid_id,grid_code,gu_name,dong_name,living_pop,masked,raw_bus_mobility,raw_subway_mobility,raw_weighted_mobility,norm_bus_mobility,norm_subway_mobility,norm_weighted_mobility,pop_adjusted_norm_weighted_mobility
GRID_00001,다사35005050,강서구,오곡동,0.0,True,0.0,0.0,0.0,0.0,0.0,0.0,0.0
GRID_00002,다사35005075,강서구,오곡동,6.0,False,0.0,0.0,0.0,0.0,0.0,0.0,0.0
GRID_00003,다사35005100,강서구,오곡동,0.0,True,0.0,0.0,0.0,0.0,0.0,0.0,0.0
GRID_00004,다사35255025,강서구,오곡동,0.0,True,0.0,0.0,0.0,0.0,0.0,0.0,0.0
GRID_00005,다사35255050,강서구,오곡동,9.1,False,0.0,0.0,0.0,0.0,0.0,0.0,0.0
GRID_00006,다사35255075,강서구,오곡동,68.1,False,0.0,0.0,0.0,0.0,0.0,0.0,0.0
GRID_00007,다사35255100,강서구,오곡동,34.8,False,0.0,0.0,0.0,0.0,0.0,0.0,0.0
GRID_00008,다사35505000,강서구,오곡동,0.0,True,0.0,0.0,0.0,0.0,0.0,0.0,0.0
GRID_00009,다사35505025,강서구,오곡동,0.0,True,0.0,0.0,0.0,0.0,0.0,0.0,0.0
GRID_00010,다사35505050,강서구,오곡동,0.0,True,0.0,0.0,0.0,0.0,0.0,0.0,0.0
GRID_00011,다사35505075,강서구,오곡동,11.8,False,0.0,0.0,0.0,0.0,0.0,0.0,0.0
GRID_00012,다사35505100,강서구,오곡동,0.0,True,0.0,0.0,0.0,0.0,0.0,0.0,0.0
GRID_00013,다사35505125,강서구,오곡동,0.0,True,0.0,0.0,0.0,0.0,0.0,0.0,0.0
GRID_00014,다사35755000,강서구,오곡동,0.0,True,0.0,0.0,0.0,0.0,0.0,0.0,0.0
GRID_00015,다사35755025,강서구,오곡동,0.0,True,0.0,0.0,0.0,0.0,0.0,0.0,0.0
GRID_00016,다사35755050,강서구,오곡동,8.5,False,0.0,0.0,0.0,0.0,0.0,0.0,0.0
GRID_00017,다사35755075,강서구,오곡동,15.8,False,0.0,0.0,0.0,0.0,0.0,0.0,0.0
GRID_00018,다사35755100,강서구,오곡동,22.3,False,0.0,0.0,0.0,0.0,0.0,0.0,0.0
GRID_00019,다사35755125,강서구,오곡동,14.6,False,0.0,0.0,0.0,0.0,0.0,0.0,0.0
GRID_00020,다사35755150,강서구,오곡동,0.0,True,0.0,0.0,0.0,0.0,0.0,0.0,0.0
GRID_00021,다사35755200,강서구,과해동,0.0,True,0.0,0.0,0.0,0.0,0.0,0.0,0.0
GRID_00022,다사35755225,강서구,과해동,0.0,True,0.0,0.0,0.0,0.0,0.0,0.0,0.0
GRID_00023,다사36004975,강서구,오곡동,0.0,True,0.0,0.0,0.0,0.0,0.0,0.0,0.0
GRID_00024,다사36005000,강서구,오곡동,0.0,True,0.0,0.0,0.0,0.0,0.0,0.0,0.0
GRID_00025,다사36005025,강서구,오곡동,0.0,True,0.0,0.0,0.0,0.0,0.0,0.0,0.0
GRID_00026,다사36005050,강서구,오곡동,5.4,False,0.0,0.0,0.0,0.0,0.0,0.0,0.0
GRID_00027,다사36005075,강서구,오곡동,4.7,False,0.0,0.0,0.0,0.0,0.0,0.0,0.0
GRID_00028,다사36005100,강서구,오곡동,7.2,False,0.0,0.0,0.0,0.0,0.0,0.0,0.0
GRID_00029,다사36005125,강서구,오곡동,0.0,True,0.0,0.0,0.0,0.0,0.0,0.0,0.0
GRID_00030,다사36005150,강서구,오곡동,0.0,True,0.0,0.0,0.0,0.0,0.0,0.0,0.0
GRID_00031,다사36005175,강서구,과해동,25.7,False,0.0,0.0,0.0,0.0,0.0,0.0,0.0
GRID_00032,다사36005200,강서구,과해동,6.4,False,0.0,0.0,0.0,0.0,0.0,0.0,0.0
GRID_00033,다사36005225,강서구,과해동,0.0,True,0.0,0.0,0.0,0.0,0.0,0.0,0.0
GRID_00034,다사36254975,강서구,오곡동,0.0,True,0.0,0.0,0.0,0.0,0.0,0.0,0.0
GRID_00035,다사36255000,강서구,오곡동,0.0,True,0.0,0.0,0.0,0.0,0.0,0.0,0.0
GRID_00036,다사36255025,강서구,오곡동,9.4,False,0.0,0.0,0.0,0.0,0.0,0.0,0.0
GRID_00037,다사36255050,강서구,오곡동,21.7,False,0.0,0.0,0.0,0.0,0.0,0.0,0.0
GRID_00038,다사36255075,강서구,오곡동,33.0,False,0.0,0.0,0.0,0.0,0.0,0.0,0.0
GRID_00039,다사36255100,강서구,오곡동,35.7,False,0.0,0.0,0.0,0.0,0.0,0.0,0.0
GRID_00040,다사36255125,강서구,과해동,4.4,False,0.0,0.0,0.0,0.0,0.0,0.0,0.0
GRID_00041,다사36255150,강서구,과해동,28.9,False,0.0,0.0,0.0,0.0,0.0,0.0,0.0
GRID_00042,다사36255175,강서구,과해동,12.3,False,0.0,0.0,0.0,0.0,0.0,0.0,0.0
GRID_00043,다사36255200,강서구,과해동,0.0,True,0.0,0.0,0.0,0.0,0.0,0.0,0.0
GRID_00044,다사36255225,강서구,과해동,0.0,True,0.0,0.0,0.0,0.0,0.0,0.0,0.0
GRID_00045,다사36255250,강서구,과해동,0.0,True,0.0,0.0,0.0,0.0,0.0,0.0,0.0
GRID_00046,다사36504975,강서구,오곡동,0.0,True,0.0,0.0,0.0,0.0,0.0,0.0,0.0
GRID_00047,다사36505000,강서구,오곡동,21.0,False,0.0,0.0,0.0,0.0,0.0,0.0,0.0
GRID_00048,다사36505025,강서구,오곡동,23.4,False,0.0,0.0,0.0,0.0,0.0,0.0,0.0
GRID_00049,다사36505050,강서구,오곡동,18.0,False,0.0,0.0,0.0,0.0,0.0,0.0,0.0
GRID_00050,다사36505075,강서구,오곡동,0.0,True,0.0,0.0,0.0,0.0,0.0,0.0,0.0
GRID_00051,다사36505100,강서구,과해동,15.4,False,0.0,0.0,0.0,0.0,0.0,0.0,0.0
GRID_00052,다사36505125,강서구,과해동,24.2,False,0.0,0.0,0.0,0.0,0.0,0.0,0.0
GRID_00053,다사36505150,강서구,과해동,6.3,False,0.0,0.0,0.0,0.0,0.0,0.0,0.0
GRID_00054,다사36505175,강서구,과해동,0.0,True,0.0,0.0,0.0,0.0,0.0,0.0,0.0
GRID_00055,다사36505200,강서구,과해동,0.0,True,0.0,0.0,0.0,0.0,0.0,0.0,0.0
GRID_00056,다사36505225,강서구,과해동,0.0,True,0.0,0.0,0.0,0.0,0.0,0.0,0.0
GRID_00057,다사36505250,강서구,과해동,7.0,False,0.0,0.0,0.0,0.0,0.0,0.0,0.0
GRID_00058,다사36505275,강서구,과해동,0.0,True,0.0,0.0,0.0,0.0,0.0,0.0,0.0
GRID_00059,다사36754975,강서구,오곡동,22.7,False,0.0,0.0,0.0,0.0,0.0,0.0,0.0
GRID_00060,다사36755000,강서구,오곡동,29.5,False,0.0,0.0,0.0,0.0,0.0,0.0,0.0
GRID_00061,다사36755025,강서구,오곡동,0.0,True,0.0,0.0,0.0,0.0,0.0,0.0,0.0
GRID_00062,다사36755050,강서구,오곡동,0.0,True,0.0,0.0,0.0,0.0,0.0,0.0,0.0
GRID_00063,다사36755075,강서구,오곡동,0.0,True,0.0,0.0,0.0,0.0,0.0,0.0,0.0
GRID_00064,다사36755100,강서구,오곡동,167.5,False,0.0,0.0,0.0,0.0,0.0,0.0,0.0
GRID_00065,다사36755125,강서구,과해동,0.0,True,0.0,0.0,0.0,0.0,0.0,0.0,0.0
GRID_00066,다사36755150,강서구,과해동,0.0,True,0.0,0.0,0.0,0.0,0.0,0.0,0.0
GRID_00067,다사36755175,강서구,과해동,0.0,True,0.0,0.0,0.0,0.0,0.0,0.0,0.0
GRID_00068,다사36755200,강서구,과해동,0.0,True,0.0,0.0,0.0,0.0,0.0,0.0,0.0
GRID_00069,다사36755225,강서구,과해동,15.4,False,0.0,0.0,0.0,0.0,0.0,0.0,0.0
GRID_00070,다사36755250,강서구,과해동,0.0,True,0.0,0.0,0.0,0.0,0.0,0.0,0.0
GRID_00071,다사36755275,강서구,과해동,0.0,True,0.0,0.0,0.0,0.0,0.0,0.0,0.0
GRID_00072,다사36755300,강서구,과해동,0.0,True,0.0,0.0,0.0,0.0,0.0,0.0,0.0
GRID_00073,다사37004950,강서구,오쇠동,0.0,True,0.0,0.0,0.0,0.0,0.0,0.0,0.0
GRID_00074,다사37004975,강서구,오곡동,31.8,False,0.0,0.0,0.0,0.0,0.0,0.0,0.0
GRID_00075,다사37005000,강서구,오곡동,0.0,True,0.0,0.0,0.0,0.0,0.0,0.0,0.0
GRID_00076,다사37005025,강서구,오곡동,0.0,True,0.0,0.0,0.0,0.0,0.0,0.0,0.0
GRID_00077,다사37005050,강서구,오곡동,0.0,True,0.0,0.0,0.0,0.0,0.0,0.0,0.0
GRID_00078,다사37005075,강서구,오곡동,0.0,True,0.0,0.0,0.0,0.0,0.0,0.0,0.0
GRID_00079,다사37005100,강서구,오곡동,0.0,True,0.0,0.0,0.0,0.0,0.0,0.0,0.0
GRID_00080,다사37005125,강서구,과해동,0.0,True,0.0,0.0,0.0,0.0,0.0,0.0,0.0
GRID_00081,다사37005150,강서구,과해동,0.0,True,0.0,0.0,0.0,0.0,0.0,0.0,0.0
GRID_00082,다사37005175,강서구,과해동,0.0,True,0.0,0.0,0.0,0.0,0.0,0.0,0.0
GRID_00083,다사37005200,강서구,과해동,19.4,False,0.0,0.0,0.0,0.0,0.0,0.0,0.0
GRID_00084,다사37005225,강서구,과해동,0.0,True,0.0,0.0,0.0,0.0,0.0,0.0,0.0
GRID_00085,다사37005250,강서구,과해동,0.0,True,0.0,0.0,0.0,0.0,0.0,0.0,0.0
GRID_00086,다사37005275,강서구,과해동,0.0,True,0.0,0.0,0.0,0.0,0.0,0.0,0.0
GRID_00087,다사37005300,강서구,개화동,8.1,False,0.0,0.0,0.0,0.0,0.0,0.0,0.0
GRID_00088,다사37005325,강서구,개화동,0.0,True,0.0,0.0,0.0,0.0,0.0,0.0,0.0
GRID_00089,다사37254925,강서구,오쇠동,8.9,False,0.0,0.0,0.0,0.0,0.0,0.0,0.0
GRID_00090,다사37254950,강서구,오쇠동,0.0,True,0.0,0.0,0.0,0.0,0.0,0.0,0.0
GRID_00091,다사37254975,강서구,오곡동,0.0,True,0.0,0.0,0.0,0.0,0.0,0.0,0.0
GRID_00092,다사37255000,강서구,오곡동,0.0,True,0.0,0.0,0.0,0.0,0.0,0.0,0.0
GRID_00093,다사37255025,강서구,오곡동,0.0,True,0.0,0.0,0.0,0.0,0.0,0.0,0.0
GRID_00094,다사37255050,강서구,오곡동,0.0,True,0.0,0.0,0.0,0.0,0.0,0.0,0.0
GRID_00095,다사37255075,강서구,오곡동,0.0,True,0.0,0.0,0.0,0.0,0.0,0.0,0.0
GRID_00096,다사37255100,강서구,오곡동,0.0,True,0.0,0.0,0.0,0.0,0.0,0.0,0.0
GRID_00097,다사37255125,강서구,오곡동,0.0,True,0.0,0.0,0.0,0.0,0.0,0.0,0.0
GRID_00098,다사37255150,강서구,과해동,0.0,True,0.0,0.0,0.0,0.0,0.0,0.0,0.0
GRID_00099,다사37255175,강서구,과해동,0.0,True,0.0,0.0,0.0,0.0,0.0,0.0,0.0
GRID_00100,다사37255200,강서구,과해동,19.0,False,0.0,0.0,0.0,0.0,0.0,0.0,0.0
GRID_00101,다사37255225,강서구,과해동,0.0,True,0.0,0.0,0.0,0.0,0.0,0.0,0.0
GRID_00102,다사37255250,강서구,과해동,0.0,True,0.0,0.0,0.0,0.0,0.0,0.0,0.0
GRID_00103,다사37255275,강서구,과해동,0.0,True,0.0,0.0,0.0,0.0,0.0,0.0,0.0
GRID_00104,다사37255300,강서구,개화동,0.0,True,0.0,0.0493,0.0225,0.0,0.0,0.0,0.0
GRID_00105,다사37255325,강서구,개화동,11.9,False,0.0,0.1189,0.0542,0.0,0.0212,0.0097,0.0038
GRID_00106,다사37255350,강서구,개화동,0.0,True,0.0,0.1122,0.0512,0.0,0.0,0.0,0.0
GRID_00107,다사37255375,강서구,개화동,0.0,True,0.0,0.0311,0.0142,0.0,0.0,0.0,0.0
GRID_00108,다사37504850,강서구,오쇠동,0.0,True,0.0,0.0,0.0,0.0,0.0,0.0,0.0
GRID_00109,다사37504875,강서구,오쇠동,0.0,True,0.0566,0.0,0.0308,0.0,0.0,0.0,0.0
GRID_00110,다사37504900,강서구,오쇠동,0.0,True,0.0547,0.0,0.0298,0.0,0.0,0.0,0.0
GRID_00111,다사37504925,강서구,오쇠동,18.2,False,0.0,0.0,0.0,0.0,0.0,0.0,0.0
GRID_00112,다사37504950,강서구,오쇠동,0.0,True,0.0,0.0,0.0,0.0,0.0,0.0,0.0
GRID_00113,다사37504975,강서구,오곡동,0.0,True,0.0,0.0,0.0,0.0,0.0,0.0,0.0
GRID_00114,다사37505000,강서구,오곡동,0.0,True,0.0,0.0,0.0,0.0,0.0,0.0,0.0
GRID_00115,다사37505025,강서구,오곡동,0.0,True,0.0,0.0,0.0,0.0,0.0,0.0,0.0
GRID_00116,다사37505050,강서구,오곡동,0.0,True,0.0,0.0,0.0,0.0,0.0,0.0,0.0
GRID_00117,다사37505075,강서구,오곡동,0.0,True,0.0,0.0,0.0,0.0,0.0,0.0,0.0
GRID_00118,다사37505100,강서구,오곡동,0.0,True,0.0,0.0,0.0,0.0,0.0,0.0,0.0
GRID_00119,다사37505125,강서구,오곡동,0.0,True,0.0,0.1804,0.0823,0.0,0.0,0.0,0.0
GRID_00120,다사37505150,강서구,과해동,8.5,False,0.0,0.4262,0.1944,0.0,0.076,0.0347,0.0154
GRID_00121,다사37505175,강서구,과해동,0.0,True,0.0,0.2563,0.1169,0.0,0.0,0.0,0.0
GRID_00122,다사37505200,강서구,과해동,14.1,False,0.0,0.0,0.0,0.0,0.0,0.0,0.0
GRID_00123,다사37505225,강서구,과해동,6.0,False,0.0,0.0,0.0,0.0,0.0,0.0,0.0
GRID_00124,다사37505250,강서구,과해동,0.0,True,0.0,0.0,0.0,0.0,0.0,0.0,0.0
GRID_00125,다사37505275,강서구,개화동,0.0,True,0.0,0.0639,0.0291,0.0,0.0,0.0,0.0
GRID_00126,다사37505300,강서구,개화동,25.1,False,0.0,0.2198,0.1002,0.0,0.0392,0.0179,0.0055
GRID_00127,다사37505325,강서구,개화동,11.3,False,0.1588,0.3053,0.2256,0.0054,0.0544,0.0277,0.0111
GRID_00128,다사37505350,강서구,개화동,18.6,False,0.0,0.297,0.1354,0.0,0.053,0.0242,0.0081
GRID_00129,다사37505375,강서구,개화동,32.1,False,0.0,0.1974,0.09,0.0,0.0352,0.0161,0.0046
GRID_00130,다사37505400,강서구,개화동,0.0,True,0.0,0.0332,0.0151,0.0,0.0,0.0,0.0
GRID_00131,다사37754875,강서구,오쇠동,62.4,False,0.2732,0.0,0.1486,0.0092,0.0,0.005,0.0012
GRID_00132,다사37754900,강서구,오쇠동,23.1,False,0.2707,0.0,0.1472,0.0091,0.0,0.005,0.0016
GRID_00133,다사37754925,강서구,오쇠동,10.9,False,0.0172,0.0,0.0093,0.0006,0.0,0.0003,0.0001
GRID_00134,다사37754950,강서구,오쇠동,4.8,False,0.0,0.0,0.0,0.0,0.0,0.0,0.0
GRID_00135,다사37754975,강서구,오쇠동,35.6,False,0.0,0.0,0.0,0.0,0.0,0.0,0.0
GRID_00136,다사37755000,강서구,오곡동,8.3,False,0.0,0.0,0.0,0.0,0.0,0.0,0.0
GRID_00137,다사37755025,강서구,오곡동,0.0,True,0.0,0.0,0.0,0.0,0.0,0.0,0.0
GRID_00138,다사37755050,강서구,오곡동,0.0,True,0.0,0.0,0.0,0.0,0.0,0.0,0.0
GRID_00139,다사37755075,강서구,오곡동,0.0,True,0.0,0.0,0.0,0.0,0.0,0.0,0.0
GRID_00140,다사37755100,강서구,오곡동,0.0,True,0.0,0.4965,0.2264,0.0,0.0,0.0,0.0
GRID_00141,다사37755125,강서구,오곡동,12.5,False,0.2563,1.3639,0.7614,0.0087,0.2433,0.1156,0.0444
GRID_00142,다사37755150,강서구,과해동,412.6,False,1.6042,1.7163,1.6553,0.0542,0.3061,0.1691,0.0281
GRID_00143,다사37755175,강서구,과해동,16.7,False,1.1807,1.4363,1.2972,0.0399,0.2562,0.1385,0.0482
GRID_00144,다사37755200,강서구,과해동,0.0,True,0.0,0.6599,0.3009,0.0,0.0,0.0,0.0
GRID_00145,다사37755225,강서구,과해동,8.2,False,0.0,0.0,0.0,0.0,0.0,0.0,0.0
GRID_00146,다사37755250,강서구,개화동,6.8,False,0.0,0.0,0.0,0.0,0.0,0.0,0.0
GRID_00147,다사37755275,강서구,개화동,5.5,False,0.0,0.151,0.0688,0.0,0.0269,0.0123,0.0066
GRID_00148,다사37755300,강서구,개화동,0.0,True,0.8445,0.3248,0.6075,0.0,0.0,0.0,0.0
GRID_00149,다사37755325,강서구,개화동,162.4,False,3.7857,0.4201,2.251,0.1279,0.0749,0.1037,0.0204
GRID_00150,다사37755350,강서구,개화동,22.8,False,2.9331,0.4109,1.783,0.0991,0.0733,0.0873,0.0275
GRID_00151,다사37755375,강서구,개화동,141.9,False,0.3706,0.2998,0.3383,0.0125,0.0535,0.0312,0.0063
GRID_00152,다사37755400,강서구,개화동,113.3,False,0.1863,0.1167,0.1546,0.0063,0.0208,0.0129,0.0027
GRID_00153,다사37755425,강서구,개화동,0.0,True,0.0,0.0,0.0,0.0,0.0,0.0,0.0
GRID_00154,다사37755525,강서구,개화동,0.0,True,0.0,0.0,0.0,0.0,0.0,0.0,0.0
GRID_00155,다사37755550,강서구,개화동,0.0,True,0.0,0.0,0.0,0.0,0.0,0.0,0.0
GRID_00156,다사37755575,강서구,개화동,0.0,True,0.0,0.0,0.0,0.0,0.0,0.0,0.0
GRID_00157,다사38004875,강서구,오쇠동,0.0,True,0.2239,0.0,0.1218,0.0,0.0,0.0,0.0
GRID_00158,다사38004900,강서구,오쇠동,14.1,False,0.2215,0.0,0.1205,0.0075,0.0,0.0041,0.0015
GRID_00159,다사38004925,강서구,오쇠동,0.0,True,0.0,0.0,0.0,0.0,0.0,0.0,0.0
GRID_00160,다사38004950,강서구,오쇠동,192.3,False,0.0,0.0,0.0,0.0,0.0,0.0,0.0
GRID_00161,다사38004975,강서구,오쇠동,153.2,False,0.0,0.0,0.0,0.0,0.0,0.0,0.0
GRID_00162,다사38005000,강서구,오쇠동,0.0,True,0.0,0.0,0.0,0.0,0.0,0.0,0.0
GRID_00163,다사38005025,강서구,오곡동,0.0,True,0.0,0.0,0.0,0.0,0.0,0.0,0.0
GRID_00164,다사38005050,강서구,오곡동,0.0,True,0.0,0.0,0.0,0.0,0.0,0.0,0.0
GRID_00165,다사38005075,강서구,오곡동,0.0,True,0.0,0.048,0.0219,0.0,0.0,0.0,0.0
GRID_00166,다사38005100,강서구,공항동,0.0,True,0.0,1.3284,0.6058,0.0,0.0,0.0,0.0
GRID_00167,다사38005125,강서구,공항동,86.3,False,2.0551,2.3537,2.1912,0.0694,0.4198,0.2292,0.0513
GRID_00168,다사38005150,강서구,과해동,68.7,False,3.4049,2.7592,3.1105,0.115,0.4921,0.287,0.0676
GRID_00169,다사38005175,강서구,방화동,100.3,False,5.1989,2.4331,3.9377,0.1756,0.4339,0.2934,0.0635
GRID_00170,다사38005200,강서구,방화동,1735.6,False,3.306,1.4657,2.4668,0.1117,0.2614,0.18,0.0241
GRID_00171,다사38005225,강서구,개화동,0.0,True,0.0086,0.2684,0.1271,0.0,0.0,0.0,0.0
GRID_00172,다사38005250,강서구,개화동,42.4,False,0.0,0.1531,0.0698,0.0,0.0273,0.0125,0.0033
GRID_00173,다사38005275,강서구,개화동,12.2,False,0.1298,0.3254,0.219,0.0044,0.058,0.0288,0.0112
GRID_00174,다사38005300,강서구,개화동,38.3,False,1.6575,0.4298,1.0977,0.056,0.0767,0.0654,0.0178
GRID_00175,다사38005325,강서구,개화동,300.6,False,5.1594,0.4325,3.004,0.1743,0.0771,0.13,0.0228
GRID_00176,다사38005350,강서구,개화동,444.8,False,4.2998,0.4232,2.5321,0.1453,0.0755,0.1134,0.0186
GRID_00177,다사38005375,강서구,개화동,29.8,False,0.4881,0.3109,0.4073,0.0165,0.0555,0.0343,0.01
GRID_00178,다사38005400,강서구,개화동,159.0,False,0.2859,0.1258,0.2129,0.0097,0.0224,0.0155,0.0031
GRID_00179,다사38005425,강서구,개화동,13.5,False,0.1358,0.0,0.0739,0.0046,0.0,0.0025,0.0009
GRID_00180,다사38005450,강서구,개화동,31.1,False,0.2719,0.0,0.1479,0.0092,0.0,0.005,0.0014
GRID_00181,다사38005475,강서구,개화동,69.2,False,0.0622,0.0,0.0339,0.0021,0.0,0.0011,0.0003
GRID_00182,다사38005500,강서구,개화동,14.4,False,0.0,0.0,0.0,0.0,0.0,0.0,0.0
GRID_00183,다사38005525,강서구,개화동,80.1,False,0.0,0.0,0.0,0.0,0.0,0.0,0.0
GRID_00184,다사38005550,강서구,개화동,47.0,False,0.0,0.0,0.0,0.0,0.0,0.0,0.0
GRID_00185,다사38005575,강서구,개화동,4.6,False,0.0,0.0,0.0,0.0,0.0,0.0,0.0
GRID_00186,다사38005600,강서구,개화동,0.0,True,0.0,0.0,0.0,0.0,0.0,0.0,0.0
GRID_00187,다사38254925,강서구,오쇠동,5.8,False,0.0,0.0,0.0,0.0,0.0,0.0,0.0
GRID_00188,다사38254950,강서구,오쇠동,5.4,False,0.0,0.0,0.0,0.0,0.0,0.0,0.0
GRID_00189,다사38254975,강서구,오쇠동,0.0,True,0.0,0.0,0.0,0.0,0.0,0.0,0.0
GRID_00190,다사38255000,강서구,공항동,0.0,True,0.0,0.0,0.0,0.0,0.0,0.0,0.0
GRID_00191,다사38255025,강서구,공항동,0.0,True,0.0,0.0,0.0,0.0,0.0,0.0,0.0
GRID_00192,다사38255050,강서구,공항동,0.0,True,0.0,0.0,0.0,0.0,0.0,0.0,0.0
GRID_00193,다사38255075,강서구,공항동,0.0,True,0.0,0.2054,0.0937,0.0,0.0,0.0,0.0
GRID_00194,다사38255100,강서구,공항동,0.0,True,3.7958,1.6475,2.8162,0.0,0.0,0.0,0.0
GRID_00195,다사38255125,강서구,공항동,1780.0,False,6.1591,2.7227,4.5921,0.2081,0.4856,0.3346,0.0447
GRID_00196,다사38255150,강서구,방화동,317.8,False,4.7838,3.1615,4.044,0.1616,0.5638,0.345,0.0599
GRID_00197,다사38255175,강서구,방화동,5052.0,False,5.8744,2.829,4.4857,0.1984,0.5045,0.338,0.0396
GRID_00198,다사38255200,강서구,방화동,2854.2,False,4.7475,1.8289,3.4166,0.1604,0.3262,0.236,0.0297
GRID_00199,다사38255225,강서구,방화동,204.1,False,1.3682,0.581,1.0092,0.0462,0.1036,0.0724,0.0136
GRID_00200,다사38255250,강서구,방화동,241.4,False,0.7106,0.3336,0.5387,0.024,0.0595,0.0402,0.0073
GRID_00201,다사38255275,강서구,방화동,221.1,False,1.2175,0.4375,0.8618,0.0411,0.078,0.058,0.0107
GRID_00202,다사38255300,강서구,개화동,28.3,False,0.8575,0.5126,0.7002,0.029,0.0914,0.0574,0.017
GRID_00203,다사38255325,강서구,개화동,368.4,False,2.0786,0.4378,1.3304,0.0702,0.0781,0.0738,0.0125
GRID_00204,다사38255350,강서구,개화동,647.4,False,1.1021,0.3306,0.7503,0.0372,0.059,0.0471,0.0073
GRID_00205,다사38255375,강서구,개화동,0.0,True,0.164,0.2276,0.193,0.0,0.0,0.0,0.0
GRID_00206,다사38255400,강서구,개화동,10.5,False,0.0349,0.0578,0.0453,0.0012,0.0103,0.0053,0.0022
GRID_00207,다사38255425,강서구,개화동,6.6,False,0.2933,0.0,0.1596,0.0099,0.0,0.0054,0.0027
GRID_00208,다사38255450,강서구,개화동,267.9,False,0.4548,0.0,0.2474,0.0154,0.0,0.0084,0.0015
GRID_00209,다사38255475,강서구,개화동,117.3,False,0.206,0.0,0.112,0.007,0.0,0.0038,0.0008
GRID_00210,다사38255500,강서구,개화동,117.8,False,0.0,0.0,0.0,0.0,0.0,0.0,0.0
GRID_00211,다사38255525,강서구,개화동,0.0,True,0.0,0.0,0.0,0.0,0.0,0.0,0.0
GRID_00212,다사38255550,강서구,개화동,0.0,True,0.0,0.0,0.0,0.0,0.0,0.0,0.0
GRID_00213,다사38255575,강서구,개화동,0.0,True,0.0,0.0,0.0,0.0,0.0,0.0,0.0
GRID_00214,다사38255600,강서구,개화동,0.0,True,0.0,0.0,0.0,0.0,0.0,0.0,0.0
GRID_00215,다사38255625,강서구,개화동,0.0,True,0.0,0.0,0.0,0.0,0.0,0.0,0.0
GRID_00216,다사38504950,강서구,오쇠동,0.0,True,0.0,0.0,0.0,0.0,0.0,0.0,0.0
GRID_00217,다사38504975,강서구,공항동,0.0,True,0.0,0.0,0.0,0.0,0.0,0.0,0.0
GRID_00218,다사38505000,강서구,공항동,0.0,True,0.0,0.0,0.0,0.0,0.0,0.0,0.0
GRID_00219,다사38505025,강서구,공항동,0.0,True,0.0,0.0,0.0,0.0,0.0,0.0,0.0
GRID_00220,다사38505050,강서구,공항동,0.0,True,0.0019,0.0,0.0011,0.0,0.0,0.0,0.0
GRID_00221,다사38505075,강서구,공항동,10.0,False,0.5929,0.1065,0.3711,0.02,0.019,0.0196,0.0082
GRID_00222,다사38505100,강서구,공항동,1238.9,False,4.2595,1.4303,2.9694,0.1439,0.2551,0.1946,0.0273
GRID_00223,다사38505125,강서구,공항동,1245.2,False,5.9161,2.6588,4.4307,0.1999,0.4742,0.3249,0.0456
GRID_00224,다사38505150,강서구,방화동,82.0,False,3.7519,3.1457,3.4755,0.1267,0.561,0.3248,0.0735
GRID_00225,다사38505175,강서구,방화동,556.3,False,2.5888,2.7282,2.6524,0.0875,0.4866,0.2694,0.0426
GRID_00226,다사38505200,강서구,방화동,24.9,False,2.3912,1.7001,2.0761,0.0808,0.3032,0.1822,0.056
GRID_00227,다사38505225,강서구,방화동,4.9,False,0.9984,0.4602,0.753,0.0337,0.0821,0.0558,0.0314
GRID_00228,다사38505250,강서구,방화동,3149.7,False,2.4585,0.4332,1.535,0.0831,0.0773,0.0804,0.01
GRID_00229,다사38505275,강서구,방화동,15.0,False,2.6326,0.4489,1.6368,0.0889,0.0801,0.0849,0.0306
GRID_00230,다사38505300,강서구,방화동,0.0,True,1.0459,0.5302,0.8107,0.0,0.0,0.0,0.0
GRID_00231,다사38505325,강서구,개화동,0.0,True,0.117,0.4596,0.2732,0.0,0.0,0.0,0.0
GRID_00232,다사38505350,강서구,개화동,0.0,True,0.0,0.2163,0.0986,0.0,0.0,0.0,0.0
GRID_00233,다사38505375,강서구,개화동,24.1,False,0.0,0.0725,0.033,0.0,0.0129,0.0059,0.0018
GRID_00234,다사38505400,강서구,개화동,21.4,False,0.0,0.0,0.0,0.0,0.0,0.0,0.0
GRID_00235,다사38505425,강서구,개화동,95.8,False,0.0962,0.0,0.0524,0.0033,0.0,0.0018,0.0004
GRID_00236,다사38505450,강서구,개화동,30.7,False,0.2259,0.0,0.1229,0.0076,0.0,0.0042,0.0012
GRID_00237,다사38505475,강서구,개화동,226.9,False,0.0261,0.0,0.0142,0.0009,0.0,0.0005,0.0001
GRID_00238,다사38505500,강서구,개화동,141.1,False,0.0,0.0,0.0,0.0,0.0,0.0,0.0
GRID_00239,다사38505525,강서구,개화동,0.0,True,0.0,0.0,0.0,0.0,0.0,0.0,0.0
GRID_00240,다사38505550,강서구,개화동,0.0,True,0.0,0.0,0.0,0.0,0.0,0.0,0.0
GRID_00241,다사38505575,강서구,개화동,0.0,True,0.0,0.0,0.0,0.0,0.0,0.0,0.0
GRID_00242,다사38505600,강서구,개화동,0.0,True,0.0,0.0,0.0,0.0,0.0,0.0,0.0
GRID_00243,다사38505625,강서구,개화동,0.0,True,0.0,0.0,0.0,0.0,0.0,0.0,0.0
GRID_00244,다사38754925,강서구,공항동,11.6,False,0.0,0.0,0.0,0.0,0.0,0.0,0.0
GRID_00245,다사38754950,강서구,공항동,4.0,False,0.0,0.0,0.0,0.0,0.0,0.0,0.0
GRID_00246,다사38754975,강서구,공항동,0.0,True,0.1489,0.0,0.081,0.0,0.0,0.0,0.0
GRID_00247,다사38755000,강서구,공항동,0.0,True,0.0,0.0,0.0,0.0,0.0,0.0,0.0
GRID_00248,다사38755025,강서구,공항동,0.0,True,0.0,0.0,0.0,0.0,0.0,0.0,0.0
GRID_00249,다사38755050,강서구,공항동,260.7,False,0.5069,0.0,0.2758,0.0171,0.0,0.0093,0.0017
GRID_00250,다사38755075,강서구,공항동,490.6,False,1.1834,0.0636,0.6728,0.04,0.0113,0.0269,0.0043
GRID_00251,다사38755100,강서구,공항동,350.9,False,2.9634,0.8636,2.0059,0.1001,0.154,0.1247,0.0213
GRID_00252,다사38755125,강서구,공항동,1252.1,False,7.2683,2.023,4.8764,0.2455,0.3608,0.2981,0.0418
GRID_00253,다사38755150,강서구,방화동,810.4,False,7.7533,2.4683,5.3433,0.2619,0.4402,0.3432,0.0512
GRID_00254,다사38755175,강서구,방화동,3721.3,False,3.6759,2.0744,2.9456,0.1242,0.37,0.2363,0.0287
GRID_00255,다사38755200,강서구,방화동,67.3,False,1.1404,1.0826,1.114,0.0385,0.1931,0.109,0.0258
GRID_00256,다사38755225,강서구,방화동,6601.5,False,0.495,0.4233,0.4623,0.0167,0.0755,0.0435,0.0049
GRID_00257,다사38755250,강서구,방화동,1582.3,False,2.2663,0.4248,1.4266,0.0766,0.0758,0.0762,0.0103
GRID_00258,다사38755275,강서구,방화동,1160.7,False,3.0641,0.6125,1.9462,0.1035,0.1092,0.1061,0.015
GRID_00259,다사38755300,강서구,방화동,7.5,False,1.0151,0.6681,0.8569,0.0343,0.1192,0.073,0.0341
GRID_00260,다사38755325,강서구,방화동,16.4,False,0.0,0.5339,0.2435,0.0,0.0952,0.0434,0.0152
GRID_00261,다사38755350,강서구,방화동,15.6,False,0.0,0.2893,0.1319,0.0,0.0516,0.0235,0.0084
GRID_00262,다사38755375,강서구,방화동,13.3,False,0.0,0.1169,0.0533,0.0,0.0208,0.0095,0.0036
GRID_00263,다사38755400,강서구,개화동,49.0,False,0.0,0.0,0.0,0.0,0.0,0.0,0.0
GRID_00264,다사38755425,강서구,개화동,261.4,False,0.0,0.0,0.0,0.0,0.0,0.0,0.0
GRID_00265,다사38755450,강서구,개화동,225.9,False,0.0,0.0,0.0,0.0,0.0,0.0,0.0
GRID_00266,다사38755475,강서구,개화동,96.8,False,0.0,0.0,0.0,0.0,0.0,0.0,0.0
GRID_00267,다사38755500,강서구,개화동,37.4,False,0.0,0.0,0.0,0.0,0.0,0.0,0.0
GRID_00268,다사38755525,강서구,개화동,156.3,False,0.0,0.0,0.0,0.0,0.0,0.0,0.0
GRID_00269,다사38755550,강서구,개화동,20.8,False,0.0,0.0,0.0,0.0,0.0,0.0,0.0
GRID_00270,다사38755575,강서구,개화동,0.0,True,0.0,0.0,0.0,0.0,0.0,0.0,0.0
GRID_00271,다사38755600,강서구,개화동,0.0,True,0.0,0.0,0.0,0.0,0.0,0.0,0.0
GRID_00272,다사39004925,강서구,공항동,59.2,False,0.0,0.0,0.0,0.0,0.0,0.0,0.0
GRID_00273,다사39004950,강서구,공항동,53.3,False,1.0437,0.0,0.5678,0.0353,0.0,0.0192,0.0048
GRID_00274,다사39004975,강서구,공항동,11.5,False,1.7147,0.0,0.9328,0.0579,0.0,0.0315,0.0125
GRID_00275,다사39005000,강서구,공항동,0.0,True,0.6925,0.0,0.3767,0.0,0.0,0.0,0.0
GRID_00276,다사39005025,강서구,공항동,251.1,False,0.7984,0.0,0.4343,0.027,0.0,0.0147,0.0027
GRID_00277,다사39005050,강서구,공항동,471.7,False,2.3843,0.0,1.297,0.0805,0.0,0.0438,0.0071
GRID_00278,다사39005075,강서구,공항동,212.8,False,3.3318,0.167,1.8887,0.1126,0.0298,0.0748,0.0139
GRID_00279,다사39005100,강서구,공항동,32.2,False,4.1552,0.5633,2.5173,0.1404,0.1005,0.1222,0.0349
GRID_00280,다사39005125,강서구,공항동,1966.3,False,10.6333,1.0178,6.2487,0.3592,0.1815,0.2782,0.0367
GRID_00281,다사39005150,강서구,공항동,1846.7,False,12.4702,1.2655,7.3608,0.4213,0.2257,0.3321,0.0441
GRID_00282,다사39005175,강서구,방화동,41.4,False,7.3423,1.1721,4.5287,0.248,0.209,0.2303,0.0614
GRID_00283,다사39005200,강서구,방화동,810.5,False,5.4107,0.8321,3.3229,0.1828,0.1484,0.1671,0.0249
GRID_00284,다사39005225,강서구,방화동,2444.3,False,3.4641,0.6246,2.1692,0.117,0.1114,0.1145,0.0147
GRID_00285,다사39005250,강서구,방화동,50.2,False,3.9349,0.5499,2.3913,0.1329,0.0981,0.117,0.0297
GRID_00286,다사39005275,강서구,방화동,578.3,False,6.5211,0.6345,3.8368,0.2203,0.1132,0.1714,0.0269
GRID_00287,다사39005300,강서구,방화동,9.9,False,6.5469,0.719,3.8894,0.2212,0.1282,0.1788,0.0748
GRID_00288,다사39005325,강서구,방화동,6755.7,False,5.2331,0.6081,3.1241,0.1768,0.1085,0.1456,0.0165
GRID_00289,다사39005350,강서구,방화동,25.4,False,1.231,0.4423,0.8714,0.0416,0.0789,0.0586,0.0179
GRID_00290,다사39005375,강서구,방화동,71.1,False,0.0,0.2472,0.1127,0.0,0.0441,0.0201,0.0047
GRID_00291,다사39005400,강서구,개화동,26.5,False,0.0,0.0,0.0,0.0,0.0,0.0,0.0
GRID_00292,다사39005425,강서구,개화동,122.4,False,0.0,0.0,0.0,0.0,0.0,0.0,0.0
GRID_00293,다사39005450,강서구,개화동,124.3,False,0.0,0.0,0.0,0.0,0.0,0.0,0.0
GRID_00294,다사39005475,강서구,개화동,54.2,False,0.0,0.0,0.0,0.0,0.0,0.0,0.0
GRID_00295,다사39005500,강서구,개화동,6.0,False,0.0,0.0,0.0,0.0,0.0,0.0,0.0
GRID_00296,다사39005525,강서구,개화동,0.0,True,0.0,0.0,0.0,0.0,0.0,0.0,0.0
GRID_00297,다사39005550,강서구,개화동,130.5,False,0.0,0.0,0.0,0.0,0.0,0.0,0.0
GRID_00298,다사39005575,강서구,개화동,6.1,False,0.0,0.0,0.0,0.0,0.0,0.0,0.0
GRID_00299,다사39254175,구로구,항동,0.0,True,0.3335,0.0,0.1814,0.0,0.0,0.0,0.0
GRID_00300,다사39254200,구로구,항동,142.6,False,1.392,0.0,0.7572,0.047,0.0,0.0256,0.0051
GRID_00301,다사39254375,구로구,온수동,0.0,True,0.0,0.0245,0.0112,0.0,0.0,0.0,0.0
GRID_00302,다사39254400,구로구,온수동,0.0,True,0.0,0.0,0.0,0.0,0.0,0.0,0.0
GRID_00303,다사39254425,구로구,온수동,0.0,True,0.0,0.0,0.0,0.0,0.0,0.0,0.0
GRID_00304,다사39254450,구로구,온수동,0.0,True,0.0,0.0,0.0,0.0,0.0,0.0,0.0
GRID_00305,다사39254925,강서구,외발산동,4.4,False,0.0,0.0,0.0,0.0,0.0,0.0,0.0
GRID_00306,다사39254950,강서구,공항동,23.5,False,1.1208,0.0,0.6097,0.0379,0.0,0.0206,0.0064
GRID_00307,다사39254975,강서구,공항동,200.8,False,1.8278,0.0,0.9943,0.0617,0.0,0.0336,0.0063
GRID_00308,다사39255000,강서구,공항동,66.2,False,2.7357,0.0,1.4882,0.0924,0.0,0.0503,0.0119
GRID_00309,다사39255025,강서구,공항동,254.8,False,3.9263,0.0,2.1359,0.1326,0.0,0.0722,0.013
GRID_00310,다사39255050,강서구,공항동,289.0,False,4.309,0.0,2.3441,0.1456,0.0,0.0792,0.014
GRID_00311,다사39255075,강서구,공항동,2264.6,False,3.9041,0.1597,2.1966,0.1319,0.0285,0.0847,0.011
GRID_00312,다사39255100,강서구,공항동,3195.3,False,2.2517,0.4729,1.4406,0.0761,0.0843,0.0798,0.0099
GRID_00313,다사39255125,강서구,공항동,10.3,False,6.9107,0.7646,4.1081,0.2335,0.1364,0.1892,0.078
GRID_00314,다사39255150,강서구,공항동,1834.8,False,7.7778,1.0165,4.6946,0.2627,0.1813,0.2256,0.03
GRID_00315,다사39255175,강서구,공항동,407.7,False,5.1419,1.1302,3.3126,0.1737,0.2016,0.1864,0.031
GRID_00316,다사39255200,강서구,방화동,525.5,False,6.8086,0.957,4.1402,0.23,0.1707,0.203,0.0324
GRID_00317,다사39255225,강서구,방화동,2686.5,False,4.9607,0.6368,2.989,0.1676,0.1136,0.143,0.0181
GRID_00318,다사39255250,강서구,방화동,1070.9,False,5.3408,0.5737,3.167,0.1804,0.1023,0.1448,0.0208
GRID_00319,다사39255275,강서구,방화동,2284.4,False,7.8583,0.599,4.548,0.2655,0.1068,0.1931,0.025
GRID_00320,다사39255300,강서구,방화동,2003.3,False,9.448,0.578,5.4033,0.3192,0.1031,0.2206,0.029
GRID_00321,다사39255325,강서구,방화동,4244.8,False,8.1248,0.5635,4.6769,0.2745,0.1005,0.1951,0.0234
GRID_00322,다사39255350,강서구,방화동,102.4,False,3.604,0.4765,2.1778,0.1217,0.085,0.105,0.0226
GRID_00323,다사39255375,강서구,방화동,218.0,False,0.2731,0.2764,0.2746,0.0092,0.0493,0.0275,0.0051
GRID_00324,다사39255400,강서구,개화동,109.7,False,0.0,0.0144,0.0066,0.0,0.0026,0.0012,0.0002
GRID_00325,다사39255425,강서구,개화동,126.3,False,0.0,0.0,0.0,0.0,0.0,0.0,0.0
GRID_00326,다사39255450,강서구,개화동,37.1,False,0.0,0.0,0.0,0.0,0.0,0.0,0.0
GRID_00327,다사39255475,강서구,개화동,0.0,True,0.0,0.0,0.0,0.0,0.0,0.0,0.0
GRID_00328,다사39255500,강서구,개화동,0.0,True,0.0,0.0,0.0,0.0,0.0,0.0,0.0
GRID_00329,다사39255525,강서구,개화동,0.0,True,0.0,0.0,0.0,0.0,0.0,0.0,0.0
GRID_00330,다사39255550,강서구,개화동,0.0,True,0.0,0.0,0.0,0.0,0.0,0.0,0.0
GRID_00331,다사39504175,구로구,항동,51.0,False,0.9326,0.0,0.5074,0.0315,0.0,0.0171,0.0043
GRID_00332,다사39504200,구로구,항동,103.2,False,3.0854,0.0,1.6785,0.1042,0.0,0.0567,0.0122
GRID_00333,다사39504225,구로구,항동,8.8,False,2.411,0.0,1.3116,0.0814,0.0,0.0443,0.0194
GRID_00334,다사39504375,구로구,온수동,18.6,False,0.2405,0.5382,0.3763,0.0081,0.096,0.0482,0.0162
GRID_00335,다사39504400,구로구,온수동,541.0,False,0.0,0.4239,0.1933,0.0,0.0756,0.0345,0.0055
GRID_00336,다사39504425,구로구,온수동,33.9,False,0.0,0.0996,0.0454,0.0,0.0178,0.0081,0.0023
GRID_00337,다사39504450,구로구,온수동,0.0,True,0.0,0.0,0.0,0.0,0.0,0.0,0.0
GRID_00338,다사39504900,강서구,외발산동,0.0,True,0.0,0.0,0.0,0.0,0.0,0.0,0.0
GRID_00339,다사39504925,강서구,외발산동,95.6,False,0.0,0.0,0.0,0.0,0.0,0.0,0.0
GRID_00340,다사39504950,강서구,외발산동,81.0,False,0.907,0.0,0.4934,0.0306,0.0,0.0167,0.0038
GRID_00341,다사39504975,강서구,외발산동,70.3,False,1.3827,0.0,0.7522,0.0467,0.0,0.0254,0.006
GRID_00342,다사39505000,강서구,외발산동,236.0,False,6.0786,0.0,3.3068,0.2053,0.0,0.1117,0.0204
GRID_00343,다사39505025,강서구,외발산동,188.5,False,8.5019,0.0,4.625,0.2872,0.0,0.1562,0.0298
GRID_00344,다사39505050,강서구,공항동,223.5,False,4.3942,0.0,2.3905,0.1484,0.0,0.0808,0.0149
GRID_00345,다사39505075,강서구,공항동,1716.5,False,2.5461,0.0413,1.4039,0.086,0.0074,0.0501,0.0067
GRID_00346,다사39505100,강서구,공항동,431.5,False,1.3963,0.294,0.8936,0.0472,0.0524,0.0496,0.0082
GRID_00347,다사39505125,강서구,공항동,544.1,False,2.9729,0.5215,1.8551,0.1004,0.093,0.097,0.0154
GRID_00348,다사39505150,강서구,공항동,723.3,False,3.5606,0.8258,2.3135,0.1203,0.1473,0.1326,0.0201
GRID_00349,다사39505175,강서구,공항동,1133.6,False,2.3781,0.9639,1.7333,0.0803,0.1719,0.1221,0.0174
GRID_00350,다사39505200,강서구,방화동,90.0,False,5.0712,0.83,3.1372,0.1713,0.148,0.1607,0.0356
GRID_00351,다사39505225,강서구,방화동,1733.6,False,4.501,0.6168,2.7298,0.152,0.11,0.1329,0.0178
GRID_00352,다사39505250,강서구,방화동,4066.0,False,4.1408,0.4627,2.4635,0.1399,0.0825,0.1137,0.0137
GRID_00353,다사39505275,강서구,방화동,3481.8,False,6.2377,0.445,3.5962,0.2107,0.0794,0.1508,0.0185
GRID_00354,다사39505300,강서구,방화동,389.1,False,5.9991,0.4169,3.4536,0.2027,0.0744,0.1442,0.0242
GRID_00355,다사39505325,강서구,방화동,1910.8,False,5.0636,0.4634,2.9659,0.1711,0.0826,0.1307,0.0173
GRID_00356,다사39505350,강서구,방화동,754.6,False,1.8648,0.3824,1.1888,0.063,0.0682,0.0654,0.0099
GRID_00357,다사39505375,강서구,방화동,117.9,False,0.7907,0.1962,0.5196,0.0267,0.035,0.0305,0.0064
GRID_00358,다사39505400,강서구,방화동,223.7,False,0.8075,0.0,0.4393,0.0273,0.0,0.0148,0.0027
GRID_00359,다사39505425,강서구,방화동,133.4,False,0.0,0.0,0.0,0.0,0.0,0.0,0.0
GRID_00360,다사39505450,강서구,방화동,0.0,True,0.0,0.0,0.0,0.0,0.0,0.0,0.0
GRID_00361,다사39505475,강서구,개화동,0.0,True,0.0,0.0,0.0,0.0,0.0,0.0,0.0
GRID_00362,다사39505500,강서구,개화동,0.0,True,0.0,0.0,0.0,0.0,0.0,0.0,0.0
GRID_00363,다사39505525,강서구,개화동,0.0,True,0.0,0.0,0.0,0.0,0.0,0.0,0.0
GRID_00364,다사39505550,강서구,개화동,0.0,True,0.0,0.0,0.0,0.0,0.0,0.0,0.0
GRID_00365,다사39754175,구로구,항동,0.0,True,0.5083,0.0,0.2765,0.0,0.0,0.0,0.0
GRID_00366,다사39754200,구로구,항동,971.7,False,3.5742,0.0,1.9444,0.1207,0.0,0.0657,0.0095
GRID_00367,다사39754225,구로구,항동,66.9,False,5.0491,0.0,2.7467,0.1706,0.0,0.0928,0.022
GRID_00368,다사39754250,구로구,항동,80.3,False,3.2481,0.0,1.7669,0.1097,0.0,0.0597,0.0136
GRID_00369,다사39754275,구로구,항동,8.1,False,3.4409,0.0598,1.8991,0.1162,0.0107,0.0681,0.0308
GRID_00370,다사39754300,구로구,항동,2191.7,False,2.6764,0.1664,1.5318,0.0904,0.0297,0.0627,0.0082
GRID_00371,다사39754350,구로구,온수동,0.0,True,1.2195,0.8745,1.0621,0.0,0.0,0.0,0.0
GRID_00372,다사39754375,구로구,온수동,1851.4,False,2.4716,1.0268,1.8128,0.0835,0.1831,0.1289,0.0171
GRID_00373,다사39754400,구로구,온수동,135.4,False,1.0113,0.8909,0.9564,0.0342,0.1589,0.091,0.0185
GRID_00374,다사39754425,구로구,온수동,32.5,False,0.5992,0.5044,0.556,0.0202,0.09,0.052,0.0148
GRID_00375,다사39754450,구로구,온수동,366.5,False,0.3318,0.0,0.1805,0.0112,0.0,0.0061,0.001
GRID_00376,다사39754475,구로구,궁동,0.0,True,0.0,0.0,0.0,0.0,0.0,0.0,0.0
GRID_00377,다사39754925,강서구,외발산동,0.0,True,0.0098,0.0,0.0053,0.0,0.0,0.0,0.0
GRID_00378,다사39754950,강서구,외발산동,0.0,True,2.0147,0.0,1.096,0.0,0.0,0.0,0.0
GRID_00379,다사39754975,강서구,외발산동,213.4,False,3.6614,0.0,1.9918,0.1237,0.0,0.0673,0.0125
GRID_00380,다사39755000,강서구,외발산동,605.2,False,7.4021,0.0,4.0267,0.2501,0.0,0.136,0.0212
GRID_00381,다사39755025,강서구,외발산동,635.3,False,8.1304,0.0,4.423,0.2747,0.0,0.1494,0.0231
GRID_00382,다사39755050,강서구,외발산동,1499.4,False,3.1542,0.0,1.7159,0.1066,0.0,0.058,0.0079
GRID_00383,다사39755075,강서구,공항동,2030.4,False,1.6249,0.0256,0.8957,0.0549,0.0046,0.0319,0.0042
GRID_00384,다사39755100,강서구,마곡동,206.6,False,2.4492,0.207,1.4268,0.0827,0.0369,0.0618,0.0116
GRID_00385,다사39755125,강서구,마곡동,3358.5,False,3.46,0.3954,2.0625,0.1169,0.0705,0.0957,0.0118
GRID_00386,다사39755150,강서구,마곡동,1784.2,False,2.5339,0.5663,1.6367,0.0856,0.101,0.0926,0.0124
GRID_00387,다사39755175,강서구,마곡동,271.9,False,2.075,0.6757,1.4369,0.0701,0.1205,0.0931,0.0166
GRID_00388,다사39755200,강서구,마곡동,2023.2,False,4.9315,0.6485,2.9785,0.1666,0.1157,0.1434,0.0188
GRID_00389,다사39755225,강서구,마곡동,2508.3,False,5.9529,0.5646,3.4958,0.2011,0.1007,0.1553,0.0198
GRID_00390,다사39755250,강서구,마곡동,4074.9,False,5.0616,0.3863,2.9297,0.171,0.0689,0.1244,0.015
GRID_00391,다사39755275,강서구,방화동,32.0,False,5.7218,0.224,3.2148,0.1933,0.04,0.1234,0.0353
GRID_00392,다사39755300,강서구,방화동,1945.2,False,4.4419,0.2149,2.5144,0.1501,0.0383,0.0991,0.0131
GRID_00393,다사39755325,강서구,방화동,38.5,False,2.6377,0.2542,1.5508,0.0891,0.0453,0.0691,0.0188
GRID_00394,다사39755350,강서구,방화동,1768.5,False,0.792,0.1858,0.5156,0.0268,0.0331,0.0297,0.004
GRID_00395,다사39755375,강서구,방화동,58.1,False,1.2421,0.0287,0.6888,0.042,0.0051,0.0252,0.0062
GRID_00396,다사39755400,강서구,마곡동,238.2,False,1.2242,0.0,0.666,0.0414,0.0,0.0225,0.0041
GRID_00397,다사39755425,강서구,방화동,4.9,False,0.1423,0.0,0.0774,0.0048,0.0,0.0026,0.0015
GRID_00398,다사39755450,강서구,방화동,0.0,True,0.0,0.0,0.0,0.0,0.0,0.0,0.0
GRID_00399,다사39755475,강서구,방화동,0.0,True,0.0,0.0,0.0,0.0,0.0,0.0,0.0
GRID_00400,다사39755500,강서구,방화동,0.0,True,0.0,0.0,0.0,0.0,0.0,0.0,0.0
GRID_00401,다사39755525,강서구,개화동,0.0,True,0.0,0.0,0.0,0.0,0.0,0.0,0.0
GRID_00402,다사40004175,구로구,항동,0.0,True,1.0616,0.0,0.5775,0.0,0.0,0.0,0.0
GRID_00403,다사40004200,구로구,항동,199.2,False,4.7759,0.0,2.5981,0.1613,0.0,0.0878,0.0166
GRID_00404,다사40004225,구로구,항동,1802.3,False,8.5921,0.0,4.6741,0.2903,0.0,0.1579,0.0211
GRID_00405,다사40004250,구로구,항동,3081.7,False,8.9954,0.0,4.8935,0.3039,0.0,0.1653,0.0206
GRID_00406,다사40004275,구로구,항동,58.5,False,7.545,0.0,4.1045,0.2549,0.0,0.1387,0.0339
GRID_00407,다사40004300,구로구,항동,75.3,False,5.9979,0.0922,3.3049,0.2026,0.0165,0.1177,0.0272
GRID_00408,다사40004325,구로구,항동,0.0,True,3.6601,0.6782,2.3003,0.0,0.0,0.0,0.0
GRID_00409,다사40004350,구로구,온수동,50.1,False,5.8821,1.1096,3.7059,0.1987,0.1979,0.1983,0.0504
GRID_00410,다사40004375,구로구,온수동,1637.0,False,8.5546,1.2749,5.2351,0.289,0.2274,0.2609,0.0352
GRID_00411,다사40004400,구로구,온수동,8.5,False,6.0017,1.1282,3.7794,0.2027,0.2012,0.202,0.0897
GRID_00412,다사40004425,구로구,온수동,1674.6,False,2.7109,0.7104,1.7987,0.0916,0.1267,0.1076,0.0145
GRID_00413,다사40004450,구로구,궁동,46.0,False,1.0043,0.1301,0.6056,0.0339,0.0232,0.029,0.0075
GRID_00414,다사40004475,구로구,궁동,0.0,True,0.0,0.0,0.0,0.0,0.0,0.0,0.0
GRID_00415,다사40004500,구로구,궁동,8.3,False,0.0,0.0,0.0,0.0,0.0,0.0,0.0
GRID_00416,다사40004525,구로구,궁동,24.6,False,0.0,0.0,0.0,0.0,0.0,0.0,0.0
GRID_00417,다사40004550,구로구,궁동,0.0,True,0.0,0.0,0.0,0.0,0.0,0.0,0.0
GRID_00418,다사40004575,양천구,신월동,0.0,True,0.0,0.0,0.0,0.0,0.0,0.0,0.0
GRID_00419,다사40004625,양천구,신월동,0.0,True,0.0,0.0,0.0,0.0,0.0,0.0,0.0
GRID_00420,다사40004650,양천구,신월동,0.0,True,0.0,0.0,0.0,0.0,0.0,0.0,0.0
GRID_00421,다사40004825,양천구,신월동,0.0,True,0.0144,0.0,0.0078,0.0,0.0,0.0,0.0
GRID_00422,다사40004850,양천구,신월동,1069.9,False,1.0154,0.0,0.5524,0.0343,0.0,0.0187,0.0027
GRID_00423,다사40004875,양천구,신월동,214.5,False,1.4722,0.0,0.8009,0.0497,0.0,0.0271,0.005
GRID_00424,다사40004900,양천구,신월동,412.1,False,1.5482,0.0,0.8422,0.0523,0.0,0.0285,0.0047
GRID_00425,다사40004925,강서구,외발산동,24.1,False,0.6684,0.0,0.3636,0.0226,0.0,0.0123,0.0038
GRID_00426,다사40004950,강서구,외발산동,68.5,False,1.5724,0.0,0.8554,0.0531,0.0,0.0289,0.0068
GRID_00427,다사40004975,강서구,외발산동,376.8,False,4.1514,0.0,2.2583,0.1402,0.0,0.0763,0.0129
GRID_00428,다사40005000,강서구,내발산동,573.5,False,5.8324,0.0,3.1728,0.197,0.0,0.1072,0.0169
GRID_00429,다사40005025,강서구,외발산동,45.8,False,6.1669,0.0,3.3548,0.2083,0.0,0.1133,0.0295
GRID_00430,다사40005050,강서구,외발산동,248.1,False,2.7775,0.0,1.5109,0.0938,0.0,0.051,0.0093
GRID_00431,다사40005075,강서구,외발산동,87.2,False,0.5038,0.1591,0.3466,0.017,0.0284,0.0222,0.005
GRID_00432,다사40005100,강서구,마곡동,171.6,False,3.2253,0.3139,1.8977,0.109,0.056,0.0848,0.0165
GRID_00433,다사40005125,강서구,마곡동,893.3,False,5.6105,0.3889,3.2294,0.1895,0.0694,0.1347,0.0198
GRID_00434,다사40005150,강서구,마곡동,721.0,False,2.6564,0.5901,1.7141,0.0897,0.1052,0.0968,0.0147
GRID_00435,다사40005175,강서구,마곡동,3006.9,False,1.8903,0.8582,1.4196,0.0639,0.1531,0.1045,0.0131
GRID_00436,다사40005200,강서구,마곡동,1492.0,False,4.745,0.8329,2.9611,0.1603,0.1485,0.1549,0.0212
GRID_00437,다사40005225,강서구,마곡동,46.8,False,5.0385,0.6918,3.0564,0.1702,0.1234,0.1489,0.0385
GRID_00438,다사40005250,강서구,마곡동,316.0,False,3.6506,0.3318,2.1372,0.1233,0.0592,0.0941,0.0163
GRID_00439,다사40005275,강서구,마곡동,1979.3,False,2.7144,0.0052,1.479,0.0917,0.0009,0.0503,0.0066
GRID_00440,다사40005300,강서구,마곡동,0.0,True,1.6668,0.0,0.9067,0.0,0.0,0.0,0.0
GRID_00441,다사40005325,강서구,마곡동,0.0,True,1.0849,0.0,0.5902,0.0,0.0,0.0,0.0
GRID_00442,다사40005350,강서구,마곡동,0.0,True,0.4687,0.0,0.255,0.0,0.0,0.0,0.0
GRID_00443,다사40005375,강서구,마곡동,98.3,False,0.436,0.0,0.2372,0.0147,0.0,0.008,0.0017
GRID_00444,다사40005400,강서구,마곡동,195.3,False,0.4508,0.0,0.2452,0.0152,0.0,0.0083,0.0016
GRID_00445,다사40005425,강서구,방화동,0.0,True,0.0,0.0,0.0,0.0,0.0,0.0,0.0
GRID_00446,다사40005450,강서구,방화동,0.0,True,0.0,0.0,0.0,0.0,0.0,0.0,0.0
GRID_00447,다사40005475,강서구,방화동,0.0,True,0.0,0.0,0.0,0.0,0.0,0.0,0.0
GRID_00448,다사40254200,구로구,항동,1066.0,False,2.5205,0.0,1.3712,0.0851,0.0,0.0463,0.0066
GRID_00449,다사40254225,구로구,항동,1852.2,False,5.7338,0.0,3.1192,0.1937,0.0,0.1054,0.014
GRID_00450,다사40254250,구로구,항동,301.7,False,6.1056,0.0,3.3214,0.2063,0.0,0.1122,0.0196
GRID_00451,다사40254275,구로구,항동,78.9,False,4.7348,0.0,2.5757,0.1599,0.0,0.087,0.0199
GRID_00452,다사40254300,구로구,항동,92.1,False,3.3159,0.053,1.828,0.112,0.0095,0.0652,0.0144
GRID_00453,다사40254325,구로구,항동,27.9,False,3.4233,0.6283,2.1488,0.1156,0.1121,0.114,0.0339
GRID_00454,다사40254350,구로구,온수동,587.2,False,6.0821,1.0521,3.7884,0.2055,0.1876,0.1973,0.0309
GRID_00455,다사40254375,구로구,온수동,680.2,False,8.4458,1.2147,5.1484,0.2853,0.2166,0.254,0.0389
GRID_00456,다사40254400,구로구,온수동,368.4,False,6.2757,1.0712,3.9025,0.212,0.1911,0.2024,0.0342
GRID_00457,다사40254425,구로구,궁동,15.4,False,5.9165,0.6614,3.5201,0.1999,0.118,0.1625,0.0581
GRID_00458,다사40254450,구로구,궁동,182.4,False,4.155,0.0918,2.3022,0.1404,0.0164,0.0838,0.0161
GRID_00459,다사40254475,구로구,궁동,41.9,False,0.6544,0.0,0.356,0.0221,0.0,0.012,0.0032
GRID_00460,다사40254500,구로구,궁동,9.1,False,0.3444,0.0,0.1874,0.0116,0.0,0.0063,0.0027
GRID_00461,다사40254525,구로구,궁동,53.0,False,0.4884,0.0,0.2657,0.0165,0.0,0.009,0.0022
GRID_00462,다사40254550,구로구,궁동,0.0,True,0.3078,0.0,0.1674,0.0,0.0,0.0,0.0
GRID_00463,다사40254575,양천구,신월동,0.0,True,0.0,0.0,0.0,0.0,0.0,0.0,0.0
GRID_00464,다사40254600,양천구,신월동,57.4,False,0.873,0.0,0.4749,0.0295,0.0,0.016,0.0039
GRID_00465,다사40254625,양천구,신정동,36.2,False,1.079,0.0,0.587,0.0365,0.0,0.0198,0.0055
GRID_00466,다사40254650,양천구,신월동,7.6,False,0.0325,0.0,0.0177,0.0011,0.0,0.0006,0.0003
GRID_00467,다사40254675,양천구,신월동,73.5,False,0.0,0.0,0.0,0.0,0.0,0.0,0.0
GRID_00468,다사40254700,양천구,신월동,45.7,False,1.5465,0.0,0.8413,0.0522,0.0,0.0284,0.0074
GRID_00469,다사40254725,양천구,신월동,1869.7,False,2.8956,0.0,1.5752,0.0978,0.0,0.0532,0.0071
GRID_00470,다사40254750,양천구,신월동,0.0,True,1.1194,0.0,0.609,0.0,0.0,0.0,0.0
GRID_00471,다사40254800,양천구,신월동,219.8,False,0.0,0.0,0.0,0.0,0.0,0.0,0.0
GRID_00472,다사40254825,양천구,신월동,2043.1,False,0.5825,0.0,0.3169,0.0197,0.0,0.0107,0.0014
GRID_00473,다사40254850,양천구,신월동,402.8,False,3.1056,0.0,1.6895,0.1049,0.0,0.0571,0.0095
GRID_00474,다사40254875,양천구,신월동,391.2,False,4.4075,0.0,2.3977,0.1489,0.0,0.081,0.0136
GRID_00475,다사40254900,양천구,신월동,984.1,False,3.1753,0.0,1.7274,0.1073,0.0,0.0584,0.0085
GRID_00476,다사40254925,강서구,외발산동,45.5,False,1.3634,0.0,0.7417,0.0461,0.0,0.0251,0.0065
GRID_00477,다사40254950,강서구,외발산동,0.0,True,0.2614,0.0,0.1422,0.0,0.0,0.0,0.0
GRID_00478,다사40254975,강서구,외발산동,1056.8,False,2.0665,0.0,1.1242,0.0698,0.0,0.038,0.0055
GRID_00479,다사40255000,강서구,내발산동,8.5,False,4.1242,0.0,2.2436,0.1393,0.0,0.0758,0.0337
GRID_00480,다사40255025,강서구,내발산동,3674.2,False,6.3679,0.0,3.4641,0.2151,0.0,0.117,0.0143
GRID_00481,다사40255050,강서구,내발산동,55.7,False,6.3787,0.0058,3.4727,0.2155,0.001,0.1177,0.0291
GRID_00482,다사40255075,강서구,내발산동,661.5,False,3.4221,0.2206,1.9622,0.1156,0.0393,0.0808,0.0124
GRID_00483,다사40255100,강서구,마곡동,2394.1,False,6.2303,0.3862,3.5654,0.2105,0.0689,0.1459,0.0188
GRID_00484,다사40255125,강서구,마곡동,1602.6,False,10.2318,0.5551,5.8192,0.3456,0.099,0.2332,0.0316
GRID_00485,다사40255150,강서구,마곡동,938.1,False,5.4038,0.8431,3.3241,0.1825,0.1504,0.1679,0.0245
GRID_00486,다사40255175,강서구,마곡동,3745.9,False,4.7246,0.9259,2.9924,0.1596,0.1651,0.1621,0.0197
GRID_00487,다사40255200,강서구,마곡동,1008.3,False,8.6433,0.856,5.0923,0.292,0.1527,0.2285,0.033
GRID_00488,다사40255225,강서구,마곡동,1117.5,False,5.2023,0.6484,3.1257,0.1757,0.1156,0.1483,0.0211
GRID_00489,다사40255250,강서구,마곡동,401.1,False,2.8077,0.3081,1.6678,0.0948,0.0549,0.0766,0.0128
GRID_00490,다사40255275,강서구,마곡동,23.0,False,2.2976,0.0305,1.2638,0.0776,0.0054,0.0447,0.0141
GRID_00491,다사40255300,강서구,마곡동,0.0,True,0.5388,0.0,0.2931,0.0,0.0,0.0,0.0
GRID_00492,다사40255325,강서구,마곡동,0.0,True,0.0,0.0,0.0,0.0,0.0,0.0,0.0
GRID_00493,다사40255350,강서구,마곡동,0.0,True,0.0,0.0,0.0,0.0,0.0,0.0,0.0
GRID_00494,다사40255375,강서구,마곡동,71.1,False,0.0,0.0,0.0,0.0,0.0,0.0,0.0
GRID_00495,다사40255400,강서구,마곡동,6.3,False,0.0,0.0,0.0,0.0,0.0,0.0,0.0
GRID_00496,다사40255425,강서구,마곡동,98.6,False,0.0,0.0,0.0,0.0,0.0,0.0,0.0
GRID_00497,다사40255450,강서구,방화동,0.0,True,0.0,0.0,0.0,0.0,0.0,0.0,0.0
GRID_00498,다사40255475,강서구,방화동,0.0,True,0.0,0.0,0.0,0.0,0.0,0.0,0.0
GRID_00499,다사40504200,구로구,항동,0.0,True,0.0145,0.0,0.0079,0.0,0.0,0.0,0.0
GRID_00500,다사40504225,구로구,항동,77.2,False,0.6886,0.0,0.3746,0.0233,0.0,0.0127,0.0029
GRID_00501,다사40504250,구로구,항동,0.0,True,1.5295,0.0,0.832,0.0,0.0,0.0,0.0
GRID_00502,다사40504275,구로구,항동,24.9,False,0.4689,0.0,0.2551,0.0158,0.0,0.0086,0.0026
GRID_00503,다사40504300,구로구,항동,0.0,True,0.0684,0.0,0.0372,0.0,0.0,0.0,0.0
GRID_00504,다사40504325,구로구,오류동,111.7,False,0.5073,0.3403,0.4312,0.0171,0.0607,0.037,0.0078
GRID_00505,다사40504350,구로구,오류동,18.7,False,2.1329,0.718,1.4877,0.0721,0.128,0.0976,0.0327
GRID_00506,다사40504375,구로구,오류동,167.4,False,3.3774,0.8632,2.2309,0.1141,0.1539,0.1323,0.0258
GRID_00507,다사40504400,구로구,궁동,416.4,False,5.0637,0.7357,3.0902,0.1711,0.1312,0.1529,0.0253
GRID_00508,다사40504425,구로구,궁동,3339.0,False,9.1071,0.3709,5.1234,0.3077,0.0662,0.1975,0.0243
GRID_00509,다사40504450,구로구,궁동,2648.4,False,7.3096,0.0,3.9764,0.2469,0.0,0.1343,0.017
GRID_00510,다사40504475,구로구,궁동,190.2,False,2.9836,0.0,1.6231,0.1008,0.0,0.0548,0.0104
GRID_00511,다사40504500,구로구,궁동,217.4,False,1.5091,0.0,0.8209,0.051,0.0,0.0277,0.0051
GRID_00512,다사40504525,구로구,궁동,22.7,False,1.2062,0.0,0.6562,0.0407,0.0,0.0222,0.007
GRID_00513,다사40504550,구로구,궁동,5.0,False,0.7551,0.0,0.4108,0.0255,0.0,0.0139,0.0077
GRID_00514,다사40504575,양천구,신정동,61.9,False,0.9202,0.0,0.5006,0.0311,0.0,0.0169,0.0041
GRID_00515,다사40504600,양천구,신정동,1584.5,False,4.0339,0.0,2.1944,0.1363,0.0,0.0741,0.0101
GRID_00516,다사40504625,양천구,신정동,28.6,False,4.1396,0.0,2.2519,0.1398,0.0,0.0761,0.0225
GRID_00517,다사40504650,양천구,신월동,88.8,False,0.8748,0.0,0.4759,0.0296,0.0,0.0161,0.0036
GRID_00518,다사40504675,양천구,신월동,0.0,True,0.0,0.0,0.0,0.0,0.0,0.0,0.0
GRID_00519,다사40504700,양천구,신월동,102.1,False,1.792,0.0,0.9749,0.0605,0.0,0.0329,0.0071
GRID_00520,다사40504725,양천구,신월동,147.0,False,4.1033,0.0,2.2322,0.1386,0.0,0.0754,0.0151
GRID_00521,다사40504750,양천구,신월동,26.0,False,1.969,0.0,1.0712,0.0665,0.0,0.0362,0.011
GRID_00522,다사40504775,양천구,신월동,0.0,True,0.0,0.0,0.0,0.0,0.0,0.0,0.0
GRID_00523,다사40504800,양천구,신월동,52.4,False,1.02,0.0,0.5549,0.0345,0.0,0.0187,0.0047
GRID_00524,다사40504825,양천구,신월동,2661.4,False,2.1965,0.0,1.1949,0.0742,0.0,0.0404,0.0051
GRID_00525,다사40504850,양천구,신월동,437.9,False,4.315,0.0,2.3473,0.1458,0.0,0.0793,0.013
GRID_00526,다사40504875,양천구,신월동,1306.8,False,4.9225,0.0,2.6778,0.1663,0.0,0.0905,0.0126
GRID_00527,다사40504900,양천구,신월동,61.0,False,3.3613,0.0,1.8286,0.1136,0.0,0.0618,0.015
GRID_00528,다사40504925,양천구,신월동,58.8,False,2.0955,0.0,1.14,0.0708,0.0,0.0385,0.0094
GRID_00529,다사40504950,양천구,신월동,2939.6,False,0.5986,0.0,0.3256,0.0202,0.0,0.011,0.0014
GRID_00530,다사40504975,양천구,신월동,28.0,False,0.3396,0.0063,0.1876,0.0115,0.0011,0.0067,0.002
GRID_00531,다사40505000,강서구,내발산동,47.2,False,0.8253,0.0923,0.4911,0.0279,0.0165,0.0227,0.0059
GRID_00532,다사40505025,강서구,내발산동,826.5,False,4.5119,0.0282,2.4674,0.1524,0.005,0.0852,0.0127
GRID_00533,다사40505050,강서구,내발산동,3862.2,False,6.1968,0.0,3.3711,0.2093,0.0,0.1139,0.0138
GRID_00534,다사40505075,강서구,내발산동,15.1,False,3.4204,0.1931,1.9488,0.1155,0.0344,0.0786,0.0283
GRID_00535,다사40505100,강서구,마곡동,1670.7,False,5.6905,0.3539,3.257,0.1922,0.0631,0.1334,0.018
GRID_00536,다사40505125,강서구,마곡동,36.0,False,9.4266,0.5684,5.3872,0.3184,0.1014,0.2195,0.0608
GRID_00537,다사40505150,강서구,마곡동,262.6,False,5.0314,0.8721,3.1348,0.17,0.1555,0.1634,0.0293
GRID_00538,다사40505175,강서구,마곡동,23.1,False,5.8218,0.9674,3.6082,0.1967,0.1725,0.1857,0.0583
GRID_00539,다사40505200,강서구,마곡동,374.1,False,9.2521,0.8295,5.4114,0.3125,0.1479,0.2375,0.0401
GRID_00540,다사40505225,강서구,마곡동,2041.6,False,5.0721,0.6452,3.0535,0.1713,0.1151,0.1457,0.0191
GRID_00541,다사40505250,강서구,마곡동,1563.4,False,3.7416,0.366,2.2023,0.1264,0.0653,0.0985,0.0134
GRID_00542,다사40505275,강서구,마곡동,84.6,False,3.6752,0.0541,2.024,0.1242,0.0097,0.0719,0.0162
GRID_00543,다사40505300,강서구,마곡동,0.0,True,0.9129,0.0,0.4966,0.0,0.0,0.0,0.0
GRID_00544,다사40505325,강서구,마곡동,0.0,True,0.0,0.0,0.0,0.0,0.0,0.0,0.0
GRID_00545,다사40505350,강서구,마곡동,24.0,False,0.0,0.0,0.0,0.0,0.0,0.0,0.0
GRID_00546,다사40505375,강서구,마곡동,16.0,False,0.0,0.0,0.0,0.0,0.0,0.0,0.0
GRID_00547,다사40505400,강서구,마곡동,0.0,True,0.0,0.0,0.0,0.0,0.0,0.0,0.0
GRID_00548,다사40505425,강서구,마곡동,10.1,False,0.0,0.0,0.0,0.0,0.0,0.0,0.0
GRID_00549,다사40505450,강서구,마곡동,12.3,False,0.0,0.0,0.0,0.0,0.0,0.0,0.0
GRID_00550,다사40754200,구로구,항동,0.0,True,0.0,0.0,0.0,0.0,0.0,0.0,0.0
GRID_00551,다사40754225,구로구,항동,54.6,False,0.0,0.0,0.0,0.0,0.0,0.0,0.0
GRID_00552,다사40754250,구로구,항동,0.0,True,0.0,0.0,0.0,0.0,0.0,0.0,0.0
GRID_00553,다사40754275,구로구,항동,0.0,True,0.0,0.0459,0.0209,0.0,0.0,0.0,0.0
GRID_00554,다사40754300,구로구,오류동,22.4,False,0.9605,0.1476,0.5898,0.0324,0.0263,0.0297,0.0094
GRID_00555,다사40754325,구로구,오류동,1972.5,False,2.3534,0.1472,1.3474,0.0795,0.0263,0.0552,0.0073
GRID_00556,다사40754350,구로구,오류동,19.4,False,3.2048,0.2409,1.8533,0.1083,0.043,0.0785,0.026
GRID_00557,다사40754375,구로구,오류동,1185.2,False,4.9994,0.3136,2.8627,0.1689,0.0559,0.1174,0.0166
GRID_00558,다사40754400,구로구,궁동,1880.9,False,7.0733,0.211,3.9441,0.2389,0.0376,0.1471,0.0195
GRID_00559,다사40754425,구로구,궁동,75.0,False,6.9411,0.0193,3.7848,0.2345,0.0034,0.1291,0.0298
GRID_00560,다사40754450,구로구,궁동,19.9,False,4.1471,0.0,2.256,0.1401,0.0,0.0762,0.0251
GRID_00561,다사40754475,구로구,궁동,1162.5,False,1.6856,0.0,0.917,0.0569,0.0,0.031,0.0044
GRID_00562,다사40754500,구로구,궁동,22.8,False,0.9394,0.0,0.511,0.0317,0.0,0.0173,0.0054
GRID_00563,다사40754525,구로구,궁동,34.4,False,0.7991,0.0,0.4347,0.027,0.0,0.0147,0.0041
GRID_00564,다사40754550,구로구,궁동,0.0,True,0.5099,0.0,0.2774,0.0,0.0,0.0,0.0
GRID_00565,다사40754575,양천구,신정동,1545.0,False,3.3738,0.0,1.8353,0.114,0.0,0.062,0.0084
GRID_00566,다사40754600,양천구,신정동,2941.0,False,7.5052,0.0,4.0828,0.2535,0.0,0.1379,0.0173
GRID_00567,다사40754625,양천구,신정동,41.2,False,5.0101,0.0,2.7255,0.1692,0.0,0.0921,0.0246
GRID_00568,다사40754650,양천구,신정동,955.2,False,0.8603,0.0,0.468,0.0291,0.0,0.0158,0.0023
GRID_00569,다사40754675,양천구,신월동,2687.7,False,0.0527,0.0,0.0287,0.0018,0.0,0.001,0.0001
GRID_00570,다사40754700,양천구,신월동,1924.8,False,1.2503,0.0,0.6802,0.0422,0.0,0.023,0.003
GRID_00571,다사40754725,양천구,신월동,3682.3,False,2.7042,0.0,1.4711,0.0914,0.0,0.0497,0.0061
GRID_00572,다사40754750,양천구,신월동,1071.4,False,1.8348,0.0,0.9981,0.062,0.0,0.0337,0.0048
GRID_00573,다사40754775,양천구,신월동,174.7,False,2.3302,0.0,1.2676,0.0787,0.0,0.0428,0.0083
GRID_00574,다사40754800,양천구,신월동,1535.3,False,4.2444,0.0,2.3089,0.1434,0.0,0.078,0.0106
GRID_00575,다사40754825,양천구,신월동,1579.9,False,3.2615,0.0,1.7743,0.1102,0.0,0.0599,0.0081
GRID_00576,다사40754850,양천구,신월동,109.3,False,3.7621,0.0,2.0466,0.1271,0.0,0.0691,0.0147
GRID_00577,다사40754875,양천구,신월동,66.8,False,4.0588,0.0,2.208,0.1371,0.0,0.0746,0.0177
GRID_00578,다사40754900,양천구,신월동,3006.4,False,3.234,0.0,1.7593,0.1093,0.0,0.0594,0.0074
GRID_00579,다사40754925,강서구,화곡동,669.7,False,2.6597,0.0,1.4469,0.0898,0.0,0.0489,0.0075
GRID_00580,다사40754950,강서구,화곡동,835.7,False,1.0648,0.1472,0.6463,0.036,0.0262,0.0315,0.0047
GRID_00581,다사40754975,강서구,화곡동,1634.5,False,1.0829,0.4184,0.7799,0.0366,0.0746,0.0539,0.0073
GRID_00582,다사40755000,강서구,내발산동,102.5,False,2.2509,0.5283,1.4654,0.076,0.0942,0.0843,0.0182
GRID_00583,다사40755025,강서구,내발산동,39.1,False,2.9916,0.4465,1.831,0.1011,0.0796,0.0913,0.0247
GRID_00584,다사40755050,강서구,내발산동,1998.0,False,2.9775,0.1956,1.709,0.1006,0.0349,0.0706,0.0093
GRID_00585,다사40755075,강서구,마곡동,1546.9,False,0.9079,0.2198,0.5941,0.0307,0.0392,0.0346,0.0047
GRID_00586,다사40755100,강서구,마곡동,668.4,False,2.0025,0.5075,1.3208,0.0676,0.0905,0.0781,0.012
GRID_00587,다사40755125,강서구,마곡동,562.4,False,3.5813,0.6405,2.2403,0.121,0.1142,0.1179,0.0186
GRID_00588,다사40755150,강서구,마곡동,1035.9,False,1.6201,0.7472,1.222,0.0547,0.1333,0.0905,0.013
GRID_00589,다사40755175,강서구,마곡동,407.0,False,1.8939,0.7391,1.3673,0.064,0.1318,0.0949,0.0158
GRID_00590,다사40755200,강서구,마곡동,368.1,False,3.1913,0.6567,2.0355,0.1078,0.1171,0.1121,0.019
GRID_00591,다사40755225,강서구,마곡동,256.0,False,1.4512,0.5369,1.0343,0.049,0.0958,0.0703,0.0127
GRID_00592,다사40755250,강서구,마곡동,60.5,False,2.8435,0.2739,1.6718,0.0961,0.0489,0.0745,0.0181
GRID_00593,다사40755275,강서구,마곡동,112.9,False,2.9284,0.0151,1.5999,0.0989,0.0027,0.055,0.0116
GRID_00594,다사40755300,강서구,마곡동,0.0,True,0.3272,0.0,0.178,0.0,0.0,0.0,0.0
GRID_00595,다사40755325,강서구,마곡동,0.0,True,0.0,0.0,0.0,0.0,0.0,0.0,0.0
GRID_00596,다사40755350,강서구,마곡동,51.6,False,0.0,0.0,0.0,0.0,0.0,0.0,0.0
GRID_00597,다사40755375,강서구,마곡동,0.0,True,0.0,0.0,0.0,0.0,0.0,0.0,0.0
GRID_00598,다사40755400,강서구,마곡동,0.0,True,0.0,0.0,0.0,0.0,0.0,0.0,0.0
GRID_00599,다사40755425,강서구,마곡동,0.0,True,0.0,0.0,0.0,0.0,0.0,0.0,0.0
GRID_00600,다사41004175,구로구,천왕동,0.0,True,0.0,0.0,0.0,0.0,0.0,0.0,0.0
GRID_00601,다사41004200,구로구,천왕동,0.0,True,0.0,0.0,0.0,0.0,0.0,0.0,0.0
GRID_00602,다사41004225,구로구,천왕동,0.0,True,0.0,0.0,0.0,0.0,0.0,0.0,0.0
GRID_00603,다사41004250,구로구,천왕동,0.0,True,0.0022,0.0611,0.029,0.0,0.0,0.0,0.0
GRID_00604,다사41004275,구로구,천왕동,4.1,False,0.0287,0.2786,0.1426,0.001,0.0497,0.0232,0.0142
GRID_00605,다사41004300,구로구,오류동,16.1,False,1.2143,0.4041,0.8449,0.041,0.0721,0.0552,0.0194
GRID_00606,다사41004325,구로구,오류동,2599.0,False,4.2512,0.4036,2.4967,0.1436,0.072,0.111,0.0141
GRID_00607,다사41004350,구로구,오류동,27.3,False,4.792,0.2773,2.7333,0.1619,0.0495,0.1106,0.0331
GRID_00608,다사41004375,구로구,오류동,178.5,False,5.0917,0.0594,2.7969,0.172,0.0106,0.0984,0.019
GRID_00609,다사41004400,구로구,궁동,2614.8,False,5.4478,0.0,2.9636,0.184,0.0,0.1001,0.0127
GRID_00610,다사41004425,구로구,궁동,2192.2,False,1.584,0.0,0.8617,0.0535,0.0,0.0291,0.0038
GRID_00611,다사41004450,구로구,궁동,0.0,True,0.0,0.0,0.0,0.0,0.0,0.0,0.0
GRID_00612,다사41004475,구로구,궁동,27.4,False,0.0022,0.0,0.0012,0.0001,0.0,0.0,0.0
GRID_00613,다사41004500,양천구,신정동,22.4,False,0.1498,0.0,0.0815,0.0051,0.0,0.0028,0.0009
GRID_00614,다사41004525,양천구,신정동,477.9,False,1.4956,0.0,0.8136,0.0505,0.0,0.0275,0.0045
GRID_00615,다사41004550,양천구,신정동,28.8,False,2.1805,0.0,1.1862,0.0737,0.0,0.0401,0.0118
GRID_00616,다사41004575,양천구,신정동,16.5,False,4.7523,0.0,2.5853,0.1605,0.0,0.0873,0.0305
GRID_00617,다사41004600,양천구,신정동,3575.4,False,7.0321,0.0,3.8255,0.2376,0.0,0.1292,0.0158
GRID_00618,다사41004625,양천구,신정동,1065.2,False,4.1078,0.0,2.2346,0.1388,0.0,0.0755,0.0108
GRID_00619,다사41004650,양천구,신월동,35.1,False,1.6087,0.0,0.8751,0.0543,0.0,0.0296,0.0082
GRID_00620,다사41004675,양천구,신월동,654.0,False,2.5366,0.0,1.3799,0.0857,0.0,0.0466,0.0072
GRID_00621,다사41004700,양천구,신월동,2168.5,False,2.8066,0.0,1.5268,0.0948,0.0,0.0516,0.0067
GRID_00622,다사41004725,양천구,신월동,1100.8,False,1.379,0.0,0.7502,0.0466,0.0,0.0253,0.0036
GRID_00623,다사41004750,양천구,신월동,1602.7,False,0.8874,0.0,0.4827,0.03,0.0,0.0163,0.0022
GRID_00624,다사41004775,양천구,신월동,42.9,False,3.3966,0.0,1.8478,0.1147,0.0,0.0624,0.0165
GRID_00625,다사41004800,양천구,신월동,2921.7,False,4.5575,0.0,2.4793,0.154,0.0,0.0838,0.0105
GRID_00626,다사41004825,양천구,신월동,2639.4,False,1.8019,0.0,0.9802,0.0609,0.0,0.0331,0.0042
GRID_00627,다사41004850,양천구,신월동,4256.2,False,2.1352,0.0,1.1615,0.0721,0.0,0.0392,0.0047
GRID_00628,다사41004875,양천구,신월동,65.6,False,4.0487,0.0929,2.2448,0.1368,0.0166,0.082,0.0195
GRID_00629,다사41004900,양천구,신월동,1021.7,False,3.4243,0.4038,2.0469,0.1157,0.072,0.0958,0.0138
GRID_00630,다사41004925,강서구,화곡동,2069.4,False,2.5337,0.4903,1.6019,0.0856,0.0875,0.0864,0.0113
GRID_00631,다사41004950,강서구,화곡동,2696.6,False,0.4429,0.733,0.5752,0.015,0.1307,0.0677,0.0086
GRID_00632,다사41004975,강서구,화곡동,1989.4,False,3.2372,0.7185,2.0887,0.1094,0.1282,0.1179,0.0155
GRID_00633,다사41005000,강서구,내발산동,1328.1,False,5.5962,0.8458,3.43,0.189,0.1508,0.1716,0.0239
GRID_00634,다사41005025,강서구,내발산동,4702.8,False,3.687,0.751,2.3482,0.1246,0.1339,0.1288,0.0152
GRID_00635,다사41005050,강서구,내발산동,1732.8,False,2.0521,0.607,1.3932,0.0693,0.1083,0.0871,0.0117
GRID_00636,다사41005075,강서구,마곡동,145.7,False,0.4412,0.5173,0.4759,0.0149,0.0923,0.0502,0.0101
GRID_00637,다사41005100,강서구,마곡동,341.1,False,3.0103,0.6809,1.9481,0.1017,0.1214,0.1107,0.019
GRID_00638,다사41005125,강서구,마곡동,1383.2,False,3.825,0.7184,2.4084,0.1292,0.1281,0.1287,0.0178
GRID_00639,다사41005150,강서구,마곡동,112.9,False,1.8264,0.6438,1.2871,0.0617,0.1148,0.0859,0.0181
GRID_00640,다사41005175,강서구,마곡동,601.7,False,1.5061,0.4339,1.0172,0.0509,0.0774,0.063,0.0098
GRID_00641,다사41005200,강서구,마곡동,69.8,False,1.4805,0.4606,1.0154,0.05,0.0822,0.0647,0.0152
GRID_00642,다사41005225,강서구,마곡동,34.8,False,0.9462,0.3846,0.6901,0.032,0.0686,0.0487,0.0136
GRID_00643,다사41005250,강서구,마곡동,10.3,False,1.0155,0.0961,0.5962,0.0343,0.0171,0.0265,0.0109
GRID_00644,다사41005275,강서구,마곡동,34.6,False,1.3136,0.0,0.7146,0.0444,0.0,0.0241,0.0068
GRID_00645,다사41005300,강서구,마곡동,9.5,False,1.2421,0.0,0.6757,0.042,0.0,0.0228,0.0097
GRID_00646,다사41005325,강서구,마곡동,64.7,False,0.0858,0.0,0.0467,0.0029,0.0,0.0016,0.0004
GRID_00647,다사41005350,강서구,마곡동,34.7,False,0.0,0.0,0.0,0.0,0.0,0.0,0.0
GRID_00648,다사41005375,강서구,마곡동,0.0,True,0.0,0.0,0.0,0.0,0.0,0.0,0.0
GRID_00649,다사41005400,강서구,마곡동,0.0,True,0.0,0.0,0.0,0.0,0.0,0.0,0.0
GRID_00650,다사41005425,강서구,마곡동,0.0,True,0.0,0.0,0.0,0.0,0.0,0.0,0.0
GRID_00651,다사41254175,구로구,천왕동,11.0,False,0.0379,0.0,0.0206,0.0013,0.0,0.0007,0.0003
GRID_00652,다사41254200,구로구,천왕동,0.0,True,0.5377,0.0,0.2925,0.0,0.0,0.0,0.0
GRID_00653,다사41254225,구로구,천왕동,0.0,True,0.618,0.0,0.3362,0.0,0.0,0.0,0.0
GRID_00654,다사41254250,구로구,천왕동,13.4,False,0.8817,0.1814,0.5624,0.0298,0.0324,0.031,0.0116
GRID_00655,다사41254275,구로구,천왕동,1054.7,False,1.6155,0.4248,1.0725,0.0546,0.0758,0.0642,0.0092
GRID_00656,다사41254300,구로구,천왕동,46.6,False,5.2518,0.5653,3.1147,0.1774,0.1008,0.1425,0.0369
GRID_00657,다사41254325,구로구,오류동,1089.7,False,7.6336,0.5647,4.4102,0.2579,0.1007,0.1862,0.0266
GRID_00658,다사41254350,구로구,오류동,18.6,False,5.0184,0.4234,2.9231,0.1695,0.0755,0.1267,0.0426
GRID_00659,다사41254375,구로구,오류동,308.3,False,3.7294,0.1857,2.1135,0.126,0.0331,0.0836,0.0146
GRID_00660,다사41254400,구로구,궁동,195.4,False,3.3827,0.0652,1.8699,0.1143,0.0116,0.0675,0.0128
GRID_00661,다사41254425,구로구,오류동,44.8,False,1.3179,0.0017,0.7177,0.0445,0.0003,0.0244,0.0064
GRID_00662,다사41254450,구로구,오류동,27.5,False,0.6369,0.0,0.3465,0.0215,0.0,0.0117,0.0035
GRID_00663,다사41254475,구로구,개봉동,0.0,True,0.0,0.0,0.0,0.0,0.0,0.0,0.0
GRID_00664,다사41254500,양천구,신정동,0.0,True,0.1832,0.0,0.0997,0.0,0.0,0.0,0.0
GRID_00665,다사41254525,양천구,신정동,59.0,False,2.2371,0.0,1.217,0.0756,0.0,0.0411,0.01
GRID_00666,다사41254550,양천구,신정동,151.7,False,3.7141,0.0,2.0204,0.1255,0.0,0.0683,0.0136
GRID_00667,다사41254575,양천구,신정동,1906.0,False,4.5665,0.0,2.4842,0.1543,0.0,0.0839,0.0111
GRID_00668,다사41254600,양천구,신정동,38.2,False,4.2541,0.0,2.3142,0.1437,0.0,0.0782,0.0213
GRID_00669,다사41254625,양천구,신월동,85.4,False,3.5591,0.0,1.9362,0.1202,0.0,0.0654,0.0147
GRID_00670,다사41254650,양천구,신월동,1027.5,False,5.2908,0.0,2.8782,0.1787,0.0,0.0972,0.014
GRID_00671,다사41254675,양천구,신월동,59.9,False,8.358,0.0,4.5468,0.2823,0.0,0.1536,0.0374
GRID_00672,다사41254700,양천구,신월동,2206.3,False,7.2892,0.0,3.9653,0.2462,0.0,0.134,0.0174
GRID_00673,다사41254725,양천구,신월동,26.9,False,1.966,0.0,1.0695,0.0664,0.0,0.0361,0.0109
GRID_00674,다사41254750,양천구,신월동,22.7,False,0.0649,0.0,0.0353,0.0022,0.0,0.0012,0.0004
GRID_00675,다사41254775,양천구,신월동,1205.4,False,3.8132,0.0,2.0744,0.1288,0.0,0.0701,0.0099
GRID_00676,다사41254800,양천구,신월동,761.0,False,4.8997,0.0,2.6654,0.1655,0.0,0.09,0.0136
GRID_00677,다사41254825,양천구,신월동,1604.3,False,1.6539,0.0,0.8997,0.0559,0.0,0.0304,0.0041
GRID_00678,다사41254850,강서구,화곡동,2314.1,False,3.1348,0.0072,1.7086,0.1059,0.0013,0.0582,0.0075
GRID_00679,다사41254875,강서구,화곡동,3848.8,False,5.1078,0.5552,3.0318,0.1725,0.099,0.139,0.0168
GRID_00680,다사41254900,강서구,화곡동,40.7,False,6.3144,0.931,3.8595,0.2133,0.166,0.1918,0.0514
GRID_00681,다사41254925,강서구,화곡동,3971.0,False,6.3589,1.0936,3.9579,0.2148,0.195,0.2058,0.0248
GRID_00682,다사41254950,강서구,화곡동,1307.7,False,2.9527,1.3389,2.2168,0.0997,0.2388,0.1631,0.0227
GRID_00683,다사41254975,강서구,화곡동,2772.4,False,4.1757,1.2266,2.8309,0.1411,0.2188,0.1765,0.0223
GRID_00684,다사41255000,강서구,내발산동,2362.9,False,5.7747,0.9623,3.5802,0.1951,0.1716,0.1844,0.0237
GRID_00685,다사41255025,강서구,내발산동,580.1,False,3.1769,0.8628,2.1217,0.1073,0.1539,0.1286,0.0202
GRID_00686,다사41255050,강서구,내발산동,1534.4,False,2.7737,0.8637,1.9027,0.0937,0.154,0.1212,0.0165
GRID_00687,다사41255075,강서구,마곡동,436.6,False,4.7282,0.7866,2.9308,0.1597,0.1403,0.1509,0.0248
GRID_00688,다사41255100,강서구,마곡동,1990.1,False,9.3058,0.8556,5.4525,0.3144,0.1526,0.2406,0.0317
GRID_00689,다사41255125,강서구,마곡동,1667.3,False,8.5346,0.8412,5.0264,0.2883,0.15,0.2252,0.0304
GRID_00690,다사41255150,강서구,마곡동,710.0,False,2.3055,0.62,1.5369,0.0779,0.1106,0.0928,0.0141
GRID_00691,다사41255175,강서구,마곡동,13.0,False,1.7538,0.4465,1.1577,0.0592,0.0796,0.0685,0.026
GRID_00692,다사41255200,강서구,마곡동,274.7,False,1.3407,0.3568,0.892,0.0453,0.0636,0.0537,0.0095
GRID_00693,다사41255225,강서구,마곡동,138.5,False,2.7596,0.3646,1.6675,0.0932,0.065,0.0804,0.0163
GRID_00694,다사41255250,강서구,마곡동,85.0,False,2.7472,0.2757,1.6202,0.0928,0.0492,0.0729,0.0164
GRID_00695,다사41255275,강서구,마곡동,49.6,False,3.2478,0.0892,1.8075,0.1097,0.0159,0.0669,0.0171
GRID_00696,다사41255300,강서구,마곡동,1238.3,False,3.3711,0.0,1.8339,0.1139,0.0,0.062,0.0087
GRID_00697,다사41255325,강서구,마곡동,56.9,False,1.2991,0.0,0.7067,0.0439,0.0,0.0239,0.0059
GRID_00698,다사41255350,강서구,마곡동,0.0,True,0.0,0.0,0.0,0.0,0.0,0.0,0.0
GRID_00699,다사41255375,강서구,마곡동,0.0,True,0.0,0.0,0.0,0.0,0.0,0.0,0.0
GRID_00700,다사41255400,강서구,마곡동,0.0,True,0.0,0.0,0.0,0.0,0.0,0.0,0.0
GRID_00701,다사41504175,구로구,천왕동,22.7,False,0.9765,0.0,0.5312,0.033,0.0,0.0179,0.0057
GRID_00702,다사41504200,구로구,천왕동,32.0,False,3.2528,0.0,1.7695,0.1099,0.0,0.0598,0.0171
GRID_00703,다사41504225,구로구,천왕동,930.0,False,3.8832,0.0,2.1125,0.1312,0.0,0.0714,0.0104
GRID_00704,다사41504250,구로구,천왕동,1936.7,False,2.7342,0.1984,1.5778,0.0924,0.0354,0.0664,0.0088
GRID_00705,다사41504275,구로구,천왕동,2209.4,False,4.2039,0.4454,2.49,0.142,0.0794,0.1135,0.0147
GRID_00706,다사41504300,구로구,천왕동,2908.3,False,7.0106,0.5879,4.0819,0.2368,0.1049,0.1766,0.0221
GRID_00707,다사41504325,구로구,오류동,4011.1,False,6.9778,0.5874,4.0638,0.2357,0.1048,0.176,0.0212
GRID_00708,다사41504350,구로구,오류동,1239.2,False,5.1829,0.5824,3.085,0.1751,0.1039,0.1426,0.02
GRID_00709,다사41504375,구로구,오류동,1958.6,False,5.274,0.5463,3.1182,0.1782,0.0974,0.1413,0.0186
GRID_00710,다사41504400,구로구,오류동,1224.1,False,5.7397,0.4254,3.3164,0.1939,0.0759,0.1401,0.0197
GRID_00711,다사41504425,구로구,오류동,2157.0,False,5.2767,0.3441,3.0274,0.1783,0.0614,0.125,0.0163
GRID_00712,다사41504450,구로구,오류동,5676.2,False,2.7671,0.1284,1.5638,0.0935,0.0229,0.0613,0.0071
GRID_00713,다사41504475,구로구,개봉동,69.3,False,1.5252,0.0,0.8297,0.0515,0.0,0.028,0.0066
GRID_00714,다사41504500,구로구,개봉동,98.6,False,0.3801,0.0,0.2068,0.0128,0.0,0.007,0.0015
GRID_00715,다사41504525,양천구,신정동,4.6,False,0.9569,0.0,0.5206,0.0323,0.0,0.0176,0.0102
GRID_00716,다사41504550,양천구,신정동,22.1,False,4.8528,0.0,2.6399,0.1639,0.0,0.0892,0.0284
GRID_00717,다사41504575,양천구,신정동,174.6,False,6.7438,0.0,3.6686,0.2278,0.0,0.1239,0.024
GRID_00718,다사41504600,양천구,신정동,2935.9,False,4.103,0.0,2.232,0.1386,0.0,0.0754,0.0094
GRID_00719,다사41504625,양천구,신월동,31.1,False,3.9363,0.0,2.1413,0.133,0.0,0.0723,0.0209
GRID_00720,다사41504650,양천구,신월동,1332.6,False,7.2804,0.0,3.9605,0.2459,0.0,0.1338,0.0186
GRID_00721,다사41504675,양천구,신월동,62.4,False,8.5879,0.0,4.6718,0.2901,0.0,0.1578,0.038
GRID_00722,다사41504700,양천구,신월동,4231.2,False,6.7722,0.0,3.6841,0.2288,0.0,0.1245,0.0149
GRID_00723,다사41504725,양천구,신월동,3761.6,False,2.2608,0.0,1.2299,0.0764,0.0,0.0415,0.005
GRID_00724,다사41504750,양천구,신월동,23.5,False,0.0994,0.0,0.0541,0.0034,0.0,0.0018,0.0006
GRID_00725,다사41504775,양천구,신월동,1233.4,False,3.4053,0.1263,1.91,0.115,0.0225,0.0728,0.0102
GRID_00726,다사41504800,강서구,화곡동,4424.2,False,5.758,0.3617,3.2973,0.1945,0.0645,0.1352,0.0161
GRID_00727,다사41504825,강서구,화곡동,2649.5,False,3.5744,0.363,2.11,0.1207,0.0647,0.0952,0.0121
GRID_00728,다사41504850,강서구,화곡동,1374.6,False,2.4793,0.3418,1.5046,0.0838,0.061,0.0734,0.0102
GRID_00729,다사41504875,강서구,화곡동,88.7,False,4.2075,0.8129,2.6595,0.1421,0.145,0.1434,0.0319
GRID_00730,다사41504900,강서구,화곡동,4312.6,False,8.4406,1.2248,5.1502,0.2851,0.2184,0.2547,0.0304
GRID_00731,다사41504925,강서구,화곡동,634.6,False,10.2497,1.3395,6.1866,0.3462,0.2389,0.2973,0.0461
GRID_00732,다사41504950,강서구,화곡동,902.5,False,5.3658,1.5294,3.6164,0.1813,0.2728,0.223,0.0328
GRID_00733,다사41504975,강서구,화곡동,5800.0,False,2.5987,1.3588,2.0333,0.0878,0.2423,0.1583,0.0183
GRID_00734,다사41505000,강서구,화곡동,2743.6,False,3.4631,0.8551,2.2738,0.117,0.1525,0.1332,0.0168
GRID_00735,다사41505025,강서구,내발산동,2500.2,False,1.4328,0.7509,1.1219,0.0484,0.1339,0.0874,0.0112
GRID_00736,다사41505050,강서구,내발산동,353.5,False,5.4864,0.7675,3.3346,0.1853,0.1369,0.1632,0.0278
GRID_00737,다사41505075,강서구,내발산동,2896.3,False,9.0323,0.7113,5.2379,0.3051,0.1269,0.2238,0.0281
GRID_00738,다사41505100,강서구,내발산동,1126.4,False,14.388,0.8573,8.218,0.486,0.1529,0.3341,0.0475
GRID_00739,다사41505125,강서구,등촌동,1761.6,False,14.0233,0.8428,8.013,0.4737,0.1503,0.3262,0.0436
GRID_00740,다사41505150,강서구,마곡동,1399.3,False,5.7385,0.7108,3.4459,0.1939,0.1268,0.1633,0.0225
GRID_00741,다사41505175,강서구,마곡동,1298.7,False,3.5997,0.5927,2.2285,0.1216,0.1057,0.1144,0.0159
GRID_00742,다사41505200,강서구,마곡동,339.5,False,3.0289,0.5058,1.8784,0.1023,0.0902,0.0968,0.0166
GRID_00743,다사41505225,강서구,마곡동,35.1,False,5.0062,0.5434,2.9711,0.1691,0.0969,0.1362,0.038
GRID_00744,다사41505250,강서구,가양동,2995.4,False,4.2078,0.4421,2.4906,0.1421,0.0788,0.1133,0.0142
GRID_00745,다사41505275,강서구,마곡동,25.8,False,2.5482,0.2297,1.491,0.0861,0.041,0.0655,0.0199
GRID_00746,다사41505300,강서구,마곡동,153.0,False,2.5444,0.0,1.3842,0.086,0.0,0.0468,0.0093
GRID_00747,다사41505325,강서구,마곡동,35.5,False,0.7843,0.0,0.4267,0.0265,0.0,0.0144,0.004
GRID_00748,다사41505350,강서구,마곡동,195.5,False,0.0,0.0,0.0,0.0,0.0,0.0,0.0
GRID_00749,다사41505375,강서구,마곡동,0.0,True,0.0,0.0,0.0,0.0,0.0,0.0,0.0
GRID_00750,다사41754175,구로구,천왕동,0.0,True,0.8963,0.0,0.4876,0.0,0.0,0.0,0.0
GRID_00751,다사41754200,구로구,천왕동,1228.1,False,3.965,0.0,2.157,0.1339,0.0,0.0729,0.0102
GRID_00752,다사41754225,구로구,천왕동,931.1,False,4.4233,0.0,2.4063,0.1494,0.0,0.0813,0.0119
GRID_00753,다사41754250,구로구,천왕동,470.2,False,3.4483,0.1072,1.9248,0.1165,0.0191,0.0721,0.0117
GRID_00754,다사41754275,구로구,천왕동,1640.5,False,2.9793,0.3346,1.7733,0.1006,0.0597,0.082,0.0111
GRID_00755,다사41754300,구로구,천왕동,0.0,True,2.5397,0.4658,1.594,0.0,0.0,0.0,0.0
GRID_00756,다사41754325,구로구,천왕동,0.0,True,1.2002,0.483,0.8732,0.0,0.0,0.0,0.0
GRID_00757,다사41754350,구로구,오류동,2077.7,False,3.4013,0.6905,2.1652,0.1149,0.1232,0.1187,0.0155
GRID_00758,다사41754375,구로구,오류동,2380.9,False,5.9135,0.7082,3.5399,0.1998,0.1263,0.1663,0.0214
GRID_00759,다사41754400,구로구,오류동,1560.8,False,7.0394,0.6905,4.1443,0.2378,0.1232,0.1855,0.0252
GRID_00760,다사41754425,구로구,오류동,1143.7,False,5.3769,0.5961,3.1968,0.1816,0.1063,0.1473,0.0209
GRID_00761,다사41754450,구로구,오류동,2534.0,False,3.6519,0.3456,2.1443,0.1234,0.0616,0.0952,0.0121
GRID_00762,다사41754475,구로구,개봉동,487.8,False,5.4437,0.004,2.9632,0.1839,0.0007,0.1004,0.0162
GRID_00763,다사41754500,구로구,개봉동,1775.3,False,3.2581,0.0,1.7724,0.1101,0.0,0.0599,0.008
GRID_00764,다사41754525,양천구,신정동,35.4,False,2.947,0.0,1.6032,0.0996,0.0,0.0542,0.0151
GRID_00765,다사41754550,양천구,신정동,23.3,False,8.9781,0.0,4.8841,0.3033,0.0,0.165,0.0517
GRID_00766,다사41754575,양천구,신정동,3365.1,False,11.1543,0.0,6.068,0.3768,0.0,0.205,0.0252
GRID_00767,다사41754600,양천구,신정동,299.4,False,5.162,0.0,2.8081,0.1744,0.0,0.0949,0.0166
GRID_00768,다사41754625,양천구,신월동,105.2,False,3.4857,0.0,1.8962,0.1178,0.0,0.0641,0.0137
GRID_00769,다사41754650,양천구,신월동,35.1,False,4.6657,0.0,2.5381,0.1576,0.0,0.0857,0.0239
GRID_00770,다사41754675,양천구,신월동,9.5,False,4.3949,0.0,2.3908,0.1485,0.0,0.0808,0.0343
GRID_00771,다사41754700,양천구,신월동,1460.5,False,3.3821,0.0,1.8399,0.1143,0.0,0.0622,0.0085
GRID_00772,다사41754725,양천구,신월동,846.8,False,1.394,0.0,0.7583,0.0471,0.0,0.0256,0.0038
GRID_00773,다사41754750,양천구,신월동,1800.7,False,0.0,0.1497,0.0683,0.0,0.0267,0.0122,0.0016
GRID_00774,다사41754775,강서구,화곡동,5197.8,False,1.3073,0.6487,1.007,0.0442,0.1157,0.0768,0.009
GRID_00775,다사41754800,강서구,화곡동,3802.5,False,4.1435,0.938,2.6818,0.14,0.1673,0.1524,0.0185
GRID_00776,다사41754825,강서구,화곡동,213.0,False,4.1659,0.9395,2.6947,0.1407,0.1676,0.153,0.0285
GRID_00777,다사41754850,강서구,화곡동,5353.6,False,1.4721,0.8515,1.1891,0.0497,0.1519,0.0963,0.0112
GRID_00778,다사41754875,강서구,화곡동,20.1,False,1.3589,0.9513,1.1731,0.0459,0.1697,0.1023,0.0336
GRID_00779,다사41754900,강서구,화곡동,1801.5,False,4.2728,1.2056,2.8741,0.1443,0.215,0.1766,0.0236
GRID_00780,다사41754925,강서구,화곡동,1930.4,False,7.0839,1.3196,4.4554,0.2393,0.2353,0.2375,0.0314
GRID_00781,다사41754950,강서구,화곡동,3441.1,False,4.2149,1.2533,2.8644,0.1424,0.2235,0.1794,0.022
GRID_00782,다사41754975,강서구,화곡동,52.6,False,3.071,1.0428,2.1461,0.1037,0.186,0.1412,0.0355
GRID_00783,다사41755000,강서구,화곡동,871.3,False,2.3904,0.5281,1.5412,0.0808,0.0942,0.0869,0.0128
GRID_00784,다사41755025,강서구,내발산동,592.7,False,1.143,0.4463,0.8253,0.0386,0.0796,0.0573,0.009
GRID_00785,다사41755050,강서구,내발산동,3894.5,False,4.9918,0.3452,2.873,0.1686,0.0616,0.1198,0.0145
GRID_00786,다사41755075,강서구,내발산동,1936.2,False,5.5384,0.471,3.2276,0.1871,0.084,0.1401,0.0185
GRID_00787,다사41755100,강서구,내발산동,2838.8,False,9.703,0.6492,5.5745,0.3278,0.1158,0.2311,0.0291
GRID_00788,다사41755125,강서구,등촌동,575.5,False,11.3788,0.636,6.4801,0.3844,0.1134,0.2608,0.041
GRID_00789,다사41755150,강서구,등촌동,4846.8,False,4.9767,0.5579,2.9617,0.1681,0.0995,0.1368,0.0161
GRID_00790,다사41755175,강서구,등촌동,6007.2,False,3.9178,0.4821,2.3511,0.1323,0.086,0.1112,0.0128
GRID_00791,다사41755200,강서구,등촌동,60.5,False,3.636,0.5529,2.2301,0.1228,0.0986,0.1118,0.0271
GRID_00792,다사41755225,강서구,가양동,1369.6,False,4.7661,0.5918,2.8626,0.161,0.1055,0.1357,0.0188
GRID_00793,다사41755250,강서구,가양동,25.4,False,3.5685,0.4871,2.1634,0.1206,0.0869,0.1052,0.0321
GRID_00794,다사41755275,강서구,가양동,1846.0,False,1.2288,0.2677,0.7905,0.0415,0.0477,0.0444,0.0059
GRID_00795,다사41755300,강서구,가양동,66.7,False,1.2088,0.0,0.6576,0.0408,0.0,0.0222,0.0053
GRID_00796,다사41755325,강서구,가양동,0.0,True,0.1621,0.0,0.0882,0.0,0.0,0.0,0.0
GRID_00797,다사41755350,강서구,마곡동,0.0,True,0.0,0.0,0.0,0.0,0.0,0.0,0.0
GRID_00798,다사42004175,구로구,천왕동,0.0,True,0.0,0.0,0.0,0.0,0.0,0.0,0.0
GRID_00799,다사42004200,구로구,천왕동,0.0,True,1.1243,0.0,0.6116,0.0,0.0,0.0,0.0
GRID_00800,다사42004225,구로구,천왕동,44.0,False,1.5494,0.0,0.8429,0.0523,0.0,0.0285,0.0075
GRID_00801,다사42004250,구로구,천왕동,1680.4,False,2.5053,0.0,1.3629,0.0846,0.0,0.046,0.0062
GRID_00802,다사42004275,구로구,천왕동,1589.1,False,2.6377,0.1226,1.4908,0.0891,0.0219,0.0584,0.0079
GRID_00803,다사42004300,구로구,천왕동,0.0,True,0.0552,0.2322,0.1359,0.0,0.0,0.0,0.0
GRID_00804,다사42004325,구로구,오류동,12.7,False,0.0,0.3151,0.1437,0.0,0.0562,0.0256,0.0098
GRID_00805,다사42004350,구로구,오류동,91.6,False,0.4744,0.5624,0.5146,0.016,0.1003,0.0545,0.012
GRID_00806,다사42004375,구로구,오류동,41.0,False,2.4151,0.6995,1.6328,0.0816,0.1248,0.1013,0.0271
GRID_00807,다사42004400,구로구,오류동,976.9,False,3.0848,0.7918,2.0392,0.1042,0.1412,0.1211,0.0176
GRID_00808,다사42004425,구로구,오류동,3399.9,False,2.1976,0.6924,1.5112,0.0742,0.1235,0.0967,0.0119
GRID_00809,다사42004450,구로구,개봉동,2681.3,False,5.2239,0.4286,3.0372,0.1765,0.0764,0.1309,0.0166
GRID_00810,다사42004475,구로구,개봉동,87.3,False,11.7141,0.0689,6.4039,0.3957,0.0123,0.2209,0.0493
GRID_00811,다사42004500,구로구,개봉동,1173.0,False,9.647,0.0,5.248,0.3259,0.0,0.1773,0.0251
GRID_00812,다사42004525,구로구,개봉동,1227.4,False,5.1583,0.0,2.8061,0.1743,0.0,0.0948,0.0133
GRID_00813,다사42004550,양천구,신정동,40.2,False,8.5266,0.0,4.6384,0.288,0.0,0.1567,0.0421
GRID_00814,다사42004575,양천구,신정동,4483.8,False,8.8812,0.0,4.8314,0.3,0.0,0.1632,0.0194
GRID_00815,다사42004600,양천구,신정동,277.1,False,3.263,0.0,1.7751,0.1102,0.0,0.06,0.0107
GRID_00816,다사42004625,양천구,신월동,126.7,False,0.4305,0.0,0.2342,0.0145,0.0,0.0079,0.0016
GRID_00817,다사42004650,양천구,신월동,6142.8,False,1.1041,0.0461,0.6217,0.0373,0.0082,0.024,0.0028
GRID_00818,다사42004675,양천구,신월동,1178.8,False,2.178,0.1385,1.248,0.0736,0.0247,0.0513,0.0073
GRID_00819,다사42004700,양천구,신월동,3719.1,False,3.3045,0.1147,1.85,0.1116,0.0205,0.0701,0.0085
GRID_00820,다사42004725,양천구,신월동,152.7,False,1.8311,0.0,0.9961,0.0619,0.0,0.0337,0.0067
GRID_00821,다사42004750,양천구,신월동,40.5,False,0.1588,0.4138,0.2751,0.0054,0.0738,0.0366,0.0098
GRID_00822,다사42004775,강서구,화곡동,4079.4,False,2.2865,0.9698,1.6861,0.0772,0.173,0.1209,0.0145
GRID_00823,다사42004800,강서구,화곡동,3755.7,False,8.7138,1.2923,5.3296,0.2944,0.2305,0.2652,0.0322
GRID_00824,다사42004825,강서구,화곡동,4117.8,False,9.3343,1.294,5.6679,0.3153,0.2308,0.2768,0.0333
GRID_00825,다사42004850,강서구,화곡동,1902.0,False,5.2317,0.9744,3.2903,0.1767,0.1738,0.1754,0.0232
GRID_00826,다사42004875,강서구,화곡동,337.6,False,1.8478,0.9293,1.429,0.0624,0.1657,0.1095,0.0188
GRID_00827,다사42004900,강서구,화곡동,709.3,False,0.4788,0.8786,0.6611,0.0162,0.1567,0.0803,0.0122
GRID_00828,다사42004925,강서구,화곡동,4755.3,False,4.351,0.9815,2.8145,0.147,0.175,0.1598,0.0189
GRID_00829,다사42004950,강서구,화곡동,2433.6,False,6.7445,0.7892,4.0289,0.2278,0.1407,0.1881,0.0241
GRID_00830,다사42004975,강서구,화곡동,1814.8,False,5.2913,0.3607,3.043,0.1787,0.0643,0.1266,0.0169
GRID_00831,다사42005000,강서구,화곡동,432.8,False,3.2229,0.0921,1.7952,0.1089,0.0164,0.0667,0.011
GRID_00832,다사42005025,강서구,화곡동,838.5,False,1.8975,0.028,1.045,0.0641,0.005,0.0371,0.0055
GRID_00833,다사42005050,강서구,화곡동,382.6,False,2.9006,0.0,1.5779,0.098,0.0,0.0533,0.009
GRID_00834,다사42005075,강서구,내발산동,140.7,False,2.6929,0.141,1.5292,0.091,0.0251,0.061,0.0123
GRID_00835,다사42005100,강서구,내발산동,1497.1,False,6.5592,0.2877,3.6994,0.2216,0.0513,0.1439,0.0197
GRID_00836,다사42005125,강서구,등촌동,2239.3,False,8.7386,0.2768,4.88,0.2952,0.0494,0.1831,0.0237
GRID_00837,다사42005150,강서구,등촌동,35.9,False,3.9542,0.1683,2.2278,0.1336,0.03,0.0864,0.0239
GRID_00838,다사42005175,강서구,등촌동,52.1,False,2.1052,0.2992,1.2816,0.0711,0.0534,0.063,0.0159
GRID_00839,다사42005200,강서구,가양동,3873.7,False,1.6693,0.4599,1.1178,0.0564,0.082,0.0681,0.0082
GRID_00840,다사42005225,강서구,가양동,117.5,False,2.4285,0.4963,1.5474,0.082,0.0885,0.085,0.0178
GRID_00841,다사42005250,강서구,가양동,885.5,False,1.8038,0.3983,1.1629,0.0609,0.071,0.0655,0.0097
GRID_00842,다사42005275,강서구,가양동,61.5,False,1.7313,0.1927,1.0297,0.0585,0.0344,0.0475,0.0115
GRID_00843,다사42005300,강서구,가양동,7.3,False,1.6902,0.0,0.9195,0.0571,0.0,0.0311,0.0147
GRID_00844,다사42005325,강서구,가양동,0.0,True,0.5345,0.0,0.2907,0.0,0.0,0.0,0.0
GRID_00845,다사42254250,구로구,개봉동,290.4,False,2.7834,0.4504,1.7195,0.094,0.0803,0.0878,0.0155
GRID_00846,다사42254275,구로구,개봉동,6.8,False,2.792,0.1478,1.5862,0.0943,0.0264,0.0633,0.0308
GRID_00847,다사42254300,구로구,개봉동,33.0,False,0.3677,0.0,0.2,0.0124,0.0,0.0068,0.0019
GRID_00848,다사42254325,구로구,개봉동,4.4,False,0.1046,0.0247,0.0682,0.0035,0.0044,0.0039,0.0023
GRID_00849,다사42254350,구로구,오류동,33.7,False,0.8029,0.3662,0.6037,0.0271,0.0653,0.0445,0.0126
GRID_00850,다사42254375,구로구,오류동,1930.4,False,1.8205,0.6131,1.27,0.0615,0.1093,0.0833,0.011
GRID_00851,다사42254400,구로구,오류동,277.2,False,1.8316,0.7013,1.3162,0.0619,0.1251,0.0907,0.0161
GRID_00852,다사42254425,구로구,오류동,1890.0,False,1.7724,0.6063,1.2407,0.0599,0.1081,0.0819,0.0109
GRID_00853,다사42254450,구로구,개봉동,146.7,False,8.0173,0.3544,4.523,0.2708,0.0632,0.1762,0.0353
GRID_00854,다사42254475,구로구,개봉동,4096.3,False,14.1987,0.0109,7.7291,0.4797,0.0019,0.2618,0.0315
GRID_00855,다사42254500,구로구,고척동,269.5,False,9.1296,0.0,4.9665,0.3084,0.0,0.1678,0.03
GRID_00856,다사42254525,구로구,고척동,1487.8,False,3.8655,0.0,2.1029,0.1306,0.0,0.071,0.0097
GRID_00857,다사42254550,구로구,고척동,14.8,False,3.8261,0.0,2.0814,0.1293,0.0,0.0703,0.0255
GRID_00858,다사42254575,양천구,신정동,0.0,True,3.2838,0.0,1.7864,0.0,0.0,0.0,0.0
GRID_00859,다사42254600,양천구,신정동,71.0,False,1.0171,0.0,0.5533,0.0344,0.0,0.0187,0.0044
GRID_00860,다사42254625,양천구,신정동,41.9,False,0.0176,0.1001,0.0552,0.0006,0.0178,0.0085,0.0023
GRID_00861,다사42254650,양천구,신월동,1896.0,False,0.0,0.329,0.15,0.0,0.0587,0.0268,0.0035
GRID_00862,다사42254675,양천구,신월동,1350.6,False,0.8431,0.4444,0.6613,0.0285,0.0793,0.0516,0.0072
GRID_00863,다사42254700,양천구,신정동,1340.2,False,3.8179,0.4148,2.2661,0.129,0.074,0.1039,0.0144
GRID_00864,다사42254725,양천구,신월동,3486.5,False,4.4356,0.3359,2.5661,0.1498,0.0599,0.1088,0.0133
GRID_00865,다사42254750,양천구,신월동,93.8,False,1.8466,0.5259,1.2444,0.0624,0.0938,0.0767,0.0169
GRID_00866,다사42254775,강서구,화곡동,1193.7,False,4.7195,1.0035,3.025,0.1594,0.179,0.1683,0.0238
GRID_00867,다사42254800,강서구,화곡동,5419.0,False,10.7372,1.3294,6.4472,0.3627,0.2371,0.3054,0.0355
GRID_00868,다사42254825,강서구,화곡동,1678.6,False,9.8725,1.3311,5.9776,0.3335,0.2374,0.2897,0.039
GRID_00869,다사42254850,강서구,화곡동,62.2,False,7.2327,1.0081,4.3943,0.2443,0.1798,0.2149,0.0518
GRID_00870,다사42254875,강서구,화곡동,1827.6,False,6.3205,0.4778,3.6562,0.2135,0.0852,0.155,0.0206
GRID_00871,다사42254900,강서구,화곡동,3268.1,False,3.4704,0.3321,2.0393,0.1172,0.0592,0.0908,0.0112
GRID_00872,다사42254925,강서구,화곡동,1865.5,False,4.3242,0.4162,2.5422,0.1461,0.0742,0.1133,0.015
GRID_00873,다사42254950,강서구,화곡동,65.9,False,5.5918,0.2589,3.16,0.1889,0.0462,0.1238,0.0295
GRID_00874,다사42254975,강서구,화곡동,5150.0,False,5.1096,0.0,2.7796,0.1726,0.0,0.0939,0.011
GRID_00875,다사42255000,강서구,화곡동,1467.7,False,4.5428,0.0,2.4713,0.1535,0.0,0.0835,0.0114
GRID_00876,다사42255025,강서구,화곡동,5625.8,False,4.0955,0.0,2.2279,0.1384,0.0,0.0753,0.0087
GRID_00877,다사42255050,강서구,화곡동,732.5,False,3.9732,0.0,2.1614,0.1342,0.0,0.073,0.0111
GRID_00878,다사42255075,강서구,화곡동,1995.1,False,1.6684,0.0,0.9076,0.0564,0.0,0.0307,0.004
GRID_00879,다사42255100,강서구,등촌동,353.0,False,4.537,0.142,2.5329,0.1533,0.0253,0.0949,0.0162
GRID_00880,다사42255125,강서구,등촌동,57.6,False,7.4075,0.3644,4.1958,0.2502,0.065,0.1658,0.0407
GRID_00881,다사42255150,강서구,등촌동,2726.3,False,6.4402,0.392,3.6822,0.2176,0.0699,0.1502,0.019
GRID_00882,다사42255175,강서구,등촌동,199.6,False,3.657,0.3328,2.1412,0.1235,0.0594,0.0943,0.0178
GRID_00883,다사42255200,강서구,가양동,2570.2,False,3.2404,0.2523,1.8778,0.1095,0.045,0.0801,0.0102
GRID_00884,다사42255225,강서구,가양동,213.0,False,2.1615,0.2832,1.305,0.073,0.0505,0.0628,0.0117
GRID_00885,다사42255250,강서구,가양동,2590.4,False,0.9065,0.1999,0.5843,0.0306,0.0357,0.0329,0.0042
GRID_00886,다사42255275,강서구,가양동,35.0,False,0.3357,0.0253,0.1941,0.0113,0.0045,0.0082,0.0023
GRID_00887,다사42255300,강서구,가양동,0.0,True,0.6265,0.0,0.3408,0.0,0.0,0.0,0.0
GRID_00888,다사42255325,강서구,가양동,0.0,True,0.0,0.0,0.0,0.0,0.0,0.0,0.0
GRID_00889,다사42504250,구로구,개봉동,29.9,False,2.659,0.9443,1.8771,0.0898,0.1684,0.1257,0.0366
GRID_00890,다사42504275,구로구,개봉동,3603.4,False,3.2825,0.5819,2.0511,0.1109,0.1038,0.1077,0.0131
GRID_00891,다사42504300,구로구,개봉동,2215.6,False,1.8177,0.0481,1.0108,0.0614,0.0086,0.0373,0.0048
GRID_00892,다사42504325,구로구,개봉동,307.3,False,2.0325,0.0,1.1057,0.0687,0.0,0.0374,0.0065
GRID_00893,다사42504350,구로구,개봉동,1607.5,False,4.6422,0.1538,2.5955,0.1568,0.0274,0.0978,0.0132
GRID_00894,다사42504375,구로구,개봉동,82.8,False,6.4799,0.3677,3.6927,0.2189,0.0656,0.149,0.0336
GRID_00895,다사42504400,구로구,개봉동,3005.1,False,4.2896,0.5106,2.5664,0.1449,0.0911,0.1204,0.015
GRID_00896,다사42504425,구로구,개봉동,273.6,False,2.8553,0.3618,1.7183,0.0965,0.0645,0.0819,0.0146
GRID_00897,다사42504450,구로구,개봉동,1921.2,False,7.4509,0.1436,4.1188,0.2517,0.0256,0.1486,0.0197
GRID_00898,다사42504475,구로구,고척동,22.5,False,9.2285,0.0,5.0203,0.3118,0.0,0.1696,0.0537
GRID_00899,다사42504500,구로구,고척동,73.4,False,4.0937,0.0,2.227,0.1383,0.0,0.0752,0.0175
GRID_00900,다사42504525,구로구,고척동,1847.0,False,2.5872,0.0,1.4074,0.0874,0.0,0.0475,0.0063
GRID_00901,다사42504550,구로구,고척동,35.0,False,3.3848,0.0,1.8413,0.1143,0.0,0.0622,0.0174
GRID_00902,다사42504575,양천구,신정동,135.7,False,1.7644,0.0,0.9598,0.0596,0.0,0.0324,0.0066
GRID_00903,다사42504600,양천구,신정동,21.1,False,1.3263,0.0,0.7215,0.0448,0.0,0.0244,0.0079
GRID_00904,다사42504625,양천구,신정동,69.1,False,0.33,0.2581,0.2972,0.0111,0.046,0.0271,0.0064
GRID_00905,다사42504650,양천구,신정동,1567.3,False,0.7404,0.5173,0.6387,0.025,0.0923,0.0557,0.0076
GRID_00906,다사42504675,양천구,신정동,5079.7,False,3.5996,0.6679,2.2627,0.1216,0.1191,0.1205,0.0141
GRID_00907,다사42504700,양천구,신정동,33.6,False,7.5051,0.9202,4.5024,0.2535,0.1641,0.2128,0.06
GRID_00908,다사42504725,양천구,신월동,1393.7,False,7.6608,0.8947,4.5755,0.2588,0.1596,0.2135,0.0295
GRID_00909,다사42504750,양천구,신정동,2245.5,False,3.563,0.8224,2.3133,0.1204,0.1467,0.1324,0.0172
GRID_00910,다사42504775,강서구,화곡동,2270.1,False,3.9081,1.0351,2.598,0.132,0.1846,0.156,0.0202
GRID_00911,다사42504800,강서구,화곡동,52.0,False,6.8281,1.0439,4.1905,0.2307,0.1862,0.2104,0.053
GRID_00912,다사42504825,강서구,화곡동,3731.8,False,3.8717,1.0406,2.5807,0.1308,0.1856,0.1558,0.0189
GRID_00913,다사42504850,강서구,화곡동,579.9,False,7.8466,0.7445,4.608,0.2651,0.1328,0.2047,0.0322
GRID_00914,다사42504875,강서구,화곡동,1438.8,False,11.3901,0.2308,6.3015,0.3848,0.0412,0.2281,0.0314
GRID_00915,다사42504900,강서구,화곡동,2772.9,False,8.5926,0.0,4.6744,0.2903,0.0,0.1579,0.0199
GRID_00916,다사42504925,강서구,화곡동,25.5,False,5.0357,0.0,2.7394,0.1701,0.0,0.0925,0.0282
GRID_00917,다사42504950,강서구,화곡동,12.1,False,1.9243,0.0,1.0468,0.065,0.0,0.0354,0.0137
GRID_00918,다사42504975,강서구,화곡동,856.7,False,1.9799,0.0,1.0771,0.0669,0.0,0.0364,0.0054
GRID_00919,다사42505000,강서구,화곡동,1771.0,False,5.6239,0.0,3.0594,0.19,0.0,0.1034,0.0138
GRID_00920,다사42505025,강서구,화곡동,4851.1,False,8.7243,0.0,4.746,0.2947,0.0,0.1603,0.0189
GRID_00921,다사42505050,강서구,화곡동,3993.7,False,7.9328,0.0,4.3154,0.268,0.0,0.1458,0.0176
GRID_00922,다사42505075,강서구,화곡동,2431.8,False,4.856,0.1079,2.6909,0.164,0.0192,0.098,0.0126
GRID_00923,다사42505100,강서구,등촌동,891.1,False,3.1704,0.5403,1.9711,0.1071,0.0964,0.1022,0.015
GRID_00924,다사42505125,강서구,등촌동,52.0,False,6.1008,0.8093,3.6879,0.2061,0.1443,0.1779,0.0448
GRID_00925,다사42505150,강서구,등촌동,1156.1,False,8.1798,0.8427,4.8341,0.2763,0.1503,0.2189,0.031
GRID_00926,다사42505175,강서구,가양동,24.2,False,6.5828,0.6312,3.8688,0.2224,0.1126,0.1723,0.0534
GRID_00927,다사42505200,강서구,가양동,899.1,False,5.2505,0.2324,2.9623,0.1774,0.0414,0.1154,0.017
GRID_00928,다사42505225,강서구,가양동,541.7,False,3.0915,0.0069,1.6849,0.1044,0.0012,0.0574,0.0091
GRID_00929,다사42505250,강서구,가양동,26.0,False,0.8272,0.0,0.45,0.0279,0.0,0.0152,0.0046
GRID_00930,다사42505275,강서구,가양동,0.0,True,0.0,0.0,0.0,0.0,0.0,0.0,0.0
GRID_00931,다사42505300,강서구,가양동,0.0,True,0.0,0.0,0.0,0.0,0.0,0.0,0.0
GRID_00932,다사42754250,구로구,개봉동,0.0,True,1.6126,1.2021,1.4254,0.0,0.0,0.0,0.0
GRID_00933,다사42754275,구로구,개봉동,0.0,True,3.9799,0.8085,2.5338,0.0,0.0,0.0,0.0
GRID_00934,다사42754300,구로구,개봉동,1851.1,False,6.8812,0.2287,3.8477,0.2325,0.0408,0.1451,0.0193
GRID_00935,다사42754325,구로구,개봉동,2696.0,False,7.2376,0.0,3.9372,0.2445,0.0,0.133,0.0168
GRID_00936,다사42754350,구로구,개봉동,55.5,False,6.64,0.1961,3.7016,0.2243,0.035,0.138,0.0342
GRID_00937,다사42754375,구로구,개봉동,3184.9,False,8.9091,0.556,5.1001,0.301,0.0992,0.2089,0.0259
GRID_00938,다사42754400,구로구,개봉동,637.0,False,5.8637,0.734,3.5246,0.1981,0.1309,0.1675,0.0259
GRID_00939,다사42754425,구로구,개봉동,5595.5,False,4.1058,0.5399,2.4797,0.1387,0.0963,0.1194,0.0138
GRID_00940,다사42754450,구로구,개봉동,17.1,False,5.2908,0.1764,2.9586,0.1787,0.0315,0.1116,0.0385
GRID_00941,다사42754475,구로구,고척동,642.2,False,3.7742,0.0,2.0531,0.1275,0.0,0.0694,0.0107
GRID_00942,다사42754500,구로구,고척동,2791.4,False,3.5728,0.0,1.9436,0.1207,0.0,0.0657,0.0083
GRID_00943,다사42754525,구로구,고척동,17.5,False,6.5172,0.0,3.5454,0.2202,0.0,0.1198,0.041
GRID_00944,다사42754550,구로구,고척동,1919.4,False,4.8286,0.0,2.6268,0.1631,0.0,0.0887,0.0117
GRID_00945,다사42754575,구로구,고척동,0.0,True,1.7896,0.0,0.9735,0.0,0.0,0.0,0.0
GRID_00946,다사42754600,양천구,신정동,5291.3,False,2.1857,0.0,1.189,0.0738,0.0,0.0402,0.0047
GRID_00947,다사42754625,양천구,신정동,74.4,False,2.1749,0.2948,1.3176,0.0735,0.0526,0.0639,0.0148
GRID_00948,다사42754650,양천구,신정동,1666.8,False,3.0057,0.5612,1.891,0.1015,0.1001,0.1009,0.0136
GRID_00949,다사42754675,양천구,신정동,483.5,False,6.2091,0.9195,3.797,0.2098,0.164,0.1889,0.0305
GRID_00950,다사42754700,양천구,신정동,20.3,False,7.9685,1.2143,4.8886,0.2692,0.2166,0.2452,0.0802
GRID_00951,다사42754725,양천구,신정동,4121.2,False,6.908,1.2085,4.309,0.2334,0.2155,0.2252,0.0271
GRID_00952,다사42754750,양천구,신정동,1261.9,False,2.968,0.9026,2.0262,0.1003,0.161,0.1279,0.0179
GRID_00953,다사42754775,양천구,신정동,902.4,False,2.7079,0.7926,1.8345,0.0915,0.1414,0.1142,0.0168
GRID_00954,다사42754800,강서구,화곡동,174.3,False,5.5686,0.7069,3.3517,0.1881,0.1261,0.1598,0.0309
GRID_00955,다사42754825,강서구,화곡동,42.0,False,7.7728,0.5016,4.4571,0.2626,0.0895,0.1836,0.0488
GRID_00956,다사42754850,강서구,화곡동,1656.3,False,15.1655,0.2554,8.3665,0.5123,0.0455,0.2995,0.0404
GRID_00957,다사42754875,강서구,화곡동,28.9,False,14.0709,0.0,7.6546,0.4753,0.0,0.2586,0.0761
GRID_00958,다사42754900,강서구,화곡동,41.1,False,6.1202,0.0,3.3294,0.2067,0.0,0.1125,0.0301
GRID_00959,다사42754925,강서구,화곡동,168.8,False,2.7859,0.0,1.5155,0.0941,0.0,0.0512,0.01
GRID_00960,다사42754950,강서구,화곡동,0.0,True,0.1048,0.0,0.057,0.0,0.0,0.0,0.0
GRID_00961,다사42754975,강서구,화곡동,38.1,False,0.2998,0.0,0.1631,0.0101,0.0,0.0055,0.0015
GRID_00962,다사42755000,강서구,화곡동,889.2,False,3.3055,0.0,1.7982,0.1117,0.0,0.0607,0.0089
GRID_00963,다사42755025,강서구,화곡동,556.7,False,6.4234,0.0,3.4943,0.217,0.0,0.118,0.0187
GRID_00964,다사42755050,강서구,화곡동,1392.2,False,8.5275,0.0,4.639,0.2881,0.0,0.1567,0.0216
GRID_00965,다사42755075,강서구,화곡동,708.3,False,7.9832,0.291,4.4755,0.2697,0.0519,0.1704,0.026
GRID_00966,다사42755100,강서구,등촌동,373.7,False,6.5032,0.7945,3.9,0.2197,0.1417,0.1841,0.0311
GRID_00967,다사42755125,강서구,등촌동,37.8,False,9.1017,1.0583,5.4339,0.3075,0.1887,0.2533,0.0692
GRID_00968,다사42755150,강서구,가양동,1932.5,False,8.6822,1.0949,5.2224,0.2933,0.1953,0.2486,0.0329
GRID_00969,다사42755175,강서구,가양동,2002.3,False,6.3402,0.8629,3.8426,0.2142,0.1539,0.1867,0.0246
GRID_00970,다사42755200,강서구,가양동,2656.1,False,4.1066,0.4255,2.428,0.1387,0.0759,0.1101,0.014
GRID_00971,다사42755225,강서구,가양동,209.5,False,1.384,0.0,0.7529,0.0468,0.0,0.0254,0.0048
GRID_00972,다사42755250,강서구,가양동,0.0,True,0.0,0.0,0.0,0.0,0.0,0.0,0.0
GRID_00973,다사42755275,마포구,상암동,0.0,True,0.0,0.0,0.0,0.0,0.0,0.0,0.0
GRID_00974,다사43004300,구로구,개봉동,1175.8,False,7.67,0.1946,4.2612,0.2591,0.0347,0.1568,0.0222
GRID_00975,다사43004325,구로구,개봉동,1578.7,False,8.6141,0.0183,4.6944,0.291,0.0033,0.1598,0.0217
GRID_00976,다사43004350,구로구,개봉동,2801.3,False,6.1465,0.5567,3.5976,0.2076,0.0993,0.1582,0.0199
GRID_00977,다사43004375,구로구,개봉동,6476.3,False,8.7548,0.9454,5.1937,0.2958,0.1686,0.2378,0.0271
GRID_00978,다사43004400,구로구,개봉동,2231.9,False,10.5813,1.0832,6.2502,0.3575,0.1932,0.2825,0.0366
GRID_00979,다사43004425,구로구,개봉동,0.0,True,7.7304,0.932,4.6304,0.0,0.0,0.0,0.0
GRID_00980,다사43004450,구로구,고척동,1828.8,False,5.4172,0.5337,3.1903,0.183,0.0952,0.143,0.019
GRID_00981,다사43004475,구로구,고척동,1906.8,False,4.8536,0.0,2.6403,0.164,0.0,0.0892,0.0118
GRID_00982,다사43004500,구로구,고척동,91.1,False,6.6416,0.0,3.613,0.2244,0.0,0.1221,0.027
GRID_00983,다사43004525,구로구,고척동,3268.1,False,10.738,0.0,5.8415,0.3627,0.0,0.1973,0.0244
GRID_00984,다사43004550,구로구,고척동,153.3,False,8.0704,0.0,4.3903,0.2726,0.0,0.1483,0.0294
GRID_00985,다사43004575,양천구,신정동,16.2,False,3.1267,0.0,1.7009,0.1056,0.0,0.0575,0.0202
GRID_00986,다사43004600,양천구,신정동,2330.3,False,3.978,0.0,2.164,0.1344,0.0,0.0731,0.0094
GRID_00987,다사43004625,양천구,신정동,158.4,False,4.2506,0.2001,2.4036,0.1436,0.0357,0.0944,0.0186
GRID_00988,다사43004650,양천구,신정동,2510.8,False,3.8581,0.4483,2.3032,0.1303,0.08,0.1074,0.0137
GRID_00989,다사43004675,양천구,신정동,4089.9,False,5.7766,0.8668,3.5377,0.1951,0.1546,0.1767,0.0212
GRID_00990,다사43004700,양천구,신정동,419.8,False,4.213,1.1788,2.8294,0.1423,0.2102,0.1733,0.0287
GRID_00991,다사43004725,양천구,신정동,2316.7,False,2.6969,1.2048,2.0165,0.0911,0.2149,0.1475,0.019
GRID_00992,다사43004750,양천구,신정동,3181.5,False,1.5099,0.9918,1.2736,0.051,0.1769,0.1084,0.0134
GRID_00993,다사43004775,양천구,신정동,511.9,False,2.759,0.6244,1.7856,0.0932,0.1114,0.1015,0.0163
GRID_00994,다사43004800,강서구,화곡동,3524.6,False,8.0548,0.2753,4.5073,0.2721,0.0491,0.1704,0.0209
GRID_00995,다사43004825,강서구,화곡동,2553.8,False,11.392,0.0,6.1972,0.3848,0.0,0.2094,0.0267
GRID_00996,다사43004850,강서구,화곡동,977.8,False,16.3897,0.0,8.916,0.5537,0.0,0.3012,0.0437
GRID_00997,다사43004875,강서구,화곡동,1822.4,False,13.2083,0.0,7.1853,0.4462,0.0,0.2427,0.0323
GRID_00998,다사43004900,강서구,화곡동,843.4,False,2.2884,0.0,1.2449,0.0773,0.0,0.0421,0.0062
GRID_00999,다사43004925,강서구,화곡동,35.4,False,0.0,0.0,0.0,0.0,0.0,0.0,0.0
GRID_01000,다사43004950,강서구,등촌동,33.5,False,0.0,0.0,0.0,0.0,0.0,0.0,0.0
GRID_01001,다사43004975,강서구,등촌동,91.2,False,0.0,0.0,0.0,0.0,0.0,0.0,0.0
GRID_01002,다사43005000,강서구,화곡동,0.0,True,0.0,0.0,0.0,0.0,0.0,0.0,0.0
GRID_01003,다사43005025,강서구,화곡동,7.5,False,1.0521,0.0,0.5724,0.0355,0.0,0.0193,0.009
GRID_01004,다사43005050,강서구,화곡동,5.1,False,3.5187,0.1114,1.965,0.1189,0.0199,0.0737,0.0408
GRID_01005,다사43005075,강서구,등촌동,1758.2,False,4.9504,0.5246,2.9322,0.1672,0.0936,0.1336,0.0179
GRID_01006,다사43005100,강서구,등촌동,4178.9,False,6.2854,1.034,3.8908,0.2123,0.1844,0.1996,0.0239
GRID_01007,다사43005125,강서구,등촌동,2092.3,False,7.6,1.2571,4.7076,0.2567,0.2242,0.2419,0.0316
GRID_01008,다사43005150,강서구,가양동,1821.1,False,6.2896,1.1346,3.9389,0.2125,0.2024,0.2079,0.0277
GRID_01009,다사43005175,강서구,가양동,2028.6,False,2.6345,0.8494,1.8205,0.089,0.1515,0.1175,0.0154
GRID_01010,다사43005200,강서구,가양동,1908.7,False,1.2922,0.4142,0.8919,0.0437,0.0739,0.0574,0.0076
GRID_01011,다사43005225,강서구,가양동,31.0,False,0.0,0.0,0.0,0.0,0.0,0.0,0.0
GRID_01012,다사43005250,마포구,상암동,0.0,True,0.0,0.0,0.0,0.0,0.0,0.0,0.0
GRID_01013,다사43005275,마포구,상암동,0.0,True,0.0,0.0,0.0,0.0,0.0,0.0,0.0
GRID_01014,다사43254300,구로구,개봉동,0.0,True,2.3588,0.0,1.2832,0.0,0.0,0.0,0.0
GRID_01015,다사43254325,구로구,개봉동,7.6,False,4.8191,0.1352,2.6832,0.1628,0.0241,0.0996,0.0463
GRID_01016,다사43254350,구로구,개봉동,57.6,False,3.7673,0.7055,2.3711,0.1273,0.1258,0.1266,0.0311
GRID_01017,다사43254375,구로구,개봉동,593.8,False,6.2607,1.1173,3.9153,0.2115,0.1993,0.2059,0.0322
GRID_01018,다사43254400,구로구,개봉동,1152.8,False,9.4688,1.2633,5.7271,0.3199,0.2253,0.2768,0.0393
GRID_01019,다사43254425,구로구,개봉동,1845.4,False,8.6473,1.1032,5.2072,0.2921,0.1967,0.2486,0.0331
GRID_01020,다사43254450,구로구,고척동,357.5,False,5.8686,0.6811,3.5031,0.1982,0.1215,0.1632,0.0278
GRID_01021,다사43254475,구로구,고척동,79.6,False,5.8722,0.1065,3.2431,0.1984,0.019,0.1166,0.0266
GRID_01022,다사43254500,구로구,고척동,1917.3,False,7.1489,0.0,3.889,0.2415,0.0,0.1314,0.0174
GRID_01023,다사43254525,구로구,고척동,5915.5,False,10.8379,0.0,5.8958,0.3661,0.0,0.1992,0.0229
GRID_01024,다사43254550,구로구,고척동,349.9,False,10.225,0.0608,5.5901,0.3454,0.0108,0.1929,0.0329
GRID_01025,다사43254575,양천구,신정동,256.1,False,4.8264,0.1906,2.7125,0.163,0.034,0.1042,0.0188
GRID_01026,다사43254600,양천구,신정동,434.1,False,3.9785,0.2282,2.2683,0.1344,0.0407,0.0917,0.0151
GRID_01027,다사43254625,양천구,신정동,2950.4,False,2.977,0.1631,1.6938,0.1006,0.0291,0.068,0.0085
GRID_01028,다사43254650,양천구,신정동,969.3,False,4.0059,0.2229,2.2808,0.1353,0.0397,0.0917,0.0133
GRID_01029,다사43254675,양천구,신정동,2201.5,False,6.9891,0.5242,4.0411,0.2361,0.0935,0.1711,0.0222
GRID_01030,다사43254700,양천구,신정동,2250.1,False,8.3443,1.0274,5.0078,0.2819,0.1832,0.2369,0.0307
GRID_01031,다사43254725,양천구,신정동,828.7,False,3.4448,1.3435,2.4866,0.1164,0.2396,0.1726,0.0257
GRID_01032,다사43254750,양천구,신정동,48.5,False,1.1726,1.2962,1.2289,0.0396,0.2312,0.127,0.0325
GRID_01033,다사43254775,양천구,신정동,60.1,False,1.9656,0.9798,1.5161,0.0664,0.1747,0.1158,0.0282
GRID_01034,다사43254800,강서구,화곡동,1350.3,False,5.7802,0.3449,3.3017,0.1953,0.0615,0.1343,0.0186
GRID_01035,다사43254825,강서구,화곡동,40.4,False,5.6125,0.0,3.0532,0.1896,0.0,0.1031,0.0277
GRID_01036,다사43254850,강서구,화곡동,2572.3,False,6.9717,0.0,3.7926,0.2355,0.0,0.1281,0.0163
GRID_01037,다사43254875,강서구,화곡동,3239.5,False,6.1961,0.0,3.3707,0.2093,0.0,0.1139,0.0141
GRID_01038,다사43254900,강서구,화곡동,24.5,False,1.8796,0.0,1.0225,0.0635,0.0,0.0345,0.0107
GRID_01039,다사43254925,강서구,화곡동,10.7,False,0.0624,0.0,0.0339,0.0021,0.0,0.0011,0.0005
GRID_01040,다사43254950,강서구,등촌동,1569.8,False,1.0001,0.0,0.5441,0.0338,0.0,0.0184,0.0025
GRID_01041,다사43254975,강서구,등촌동,2162.4,False,1.0281,0.0685,0.5905,0.0347,0.0122,0.0245,0.0032
GRID_01042,다사43255000,강서구,등촌동,12.7,False,0.0503,0.234,0.1341,0.0017,0.0417,0.02,0.0076
GRID_01043,다사43255025,강서구,등촌동,2347.5,False,1.3089,0.3207,0.8583,0.0442,0.0572,0.0501,0.0065
GRID_01044,다사43255050,강서구,등촌동,1271.3,False,2.4158,0.4615,1.5247,0.0816,0.0823,0.0819,0.0115
GRID_01045,다사43255075,강서구,등촌동,1489.8,False,2.4083,0.5083,1.5419,0.0814,0.0906,0.0856,0.0117
GRID_01046,다사43255100,강서구,등촌동,279.7,False,3.4906,0.9778,2.3447,0.1179,0.1744,0.1437,0.0255
GRID_01047,다사43255125,강서구,가양동,762.8,False,4.776,1.1605,3.1273,0.1613,0.207,0.1821,0.0274
GRID_01048,다사43255150,강서구,가양동,1699.6,False,3.7749,1.0079,2.5132,0.1275,0.1798,0.1513,0.0203
GRID_01049,다사43255175,강서구,가양동,503.0,False,0.6217,0.5943,0.6092,0.021,0.106,0.0598,0.0096
GRID_01050,다사43255200,강서구,가양동,70.3,False,0.0001,0.2017,0.092,0.0,0.036,0.0164,0.0038
GRID_01051,다사43255225,마포구,상암동,4.3,False,0.0,0.0,0.0,0.0,0.0,0.0,0.0
GRID_01052,다사43255250,마포구,상암동,0.0,True,0.0,0.0,0.0,0.0,0.0,0.0,0.0
GRID_01053,다사43255275,마포구,상암동,0.0,True,0.0,0.0,0.0,0.0,0.0,0.0,0.0
GRID_01054,다사43255300,마포구,상암동,0.0,True,0.0,0.0,0.0,0.0,0.0,0.0,0.0
GRID_01055,다사43504350,구로구,개봉동,2630.1,False,1.7761,0.6015,1.2405,0.06,0.1073,0.0816,0.0104
GRID_01056,다사43504375,구로구,개봉동,1289.3,False,0.9918,0.9971,0.9943,0.0335,0.1778,0.0993,0.0139
GRID_01057,다사43504400,구로구,개봉동,1763.2,False,3.3838,1.1494,2.3649,0.1143,0.205,0.1557,0.0208
GRID_01058,다사43504425,구로구,고척동,526.0,False,4.6648,1.0352,3.0097,0.1576,0.1846,0.1699,0.0271
GRID_01059,다사43504450,구로구,고척동,2787.1,False,5.6563,0.578,3.3406,0.1911,0.1031,0.151,0.019
GRID_01060,다사43504475,구로구,고척동,255.7,False,8.0253,0.0259,4.3776,0.2711,0.0046,0.1496,0.027
GRID_01061,다사43504500,구로구,고척동,3710.4,False,6.9629,0.0,3.7878,0.2352,0.0,0.128,0.0156
GRID_01062,다사43504525,구로구,고척동,41.9,False,8.5596,0.0133,4.6625,0.2892,0.0024,0.1584,0.0421
GRID_01063,다사43504550,양천구,신정동,440.0,False,6.7623,0.2376,3.7871,0.2284,0.0424,0.1436,0.0236
GRID_01064,다사43504575,양천구,신정동,5848.0,False,4.0957,0.3926,2.4071,0.1384,0.07,0.1072,0.0124
GRID_01065,다사43504600,양천구,신정동,23.5,False,3.2364,0.4375,1.9601,0.1093,0.078,0.0951,0.0297
GRID_01066,다사43504625,양천구,신정동,3658.2,False,2.1774,0.3597,1.3485,0.0736,0.0642,0.0693,0.0084
GRID_01067,다사43504650,양천구,신정동,1218.6,False,2.5159,0.1808,1.4511,0.085,0.0322,0.0609,0.0086
GRID_01068,다사43504675,양천구,신정동,339.4,False,7.3478,0.0475,4.0188,0.2482,0.0085,0.1389,0.0238
GRID_01069,다사43504700,양천구,신정동,904.4,False,9.6344,0.7845,5.5988,0.3255,0.1399,0.2409,0.0354
GRID_01070,다사43504725,양천구,신정동,66.1,False,8.5795,1.2729,5.2477,0.2898,0.227,0.2612,0.0621
GRID_01071,다사43504750,양천구,신정동,1571.8,False,6.3259,1.3771,4.0692,0.2137,0.2456,0.2282,0.031
GRID_01072,다사43504775,양천구,신정동,4275.3,False,2.9752,1.0681,2.1056,0.1005,0.1905,0.1415,0.0169
GRID_01073,다사43504800,강서구,화곡동,2368.2,False,3.9131,0.4515,2.3346,0.1322,0.0805,0.1086,0.014
GRID_01074,다사43504825,강서구,화곡동,64.0,False,4.045,0.0,2.2005,0.1366,0.0,0.0743,0.0178
GRID_01075,다사43504850,강서구,화곡동,2936.5,False,2.4611,0.0,1.3389,0.0831,0.0,0.0452,0.0057
GRID_01076,다사43504875,강서구,등촌동,844.1,False,3.2589,0.0,1.7728,0.1101,0.0,0.0599,0.0089
GRID_01077,다사43504900,강서구,등촌동,2142.0,False,2.4533,0.0,1.3346,0.0829,0.0,0.0451,0.0059
GRID_01078,다사43504925,강서구,등촌동,7.7,False,1.6792,0.0,0.9135,0.0567,0.0,0.0309,0.0143
GRID_01079,다사43504950,강서구,등촌동,1353.6,False,3.5729,0.0175,1.9516,0.1207,0.0031,0.0671,0.0093
GRID_01080,다사43504975,강서구,등촌동,3626.5,False,3.9644,0.3094,2.2977,0.1339,0.0552,0.098,0.012
GRID_01081,다사43505000,강서구,등촌동,25.7,False,2.1123,0.5084,1.3809,0.0714,0.0907,0.0802,0.0244
GRID_01082,다사43505025,강서구,등촌동,3022.4,False,4.0461,0.656,2.5002,0.1367,0.117,0.1277,0.0159
GRID_01083,다사43505050,강서구,등촌동,110.6,False,4.0778,0.7922,2.5796,0.1378,0.1413,0.1394,0.0296
GRID_01084,다사43505075,강서구,등촌동,2229.6,False,7.6011,0.7211,4.4638,0.2568,0.1286,0.1983,0.0257
GRID_01085,다사43505100,강서구,가양동,2512.9,False,8.6676,0.6432,5.0085,0.2928,0.1147,0.2116,0.027
GRID_01086,다사43505125,강서구,가양동,97.1,False,6.0771,0.773,3.6584,0.2053,0.1379,0.1745,0.0381
GRID_01087,다사43505150,강서구,가양동,2041.2,False,3.1561,0.6037,1.9922,0.1066,0.1077,0.1071,0.0141
GRID_01088,다사43505175,강서구,가양동,25.4,False,0.2455,0.1779,0.2147,0.0083,0.0317,0.019,0.0058
GRID_01089,다사43505200,마포구,상암동,0.0,True,0.0,0.0,0.0,0.0,0.0,0.0,0.0
GRID_01090,다사43505225,마포구,상암동,19.0,False,0.0,0.0,0.0,0.0,0.0,0.0,0.0
GRID_01091,다사43505250,마포구,상암동,38.3,False,0.0,0.0,0.0,0.0,0.0,0.0,0.0
GRID_01092,다사43505275,마포구,상암동,0.0,True,0.0,0.0,0.0,0.0,0.0,0.0,0.0
GRID_01093,다사43505300,마포구,상암동,10.8,False,0.0,0.0,0.0,0.0,0.0,0.0,0.0
GRID_01094,다사43754350,구로구,개봉동,0.0,True,0.032,0.2735,0.1421,0.0,0.0,0.0,0.0
GRID_01095,다사43754375,구로구,개봉동,0.0,True,0.0,0.7425,0.3386,0.0,0.0,0.0,0.0
GRID_01096,다사43754400,구로구,고척동,578.9,False,0.3127,1.0252,0.6376,0.0106,0.1828,0.0891,0.014
GRID_01097,다사43754425,구로구,고척동,1554.6,False,1.5758,0.9419,1.2867,0.0532,0.168,0.1056,0.0144
GRID_01098,다사43754450,구로구,고척동,136.5,False,4.325,0.5158,2.588,0.1461,0.092,0.1214,0.0247
GRID_01099,다사43754475,구로구,고척동,3383.6,False,6.4996,0.0865,3.5752,0.2196,0.0154,0.1265,0.0156
GRID_01100,다사43754500,구로구,고척동,2274.7,False,4.7826,0.0,2.6017,0.1616,0.0,0.0879,0.0114
GRID_01101,다사43754525,양천구,신정동,2352.9,False,3.0548,0.0849,1.7005,0.1032,0.0151,0.063,0.0081
GRID_01102,다사43754550,양천구,신정동,4603.1,False,3.4712,0.3278,2.0378,0.1173,0.0585,0.0905,0.0107
GRID_01103,다사43754575,양천구,신정동,10.9,False,4.8539,0.4957,2.8665,0.164,0.0884,0.1295,0.0523
GRID_01104,다사43754600,양천구,신정동,480.1,False,5.2915,0.5442,3.1268,0.1788,0.0971,0.1415,0.0229
GRID_01105,다사43754625,양천구,신정동,141.0,False,3.6547,0.46,2.1979,0.1235,0.082,0.1046,0.0211
GRID_01106,다사43754650,양천구,신정동,2175.7,False,2.5724,0.2662,1.5208,0.0869,0.0475,0.0689,0.009
GRID_01107,다사43754675,양천구,신정동,983.4,False,4.1067,0.1539,2.3042,0.1387,0.0275,0.088,0.0128
GRID_01108,다사43754700,양천구,신정동,8.5,False,6.6403,0.6298,3.8995,0.2243,0.1123,0.1732,0.077
GRID_01109,다사43754725,양천구,신정동,2408.9,False,8.6809,1.0226,5.1887,0.2933,0.1824,0.2427,0.0312
GRID_01110,다사43754750,양천구,목동,1139.3,False,8.5813,1.1335,5.1851,0.2899,0.2022,0.2499,0.0355
GRID_01111,다사43754775,양천구,목동,303.9,False,4.3307,0.9401,2.7846,0.1463,0.1677,0.156,0.0273
GRID_01112,다사43754800,양천구,목동,1389.4,False,4.179,0.5674,2.5321,0.1412,0.1012,0.1229,0.017
GRID_01113,다사43754825,양천구,목동,3637.3,False,4.5565,0.0681,2.5098,0.1539,0.0121,0.0893,0.0109
GRID_01114,다사43754850,양천구,목동,103.6,False,2.4895,0.0,1.3543,0.0841,0.0,0.0457,0.0098
GRID_01115,다사43754875,양천구,목동,3473.6,False,2.1806,0.0,1.1862,0.0737,0.0,0.0401,0.0049
GRID_01116,다사43754900,양천구,목동,1244.5,False,2.4481,0.0,1.3317,0.0827,0.0,0.045,0.0063
GRID_01117,다사43754925,양천구,목동,4462.8,False,1.4248,0.0,0.7751,0.0481,0.0,0.0262,0.0031
GRID_01118,다사43754950,양천구,목동,1132.5,False,2.571,0.1204,1.4535,0.0869,0.0215,0.057,0.0081
GRID_01119,다사43754975,양천구,목동,5052.4,False,3.3048,0.4386,1.9978,0.1116,0.0782,0.0964,0.0113
GRID_01120,다사43755000,양천구,목동,68.8,False,3.4818,0.6555,2.193,0.1176,0.1169,0.1173,0.0276
GRID_01121,다사43755025,양천구,목동,851.0,False,3.2897,0.7698,2.1406,0.1111,0.1373,0.1231,0.0182
GRID_01122,다사43755050,강서구,등촌동,2251.1,False,3.9332,0.8867,2.544,0.1329,0.1581,0.1444,0.0187
GRID_01123,다사43755075,강서구,등촌동,979.0,False,6.9137,0.7874,4.1201,0.2336,0.1404,0.1911,0.0277
GRID_01124,다사43755100,강서구,염창동,782.4,False,7.8602,0.496,4.5021,0.2655,0.0885,0.1848,0.0277
GRID_01125,다사43755125,강서구,가양동,2303.8,False,3.0314,0.4099,1.836,0.1024,0.0731,0.089,0.0115
GRID_01126,다사43755150,강서구,염창동,106.8,False,1.374,0.2217,0.8485,0.0464,0.0395,0.0433,0.0092
GRID_01127,다사43755175,마포구,상암동,0.0,True,0.0,0.0,0.0,0.0,0.0,0.0,0.0
GRID_01128,다사43755200,마포구,상암동,0.0,True,0.0,0.0,0.0,0.0,0.0,0.0,0.0
GRID_01129,다사43755225,마포구,상암동,0.0,True,0.0,0.0,0.0,0.0,0.0,0.0,0.0
GRID_01130,다사43755250,마포구,상암동,4.9,False,0.0,0.0,0.0,0.0,0.0,0.0,0.0
GRID_01131,다사43755275,마포구,상암동,137.3,False,0.0,0.0,0.0,0.0,0.0,0.0,0.0
GRID_01132,다사43755300,마포구,상암동,1384.0,False,0.0,0.0,0.0,0.0,0.0,0.0,0.0
GRID_01133,다사43755325,마포구,상암동,0.0,True,0.0,0.0,0.0,0.0,0.0,0.0,0.0
GRID_01134,다사44004375,구로구,개봉동,0.0,True,0.0,0.3789,0.1728,0.0,0.0,0.0,0.0
GRID_01135,다사44004400,구로구,개봉동,218.6,False,0.1227,0.6616,0.3685,0.0041,0.118,0.0561,0.0104
GRID_01136,다사44004425,구로구,고척동,1316.9,False,0.6095,0.6147,0.6118,0.0206,0.1096,0.0612,0.0085
GRID_01137,다사44004450,구로구,고척동,4963.9,False,1.8032,0.4597,1.1905,0.0609,0.082,0.0705,0.0083
GRID_01138,다사44004475,구로구,고척동,673.4,False,1.8928,0.2551,1.146,0.0639,0.0455,0.0555,0.0085
GRID_01139,다사44004500,구로구,고척동,86.8,False,0.3112,0.0,0.1693,0.0105,0.0,0.0057,0.0013
GRID_01140,다사44004525,양천구,신정동,91.3,False,0.4523,0.0681,0.2771,0.0153,0.0121,0.0138,0.0031
GRID_01141,다사44004550,양천구,신정동,1601.0,False,2.1377,0.3067,1.3028,0.0722,0.0547,0.0642,0.0087
GRID_01142,다사44004575,양천구,신정동,23.3,False,4.8227,0.4715,2.8385,0.1629,0.0841,0.127,0.0398
GRID_01143,다사44004600,양천구,신정동,307.5,False,7.4751,0.5192,4.3032,0.2525,0.0926,0.1796,0.0313
GRID_01144,다사44004625,양천구,신정동,1028.0,False,5.062,0.4365,2.9528,0.171,0.0778,0.1285,0.0185
GRID_01145,다사44004650,양천구,신정동,1507.7,False,4.034,0.2462,2.3067,0.1363,0.0439,0.0942,0.0129
GRID_01146,다사44004675,양천구,신정동,176.4,False,4.8201,0.0616,2.6503,0.1628,0.011,0.0936,0.0181
GRID_01147,다사44004700,양천구,신정동,1538.1,False,3.2569,0.7036,2.0926,0.11,0.1255,0.1171,0.016
GRID_01148,다사44004725,양천구,목동,10.6,False,4.3332,1.1923,2.9009,0.1464,0.2126,0.1766,0.0721
GRID_01149,다사44004750,양천구,목동,88.5,False,3.882,1.2355,2.6752,0.1311,0.2203,0.1718,0.0382
GRID_01150,다사44004775,양천구,목동,2368.7,False,1.4554,0.8253,1.1681,0.0492,0.1472,0.0939,0.0121
GRID_01151,다사44004800,양천구,목동,431.7,False,1.0742,0.4689,0.7982,0.0363,0.0836,0.0579,0.0095
GRID_01152,다사44004825,양천구,목동,1327.6,False,2.3605,0.0,1.2841,0.0797,0.0,0.0434,0.006
GRID_01153,다사44004850,양천구,목동,3392.0,False,2.1378,0.0,1.163,0.0722,0.0,0.0393,0.0048
GRID_01154,다사44004875,양천구,목동,2930.8,False,1.5258,0.0,0.83,0.0515,0.0,0.028,0.0035
GRID_01155,다사44004900,양천구,목동,15.3,False,2.7639,0.0,1.5036,0.0934,0.0,0.0508,0.0182
GRID_01156,다사44004925,양천구,목동,1148.4,False,2.3223,0.0,1.2633,0.0785,0.0,0.0427,0.0061
GRID_01157,다사44004950,양천구,목동,1002.3,False,1.3102,0.255,0.829,0.0443,0.0455,0.0448,0.0065
GRID_01158,다사44004975,양천구,목동,2325.9,False,2.4523,0.6803,1.6443,0.0828,0.1213,0.1004,0.013
GRID_01159,다사44005000,양천구,목동,2671.5,False,4.6005,0.839,2.8853,0.1554,0.1496,0.1528,0.0194
GRID_01160,다사44005025,강서구,염창동,2443.4,False,4.6293,0.6931,2.8344,0.1564,0.1236,0.1414,0.0181
GRID_01161,다사44005050,강서구,염창동,1369.2,False,4.0684,0.7194,2.5413,0.1374,0.1283,0.1333,0.0185
GRID_01162,다사44005075,강서구,염창동,4345.3,False,4.1092,0.6023,2.51,0.1388,0.1074,0.1245,0.0149
GRID_01163,다사44005100,강서구,염창동,74.2,False,1.8538,0.3191,1.154,0.0626,0.0569,0.06,0.0139
GRID_01164,다사44005125,강서구,가양동,67.1,False,0.3837,0.2465,0.3211,0.013,0.044,0.0271,0.0064
GRID_01165,다사44005150,강서구,염창동,13.2,False,0.0,0.0827,0.0377,0.0,0.0147,0.0067,0.0025
GRID_01166,다사44005175,마포구,상암동,0.0,True,0.0,0.0,0.0,0.0,0.0,0.0,0.0
GRID_01167,다사44005200,마포구,상암동,0.0,True,0.0,0.0,0.0,0.0,0.0,0.0,0.0
GRID_01168,다사44005225,마포구,상암동,0.0,True,0.0,0.0,0.0,0.0,0.0,0.0,0.0
GRID_01169,다사44005250,마포구,상암동,4.1,False,0.0,0.0,0.0,0.0,0.0,0.0,0.0
GRID_01170,다사44005275,마포구,상암동,20.5,False,0.0,0.0,0.0,0.0,0.0,0.0,0.0
GRID_01171,다사44005300,마포구,상암동,47.3,False,0.0,0.0,0.0,0.0,0.0,0.0,0.0
GRID_01172,다사44005325,마포구,상암동,0.0,True,0.0,0.0,0.0,0.0,0.0,0.0,0.0
GRID_01173,다사44254275,금천구,가산동,0.0,True,0.0,0.0,0.0,0.0,0.0,0.0,0.0
GRID_01174,다사44254300,금천구,가산동,0.0,True,0.0611,0.0,0.0332,0.0,0.0,0.0,0.0
GRID_01175,다사44254350,구로구,구로동,48.8,False,0.1877,0.0871,0.1419,0.0063,0.0155,0.0105,0.0027
GRID_01176,다사44254375,구로구,구로동,200.4,False,1.1669,0.3655,0.8015,0.0394,0.0652,0.0512,0.0096
GRID_01177,다사44254400,구로구,구로동,1392.3,False,2.8266,0.5615,1.7937,0.0955,0.1001,0.0976,0.0135
GRID_01178,다사44254425,구로구,구로동,202.8,False,2.2484,0.6236,1.5075,0.076,0.1112,0.092,0.0173
GRID_01179,다사44254450,구로구,구로동,298.8,False,1.4486,0.5347,1.0319,0.0489,0.0954,0.0701,0.0123
GRID_01180,다사44254475,구로구,구로동,75.8,False,0.2489,0.3193,0.281,0.0084,0.057,0.0305,0.007
GRID_01181,다사44254500,구로구,고척동,838.3,False,0.0,0.0328,0.015,0.0,0.0059,0.0027,0.0004
GRID_01182,다사44254525,양천구,신정동,68.6,False,0.0,0.0,0.0,0.0,0.0,0.0,0.0
GRID_01183,다사44254550,양천구,신정동,61.3,False,0.2804,0.1801,0.2347,0.0095,0.0321,0.0198,0.0048
GRID_01184,다사44254575,양천구,신정동,2911.0,False,3.1722,0.3269,1.8748,0.1072,0.0583,0.0849,0.0106
GRID_01185,다사44254600,양천구,신정동,16.4,False,7.1867,0.3694,4.078,0.2428,0.0659,0.1621,0.0568
GRID_01186,다사44254625,양천구,신정동,2105.0,False,7.3372,0.2957,4.1263,0.2479,0.0527,0.1589,0.0208
GRID_01187,다사44254650,양천구,신정동,674.7,False,6.0469,0.1262,3.347,0.2043,0.0225,0.1214,0.0186
GRID_01188,다사44254675,양천구,신정동,1020.4,False,5.6139,0.2737,3.1788,0.1896,0.0488,0.1254,0.0181
GRID_01189,다사44254700,양천구,신정동,4321.7,False,2.886,0.9255,1.992,0.0975,0.1651,0.1283,0.0153
GRID_01190,다사44254725,양천구,목동,3560.6,False,3.1935,1.4071,2.3789,0.1079,0.251,0.1731,0.0212
GRID_01191,다사44254750,양천구,목동,1762.1,False,3.1663,1.4204,2.3702,0.107,0.2533,0.1737,0.0232
GRID_01192,다사44254775,양천구,목동,2841.2,False,1.9294,0.9616,1.4881,0.0652,0.1715,0.1137,0.0143
GRID_01193,다사44254800,양천구,목동,25.5,False,1.0618,0.1834,0.6613,0.0359,0.0327,0.0344,0.0105
GRID_01194,다사44254825,양천구,목동,2630.8,False,2.3545,0.0,1.2808,0.0795,0.0,0.0433,0.0055
GRID_01195,다사44254850,양천구,목동,477.4,False,3.4647,0.0,1.8848,0.117,0.0,0.0637,0.0103
GRID_01196,다사44254875,양천구,목동,1020.8,False,4.0505,0.0,2.2035,0.1368,0.0,0.0744,0.0107
GRID_01197,다사44254900,양천구,목동,1999.4,False,3.9375,0.0,2.142,0.133,0.0,0.0724,0.0095
GRID_01198,다사44254925,양천구,목동,4087.1,False,3.1288,0.2248,1.8046,0.1057,0.0401,0.0758,0.0091
GRID_01199,다사44254950,양천구,목동,3502.1,False,3.2627,0.5288,2.016,0.1102,0.0943,0.103,0.0126
GRID_01200,다사44254975,양천구,목동,779.2,False,4.2543,0.9263,2.7367,0.1437,0.1652,0.1535,0.0231
GRID_01201,다사44255000,강서구,염창동,1031.4,False,5.6215,1.0498,3.5368,0.1899,0.1872,0.1887,0.0272
GRID_01202,다사44255025,강서구,염창동,3653.1,False,7.6754,0.8469,4.5616,0.2593,0.151,0.2099,0.0256
GRID_01203,다사44255050,강서구,염창동,54.5,False,8.1496,0.402,4.6167,0.2753,0.0717,0.1825,0.0454
GRID_01204,다사44255075,강서구,염창동,2823.1,False,5.3395,0.2146,3.0026,0.1804,0.0383,0.1156,0.0145
GRID_01205,다사44255100,강서구,염창동,35.3,False,1.6394,0.0728,0.925,0.0554,0.013,0.036,0.01
GRID_01206,다사44255125,강서구,염창동,39.4,False,0.0,0.0154,0.007,0.0,0.0028,0.0013,0.0003
GRID_01207,다사44255150,마포구,상암동,0.0,True,0.0,0.0,0.0,0.0,0.0,0.0,0.0
GRID_01208,다사44255175,마포구,상암동,0.0,True,0.0,0.0,0.0,0.0,0.0,0.0,0.0
GRID_01209,다사44255200,마포구,상암동,0.0,True,0.0,0.0,0.0,0.0,0.0,0.0,0.0
GRID_01210,다사44255225,마포구,상암동,4.7,False,0.0,0.0,0.0,0.0,0.0,0.0,0.0
GRID_01211,다사44255250,마포구,상암동,32.2,False,0.0,0.0,0.0,0.0,0.0,0.0,0.0
GRID_01212,다사44255275,마포구,상암동,16.5,False,0.0,0.0,0.0,0.0,0.0,0.0,0.0
GRID_01213,다사44255300,마포구,상암동,749.3,False,0.0,0.0,0.0,0.0,0.0,0.0,0.0
GRID_01214,다사44255325,마포구,상암동,0.0,True,0.0,0.0,0.0,0.0,0.0,0.0,0.0
GRID_01215,다사44504225,금천구,가산동,0.0,True,0.0,0.4685,0.2136,0.0,0.0,0.0,0.0
GRID_01216,다사44504250,금천구,가산동,12.4,False,0.0428,0.1142,0.0753,0.0014,0.0204,0.0101,0.0039
GRID_01217,다사44504275,금천구,가산동,38.4,False,2.2629,0.0,1.231,0.0764,0.0,0.0416,0.0113
GRID_01218,다사44504300,금천구,가산동,123.3,False,4.3927,0.0,2.3896,0.1484,0.0,0.0807,0.0167
GRID_01219,다사44504325,구로구,구로동,0.0,True,2.3823,0.0,1.296,0.0,0.0,0.0,0.0
GRID_01220,다사44504350,구로구,구로동,33.6,False,3.2485,0.0397,1.7853,0.1097,0.0071,0.0629,0.0178
GRID_01221,다사44504375,구로구,구로동,854.3,False,5.4075,0.3055,3.081,0.1827,0.0545,0.1242,0.0184
GRID_01222,다사44504400,구로구,구로동,57.4,False,6.3242,0.4926,3.665,0.2136,0.0879,0.1563,0.0384
GRID_01223,다사44504425,구로구,구로동,5381.0,False,5.1997,0.552,3.0803,0.1757,0.0984,0.1404,0.0163
GRID_01224,다사44504450,구로구,구로동,380.6,False,4.986,0.4671,2.9254,0.1684,0.0833,0.1296,0.0218
GRID_01225,다사44504475,구로구,구로동,9.0,False,3.4111,0.3354,2.0086,0.1152,0.0598,0.09,0.0391
GRID_01226,다사44504500,양천구,신정동,248.4,False,0.6057,0.106,0.3778,0.0205,0.0189,0.0197,0.0036
GRID_01227,다사44504525,양천구,신정동,64.8,False,1.7334,0.0,0.943,0.0586,0.0,0.0319,0.0076
GRID_01228,다사44504550,양천구,신정동,53.6,False,0.3246,0.0,0.1766,0.011,0.0,0.006,0.0015
GRID_01229,다사44504575,양천구,신정동,46.9,False,0.264,0.1005,0.1894,0.0089,0.0179,0.013,0.0034
GRID_01230,다사44504600,양천구,신정동,284.3,False,4.4256,0.1348,2.469,0.1495,0.024,0.0923,0.0163
GRID_01231,다사44504625,양천구,신정동,5004.1,False,5.096,0.0753,2.8066,0.1722,0.0134,0.0998,0.0117
GRID_01232,다사44504650,양천구,신정동,1266.9,False,4.1917,0.0,2.2803,0.1416,0.0,0.077,0.0108
GRID_01233,다사44504675,양천구,신정동,2609.4,False,3.8161,0.5487,2.3262,0.1289,0.0979,0.1148,0.0146
GRID_01234,다사44504700,양천구,신정동,1578.3,False,3.9636,1.0152,2.6191,0.1339,0.1811,0.1554,0.0211
GRID_01235,다사44504725,양천구,목동,47.4,False,8.5707,1.2849,5.2484,0.2895,0.2292,0.262,0.0675
GRID_01236,다사44504750,양천구,목동,1778.7,False,6.9441,1.2682,4.3559,0.2346,0.2262,0.2308,0.0308
GRID_01237,다사44504775,양천구,목동,5250.2,False,4.7925,0.796,2.9701,0.1619,0.142,0.1528,0.0178
GRID_01238,다사44504800,양천구,목동,274.0,False,2.9527,0.209,1.7016,0.0997,0.0373,0.0713,0.0127
GRID_01239,다사44504825,양천구,목동,760.0,False,1.449,0.0,0.7883,0.0489,0.0,0.0266,0.004
GRID_01240,다사44504850,양천구,목동,2889.2,False,2.1273,0.0,1.1572,0.0719,0.0,0.0391,0.0049
GRID_01241,다사44504875,양천구,목동,1942.1,False,2.922,0.0,1.5896,0.0987,0.0,0.0537,0.0071
GRID_01242,다사44504900,양천구,목동,14.3,False,2.4906,0.0,1.3549,0.0841,0.0,0.0458,0.0168
GRID_01243,다사44504925,양천구,목동,4217.1,False,1.1146,0.4257,0.8005,0.0377,0.0759,0.0551,0.0066
GRID_01244,다사44504950,양천구,목동,1649.4,False,2.4041,0.7652,1.6568,0.0812,0.1365,0.1064,0.0144
GRID_01245,다사44504975,양천구,목동,714.5,False,6.2761,0.9197,3.8336,0.212,0.164,0.1901,0.0289
GRID_01246,다사44505000,강서구,염창동,1859.6,False,7.0656,0.9993,4.2994,0.2387,0.1782,0.2111,0.028
GRID_01247,다사44505025,강서구,염창동,1863.6,False,5.4759,0.7569,3.3241,0.185,0.135,0.1622,0.0215
GRID_01248,다사44505050,강서구,염창동,2007.2,False,5.4104,0.2558,3.0599,0.1828,0.0456,0.1202,0.0158
GRID_01249,다사44505075,강서구,염창동,19.4,False,2.9323,0.0,1.5951,0.0991,0.0,0.0539,0.0179
GRID_01250,다사44505100,강서구,염창동,36.7,False,0.7741,0.0,0.4211,0.0262,0.0,0.0142,0.0039
GRID_01251,다사44505125,마포구,상암동,0.0,True,0.0,0.0,0.0,0.0,0.0,0.0,0.0
GRID_01252,다사44505150,마포구,상암동,0.0,True,0.0,0.0,0.0,0.0,0.0,0.0,0.0
GRID_01253,다사44505175,마포구,상암동,0.0,True,0.0,0.0,0.0,0.0,0.0,0.0,0.0
GRID_01254,다사44505200,마포구,상암동,5.3,False,0.4229,0.0,0.2301,0.0143,0.0,0.0078,0.0042
GRID_01255,다사44505225,마포구,상암동,25.4,False,0.7354,0.0,0.4001,0.0248,0.0,0.0135,0.0041
GRID_01256,다사44505250,마포구,상암동,147.4,False,0.2265,0.0,0.1232,0.0077,0.0,0.0042,0.0008
GRID_01257,다사44505275,마포구,상암동,16.0,False,0.0,0.0,0.0,0.0,0.0,0.0,0.0
GRID_01258,다사44505300,마포구,상암동,21.6,False,0.0,0.0,0.0,0.0,0.0,0.0,0.0
GRID_01259,다사44505325,마포구,상암동,18.8,False,0.0,0.0,0.0,0.0,0.0,0.0,0.0
GRID_01260,다사44754175,금천구,가산동,0.0,True,0.018,0.0369,0.0266,0.0,0.0,0.0,0.0
GRID_01261,다사44754200,금천구,가산동,0.0,True,0.2151,0.5135,0.3511,0.0,0.0,0.0,0.0
GRID_01262,다사44754225,금천구,가산동,224.9,False,0.6711,1.0888,0.8616,0.0227,0.1942,0.1009,0.0186
GRID_01263,다사44754250,금천구,가산동,1779.0,False,2.0389,1.2826,1.694,0.0689,0.2287,0.1418,0.0189
GRID_01264,다사44754275,금천구,가산동,244.0,False,7.5712,0.9597,4.5563,0.2558,0.1712,0.2172,0.0395
GRID_01265,다사44754300,금천구,가산동,710.8,False,7.8774,0.2355,4.3927,0.2661,0.042,0.1639,0.025
GRID_01266,다사44754325,구로구,구로동,6.8,False,4.6975,0.0,2.5555,0.1587,0.0,0.0863,0.042
GRID_01267,다사44754350,구로구,구로동,2541.0,False,3.9871,0.0,2.169,0.1347,0.0,0.0733,0.0093
GRID_01268,다사44754375,구로구,구로동,5510.5,False,5.0117,0.1356,2.7882,0.1693,0.0242,0.1031,0.012
GRID_01269,다사44754400,구로구,구로동,63.0,False,4.1264,0.2976,2.3805,0.1394,0.0531,0.1,0.0241
GRID_01270,다사44754425,구로구,구로동,2373.7,False,2.8934,0.349,1.7332,0.0977,0.0622,0.0816,0.0105
GRID_01271,다사44754450,구로구,구로동,192.7,False,4.5273,0.611,2.7415,0.1529,0.109,0.1329,0.0252
GRID_01272,다사44754475,구로구,구로동,229.7,False,3.5493,0.6941,2.2473,0.1199,0.1238,0.1217,0.0224
GRID_01273,다사44754500,구로구,구로동,985.1,False,4.708,0.6375,2.8518,0.159,0.1137,0.1384,0.0201
GRID_01274,다사44754525,구로구,신도림동,1092.5,False,5.9241,0.4464,3.4263,0.2001,0.0796,0.1452,0.0207
GRID_01275,다사44754550,구로구,신도림동,416.4,False,2.7256,0.0758,1.5173,0.0921,0.0135,0.0563,0.0093
GRID_01276,다사44754575,구로구,신도림동,94.4,False,0.0,0.0188,0.0086,0.0,0.0033,0.0015,0.0003
GRID_01277,다사44754600,양천구,신정동,57.2,False,1.2287,0.0415,0.6873,0.0415,0.0074,0.026,0.0064
GRID_01278,다사44754625,양천구,신정동,27.5,False,1.7965,0.0449,0.9978,0.0607,0.008,0.0367,0.0109
GRID_01279,다사44754650,양천구,신정동,4262.7,False,1.3869,0.0279,0.7672,0.0469,0.005,0.0278,0.0033
GRID_01280,다사44754675,양천구,신정동,37.5,False,1.8743,0.5891,1.2883,0.0633,0.1051,0.0824,0.0226
GRID_01281,다사44754700,양천구,신정동,2739.6,False,4.8205,1.063,3.107,0.1628,0.1896,0.175,0.0221
GRID_01282,다사44754725,양천구,목동,5369.8,False,9.6758,1.284,5.8492,0.3269,0.229,0.2822,0.0329
GRID_01283,다사44754750,양천구,목동,1926.9,False,7.8805,1.1916,4.8304,0.2662,0.2125,0.2417,0.032
GRID_01284,다사44754775,양천구,목동,4335.7,False,4.1179,0.8114,2.6101,0.1391,0.1447,0.1417,0.0169
GRID_01285,다사44754800,양천구,목동,3433.0,False,2.7215,0.244,1.5918,0.0919,0.0435,0.0699,0.0086
GRID_01286,다사44754825,양천구,목동,1504.9,False,1.219,0.0,0.6632,0.0412,0.0,0.0224,0.0031
GRID_01287,다사44754850,양천구,목동,468.1,False,1.1527,0.0,0.6271,0.0389,0.0,0.0212,0.0034
GRID_01288,다사44754875,양천구,목동,82.2,False,1.4603,0.0,0.7944,0.0493,0.0,0.0268,0.0061
GRID_01289,다사44754900,양천구,목동,267.9,False,1.3712,0.0064,0.7488,0.0463,0.0012,0.0257,0.0046
GRID_01290,다사44754925,양천구,목동,225.4,False,0.6913,0.5321,0.6187,0.0234,0.0949,0.056,0.0103
GRID_01291,다사44754950,양천구,목동,1232.5,False,1.6173,0.9041,1.2921,0.0546,0.1612,0.1032,0.0145
GRID_01292,다사44754975,양천구,목동,1498.8,False,7.323,1.0268,4.4519,0.2474,0.1831,0.2181,0.0298
GRID_01293,다사44755000,강서구,염창동,6154.0,False,9.3168,0.871,5.4655,0.3147,0.1553,0.2421,0.0277
GRID_01294,다사44755025,강서구,염창동,1321.4,False,3.7324,0.5828,2.2962,0.1261,0.1039,0.116,0.0161
GRID_01295,다사44755050,강서구,염창동,3085.0,False,0.0909,0.1601,0.1225,0.0031,0.0286,0.0147,0.0018
GRID_01296,다사44755075,강서구,염창동,34.9,False,0.1619,0.0,0.0881,0.0055,0.0,0.003,0.0008
GRID_01297,다사44755100,강서구,염창동,0.0,True,0.0,0.0,0.0,0.0,0.0,0.0,0.0
GRID_01298,다사44755125,마포구,상암동,0.0,True,0.0,0.0,0.0,0.0,0.0,0.0,0.0
GRID_01299,다사44755150,마포구,상암동,0.0,True,0.0,0.0,0.0,0.0,0.0,0.0,0.0
GRID_01300,다사44755175,마포구,상암동,7.9,False,0.0523,0.0,0.0285,0.0018,0.0,0.001,0.0004
GRID_01301,다사44755200,마포구,상암동,40.2,False,1.3179,0.0,0.7169,0.0445,0.0,0.0242,0.0065
GRID_01302,다사44755225,마포구,상암동,46.4,False,1.5228,0.0,0.8284,0.0514,0.0,0.028,0.0073
GRID_01303,다사44755250,마포구,상암동,190.4,False,0.4326,0.0,0.2353,0.0146,0.0,0.0079,0.0015
GRID_01304,다사44755275,마포구,상암동,7.9,False,0.0,0.0,0.0,0.0,0.0,0.0,0.0
GRID_01305,다사44755300,마포구,상암동,17.2,False,0.0,0.0,0.0,0.0,0.0,0.0,0.0
GRID_01306,다사44755325,마포구,상암동,15.5,False,0.0,0.0,0.0,0.0,0.0,0.0,0.0
GRID_01307,다사44755350,마포구,상암동,0.0,True,0.2513,0.0,0.1367,0.0,0.0,0.0,0.0
GRID_01308,다사44755375,마포구,상암동,0.0,True,0.3108,0.0,0.1691,0.0,0.0,0.0,0.0
GRID_01309,다사44755400,마포구,상암동,0.0,True,0.2527,0.0,0.1375,0.0,0.0,0.0,0.0
GRID_01310,다사45004125,금천구,가산동,0.0,True,0.8089,0.0,0.44,0.0,0.0,0.0,0.0
GRID_01311,다사45004150,금천구,가산동,14.1,False,1.4305,0.0,0.7782,0.0483,0.0,0.0263,0.0097
GRID_01312,다사45004175,금천구,가산동,289.9,False,1.513,0.229,0.9275,0.0511,0.0408,0.0464,0.0082
GRID_01313,다사45004200,금천구,가산동,1026.3,False,2.3514,1.2459,1.8473,0.0794,0.2222,0.1445,0.0208
GRID_01314,다사45004225,금천구,가산동,802.4,False,4.6781,2.0184,3.4653,0.158,0.36,0.2501,0.0374
GRID_01315,다사45004250,금천구,가산동,704.2,False,11.7294,2.2461,7.405,0.3962,0.4006,0.3982,0.0607
GRID_01316,다사45004275,금천구,가산동,741.0,False,10.3475,1.9476,6.5171,0.3496,0.3474,0.3486,0.0527
GRID_01317,다사45004300,금천구,가산동,129.8,False,8.3543,1.1653,5.0761,0.2822,0.2078,0.2483,0.0509
GRID_01318,다사45004325,구로구,구로동,590.8,False,3.8316,0.2017,2.1764,0.1294,0.036,0.0868,0.0136
GRID_01319,다사45004350,구로구,구로동,375.7,False,2.9773,0.0,1.6196,0.1006,0.0,0.0547,0.0092
GRID_01320,다사45004375,구로구,구로동,1255.9,False,2.2896,0.0,1.2456,0.0773,0.0,0.0421,0.0059
GRID_01321,다사45004400,구로구,구로동,710.3,False,1.364,0.0273,0.7544,0.0461,0.0049,0.0273,0.0042
GRID_01322,다사45004425,구로구,구로동,14.6,False,1.5633,0.2654,0.9714,0.0528,0.0473,0.0503,0.0183
GRID_01323,다사45004450,구로구,구로동,993.7,False,1.9652,0.6843,1.3811,0.0664,0.122,0.0918,0.0133
GRID_01324,다사45004475,구로구,구로동,164.4,False,4.1388,0.9767,2.6968,0.1398,0.1742,0.1555,0.0304
GRID_01325,다사45004500,구로구,구로동,436.3,False,6.1393,1.0239,3.8067,0.2074,0.1826,0.1961,0.0322
GRID_01326,다사45004525,구로구,신도림동,703.9,False,9.523,0.8028,5.5466,0.3217,0.1432,0.2403,0.0366
GRID_01327,다사45004550,구로구,신도림동,2283.2,False,5.3984,0.3863,3.1129,0.1824,0.0689,0.1306,0.0169
GRID_01328,다사45004575,구로구,신도림동,155.2,False,0.6188,0.0554,0.3619,0.0209,0.0099,0.0159,0.0031
GRID_01329,다사45004600,구로구,신도림동,626.2,False,0.0065,0.0826,0.0412,0.0002,0.0147,0.0068,0.0011
GRID_01330,다사45004625,구로구,신도림동,50.1,False,0.3234,0.0866,0.2154,0.0109,0.0154,0.013,0.0033
GRID_01331,다사45004650,구로구,신도림동,52.7,False,0.681,0.0664,0.4007,0.023,0.0118,0.0179,0.0045
GRID_01332,다사45004675,영등포구,문래동5가,96.4,False,0.9578,0.4111,0.7085,0.0324,0.0733,0.051,0.0111
GRID_01333,다사45004700,양천구,신정동,122.2,False,1.7757,0.8552,1.3559,0.06,0.1525,0.1022,0.0212
GRID_01334,다사45004725,영등포구,양평동,56.2,False,4.1428,1.1413,2.7741,0.1399,0.2036,0.169,0.0418
GRID_01335,다사45004750,양천구,목동,0.0,True,2.2605,1.0683,1.7169,0.0,0.0,0.0,0.0
GRID_01336,다사45004775,양천구,목동,12.7,False,0.7802,0.6565,0.7238,0.0264,0.1171,0.0677,0.0259
GRID_01337,다사45004800,양천구,목동,140.2,False,0.5598,0.0658,0.3345,0.0189,0.0117,0.0156,0.0032
GRID_01338,다사45004825,양천구,목동,754.4,False,0.8359,0.0,0.4547,0.0282,0.0,0.0154,0.0023
GRID_01339,다사45004850,양천구,목동,6682.3,False,1.5255,0.0,0.8299,0.0515,0.0,0.028,0.0032
GRID_01340,다사45004875,양천구,목동,39.3,False,1.6498,0.0,0.8975,0.0557,0.0,0.0303,0.0082
GRID_01341,다사45004900,양천구,목동,81.6,False,2.6827,0.1138,1.5113,0.0906,0.0203,0.0586,0.0133
GRID_01342,다사45004925,양천구,목동,2380.9,False,2.7365,0.5038,1.7184,0.0924,0.0898,0.0913,0.0117
GRID_01343,다사45004950,양천구,목동,147.8,False,1.9628,0.8538,1.4571,0.0663,0.1523,0.1055,0.0211
GRID_01344,다사45004975,양천구,목동,282.2,False,3.9205,0.9572,2.5692,0.1324,0.1707,0.1499,0.0265
GRID_01345,다사45005000,강서구,염창동,653.4,False,4.446,0.7854,2.7767,0.1502,0.1401,0.1456,0.0225
GRID_01346,다사45005025,영등포구,양화동,6.4,False,1.6115,0.4142,1.0655,0.0544,0.0739,0.0633,0.0316
GRID_01347,다사45005050,영등포구,양화동,40.8,False,0.0,0.0259,0.0118,0.0,0.0046,0.0021,0.0006
GRID_01348,다사45005075,강서구,염창동,0.0,True,0.0,0.0,0.0,0.0,0.0,0.0,0.0
GRID_01349,다사45005100,마포구,상암동,0.0,True,0.0,0.0,0.0,0.0,0.0,0.0,0.0
GRID_01350,다사45005125,마포구,상암동,0.0,True,0.0,0.0,0.0,0.0,0.0,0.0,0.0
GRID_01351,다사45005150,마포구,상암동,0.0,True,0.0,0.0,0.0,0.0,0.0,0.0,0.0
GRID_01352,다사45005175,마포구,상암동,43.9,False,0.5428,0.0,0.2953,0.0183,0.0,0.01,0.0026
GRID_01353,다사45005200,마포구,상암동,225.3,False,1.7206,0.0,0.936,0.0581,0.0,0.0316,0.0058
GRID_01354,다사45005225,마포구,상암동,70.3,False,2.0562,0.0,1.1186,0.0695,0.0,0.0378,0.0089
GRID_01355,다사45005250,마포구,상암동,21.5,False,0.5514,0.0,0.3,0.0186,0.0,0.0101,0.0033
GRID_01356,다사45005275,마포구,상암동,19.6,False,0.0,0.0,0.0,0.0,0.0,0.0,0.0
GRID_01357,다사45005300,마포구,상암동,17.5,False,0.5548,0.0,0.3018,0.0187,0.0,0.0102,0.0035
GRID_01358,다사45005325,마포구,상암동,56.6,False,2.3231,0.0,1.2638,0.0785,0.0,0.0427,0.0105
GRID_01359,다사45005350,마포구,상암동,150.3,False,3.4344,0.0,1.8683,0.116,0.0,0.0631,0.0126
GRID_01360,다사45005375,마포구,상암동,2511.9,False,2.7289,0.0,1.4845,0.0922,0.0,0.0501,0.0064
GRID_01361,다사45005400,마포구,상암동,8.3,False,2.4917,0.0,1.3555,0.0842,0.0,0.0458,0.0205
GRID_01362,다사45005425,마포구,상암동,826.4,False,1.265,0.0,0.6882,0.0427,0.0,0.0232,0.0035
GRID_01363,다사45005450,마포구,상암동,9.1,False,0.0,0.0,0.0,0.0,0.0,0.0,0.0
GRID_01364,다사45254050,금천구,독산동,0.0,True,1.4923,0.1531,0.8816,0.0,0.0,0.0,0.0
GRID_01365,다사45254075,금천구,독산동,0.0,True,1.4888,0.3247,0.958,0.0,0.0,0.0,0.0
GRID_01366,다사45254100,금천구,가산동,7.1,False,2.7887,0.3228,1.6642,0.0942,0.0576,0.0775,0.037
GRID_01367,다사45254125,금천구,가산동,675.4,False,6.0888,0.1479,3.3798,0.2057,0.0264,0.1239,0.019
GRID_01368,다사45254150,금천구,가산동,849.4,False,4.9796,0.0,2.7089,0.1682,0.0,0.0915,0.0136
GRID_01369,다사45254175,금천구,가산동,701.7,False,4.2632,0.4188,2.5102,0.144,0.0747,0.1124,0.0171
GRID_01370,다사45254200,금천구,가산동,348.9,False,5.0873,1.6089,3.5011,0.1719,0.2869,0.2243,0.0383
GRID_01371,다사45254225,금천구,가산동,570.7,False,11.9698,2.4328,7.6209,0.4044,0.4339,0.4178,0.0658
GRID_01372,다사45254250,금천구,가산동,583.4,False,16.604,2.8699,10.3412,0.5609,0.5118,0.5385,0.0845
GRID_01373,다사45254275,금천구,가산동,416.2,False,10.8454,2.761,7.1589,0.3664,0.4924,0.4238,0.0702
GRID_01374,다사45254300,구로구,가리봉동,483.8,False,5.1636,1.9452,3.696,0.1744,0.3469,0.2531,0.0409
GRID_01375,다사45254325,구로구,구로동,512.9,False,5.2011,0.7637,3.1777,0.1757,0.1362,0.1577,0.0253
GRID_01376,다사45254350,구로구,구로동,9.9,False,5.619,0.279,3.184,0.1898,0.0498,0.126,0.0527
GRID_01377,다사45254375,구로구,구로동,3276.4,False,4.6297,0.0,2.5186,0.1564,0.0,0.0851,0.0105
GRID_01378,다사45254400,구로구,구로동,191.2,False,2.8579,0.0,1.5547,0.0965,0.0,0.0525,0.01
GRID_01379,다사45254425,구로구,구로동,1920.5,False,3.923,0.2978,2.2699,0.1325,0.0531,0.0963,0.0127
GRID_01380,다사45254450,구로구,구로동,1176.3,False,9.2306,0.798,5.3854,0.3118,0.1423,0.2345,0.0332
GRID_01381,다사45254475,구로구,구로동,1239.0,False,10.921,1.1153,6.4496,0.3689,0.1989,0.2914,0.0409
GRID_01382,다사45254500,구로구,신도림동,506.2,False,8.9826,1.1649,5.4177,0.3034,0.2078,0.2598,0.0417
GRID_01383,다사45254525,구로구,신도림동,805.2,False,11.5928,0.9328,6.7319,0.3916,0.1664,0.2889,0.0432
GRID_01384,다사45254550,구로구,신도림동,838.0,False,9.6372,0.5102,5.4753,0.3256,0.091,0.2186,0.0325
GRID_01385,다사45254575,구로구,신도림동,4199.1,False,5.2328,0.0741,2.8804,0.1768,0.0132,0.1022,0.0122
GRID_01386,다사45254600,구로구,신도림동,73.9,False,2.487,0.1035,1.4001,0.084,0.0185,0.0541,0.0125
GRID_01387,다사45254625,구로구,신도림동,48.5,False,1.3104,0.1078,0.762,0.0443,0.0192,0.0329,0.0084
GRID_01388,다사45254650,영등포구,문래동5가,1076.7,False,1.2681,0.0859,0.729,0.0428,0.0153,0.0303,0.0043
GRID_01389,다사45254675,영등포구,문래동5가,3477.9,False,1.5801,0.0702,0.8916,0.0534,0.0125,0.0348,0.0043
GRID_01390,다사45254700,영등포구,양평동2가,273.3,False,1.8762,0.5391,1.2665,0.0634,0.0962,0.0783,0.014
GRID_01391,다사45254725,영등포구,양평동2가,1850.0,False,1.3591,0.8099,1.1086,0.0459,0.1444,0.0908,0.0121
GRID_01392,다사45254750,영등포구,양평동,1358.3,False,0.1705,0.7535,0.4364,0.0058,0.1344,0.0644,0.0089
GRID_01393,다사45254775,양천구,목동,74.5,False,0.0,0.3858,0.1759,0.0,0.0688,0.0314,0.0073
GRID_01394,다사45254800,양천구,목동,1648.4,False,0.0882,0.0817,0.0852,0.003,0.0146,0.0083,0.0011
GRID_01395,다사45254825,양천구,목동,63.0,False,0.7027,0.0,0.3823,0.0237,0.0,0.0129,0.0031
GRID_01396,다사45254850,양천구,목동,21.0,False,1.7143,0.0,0.9326,0.0579,0.0,0.0315,0.0102
GRID_01397,다사45254875,양천구,목동,9015.2,False,3.3588,0.0302,1.841,0.1135,0.0054,0.0642,0.007
GRID_01398,다사45254900,양천구,목동,18.1,False,4.1721,0.1791,2.3513,0.1409,0.0319,0.0912,0.0309
GRID_01399,다사45254925,양천구,목동,4165.3,False,6.3043,0.2863,3.5601,0.213,0.0511,0.1391,0.0167
GRID_01400,다사45254950,양천구,목동,815.7,False,6.2531,0.5823,3.6672,0.2112,0.1039,0.1623,0.0242
GRID_01401,다사45254975,양천구,목동,793.2,False,2.7912,0.658,1.8185,0.0943,0.1174,0.1048,0.0157
GRID_01402,다사45255000,영등포구,양화동,37.5,False,1.3317,0.4877,0.9468,0.045,0.087,0.0641,0.0176
GRID_01403,다사45255025,영등포구,양화동,62.0,False,0.0112,0.1167,0.0593,0.0004,0.0208,0.0097,0.0023
GRID_01404,다사45255050,영등포구,양화동,16.0,False,0.0,0.0,0.0,0.0,0.0,0.0,0.0
GRID_01405,다사45255075,영등포구,양화동,0.0,True,0.0,0.0,0.0,0.0,0.0,0.0,0.0
GRID_01406,다사45255100,마포구,상암동,0.0,True,0.0,0.0,0.0,0.0,0.0,0.0,0.0
GRID_01407,다사45255125,마포구,상암동,0.0,True,0.0,0.0,0.0,0.0,0.0,0.0,0.0
GRID_01408,다사45255150,마포구,상암동,13.7,False,0.0007,0.0,0.0004,0.0,0.0,0.0,0.0
GRID_01409,다사45255175,마포구,상암동,52.9,False,0.3966,0.0,0.2158,0.0134,0.0,0.0073,0.0018
GRID_01410,다사45255200,마포구,상암동,18.7,False,1.1638,0.0,0.6331,0.0393,0.0,0.0214,0.0072
GRID_01411,다사45255225,마포구,상암동,45.0,False,1.2913,0.0,0.7025,0.0436,0.0,0.0237,0.0062
GRID_01412,다사45255250,마포구,상암동,150.8,False,1.1717,0.0,0.6374,0.0396,0.0,0.0215,0.0043
GRID_01413,다사45255275,마포구,상암동,52.5,False,1.2367,0.0,0.6727,0.0418,0.0,0.0227,0.0057
GRID_01414,다사45255300,마포구,상암동,104.5,False,1.7277,0.0,0.9399,0.0584,0.0,0.0318,0.0068
GRID_01415,다사45255325,마포구,상암동,553.8,False,5.0184,0.0,2.73,0.1695,0.0,0.0922,0.0146
GRID_01416,다사45255350,마포구,상암동,848.0,False,8.2349,0.0,4.4798,0.2782,0.0,0.1513,0.0224
GRID_01417,다사45255375,마포구,상암동,16.6,False,6.7674,0.0,3.6814,0.2286,0.0,0.1244,0.0434
GRID_01418,다사45255400,마포구,상암동,2633.2,False,3.8884,0.0,2.1153,0.1314,0.0,0.0715,0.0091
GRID_01419,다사45255425,마포구,상암동,1417.1,False,2.7992,0.0,1.5228,0.0946,0.0,0.0514,0.0071
GRID_01420,다사45255450,마포구,상암동,59.9,False,1.6466,0.0,0.8958,0.0556,0.0,0.0303,0.0074
GRID_01421,다사45255475,은평구,수색동,0.0,True,0.7624,0.0,0.4148,0.0,0.0,0.0,0.0
GRID_01422,다사45503975,금천구,독산동,2815.1,False,2.0093,0.0253,1.1046,0.0679,0.0045,0.039,0.0049
GRID_01423,다사45504000,금천구,독산동,19.7,False,2.506,0.0,1.3633,0.0847,0.0,0.0461,0.0152
GRID_01424,다사45504025,금천구,독산동,16.2,False,1.7689,0.1491,1.0302,0.0598,0.0266,0.0446,0.0157
GRID_01425,다사45504050,금천구,독산동,83.7,False,2.5336,0.511,1.6113,0.0856,0.0911,0.0881,0.0199
GRID_01426,다사45504075,금천구,가산동,91.7,False,3.414,0.7189,2.185,0.1153,0.1282,0.1212,0.0268
GRID_01427,다사45504100,금천구,가산동,153.1,False,6.5638,0.7166,3.8975,0.2217,0.1278,0.1789,0.0355
GRID_01428,다사45504125,금천구,가산동,204.0,False,9.3785,0.5048,5.3321,0.3168,0.09,0.2134,0.0401
GRID_01429,다사45504150,금천구,가산동,1117.4,False,7.5164,0.1405,4.153,0.2539,0.0251,0.1496,0.0213
GRID_01430,다사45504175,금천구,가산동,495.8,False,4.95,0.3089,2.8337,0.1672,0.0551,0.1161,0.0187
GRID_01431,다사45504200,금천구,가산동,611.5,False,5.8354,1.421,3.8225,0.1971,0.2534,0.2228,0.0347
GRID_01432,다사45504225,금천구,가산동,1176.5,False,11.1994,2.218,7.1039,0.3783,0.3956,0.3862,0.0546
GRID_01433,다사45504250,금천구,가산동,1170.1,False,14.2559,2.8836,9.0701,0.4816,0.5143,0.4965,0.0703
GRID_01434,다사45504275,구로구,가리봉동,275.6,False,11.1092,2.8283,7.3331,0.3753,0.5044,0.4342,0.0772
GRID_01435,다사45504300,구로구,구로동,973.7,False,9.2671,2.0604,5.9808,0.3131,0.3675,0.3379,0.0491
GRID_01436,다사45504325,구로구,구로동,776.2,False,6.361,0.9699,3.9026,0.2149,0.173,0.1958,0.0294
GRID_01437,다사45504350,구로구,구로동,987.6,False,5.1088,0.5272,3.0196,0.1726,0.094,0.1368,0.0198
GRID_01438,다사45504375,구로구,구로동,1606.3,False,4.3499,0.1003,2.4121,0.1469,0.0179,0.0881,0.0119
GRID_01439,다사45504400,구로구,구로동,26.1,False,3.7202,0.0,2.0238,0.1257,0.0,0.0684,0.0207
GRID_01440,다사45504425,구로구,구로동,1506.3,False,4.5203,0.196,2.5484,0.1527,0.035,0.099,0.0135
GRID_01441,다사45504450,구로구,구로동,1045.3,False,8.433,0.6722,4.894,0.2849,0.1199,0.2096,0.0302
GRID_01442,다사45504475,구로구,구로동,1384.2,False,8.9515,0.9742,5.3138,0.3024,0.1737,0.2437,0.0337
GRID_01443,다사45504500,구로구,구로동,1309.0,False,9.4929,1.0606,5.6478,0.3207,0.1892,0.2607,0.0363
GRID_01444,다사45504525,구로구,신도림동,4469.3,False,11.4356,1.6912,6.9922,0.3863,0.3016,0.3477,0.0414
GRID_01445,다사45504550,구로구,신도림동,3424.5,False,10.546,1.6948,6.5099,0.3563,0.3023,0.3316,0.0407
GRID_01446,다사45504575,구로구,신도림동,2206.1,False,7.996,1.2216,4.9069,0.2701,0.2179,0.2463,0.032
GRID_01447,다사45504600,구로구,신도림동,1145.7,False,5.609,0.5893,3.32,0.1895,0.1051,0.151,0.0214
GRID_01448,다사45504625,영등포구,문래동5가,82.8,False,4.2203,0.1028,2.3427,0.1426,0.0183,0.0859,0.0194
GRID_01449,다사45504650,영등포구,문래동5가,2785.2,False,4.5866,0.0813,2.5322,0.1549,0.0145,0.0909,0.0115
GRID_01450,다사45504675,영등포구,문래동6가,7.3,False,4.564,0.1384,2.5459,0.1542,0.0247,0.0951,0.045
GRID_01451,다사45504700,영등포구,양평동2가,1077.6,False,5.0697,0.2749,2.8833,0.1713,0.049,0.1155,0.0165
GRID_01452,다사45504725,영등포구,양평동2가,900.3,False,4.5393,0.3862,2.6455,0.1533,0.0689,0.1148,0.0169
GRID_01453,다사45504750,영등포구,양평동3가,986.4,False,2.5102,0.4026,1.5491,0.0848,0.0718,0.0789,0.0114
GRID_01454,다사45504775,영등포구,양평동,46.4,False,0.078,0.3195,0.1881,0.0026,0.057,0.0274,0.0071
GRID_01455,다사45504800,양천구,목동,637.5,False,0.1318,0.1596,0.1445,0.0045,0.0285,0.0154,0.0024
GRID_01456,다사45504825,양천구,목동,1812.6,False,0.5708,0.0,0.3105,0.0193,0.0,0.0105,0.0014
GRID_01457,다사45504850,양천구,목동,93.5,False,1.5708,0.0,0.8545,0.0531,0.0,0.0289,0.0063
GRID_01458,다사45504875,양천구,목동,6236.5,False,2.3088,0.034,1.2715,0.078,0.0061,0.0452,0.0052
GRID_01459,다사45504900,양천구,목동,0.0,True,1.9502,0.1797,1.1429,0.0,0.0,0.0,0.0
GRID_01460,다사45504925,양천구,목동,9.8,False,4.1179,0.2871,2.371,0.1391,0.0512,0.099,0.0416
GRID_01461,다사45504950,영등포구,양화동,44.7,False,5.1869,0.3247,2.9697,0.1752,0.0579,0.1217,0.0318
GRID_01462,다사45504975,영등포구,양화동,124.8,False,2.5971,0.2823,1.5416,0.0877,0.0503,0.0707,0.0146
GRID_01463,다사45505000,영등포구,양화동,22.0,False,0.8289,0.1714,0.5291,0.028,0.0306,0.0292,0.0093
GRID_01464,다사45505025,영등포구,양화동,69.7,False,0.0028,0.0209,0.0111,0.0001,0.0037,0.0018,0.0004
GRID_01465,다사45505050,영등포구,양화동,0.0,True,0.0,0.0,0.0,0.0,0.0,0.0,0.0
GRID_01466,다사45505075,마포구,상암동,239.8,False,0.0,0.0,0.0,0.0,0.0,0.0,0.0
GRID_01467,다사45505100,마포구,상암동,13.9,False,0.0,0.0,0.0,0.0,0.0,0.0,0.0
GRID_01468,다사45505125,마포구,상암동,0.0,True,0.0,0.0,0.0,0.0,0.0,0.0,0.0
GRID_01469,다사45505150,마포구,상암동,148.0,False,0.0,0.0,0.0,0.0,0.0,0.0,0.0
GRID_01470,다사45505175,마포구,상암동,39.6,False,0.0265,0.0,0.0144,0.0009,0.0,0.0005,0.0001
GRID_01471,다사45505200,마포구,상암동,35.5,False,0.0348,0.0,0.0189,0.0012,0.0,0.0006,0.0002
GRID_01472,다사45505225,마포구,상암동,49.8,False,0.2467,0.0,0.1342,0.0083,0.0,0.0045,0.0012
GRID_01473,다사45505250,마포구,상암동,29.2,False,1.1401,0.0,0.6202,0.0385,0.0,0.021,0.0061
GRID_01474,다사45505275,마포구,상암동,46.7,False,2.9336,0.0,1.5959,0.0991,0.0,0.0539,0.0139
GRID_01475,다사45505300,마포구,상암동,74.2,False,2.2147,0.0,1.2048,0.0748,0.0,0.0407,0.0094
GRID_01476,다사45505325,마포구,상암동,16.0,False,4.3616,0.0,2.3727,0.1473,0.0,0.0802,0.0283
GRID_01477,다사45505350,마포구,상암동,1418.1,False,10.7594,0.0,5.8531,0.3635,0.0,0.1977,0.0272
GRID_01478,다사45505375,마포구,상암동,837.8,False,10.7796,0.0,5.8641,0.3641,0.0,0.1981,0.0294
GRID_01479,다사45505400,마포구,상암동,116.1,False,5.3711,0.0,2.9219,0.1814,0.0,0.0987,0.0207
GRID_01480,다사45505425,마포구,상암동,146.5,False,4.2188,0.0,2.295,0.1425,0.0,0.0775,0.0155
GRID_01481,다사45505450,은평구,수색동,193.3,False,4.0161,0.0,2.1847,0.1357,0.0,0.0738,0.014
GRID_01482,다사45505475,은평구,수색동,491.2,False,1.9314,0.0,1.0507,0.0652,0.0,0.0355,0.0057
GRID_01483,다사45505500,은평구,수색동,23.9,False,0.2891,0.0,0.1573,0.0098,0.0,0.0053,0.0017
GRID_01484,다사45753950,금천구,독산동,0.0,True,1.5433,0.3661,1.0065,0.0,0.0,0.0,0.0
GRID_01485,다사45753975,금천구,독산동,294.8,False,4.8359,0.382,2.8049,0.1634,0.0681,0.1199,0.0211
GRID_01486,다사45754000,금천구,독산동,476.0,False,4.9746,0.2489,2.8197,0.1681,0.0444,0.1117,0.0181
GRID_01487,다사45754025,금천구,독산동,96.6,False,2.1843,0.319,1.3337,0.0738,0.0569,0.0661,0.0144
GRID_01488,다사45754050,금천구,독산동,53.8,False,2.4178,0.7136,1.6407,0.0817,0.1273,0.1025,0.0256
GRID_01489,다사45754075,금천구,가산동,1021.3,False,6.2201,0.9421,3.8133,0.2101,0.168,0.1909,0.0276
GRID_01490,다사45754100,금천구,가산동,323.8,False,8.0378,0.9396,4.801,0.2715,0.1676,0.2241,0.0388
GRID_01491,다사45754125,금천구,독산동,358.5,False,6.4941,0.7068,3.8551,0.2194,0.1261,0.1768,0.03
GRID_01492,다사45754150,금천구,가산동,505.1,False,6.8121,0.3065,3.8456,0.2301,0.0547,0.1501,0.0241
GRID_01493,다사45754175,금천구,가산동,865.8,False,6.2725,0.0171,3.42,0.2119,0.003,0.1167,0.0172
GRID_01494,다사45754200,금천구,가산동,974.9,False,7.772,0.7345,4.5629,0.2625,0.131,0.2026,0.0294
GRID_01495,다사45754225,금천구,가산동,1612.4,False,9.9774,1.4682,6.0972,0.3371,0.2619,0.3028,0.041
GRID_01496,다사45754250,구로구,가리봉동,210.2,False,8.3036,2.1316,5.4892,0.2805,0.3802,0.3259,0.0609
GRID_01497,다사45754275,구로구,가리봉동,951.5,False,9.3139,2.1347,6.0402,0.3146,0.3807,0.3448,0.0503
GRID_01498,다사45754300,구로구,구로동,1579.9,False,11.6654,1.4829,7.0222,0.3941,0.2645,0.335,0.0455
GRID_01499,다사45754325,구로구,구로동,2080.9,False,8.3368,0.8973,4.9444,0.2816,0.16,0.2262,0.0296
GRID_01500,다사45754350,구로구,구로동,988.3,False,2.9118,0.7794,1.9395,0.0984,0.139,0.1169,0.0169
GRID_01501,다사45754375,구로구,구로동,1009.2,False,3.1689,0.4981,1.951,0.1071,0.0888,0.0987,0.0143
GRID_01502,다사45754400,구로구,구로동,1353.1,False,8.3902,0.3046,4.7032,0.2834,0.0543,0.179,0.0248
GRID_01503,다사45754425,구로구,구로동,513.8,False,8.5505,0.0728,4.6847,0.2888,0.013,0.1631,0.0261
GRID_01504,다사45754450,구로구,구로동,1533.5,False,4.505,0.3316,2.6019,0.1522,0.0591,0.1098,0.015
GRID_01505,다사45754475,구로구,구로동,3821.3,False,3.7169,0.5924,2.2922,0.1256,0.1057,0.1165,0.0141
GRID_01506,다사45754500,구로구,구로동,18.2,False,4.4397,1.5275,3.1117,0.15,0.2724,0.2058,0.0697
GRID_01507,다사45754525,구로구,구로동,2588.3,False,6.791,2.3466,4.7644,0.2294,0.4185,0.3156,0.0402
GRID_01508,다사45754550,구로구,신도림동,9443.2,False,8.0533,2.4634,5.5043,0.2721,0.4393,0.3483,0.0381
GRID_01509,다사45754575,구로구,신도림동,2887.4,False,12.2907,2.2573,7.7155,0.4152,0.4026,0.4095,0.0514
GRID_01510,다사45754600,구로구,신도림동,518.3,False,7.7647,1.4988,4.9075,0.2623,0.2673,0.2646,0.0423
GRID_01511,다사45754625,영등포구,문래동5가,335.5,False,5.9914,0.4992,3.4869,0.2024,0.089,0.1507,0.0259
GRID_01512,다사45754650,영등포구,문래동5가,4376.8,False,6.1707,0.378,3.5292,0.2085,0.0674,0.1441,0.0172
GRID_01513,다사45754675,영등포구,문래동6가,1373.1,False,6.7635,0.3941,3.8591,0.2285,0.0703,0.1563,0.0216
GRID_01514,다사45754700,영등포구,양평동1가,1975.3,False,5.9895,0.4634,3.4696,0.2023,0.0827,0.1478,0.0195
GRID_01515,다사45754725,영등포구,양평동1가,4586.0,False,6.1529,0.5991,3.6204,0.2079,0.1068,0.1618,0.0192
GRID_01516,다사45754750,영등포구,양평동3가,1912.0,False,4.5426,0.5486,2.7213,0.1535,0.0978,0.1281,0.017
GRID_01517,다사45754775,영등포구,양평동,466.2,False,0.6208,0.3226,0.4848,0.021,0.0575,0.0376,0.0061
GRID_01518,다사45754800,양천구,목동,0.0,True,0.0117,0.1622,0.0803,0.0,0.0,0.0,0.0
GRID_01519,다사45754825,양천구,목동,0.0,True,0.4719,0.0314,0.271,0.0,0.0,0.0,0.0
GRID_01520,다사45754850,양천구,목동,72.3,False,0.8284,0.1811,0.5332,0.028,0.0323,0.0299,0.007
GRID_01521,다사45754875,양천구,목동,61.1,False,0.3544,0.2482,0.306,0.012,0.0443,0.0267,0.0065
GRID_01522,다사45754900,영등포구,양평동,53.9,False,0.1853,0.33,0.2513,0.0063,0.0588,0.0302,0.0075
GRID_01523,다사45754925,영등포구,양평동,44.7,False,1.5846,0.302,0.9997,0.0535,0.0539,0.0537,0.014
GRID_01524,다사45754950,영등포구,양평동6가,1124.4,False,2.0224,0.2472,1.2129,0.0683,0.0441,0.0573,0.0082
GRID_01525,다사45754975,영등포구,양화동,136.4,False,0.6948,0.2087,0.4731,0.0235,0.0372,0.0297,0.006
GRID_01526,다사45755000,영등포구,양화동,96.6,False,0.2787,0.1081,0.2009,0.0094,0.0193,0.0139,0.003
GRID_01527,다사45755025,영등포구,양화동,0.0,True,0.0,0.0,0.0,0.0,0.0,0.0,0.0
GRID_01528,다사45755050,마포구,상암동,0.0,True,0.0,0.0,0.0,0.0,0.0,0.0,0.0
GRID_01529,다사45755075,마포구,상암동,0.0,True,0.0,0.0,0.0,0.0,0.0,0.0,0.0
GRID_01530,다사45755100,마포구,상암동,65.4,False,0.0,0.0,0.0,0.0,0.0,0.0,0.0
GRID_01531,다사45755125,마포구,상암동,125.1,False,0.0,0.0,0.0,0.0,0.0,0.0,0.0
GRID_01532,다사45755150,마포구,상암동,28.8,False,0.0,0.0,0.0,0.0,0.0,0.0,0.0
GRID_01533,다사45755175,마포구,상암동,24.6,False,0.0,0.0,0.0,0.0,0.0,0.0,0.0
GRID_01534,다사45755200,마포구,상암동,52.9,False,0.0,0.0,0.0,0.0,0.0,0.0,0.0
GRID_01535,다사45755225,마포구,상암동,35.7,False,0.1336,0.0,0.0727,0.0045,0.0,0.0025,0.0007
GRID_01536,다사45755250,마포구,상암동,30.0,False,1.9043,0.0,1.0359,0.0643,0.0,0.035,0.0102
GRID_01537,다사45755275,마포구,상암동,93.7,False,3.9433,0.0,2.1452,0.1332,0.0,0.0725,0.0159
GRID_01538,다사45755300,마포구,상암동,129.3,False,3.4231,0.0,1.8622,0.1156,0.0,0.0629,0.0129
GRID_01539,다사45755325,마포구,상암동,263.6,False,5.1422,0.0,2.7974,0.1737,0.0,0.0945,0.0169
GRID_01540,다사45755350,마포구,상암동,437.1,False,11.8341,0.0169,6.4455,0.3998,0.003,0.2189,0.036
GRID_01541,다사45755375,마포구,상암동,1479.0,False,12.8316,0.0051,6.9827,0.4335,0.0009,0.2362,0.0324
GRID_01542,다사45755400,마포구,상암동,181.2,False,7.0997,0.0,3.8622,0.2398,0.0,0.1305,0.0251
GRID_01543,다사45755425,은평구,수색동,813.5,False,4.0343,0.0,2.1946,0.1363,0.0,0.0741,0.0111
GRID_01544,다사45755450,은평구,수색동,58.6,False,2.2842,0.0,1.2426,0.0772,0.0,0.042,0.0103
GRID_01545,다사45755475,은평구,수색동,44.6,False,0.9635,0.0,0.5241,0.0325,0.0,0.0177,0.0046
GRID_01546,다사45755500,은평구,수색동,0.0,True,0.1108,0.0,0.0603,0.0,0.0,0.0,0.0
GRID_01547,다사46003925,금천구,독산동,0.0,True,0.6371,0.4454,0.5497,0.0,0.0,0.0,0.0
GRID_01548,다사46003950,금천구,독산동,1666.3,False,1.8213,0.6331,1.2795,0.0615,0.1129,0.085,0.0115
GRID_01549,다사46003975,금천구,독산동,14.6,False,4.8488,0.6517,2.9349,0.1638,0.1162,0.1421,0.0517
GRID_01550,다사46004000,금천구,독산동,1057.5,False,3.9411,0.496,2.3702,0.1331,0.0885,0.1128,0.0162
GRID_01551,다사46004025,금천구,독산동,2283.6,False,2.2301,0.5181,1.4494,0.0753,0.0924,0.0831,0.0107
GRID_01552,다사46004050,금천구,독산동,6948.2,False,2.1516,0.7061,1.4924,0.0727,0.1259,0.097,0.011
GRID_01553,다사46004075,금천구,독산동,951.7,False,6.5861,0.9338,4.0087,0.2225,0.1665,0.197,0.0287
GRID_01554,다사46004100,금천구,독산동,757.7,False,8.4432,0.9313,5.0178,0.2852,0.1661,0.2309,0.0348
GRID_01555,다사46004125,금천구,독산동,48.4,False,5.3009,0.6992,3.2025,0.1791,0.1247,0.1543,0.0396
GRID_01556,다사46004150,금천구,독산동,4202.7,False,6.7225,0.3003,3.794,0.2271,0.0536,0.148,0.0177
GRID_01557,다사46004175,금천구,가산동,6526.6,False,7.0955,0.0,3.86,0.2397,0.0,0.1304,0.0148
GRID_01558,다사46004200,금천구,가산동,1296.3,False,9.1684,0.0,4.9876,0.3097,0.0,0.1685,0.0235
GRID_01559,다사46004225,금천구,가산동,1558.0,False,9.7463,0.2867,5.4327,0.3292,0.0511,0.2024,0.0275
GRID_01560,다사46004250,구로구,가리봉동,677.6,False,6.8197,0.8112,4.0798,0.2304,0.1447,0.1913,0.0293
GRID_01561,다사46004275,구로구,가리봉동,225.6,False,3.8536,0.862,2.4894,0.1302,0.1537,0.1409,0.026
GRID_01562,다사46004300,구로구,구로동,13.3,False,7.056,0.8253,4.2148,0.2384,0.1472,0.1968,0.074
GRID_01563,다사46004325,구로구,구로동,1759.6,False,9.5015,0.9889,5.6198,0.321,0.1764,0.255,0.0341
GRID_01564,다사46004350,구로구,구로동,1670.9,False,9.5387,1.4111,5.8325,0.3222,0.2517,0.2901,0.0391
GRID_01565,다사46004375,구로구,구로동,959.9,False,7.0754,1.3404,4.4602,0.239,0.2391,0.239,0.0348
GRID_01566,다사46004400,구로구,구로동,435.5,False,10.6417,1.1786,6.3265,0.3595,0.2102,0.2914,0.0479
GRID_01567,다사46004425,구로구,구로동,966.4,False,11.1565,0.6315,6.3571,0.3769,0.1126,0.2564,0.0373
GRID_01568,다사46004450,구로구,구로동,3011.4,False,6.7352,0.0451,3.6845,0.2275,0.008,0.1274,0.0159
GRID_01569,다사46004475,구로구,구로동,1787.7,False,4.1892,0.069,2.3104,0.1415,0.0123,0.0826,0.011
GRID_01570,다사46004500,구로구,구로동,2052.9,False,3.3205,1.4078,2.4483,0.1122,0.2511,0.1755,0.023
GRID_01571,다사46004525,구로구,구로동,735.2,False,5.7616,2.393,4.2255,0.1946,0.4268,0.3005,0.0455
GRID_01572,다사46004550,구로구,신도림동,1342.0,False,10.0395,2.9137,6.7901,0.3391,0.5197,0.4215,0.0585
GRID_01573,다사46004575,구로구,신도림동,118.0,False,9.423,2.7284,6.3702,0.3183,0.4866,0.3951,0.0827
GRID_01574,다사46004600,영등포구,문래동4가,1626.8,False,6.5996,2.1453,4.5684,0.2229,0.3826,0.2958,0.04
GRID_01575,다사46004625,영등포구,문래동4가,891.1,False,4.6845,1.2307,3.1096,0.1582,0.2195,0.1862,0.0274
GRID_01576,다사46004650,영등포구,문래동3가,52.8,False,4.9573,0.7817,3.0532,0.1675,0.1394,0.1547,0.0388
GRID_01577,다사46004675,영등포구,문래동3가,307.2,False,6.2454,0.9713,3.8404,0.211,0.1732,0.1938,0.0338
GRID_01578,다사46004700,영등포구,양평동1가,904.8,False,5.5981,1.2593,3.6196,0.1891,0.2246,0.2053,0.0302
GRID_01579,다사46004725,영등포구,양평동1가,579.5,False,5.6681,1.2166,3.6382,0.1915,0.217,0.2031,0.0319
GRID_01580,다사46004750,영등포구,양평동3가,1012.4,False,5.4614,1.1598,3.4999,0.1845,0.2068,0.1947,0.0281
GRID_01581,다사46004775,영등포구,양평동3가,317.0,False,2.3034,0.7225,1.5826,0.0778,0.1289,0.1011,0.0175
GRID_01582,다사46004800,영등포구,양평동3가,1104.3,False,1.1228,0.0887,0.6513,0.0379,0.0158,0.0279,0.004
GRID_01583,다사46004825,영등포구,양평동,37.0,False,2.7775,0.1824,1.5941,0.0938,0.0325,0.0659,0.0181
GRID_01584,다사46004850,영등포구,양평동,35.0,False,2.9042,0.3588,1.7435,0.0981,0.064,0.0825,0.023
GRID_01585,다사46004875,영등포구,양평동,1213.7,False,2.148,0.4379,1.3682,0.0726,0.0781,0.0751,0.0106
GRID_01586,다사46004900,영등포구,양평동5가,1181.6,False,2.4349,0.4021,1.5079,0.0823,0.0717,0.0774,0.0109
GRID_01587,다사46004925,영등포구,양평동6가,1426.3,False,3.2785,0.3345,1.936,0.1108,0.0597,0.0875,0.012
GRID_01588,다사46004950,영등포구,양화동,1421.2,False,2.2059,0.1459,1.2665,0.0745,0.026,0.0524,0.0072
GRID_01589,다사46004975,영등포구,양화동,127.8,False,0.6355,0.0806,0.3825,0.0215,0.0144,0.0182,0.0038
GRID_01590,다사46005000,영등포구,양화동,108.0,False,0.0,0.0,0.0,0.0,0.0,0.0,0.0
GRID_01591,다사46005025,영등포구,양화동,40.3,False,0.0,0.0,0.0,0.0,0.0,0.0,0.0
GRID_01592,다사46005050,마포구,망원동,18.7,False,0.0,0.0,0.0,0.0,0.0,0.0,0.0
GRID_01593,다사46005075,마포구,상암동,0.0,True,0.0,0.0,0.0,0.0,0.0,0.0,0.0
GRID_01594,다사46005100,마포구,상암동,14.4,False,0.0,0.0,0.0,0.0,0.0,0.0,0.0
GRID_01595,다사46005125,마포구,상암동,120.2,False,0.0,0.0,0.0,0.0,0.0,0.0,0.0
GRID_01596,다사46005150,마포구,상암동,106.2,False,0.0,0.0,0.0,0.0,0.0,0.0,0.0
GRID_01597,다사46005175,마포구,상암동,124.1,False,0.2376,0.0,0.1292,0.008,0.0,0.0044,0.0009
GRID_01598,다사46005200,마포구,상암동,27.1,False,0.7505,0.0,0.4083,0.0254,0.0,0.0138,0.0041
GRID_01599,다사46005225,마포구,상암동,39.2,False,0.7934,0.0,0.4316,0.0268,0.0,0.0146,0.0039
GRID_01600,다사46005250,마포구,상암동,12.6,False,1.6891,0.0,0.9189,0.0571,0.0,0.031,0.0119
GRID_01601,다사46005275,마포구,상암동,3559.8,False,3.3352,0.0,1.8143,0.1127,0.0,0.0613,0.0075
GRID_01602,다사46005300,마포구,상암동,1503.3,False,5.4036,0.0505,2.9626,0.1825,0.009,0.1034,0.0141
GRID_01603,다사46005325,마포구,상암동,1836.3,False,7.5128,0.1105,4.1374,0.2538,0.0197,0.1471,0.0196
GRID_01604,다사46005350,마포구,상암동,711.0,False,9.2974,0.1209,5.1129,0.3141,0.0216,0.1807,0.0275
GRID_01605,다사46005375,마포구,상암동,922.3,False,8.5472,0.1058,4.6979,0.2887,0.0189,0.1657,0.0243
GRID_01606,다사46005400,은평구,수색동,86.3,False,4.6793,0.0499,2.5683,0.1581,0.0089,0.0901,0.0201
GRID_01607,다사46005425,은평구,수색동,322.8,False,2.0955,0.0,1.14,0.0708,0.0,0.0385,0.0067
GRID_01608,다사46005450,은평구,수색동,0.0,True,0.0797,0.0,0.0434,0.0,0.0,0.0,0.0
GRID_01609,다사46253850,금천구,시흥동,0.0,True,0.0,0.0,0.0,0.0,0.0,0.0,0.0
GRID_01610,다사46253875,금천구,시흥동,0.0,True,0.0,0.0,0.0,0.0,0.0,0.0,0.0
GRID_01611,다사46253900,금천구,시흥동,0.0,True,0.3888,0.2212,0.3124,0.0,0.0,0.0,0.0
GRID_01612,다사46253925,금천구,시흥동,24.1,False,1.0739,0.5463,0.8333,0.0363,0.0974,0.0642,0.0199
GRID_01613,다사46253950,금천구,독산동,479.5,False,3.4381,0.7455,2.2102,0.1161,0.1329,0.1238,0.0201
GRID_01614,다사46253975,금천구,시흥동,45.2,False,5.405,0.7652,3.2893,0.1826,0.1365,0.1616,0.0421
GRID_01615,다사46254000,금천구,독산동,1440.4,False,4.2957,0.6,2.6105,0.1451,0.107,0.1277,0.0176
GRID_01616,다사46254025,금천구,독산동,2340.4,False,2.9238,0.4269,1.7852,0.0988,0.0761,0.0885,0.0114
GRID_01617,다사46254050,금천구,독산동,18.2,False,1.9398,0.4904,1.2789,0.0655,0.0875,0.0755,0.0256
GRID_01618,다사46254075,금천구,독산동,2490.4,False,4.8654,0.6962,2.9643,0.1644,0.1242,0.146,0.0187
GRID_01619,다사46254100,금천구,독산동,50.9,False,7.557,0.694,4.4275,0.2553,0.1238,0.1953,0.0495
GRID_01620,다사46254125,금천구,독산동,2507.2,False,8.6647,0.4842,4.9344,0.2927,0.0864,0.1986,0.0254
GRID_01621,다사46254150,금천구,가산동,807.3,False,9.6509,0.1236,5.3065,0.326,0.0221,0.1874,0.028
GRID_01622,다사46254175,금천구,가산동,1626.0,False,9.0172,0.0,4.9054,0.3046,0.0,0.1657,0.0224
GRID_01623,다사46254200,금천구,가산동,1146.9,False,9.4168,0.0,5.1227,0.3181,0.0,0.1731,0.0246
GRID_01624,다사46254225,구로구,가리봉동,499.3,False,9.0014,0.0,4.8967,0.3041,0.0,0.1654,0.0266
GRID_01625,다사46254250,구로구,구로동,247.5,False,7.4867,0.0734,4.1062,0.2529,0.0131,0.1436,0.026
GRID_01626,다사46254275,구로구,구로동,733.3,False,6.2599,0.6282,3.6919,0.2115,0.112,0.1661,0.0252
GRID_01627,다사46254300,구로구,구로동,1903.1,False,5.4046,0.8265,3.317,0.1826,0.1474,0.1665,0.0221
GRID_01628,다사46254325,구로구,구로동,1862.1,False,7.0212,1.3199,4.4214,0.2372,0.2354,0.2364,0.0314
GRID_01629,다사46254350,구로구,구로동,411.5,False,9.9619,1.7784,6.2302,0.3365,0.3172,0.3277,0.0544
GRID_01630,다사46254375,구로구,구로동,1609.1,False,13.3535,2.0167,8.1839,0.4511,0.3597,0.4094,0.0554
GRID_01631,다사46254400,구로구,구로동,570.6,False,10.1005,1.8782,6.3512,0.3412,0.335,0.3384,0.0533
GRID_01632,다사46254425,구로구,구로동,1773.1,False,7.2357,1.2495,4.506,0.2444,0.2228,0.2346,0.0314
GRID_01633,다사46254450,구로구,구로동,1931.7,False,4.8746,0.2973,2.7873,0.1647,0.053,0.1138,0.015
GRID_01634,다사46254475,영등포구,대림동,1205.2,False,2.7419,0.0,1.4916,0.0926,0.0,0.0504,0.0071
GRID_01635,다사46254500,영등포구,대림동,38.7,False,3.0796,1.1635,2.2059,0.104,0.2075,0.1512,0.0411
GRID_01636,다사46254525,구로구,구로동,511.6,False,6.3959,2.223,4.4931,0.2161,0.3965,0.2983,0.0478
GRID_01637,다사46254550,영등포구,대림동,421.4,False,6.7203,2.731,4.9012,0.227,0.4871,0.3456,0.0572
GRID_01638,다사46254575,영등포구,문래동1가,949.7,False,3.238,2.5481,2.9234,0.1094,0.4544,0.2667,0.0389
GRID_01639,다사46254600,영등포구,문래동2가,1693.0,False,3.9619,2.1745,3.1468,0.1338,0.3878,0.2497,0.0336
GRID_01640,다사46254625,영등포구,문래동4가,769.9,False,6.3467,1.3271,4.0578,0.2144,0.2367,0.2246,0.0338
GRID_01641,다사46254650,영등포구,문래동3가,1724.5,False,6.3368,1.0766,3.9381,0.2141,0.192,0.204,0.0274
GRID_01642,다사46254675,영등포구,문래동3가,442.8,False,8.0288,1.4772,5.0413,0.2712,0.2635,0.2677,0.0439
GRID_01643,다사46254700,영등포구,당산동2가,3706.5,False,6.7613,1.8238,4.5098,0.2284,0.3253,0.2726,0.0332
GRID_01644,다사46254725,영등포구,당산동2가,1384.9,False,5.6191,1.7623,3.8604,0.1898,0.3143,0.2466,0.0341
GRID_01645,다사46254750,영등포구,당산동3가,1882.5,False,5.511,1.513,3.6879,0.1862,0.2698,0.2243,0.0297
GRID_01646,다사46254775,영등포구,양평동3가,295.0,False,3.2412,1.0372,2.2362,0.1095,0.185,0.1439,0.0253
GRID_01647,다사46254800,영등포구,양평동3가,2515.2,False,4.795,0.3028,2.7465,0.162,0.054,0.1127,0.0144
GRID_01648,다사46254825,영등포구,양평동3가,669.7,False,7.6414,0.2511,4.2714,0.2581,0.0448,0.1608,0.0247
GRID_01649,다사46254850,영등포구,양평동4가,574.9,False,7.8503,0.4396,4.471,0.2652,0.0784,0.18,0.0283
GRID_01650,다사46254875,영등포구,양평동5가,1939.0,False,7.9088,0.5242,4.5414,0.2672,0.0935,0.188,0.0248
GRID_01651,다사46254900,영등포구,양평동5가,2073.0,False,6.145,0.4816,3.5625,0.2076,0.0859,0.1521,0.0199
GRID_01652,다사46254925,영등포구,양평동5가,555.6,False,2.7339,0.3236,1.6348,0.0924,0.0577,0.0766,0.0121
GRID_01653,다사46254950,영등포구,양화동,73.5,False,1.0108,0.0919,0.5918,0.0341,0.0164,0.026,0.006
GRID_01654,다사46254975,영등포구,양화동,0.0,True,0.1111,0.0,0.0605,0.0,0.0,0.0,0.0
GRID_01655,다사46255000,영등포구,양화동,0.0,True,0.0,0.0,0.0,0.0,0.0,0.0,0.0
GRID_01656,다사46255025,마포구,망원동,0.0,True,0.0,0.0,0.0,0.0,0.0,0.0,0.0
GRID_01657,다사46255050,마포구,망원동,82.3,False,0.4486,0.0,0.244,0.0152,0.0,0.0082,0.0019
GRID_01658,다사46255075,마포구,망원동,39.0,False,0.4374,0.0,0.2379,0.0148,0.0,0.008,0.0022
GRID_01659,다사46255100,마포구,상암동,31.7,False,0.0,0.0,0.0,0.0,0.0,0.0,0.0
GRID_01660,다사46255125,마포구,상암동,1218.1,False,0.0,0.0,0.0,0.0,0.0,0.0,0.0
GRID_01661,다사46255150,마포구,상암동,89.9,False,0.0,0.0,0.0,0.0,0.0,0.0,0.0
GRID_01662,다사46255175,마포구,상암동,118.4,False,0.5054,0.0142,0.2814,0.0171,0.0025,0.0104,0.0022
GRID_01663,다사46255200,마포구,상암동,86.5,False,2.4851,0.1755,1.432,0.084,0.0313,0.0599,0.0134
GRID_01664,다사46255225,마포구,성산동,50.6,False,2.6015,0.2458,1.5273,0.0879,0.0438,0.0678,0.0172
GRID_01665,다사46255250,마포구,성산동,96.2,False,0.8386,0.2057,0.55,0.0283,0.0367,0.0321,0.007
GRID_01666,다사46255275,마포구,상암동,2141.5,False,2.241,0.28,1.3468,0.0757,0.0499,0.064,0.0083
GRID_01667,다사46255300,마포구,상암동,775.4,False,5.8583,0.5852,3.4538,0.1979,0.1044,0.1553,0.0233
GRID_01668,다사46255325,마포구,상암동,1314.2,False,6.4826,0.6304,3.814,0.219,0.1124,0.1704,0.0237
GRID_01669,다사46255350,마포구,상암동,938.2,False,5.4936,0.4369,3.1877,0.1856,0.0779,0.1365,0.0199
GRID_01670,다사46255375,은평구,수색동,1572.5,False,5.1142,0.1802,2.8643,0.1728,0.0321,0.1086,0.0148
GRID_01671,다사46255400,은평구,수색동,3279.7,False,2.8365,0.1152,1.5956,0.0958,0.0205,0.0615,0.0076
GRID_01672,다사46255425,은평구,수색동,1180.3,False,0.2699,0.02,0.1559,0.0091,0.0036,0.0066,0.0009
GRID_01673,다사46255450,은평구,수색동,0.0,True,0.0,0.0,0.0,0.0,0.0,0.0,0.0
GRID_01674,다사46503825,금천구,시흥동,0.0,True,0.0,0.0,0.0,0.0,0.0,0.0,0.0
GRID_01675,다사46503850,금천구,시흥동,0.0,True,0.0,0.0,0.0,0.0,0.0,0.0,0.0
GRID_01676,다사46503875,금천구,시흥동,72.7,False,0.0,0.0,0.0,0.0,0.0,0.0,0.0
GRID_01677,다사46503900,금천구,시흥동,600.7,False,1.2936,0.1676,0.7802,0.0437,0.0299,0.0374,0.0058
GRID_01678,다사46503925,금천구,시흥동,47.1,False,2.1497,0.4805,1.3885,0.0726,0.0857,0.0786,0.0203
GRID_01679,다사46503950,금천구,시흥동,8.8,False,3.7032,0.6721,2.3211,0.1251,0.1199,0.1227,0.0538
GRID_01680,다사46503975,금천구,시흥동,38.4,False,5.495,0.6911,3.3044,0.1856,0.1233,0.1572,0.0428
GRID_01681,다사46504000,금천구,독산동,267.1,False,4.309,0.5321,2.5868,0.1456,0.0949,0.1225,0.0219
GRID_01682,다사46504025,금천구,독산동,1126.3,False,2.2526,0.2384,1.3341,0.0761,0.0425,0.0608,0.0086
GRID_01683,다사46504050,금천구,독산동,88.7,False,2.4747,0.1248,1.4032,0.0836,0.0223,0.0556,0.0124
GRID_01684,다사46504075,금천구,독산동,2008.5,False,4.5286,0.2936,2.5974,0.153,0.0524,0.1071,0.0141
GRID_01685,다사46504100,금천구,독산동,2456.6,False,6.8581,0.2917,3.8638,0.2317,0.052,0.1498,0.0192
GRID_01686,다사46504125,금천구,독산동,0.0,True,9.6107,0.1197,5.2828,0.0,0.0,0.0,0.0
GRID_01687,다사46504150,금천구,독산동,1852.0,False,10.2444,0.0,5.5729,0.3461,0.0,0.1883,0.025
GRID_01688,다사46504175,금천구,독산동,1012.1,False,9.4318,0.0,5.1309,0.3186,0.0,0.1733,0.025
GRID_01689,다사46504200,금천구,가산동,1012.0,False,8.2824,0.0,4.5056,0.2798,0.0,0.1522,0.022
GRID_01690,다사46504225,구로구,구로동,812.5,False,5.5241,0.0,3.0051,0.1866,0.0,0.1015,0.0151
GRID_01691,다사46504250,구로구,구로동,2765.5,False,7.1054,0.6547,4.1638,0.24,0.1168,0.1838,0.0232
GRID_01692,다사46504275,구로구,구로동,667.6,False,9.3289,1.1391,5.5944,0.3151,0.2031,0.2641,0.0406
GRID_01693,다사46504300,구로구,구로동,1142.9,False,5.7098,1.2454,3.674,0.1929,0.2221,0.2062,0.0293
GRID_01694,다사46504325,구로구,구로동,1769.9,False,2.4194,1.9298,2.1961,0.0817,0.3442,0.2014,0.0269
GRID_01695,다사46504350,영등포구,대림동,1044.4,False,5.5134,2.1379,3.9742,0.1863,0.3813,0.2752,0.0396
GRID_01696,다사46504375,영등포구,대림동,395.5,False,11.0034,2.253,7.0132,0.3717,0.4018,0.3854,0.0644
GRID_01697,다사46504400,영등포구,대림동,1338.1,False,9.3639,2.1076,6.055,0.3163,0.3759,0.3435,0.0477
GRID_01698,다사46504425,영등포구,대림동,845.4,False,6.8738,1.4514,4.4012,0.2322,0.2589,0.2444,0.0362
GRID_01699,다사46504450,영등포구,대림동,539.2,False,8.2827,0.4585,4.7148,0.2798,0.0818,0.1895,0.0301
GRID_01700,다사46504475,영등포구,대림동,627.3,False,6.68,0.0,3.6339,0.2257,0.0,0.1228,0.0191
GRID_01701,다사46504500,영등포구,대림동,2571.1,False,4.5219,0.5042,2.6898,0.1528,0.0899,0.1241,0.0158
GRID_01702,다사46504525,영등포구,대림동,1134.9,False,4.28,1.4417,2.9857,0.1446,0.2571,0.1959,0.0278
GRID_01703,다사46504550,영등포구,도림동,2116.3,False,5.4055,1.8911,3.8029,0.1826,0.3373,0.2531,0.0331
GRID_01704,다사46504575,영등포구,도림동,1358.9,False,4.8661,1.7292,3.4356,0.1644,0.3084,0.2301,0.0319
GRID_01705,다사46504600,영등포구,문래동2가,1395.4,False,3.7746,1.4632,2.7206,0.1275,0.261,0.1884,0.026
GRID_01706,다사46504625,영등포구,문래동3가,27.5,False,5.2293,0.8616,3.2377,0.1767,0.1537,0.1662,0.0496
GRID_01707,다사46504650,영등포구,문래동3가,894.8,False,6.0,1.1157,3.7727,0.2027,0.199,0.201,0.0296
GRID_01708,다사46504675,영등포구,문래동3가,1654.3,False,7.4019,1.6256,4.7679,0.25,0.2899,0.2682,0.0362
GRID_01709,다사46504700,영등포구,당산동1가,3086.3,False,6.2333,1.9538,4.2818,0.2106,0.3484,0.2734,0.034
GRID_01710,다사46504725,영등포구,당산동3가,1197.5,False,5.9606,1.8234,4.074,0.2014,0.3252,0.2578,0.0364
GRID_01711,다사46504750,영등포구,당산동3가,1855.3,False,5.9384,1.5516,3.938,0.2006,0.2767,0.2353,0.0313
GRID_01712,다사46504775,영등포구,당산동4가,1040.0,False,4.725,1.1227,3.0824,0.1596,0.2002,0.1781,0.0256
GRID_01713,다사46504800,영등포구,당산동4가,1026.6,False,6.7276,0.8056,4.0272,0.2273,0.1437,0.1891,0.0273
GRID_01714,다사46504825,영등포구,양평동4가,236.7,False,7.0198,0.9568,4.2551,0.2371,0.1707,0.2068,0.0378
GRID_01715,다사46504850,영등포구,양평동4가,3132.4,False,6.6592,1.1162,4.1316,0.225,0.1991,0.2132,0.0265
GRID_01716,다사46504875,영등포구,양평동4가,3110.2,False,6.5387,0.7921,3.9182,0.2209,0.1413,0.1846,0.023
GRID_01717,다사46504900,영등포구,양평동4가,272.8,False,3.8435,0.442,2.2924,0.1298,0.0788,0.1066,0.019
GRID_01718,다사46504925,영등포구,양화동,64.1,False,0.6807,0.2888,0.502,0.023,0.0515,0.036,0.0086
GRID_01719,다사46504950,영등포구,양화동,0.0,True,0.1383,0.0642,0.1045,0.0,0.0,0.0,0.0
GRID_01720,다사46504975,영등포구,양화동,0.0,True,0.0,0.0,0.0,0.0,0.0,0.0,0.0
GRID_01721,다사46505000,영등포구,양화동,0.0,True,0.0,0.0,0.0,0.0,0.0,0.0,0.0
GRID_01722,다사46505025,마포구,망원동,0.0,True,0.0426,0.0,0.0232,0.0,0.0,0.0,0.0
GRID_01723,다사46505050,마포구,망원동,38.8,False,0.7823,0.0,0.4256,0.0264,0.0,0.0144,0.0039
GRID_01724,다사46505075,마포구,망원동,139.6,False,2.9028,0.0,1.5791,0.0981,0.0,0.0533,0.0108
GRID_01725,다사46505100,마포구,망원동,237.5,False,1.1933,0.0,0.6492,0.0403,0.0,0.0219,0.004
GRID_01726,다사46505125,마포구,성산동,63.7,False,1.4129,0.0449,0.7891,0.0477,0.008,0.0296,0.0071
GRID_01727,다사46505150,마포구,성산동,22.7,False,0.4186,0.1785,0.3091,0.0141,0.0318,0.0222,0.007
GRID_01728,다사46505175,마포구,성산동,51.0,False,1.805,0.3667,1.1492,0.061,0.0654,0.063,0.0159
GRID_01729,다사46505200,마포구,성산동,111.6,False,4.1454,0.4158,2.4447,0.14,0.0742,0.11,0.0233
GRID_01730,다사46505225,마포구,성산동,27.7,False,2.7008,0.4704,1.6837,0.0912,0.0839,0.0879,0.0262
GRID_01731,다사46505250,마포구,성산동,43.3,False,1.2579,0.6927,1.0001,0.0425,0.1235,0.0794,0.021
GRID_01732,다사46505275,마포구,상암동,207.7,False,3.7091,1.2165,2.5725,0.1253,0.217,0.1671,0.0313
GRID_01733,다사46505300,마포구,상암동,2114.8,False,6.3482,1.4516,4.1154,0.2145,0.2589,0.2347,0.0307
GRID_01734,다사46505325,마포구,상암동,170.6,False,5.129,1.4717,3.4613,0.1733,0.2625,0.2139,0.0416
GRID_01735,다사46505350,은평구,수색동,24.8,False,4.8058,1.0583,3.097,0.1623,0.1888,0.1744,0.0537
GRID_01736,다사46505375,은평구,수색동,1608.1,False,5.744,0.4364,3.3238,0.194,0.0778,0.1411,0.0191
GRID_01737,다사46505400,은평구,수색동,2248.8,False,2.8789,0.1406,1.6302,0.0973,0.0251,0.0643,0.0083
GRID_01738,다사46505425,은평구,수색동,51.3,False,0.0139,0.0402,0.0259,0.0005,0.0072,0.0035,0.0009
GRID_01739,다사46505450,은평구,수색동,0.0,True,0.0,0.0,0.0,0.0,0.0,0.0,0.0
GRID_01740,다사46753750,금천구,시흥동,0.0,True,1.3146,0.647,1.0102,0.0,0.0,0.0,0.0
GRID_01741,다사46753775,금천구,시흥동,45.7,False,0.591,0.4693,0.5355,0.02,0.0837,0.049,0.0128
GRID_01742,다사46753800,금천구,시흥동,61.2,False,0.9138,0.1704,0.5748,0.0309,0.0304,0.0307,0.0074
GRID_01743,다사46753825,금천구,시흥동,44.5,False,0.082,0.0,0.0446,0.0028,0.0,0.0015,0.0004
GRID_01744,다사46753850,금천구,시흥동,3223.4,False,0.0575,0.0,0.0313,0.0019,0.0,0.0011,0.0001
GRID_01745,다사46753875,금천구,시흥동,2072.2,False,1.2547,0.0,0.6826,0.0424,0.0,0.0231,0.003
GRID_01746,다사46753900,금천구,시흥동,246.7,False,3.2892,0.0,1.7893,0.1111,0.0,0.0604,0.011
GRID_01747,다사46753925,금천구,시흥동,40.1,False,6.9561,0.2662,3.9055,0.235,0.0475,0.1495,0.0402
GRID_01748,다사46753950,금천구,시흥동,3449.6,False,6.455,0.4335,3.7092,0.2181,0.0773,0.1539,0.0189
GRID_01749,다사46753975,금천구,시흥동,1219.3,False,3.877,0.4501,2.3143,0.131,0.0803,0.1079,0.0152
GRID_01750,다사46754000,금천구,독산동,2214.9,False,2.2732,0.3113,1.3786,0.0768,0.0555,0.0671,0.0087
GRID_01751,다사46754025,금천구,독산동,4051.1,False,1.2853,0.0549,0.7243,0.0434,0.0098,0.0281,0.0034
GRID_01752,다사46754050,금천구,독산동,1204.9,False,2.2088,0.0,1.2016,0.0746,0.0,0.0406,0.0057
GRID_01753,다사46754075,금천구,독산동,768.0,False,4.2448,0.0,2.3091,0.1434,0.0,0.078,0.0117
GRID_01754,다사46754100,금천구,독산동,1845.4,False,5.2063,0.0,2.8322,0.1759,0.0,0.0957,0.0127
GRID_01755,다사46754125,금천구,독산동,732.4,False,6.7377,0.0,3.6653,0.2276,0.0,0.1238,0.0188
GRID_01756,다사46754150,금천구,독산동,110.4,False,5.8631,0.0,3.1895,0.1981,0.0,0.1077,0.0229
GRID_01757,다사46754175,금천구,독산동,647.6,False,4.877,0.0,2.6531,0.1648,0.0,0.0896,0.0138
GRID_01758,다사46754200,금천구,독산동,692.1,False,4.7676,0.0,2.5935,0.1611,0.0,0.0876,0.0134
GRID_01759,다사46754225,관악구,신림동,11.7,False,2.2718,0.3302,1.3864,0.0767,0.0589,0.0686,0.027
GRID_01760,다사46754250,구로구,구로동,1489.1,False,8.5171,1.1711,5.1673,0.2877,0.2089,0.2518,0.0345
GRID_01761,다사46754275,구로구,구로동,794.0,False,17.7421,1.7219,10.4369,0.5994,0.3071,0.4661,0.0698
GRID_01762,다사46754300,구로구,구로동,1211.6,False,9.0436,1.8364,5.7571,0.3055,0.3275,0.3155,0.0444
GRID_01763,다사46754325,영등포구,대림동,1360.6,False,3.0503,2.2418,2.6817,0.103,0.3998,0.2384,0.033
GRID_01764,다사46754350,영등포구,대림동,1626.9,False,3.5553,2.3167,2.9905,0.1201,0.4132,0.2537,0.0343
GRID_01765,다사46754375,영등포구,대림동,463.5,False,6.4077,1.9427,4.3716,0.2165,0.3465,0.2757,0.0449
GRID_01766,다사46754400,영등포구,대림동,1445.8,False,6.9664,1.804,4.6123,0.2353,0.3217,0.2747,0.0378
GRID_01767,다사46754425,영등포구,대림동,19.9,False,8.5107,1.182,5.1688,0.2875,0.2108,0.2525,0.0831
GRID_01768,다사46754450,영등포구,대림동,2336.6,False,10.9899,0.2416,6.0887,0.3713,0.0431,0.2216,0.0286
GRID_01769,다사46754475,영등포구,대림동,3010.3,False,10.0396,0.0,5.4616,0.3392,0.0,0.1845,0.023
GRID_01770,다사46754500,영등포구,대림동,357.4,False,8.2639,0.0,4.4956,0.2792,0.0,0.1519,0.0258
GRID_01771,다사46754525,영등포구,도림동,3146.3,False,5.1982,0.2563,2.9447,0.1756,0.0457,0.1164,0.0144
GRID_01772,다사46754550,영등포구,도림동,938.5,False,7.5148,0.617,4.3694,0.2539,0.11,0.1883,0.0275
GRID_01773,다사46754575,영등포구,도림동,418.2,False,7.1096,0.487,4.0897,0.2402,0.0869,0.1703,0.0282
GRID_01774,다사46754600,영등포구,문래동1가,559.9,False,4.1806,0.2745,2.3994,0.1412,0.049,0.0992,0.0157
GRID_01775,다사46754625,영등포구,문래동3가,746.7,False,2.5049,0.7223,1.692,0.0846,0.1288,0.1048,0.0158
GRID_01776,다사46754650,영등포구,문래동3가,5438.5,False,2.6502,0.8156,1.8137,0.0895,0.1455,0.115,0.0134
GRID_01777,다사46754675,영등포구,당산동1가,959.8,False,3.0994,1.407,2.3276,0.1047,0.2509,0.1714,0.025
GRID_01778,다사46754700,영등포구,당산동1가,659.4,False,2.4231,1.8333,2.1541,0.0819,0.327,0.1936,0.0298
GRID_01779,다사46754725,영등포구,당산동3가,1237.8,False,4.1581,1.708,3.0409,0.1405,0.3046,0.2153,0.0302
GRID_01780,다사46754750,영등포구,당산동3가,1840.2,False,3.9922,1.4697,2.8419,0.1349,0.2621,0.1929,0.0257
GRID_01781,다사46754775,영등포구,당산동4가,2592.3,False,5.0453,1.3199,3.3465,0.1704,0.2354,0.2001,0.0255
GRID_01782,다사46754800,영등포구,당산동4가,3820.0,False,7.0955,1.4814,4.5355,0.2397,0.2642,0.2509,0.0304
GRID_01783,다사46754825,영등포구,당산동5가,23.3,False,10.6104,1.712,6.5527,0.3584,0.3053,0.3342,0.1048
GRID_01784,다사46754850,영등포구,양평동4가,1113.2,False,7.4547,1.8443,4.8964,0.2518,0.3289,0.287,0.0409
GRID_01785,다사46754875,영등포구,양평동4가,294.1,False,2.6185,1.4253,2.0744,0.0885,0.2542,0.164,0.0288
GRID_01786,다사46754900,영등포구,당산동,97.8,False,1.6497,0.589,1.166,0.0557,0.105,0.0782,0.017
GRID_01787,다사46754925,영등포구,당산동,0.0,True,0.7523,0.1556,0.4802,0.0,0.0,0.0,0.0
GRID_01788,다사46754950,영등포구,양화동,4.5,False,0.0,0.0,0.0,0.0,0.0,0.0,0.0
GRID_01789,다사46754975,영등포구,양화동,0.0,True,0.0,0.0,0.0,0.0,0.0,0.0,0.0
GRID_01790,다사46755000,마포구,합정동,0.0,True,0.0,0.0,0.0,0.0,0.0,0.0,0.0
GRID_01791,다사46755025,마포구,망원동,33.4,False,0.0,0.0,0.0,0.0,0.0,0.0,0.0
GRID_01792,다사46755050,마포구,망원동,2338.2,False,3.2064,0.0,1.7443,0.1083,0.0,0.0589,0.0076
GRID_01793,다사46755075,마포구,망원동,908.0,False,7.6232,0.0,4.147,0.2575,0.0,0.1401,0.0206
GRID_01794,다사46755100,마포구,망원동,1512.3,False,8.6881,0.0803,4.7629,0.2935,0.0143,0.1662,0.0227
GRID_01795,다사46755125,마포구,망원동,2037.6,False,5.9304,0.3743,3.3968,0.2003,0.0668,0.1394,0.0183
GRID_01796,다사46755150,마포구,성산동,84.6,False,3.2388,0.5531,2.0141,0.1094,0.0986,0.1045,0.0235
GRID_01797,다사46755175,마포구,성산동,131.9,False,4.0926,0.8186,2.5997,0.1383,0.146,0.1418,0.029
GRID_01798,다사46755200,마포구,성산동,174.3,False,5.9684,0.8488,3.6339,0.2016,0.1514,0.1787,0.0346
GRID_01799,다사46755225,마포구,성산동,792.0,False,4.7526,0.6383,2.8765,0.1605,0.1138,0.1393,0.0209
GRID_01800,다사46755250,마포구,성산동,51.1,False,4.2612,1.1989,2.8648,0.1439,0.2138,0.1758,0.0445
GRID_01801,다사46755275,마포구,상암동,92.6,False,7.3845,1.7831,4.8303,0.2495,0.318,0.2807,0.0618
GRID_01802,다사46755300,마포구,상암동,121.3,False,9.2809,2.0224,5.971,0.3135,0.3607,0.335,0.0697
GRID_01803,다사46755325,마포구,상암동,651.7,False,7.1883,1.9548,4.8018,0.2428,0.3486,0.2911,0.0449
GRID_01804,다사46755350,은평구,수색동,274.2,False,5.0934,1.4863,3.4485,0.1721,0.2651,0.2145,0.0382
GRID_01805,다사46755375,은평구,수색동,700.7,False,3.7851,0.6497,2.3554,0.1279,0.1159,0.1224,0.0187
GRID_01806,다사46755400,은평구,수색동,3401.6,False,3.6491,0.119,2.0394,0.1233,0.0212,0.0767,0.0094
GRID_01807,다사46755425,은평구,수색동,1218.5,False,2.3147,0.023,1.2697,0.0782,0.0041,0.0444,0.0062
GRID_01808,다사46755450,은평구,수색동,0.0,True,0.0,0.0,0.0,0.0,0.0,0.0,0.0
GRID_01809,다사46755475,은평구,신사동,0.0,True,0.0,0.0,0.0,0.0,0.0,0.0,0.0
GRID_01810,다사46755500,은평구,신사동,0.0,True,0.0,0.0,0.0,0.0,0.0,0.0,0.0
GRID_01811,다사47003725,금천구,시흥동,1001.8,False,4.3107,0.7458,2.6851,0.1456,0.133,0.1399,0.0202
GRID_01812,다사47003750,금천구,시흥동,134.5,False,5.2082,0.7368,3.1692,0.1759,0.1314,0.1556,0.0317
GRID_01813,다사47003775,금천구,시흥동,19.3,False,4.2665,0.5503,2.572,0.1441,0.0982,0.1232,0.0409
GRID_01814,다사47003800,금천구,시흥동,457.9,False,5.4437,0.2368,3.0693,0.1839,0.0422,0.1193,0.0195
GRID_01815,다사47003825,금천구,시흥동,637.9,False,3.7775,0.0,2.055,0.1276,0.0,0.0694,0.0107
GRID_01816,다사47003850,금천구,시흥동,584.4,False,4.4498,0.0,2.4207,0.1503,0.0,0.0818,0.0128
GRID_01817,다사47003875,금천구,시흥동,691.0,False,8.249,0.0,4.4874,0.2787,0.0,0.1516,0.0232
GRID_01818,다사47003900,금천구,시흥동,81.2,False,8.5514,0.0,4.652,0.2889,0.0,0.1572,0.0356
GRID_01819,다사47003925,금천구,시흥동,1195.1,False,10.1815,0.0,5.5388,0.3439,0.0,0.1871,0.0264
GRID_01820,다사47003950,금천구,시흥동,4002.4,False,8.4737,0.0922,4.6518,0.2863,0.0164,0.1632,0.0197
GRID_01821,다사47003975,금천구,시흥동,69.7,False,3.083,0.1053,1.7252,0.1041,0.0188,0.0652,0.0153
GRID_01822,다사47004000,금천구,시흥동,1315.0,False,1.7883,0.0,0.9728,0.0604,0.0,0.0329,0.0046
GRID_01823,다사47004025,금천구,독산동,423.8,False,2.2955,0.0,1.2488,0.0775,0.0,0.0422,0.007
GRID_01824,다사47004050,금천구,독산동,1467.5,False,3.0802,0.0,1.6757,0.1041,0.0,0.0566,0.0078
GRID_01825,다사47004075,금천구,독산동,1724.6,False,3.5198,0.0,1.9148,0.1189,0.0,0.0647,0.0087
GRID_01826,다사47004100,금천구,독산동,3570.4,False,4.412,0.0,2.4001,0.149,0.0,0.0811,0.0099
GRID_01827,다사47004125,금천구,독산동,1050.0,False,4.3227,0.0,2.3515,0.146,0.0,0.0794,0.0114
GRID_01828,다사47004150,금천구,독산동,817.7,False,3.4027,0.0,1.851,0.1149,0.0,0.0625,0.0093
GRID_01829,다사47004175,금천구,독산동,1277.5,False,3.1377,0.0,1.7069,0.106,0.0,0.0577,0.0081
GRID_01830,다사47004200,금천구,독산동,1988.0,False,2.7445,0.0,1.493,0.0927,0.0,0.0504,0.0066
GRID_01831,다사47004225,금천구,독산동,2412.6,False,1.5211,0.4382,1.0273,0.0514,0.0781,0.0636,0.0082
GRID_01832,다사47004250,관악구,신림동,5229.6,False,10.913,1.3055,6.5319,0.3687,0.2328,0.3067,0.0358
GRID_01833,다사47004275,구로구,구로동,1972.6,False,19.9993,1.8736,11.734,0.6756,0.3342,0.5199,0.0685
GRID_01834,다사47004300,영등포구,대림동,1103.0,False,11.6468,1.9916,7.2441,0.3934,0.3552,0.376,0.0537
GRID_01835,다사47004325,영등포구,대림동,1279.4,False,3.4102,1.8674,2.7067,0.1152,0.3331,0.2145,0.03
GRID_01836,다사47004350,영등포구,대림동,44.4,False,5.5211,1.7203,3.7879,0.1865,0.3068,0.2414,0.0633
GRID_01837,다사47004375,영등포구,대림동,754.6,False,6.4164,1.1702,4.0242,0.2168,0.2087,0.2131,0.0322
GRID_01838,다사47004400,영등포구,대림동,13.1,False,5.5786,1.0501,3.5136,0.1885,0.1873,0.1879,0.071
GRID_01839,다사47004425,영등포구,대림동,1208.3,False,6.0555,0.5324,3.537,0.2046,0.095,0.1546,0.0218
GRID_01840,다사47004450,영등포구,신길동,1152.0,False,7.6919,0.1149,4.2368,0.2598,0.0205,0.1507,0.0214
GRID_01841,다사47004475,영등포구,신길동,7.6,False,9.606,0.0891,5.2663,0.3245,0.0159,0.1838,0.0854
GRID_01842,다사47004500,영등포구,신길동,62.4,False,11.0874,0.0,6.0316,0.3745,0.0,0.2038,0.0491
GRID_01843,다사47004525,영등포구,신길동,3299.9,False,8.8473,0.0,4.8129,0.2989,0.0,0.1626,0.0201
GRID_01844,다사47004550,영등포구,도림동,2590.6,False,5.7715,0.0,3.1397,0.195,0.0,0.1061,0.0135
GRID_01845,다사47004575,영등포구,영등포동,2734.1,False,4.9749,0.1744,2.7859,0.1681,0.0311,0.1056,0.0133
GRID_01846,다사47004600,영등포구,영등포동,414.5,False,4.3989,0.7012,2.7127,0.1486,0.1251,0.1379,0.0229
GRID_01847,다사47004625,영등포구,문래동3가,171.6,False,2.675,1.171,1.9892,0.0904,0.2089,0.1444,0.028
GRID_01848,다사47004650,영등포구,영등포동4가,1026.7,False,4.2094,1.3647,2.9122,0.1422,0.2434,0.1883,0.0272
GRID_01849,다사47004675,영등포구,영등포동4가,132.4,False,4.417,1.1417,2.9234,0.1492,0.2036,0.174,0.0356
GRID_01850,다사47004700,영등포구,영등포동6가,1400.0,False,4.8012,1.1939,3.1562,0.1622,0.2129,0.1853,0.0256
GRID_01851,다사47004725,영등포구,당산동3가,2405.6,False,4.3219,1.3432,2.9636,0.146,0.2396,0.1887,0.0242
GRID_01852,다사47004750,영등포구,당산동3가,1011.2,False,4.3097,1.1767,2.881,0.1456,0.2099,0.1749,0.0253
GRID_01853,다사47004775,영등포구,당산동4가,1464.9,False,5.2753,1.2891,3.4575,0.1782,0.2299,0.2018,0.0277
GRID_01854,다사47004800,영등포구,당산동5가,2492.4,False,10.0793,1.7455,6.2791,0.3405,0.3113,0.3272,0.0418
GRID_01855,다사47004825,영등포구,당산동5가,1644.7,False,16.9832,2.1099,10.201,0.5737,0.3763,0.4837,0.0653
GRID_01856,다사47004850,영등포구,당산동6가,2854.1,False,15.7186,2.1167,9.5161,0.531,0.3775,0.461,0.0579
GRID_01857,다사47004875,영등포구,당산동,303.0,False,6.6309,1.6355,4.353,0.224,0.2917,0.2549,0.0446
GRID_01858,다사47004900,영등포구,당산동,35.1,False,2.5738,0.704,1.7212,0.0869,0.1256,0.1046,0.0292
GRID_01859,다사47004925,영등포구,당산동,174.1,False,1.8192,0.0,0.9897,0.0615,0.0,0.0334,0.0065
GRID_01860,다사47004950,영등포구,양화동,0.0,True,0.3329,0.0,0.1811,0.0,0.0,0.0,0.0
GRID_01861,다사47004975,마포구,합정동,0.0,True,0.0,0.0,0.0,0.0,0.0,0.0,0.0
GRID_01862,다사47005000,마포구,합정동,22.2,False,0.0,0.0,0.0,0.0,0.0,0.0,0.0
GRID_01863,다사47005025,마포구,망원동,16.9,False,1.2383,0.0,0.6736,0.0418,0.0,0.0228,0.0079
GRID_01864,다사47005050,마포구,망원동,924.3,False,4.3373,0.0,2.3595,0.1465,0.0,0.0797,0.0117
GRID_01865,다사47005075,마포구,망원동,2123.2,False,10.8651,0.0539,5.9352,0.367,0.0096,0.2041,0.0266
GRID_01866,다사47005100,마포구,망원동,1985.6,False,12.2226,0.2625,6.7688,0.4129,0.0468,0.246,0.0324
GRID_01867,다사47005125,마포구,망원동,3703.7,False,10.8789,0.5886,6.1865,0.3675,0.105,0.2478,0.0302
GRID_01868,다사47005150,마포구,성산동,42.2,False,7.7768,0.7756,4.5843,0.2627,0.1383,0.206,0.0547
GRID_01869,다사47005175,마포구,성산동,218.7,False,6.1157,1.0311,3.7972,0.2066,0.1839,0.1962,0.0364
GRID_01870,다사47005200,마포구,성산동,929.9,False,5.6576,1.0349,3.5496,0.1911,0.1846,0.1881,0.0275
GRID_01871,다사47005225,마포구,성산동,1787.0,False,5.8808,0.832,3.5786,0.1987,0.1484,0.1757,0.0235
GRID_01872,다사47005250,마포구,성산동,375.8,False,4.9745,1.2261,3.2652,0.168,0.2187,0.1911,0.0322
GRID_01873,다사47005275,마포구,중동,3258.5,False,6.413,1.8222,4.3196,0.2166,0.325,0.266,0.0329
GRID_01874,다사47005300,마포구,상암동,25.8,False,8.3233,2.0109,5.4448,0.2812,0.3586,0.3165,0.0962
GRID_01875,다사47005325,은평구,증산동,541.8,False,7.8041,1.9483,5.1339,0.2636,0.3475,0.3019,0.0479
GRID_01876,다사47005350,은평구,수색동,880.8,False,4.2322,1.4669,2.9712,0.143,0.2616,0.1971,0.0291
GRID_01877,다사47005375,은평구,수색동,41.5,False,0.6593,0.6759,0.6669,0.0223,0.1205,0.0671,0.0179
GRID_01878,다사47005400,은평구,수색동,387.4,False,3.1196,0.1092,1.7468,0.1054,0.0195,0.0662,0.0111
GRID_01879,다사47005425,은평구,수색동,2378.6,False,2.6229,0.0,1.4269,0.0886,0.0,0.0482,0.0062
GRID_01880,다사47005450,은평구,신사동,0.0,True,0.1121,0.0,0.061,0.0,0.0,0.0,0.0
GRID_01881,다사47005475,은평구,신사동,187.3,False,0.6059,0.0,0.3296,0.0205,0.0,0.0111,0.0021
GRID_01882,다사47005500,은평구,신사동,24.5,False,0.4293,0.0,0.2335,0.0145,0.0,0.0079,0.0024
GRID_01883,다사47005525,은평구,신사동,0.0,True,0.0481,0.0,0.0261,0.0,0.0,0.0,0.0
GRID_01884,다사47005550,은평구,신사동,0.0,True,0.035,0.0,0.019,0.0,0.0,0.0,0.0
GRID_01885,다사47005575,은평구,신사동,0.0,True,0.0823,0.0,0.0448,0.0,0.0,0.0,0.0
GRID_01886,다사47005600,은평구,신사동,65.4,False,0.0,0.0,0.0,0.0,0.0,0.0,0.0
GRID_01887,다사47005625,은평구,역촌동,0.0,True,0.0,0.0,0.0,0.0,0.0,0.0,0.0
GRID_01888,다사47005650,은평구,구산동,0.0,True,0.0,0.0,0.0,0.0,0.0,0.0,0.0
GRID_01889,다사47005675,은평구,구산동,0.0,True,0.0,0.0,0.0,0.0,0.0,0.0,0.0
GRID_01890,다사47005700,은평구,구산동,0.0,True,0.0,0.0,0.0,0.0,0.0,0.0,0.0
GRID_01891,다사47005725,은평구,구산동,0.0,True,0.0,0.0,0.0,0.0,0.0,0.0,0.0
GRID_01892,다사47005750,은평구,구산동,0.0,True,0.0,0.0,0.0,0.0,0.0,0.0,0.0
GRID_01893,다사47253725,금천구,시흥동,0.0,True,3.2801,0.6525,2.0819,0.0,0.0,0.0,0.0
GRID_01894,다사47253750,금천구,시흥동,12.9,False,3.7971,0.6439,2.3592,0.1283,0.1148,0.1221,0.0464
GRID_01895,다사47253775,금천구,시흥동,1205.2,False,3.2508,0.4665,1.9812,0.1098,0.0832,0.0977,0.0138
GRID_01896,다사47253800,금천구,시흥동,53.7,False,4.9231,0.1681,2.7549,0.1663,0.03,0.1041,0.026
GRID_01897,다사47253825,금천구,시흥동,1704.3,False,4.1319,0.0,2.2477,0.1396,0.0,0.0759,0.0102
GRID_01898,다사47253850,금천구,시흥동,562.2,False,6.029,0.0,3.2798,0.2037,0.0,0.1108,0.0175
GRID_01899,다사47253875,금천구,시흥동,1587.4,False,9.2557,0.0,5.0351,0.3127,0.0,0.1701,0.0231
GRID_01900,다사47253900,금천구,시흥동,719.1,False,10.2589,0.0,5.5808,0.3466,0.0,0.1885,0.0287
GRID_01901,다사47253925,금천구,시흥동,552.3,False,10.442,0.0,5.6804,0.3527,0.0,0.1919,0.0304
GRID_01902,다사47253950,금천구,시흥동,1412.6,False,7.4738,0.0,4.0658,0.2525,0.0,0.1373,0.0189
GRID_01903,다사47253975,금천구,시흥동,2594.8,False,4.8494,0.0,2.6381,0.1638,0.0,0.0891,0.0113
GRID_01904,다사47254000,금천구,시흥동,268.3,False,4.0134,0.0,2.1833,0.1356,0.0,0.0738,0.0132
GRID_01905,다사47254025,금천구,시흥동,2277.6,False,7.9076,0.0,4.3017,0.2671,0.0,0.1453,0.0188
GRID_01906,다사47254050,금천구,독산동,769.6,False,10.1867,0.0,5.5416,0.3441,0.0,0.1872,0.0282
GRID_01907,다사47254075,금천구,독산동,154.1,False,5.6538,0.0,3.0757,0.191,0.0,0.1039,0.0206
GRID_01908,다사47254100,금천구,독산동,233.1,False,3.9553,0.0,2.1517,0.1336,0.0,0.0727,0.0133
GRID_01909,다사47254125,금천구,독산동,4178.0,False,3.7405,0.0,2.0348,0.1264,0.0,0.0687,0.0082
GRID_01910,다사47254150,금천구,독산동,8.4,False,3.9192,0.0,2.132,0.1324,0.0,0.072,0.0321
GRID_01911,다사47254175,금천구,독산동,1966.9,False,5.0743,0.0,2.7604,0.1714,0.0,0.0933,0.0123
GRID_01912,다사47254200,금천구,독산동,2527.0,False,4.6862,0.0,2.5493,0.1583,0.0,0.0861,0.011
GRID_01913,다사47254225,금천구,독산동,709.2,False,3.7744,0.2092,2.1487,0.1275,0.0373,0.0864,0.0132
GRID_01914,다사47254250,관악구,신림동,859.3,False,7.1936,1.0204,4.3787,0.243,0.182,0.2152,0.0318
GRID_01915,다사47254275,관악구,신림동,2329.1,False,13.5496,1.5519,8.0787,0.4577,0.2768,0.3752,0.0484
GRID_01916,다사47254300,동작구,신대방동,880.3,False,8.2406,1.7568,5.284,0.2784,0.3133,0.2943,0.0434
GRID_01917,다사47254325,영등포구,대림동,643.3,False,3.975,1.456,2.8263,0.1343,0.2597,0.1915,0.0296
GRID_01918,다사47254350,영등포구,대림동,845.9,False,6.0661,0.7649,3.6488,0.2049,0.1364,0.1737,0.0258
GRID_01919,다사47254375,영등포구,대림동,543.8,False,4.6134,0.2774,2.6362,0.1558,0.0495,0.1073,0.017
GRID_01920,다사47254400,영등포구,대림동,3765.6,False,3.6439,0.3033,2.1206,0.1231,0.0541,0.0916,0.0111
GRID_01921,다사47254425,영등포구,대림동,3919.4,False,6.1561,0.3319,3.5002,0.208,0.0592,0.1401,0.0169
GRID_01922,다사47254450,영등포구,신길동,611.1,False,10.6208,0.4544,5.9849,0.3588,0.081,0.2321,0.0362
GRID_01923,다사47254475,영등포구,신길동,1329.9,False,9.2521,0.4218,5.2255,0.3126,0.0752,0.2043,0.0284
GRID_01924,다사47254500,영등포구,신길동,400.4,False,9.1802,0.2433,5.105,0.3101,0.0434,0.1885,0.0314
GRID_01925,다사47254525,영등포구,신길동,591.9,False,8.8604,0.0,4.82,0.2993,0.0,0.1628,0.0255
GRID_01926,다사47254550,영등포구,도림동,1380.6,False,5.5018,0.0,2.993,0.1859,0.0,0.1011,0.014
GRID_01927,다사47254575,영등포구,영등포동,738.2,False,6.4105,0.6868,3.8005,0.2166,0.1225,0.1737,0.0263
GRID_01928,다사47254600,영등포구,영등포동,2788.9,False,6.7033,1.3029,4.2407,0.2264,0.2324,0.2291,0.0289
GRID_01929,다사47254625,영등포구,영등포동,1183.4,False,6.2564,1.5727,4.1206,0.2113,0.2805,0.2429,0.0343
GRID_01930,다사47254650,영등포구,영등포동4가,7334.3,False,8.127,1.6884,5.191,0.2745,0.3011,0.2867,0.0322
GRID_01931,다사47254675,영등포구,영등포동4가,3066.2,False,9.8763,1.4109,6.016,0.3336,0.2516,0.2962,0.0369
GRID_01932,다사47254700,영등포구,영등포동6가,5397.0,False,7.6359,0.7721,4.506,0.258,0.1377,0.2031,0.0236
GRID_01933,다사47254725,영등포구,영등포동7가,1061.2,False,7.2697,0.7616,4.302,0.2456,0.1358,0.1955,0.0281
GRID_01934,다사47254750,영등포구,영등포동8가,1626.5,False,6.5808,0.6401,3.8718,0.2223,0.1142,0.173,0.0234
GRID_01935,다사47254775,영등포구,영등포동8가,1953.9,False,7.9498,0.9544,4.7599,0.2686,0.1702,0.2237,0.0295
GRID_01936,다사47254800,영등포구,당산동5가,1187.8,False,10.0807,1.5978,6.2125,0.3405,0.285,0.3152,0.0445
GRID_01937,다사47254825,영등포구,당산동6가,2187.3,False,12.48,2.08,7.7376,0.4216,0.371,0.3985,0.0518
GRID_01938,다사47254850,영등포구,당산동,1254.0,False,9.6416,2.0488,6.1793,0.3257,0.3654,0.3438,0.0482
GRID_01939,다사47254875,영등포구,당산동,33.1,False,4.15,1.5129,2.9475,0.1402,0.2698,0.1993,0.0565
GRID_01940,다사47254900,영등포구,당산동,0.0,True,1.3513,0.6152,1.0157,0.0,0.0,0.0,0.0
GRID_01941,다사47254925,마포구,합정동,24.9,False,0.7231,0.0,0.3933,0.0244,0.0,0.0133,0.0041
GRID_01942,다사47254950,마포구,합정동,73.1,False,0.3031,0.0,0.1649,0.0102,0.0,0.0056,0.0013
GRID_01943,다사47254975,마포구,합정동,10.0,False,0.0,0.0,0.0,0.0,0.0,0.0,0.0
GRID_01944,다사47255000,마포구,합정동,168.7,False,0.2156,0.0,0.1173,0.0073,0.0,0.004,0.0008
GRID_01945,다사47255025,마포구,합정동,911.1,False,3.4206,0.0926,1.903,0.1156,0.0165,0.0704,0.0103
GRID_01946,다사47255050,마포구,망원동,2978.9,False,6.0173,0.3542,3.4349,0.2033,0.0632,0.1394,0.0174
GRID_01947,다사47255075,마포구,망원동,784.9,False,9.3734,0.4696,5.3133,0.3166,0.0838,0.2104,0.0316
GRID_01948,다사47255100,마포구,망원동,1241.7,False,11.9164,0.699,6.8013,0.4026,0.1247,0.2758,0.0387
GRID_01949,다사47255125,마포구,망원동,659.6,False,9.4184,0.8147,5.4951,0.3182,0.1453,0.2393,0.0369
GRID_01950,다사47255150,마포구,망원동,2086.9,False,8.0005,0.8217,4.727,0.2703,0.1466,0.2139,0.028
GRID_01951,다사47255175,마포구,성산동,2783.4,False,4.8658,0.948,3.0793,0.1644,0.1691,0.1665,0.021
GRID_01952,다사47255200,마포구,성산동,8857.0,False,1.9848,0.9249,1.5015,0.067,0.165,0.1117,0.0123
GRID_01953,다사47255225,마포구,성산동,2191.2,False,3.2145,0.6598,2.0496,0.1086,0.1177,0.1127,0.0147
GRID_01954,다사47255250,마포구,중동,3109.8,False,2.869,0.7669,1.9104,0.0969,0.1368,0.1151,0.0143
GRID_01955,다사47255275,마포구,중동,65.4,False,2.7429,1.3193,2.0937,0.0927,0.2353,0.1577,0.0376
GRID_01956,다사47255300,서대문구,북가좌동,37.6,False,4.0214,1.5051,2.8739,0.1358,0.2684,0.1963,0.0537
GRID_01957,다사47255325,서대문구,북가좌동,241.6,False,4.2581,1.4558,2.9802,0.1438,0.2596,0.1966,0.0358
GRID_01958,다사47255350,은평구,증산동,3585.0,False,2.7935,1.2494,2.0894,0.0944,0.2228,0.1529,0.0187
GRID_01959,다사47255375,은평구,증산동,560.4,False,0.4277,0.6111,0.5113,0.0144,0.109,0.0576,0.0091
GRID_01960,다사47255400,은평구,증산동,141.8,False,0.6184,0.3813,0.5103,0.0209,0.068,0.0424,0.0085
GRID_01961,다사47255425,은평구,증산동,12.1,False,0.5243,0.2381,0.3938,0.0177,0.0425,0.029,0.0113
GRID_01962,다사47255450,은평구,신사동,10.1,False,2.1935,0.0,1.1932,0.0741,0.0,0.0403,0.0167
GRID_01963,다사47255475,은평구,신사동,1258.4,False,4.1978,0.0,2.2836,0.1418,0.0,0.0771,0.0108
GRID_01964,다사47255500,은평구,신사동,719.7,False,2.4473,0.0,1.3313,0.0827,0.0,0.045,0.0068
GRID_01965,다사47255525,은평구,신사동,9.7,False,1.2399,0.0,0.6745,0.0419,0.0,0.0228,0.0096
GRID_01966,다사47255550,은평구,신사동,61.8,False,1.411,0.0,0.7676,0.0477,0.0,0.0259,0.0063
GRID_01967,다사47255575,은평구,신사동,3452.8,False,1.7765,0.0,0.9664,0.06,0.0,0.0326,0.004
GRID_01968,다사47255600,은평구,신사동,136.9,False,2.334,0.0,1.2697,0.0788,0.0,0.0429,0.0087
GRID_01969,다사47255625,은평구,구산동,610.3,False,1.4016,0.0,0.7625,0.0473,0.0,0.0258,0.004
GRID_01970,다사47255650,은평구,구산동,91.7,False,1.2398,0.0,0.6744,0.0419,0.0,0.0228,0.005
GRID_01971,다사47255675,은평구,구산동,0.0,True,1.3427,0.0,0.7304,0.0,0.0,0.0,0.0
GRID_01972,다사47255700,은평구,구산동,16.3,False,1.366,0.0,0.7431,0.0461,0.0,0.0251,0.0088
GRID_01973,다사47255725,은평구,구산동,94.7,False,1.0646,0.0,0.5791,0.036,0.0,0.0196,0.0043
GRID_01974,다사47255750,은평구,구산동,4393.3,False,0.4232,0.0,0.2302,0.0143,0.0,0.0078,0.0009
GRID_01975,다사47255775,은평구,구산동,151.6,False,0.514,0.0,0.2796,0.0174,0.0,0.0094,0.0019
GRID_01976,다사47256100,은평구,진관동,4.3,False,0.0,0.0,0.0,0.0,0.0,0.0,0.0
GRID_01977,다사47503725,금천구,시흥동,1371.7,False,0.0,0.4016,0.1831,0.0,0.0716,0.0327,0.0045
GRID_01978,다사47503750,금천구,시흥동,0.0,True,0.0,0.3941,0.1797,0.0,0.0,0.0,0.0
GRID_01979,다사47503775,금천구,시흥동,95.5,False,0.0,0.241,0.1099,0.0,0.043,0.0196,0.0043
GRID_01980,다사47503800,금천구,시흥동,1761.0,False,0.1705,0.0,0.0927,0.0058,0.0,0.0031,0.0004
GRID_01981,다사47503825,금천구,시흥동,1854.1,False,0.9915,0.0,0.5394,0.0335,0.0,0.0182,0.0024
GRID_01982,다사47503850,금천구,시흥동,73.2,False,3.425,0.0,1.8632,0.1157,0.0,0.0629,0.0146
GRID_01983,다사47503875,금천구,시흥동,188.2,False,4.9778,0.0,2.7079,0.1682,0.0,0.0915,0.0174
GRID_01984,다사47503900,금천구,시흥동,2125.9,False,10.2983,0.0,5.6023,0.3479,0.0,0.1893,0.0247
GRID_01985,다사47503925,금천구,시흥동,4950.2,False,12.0192,0.0,6.5385,0.406,0.0,0.2209,0.026
GRID_01986,다사47503950,금천구,시흥동,34.4,False,6.458,0.0,3.5131,0.2182,0.0,0.1187,0.0333
GRID_01987,다사47503975,금천구,시흥동,218.1,False,5.2375,0.0,2.8492,0.1769,0.0,0.0963,0.0179
GRID_01988,다사47504000,금천구,시흥동,35.4,False,4.5361,0.0,2.4676,0.1532,0.0,0.0834,0.0232
GRID_01989,다사47504025,금천구,시흥동,46.4,False,8.6155,0.0,4.6868,0.291,0.0,0.1583,0.041
GRID_01990,다사47504050,금천구,시흥동,3332.4,False,10.4221,0.0,5.6696,0.3521,0.0,0.1915,0.0236
GRID_01991,다사47504075,금천구,독산동,1893.3,False,5.8791,0.0,3.1982,0.1986,0.0,0.108,0.0143
GRID_01992,다사47504100,금천구,독산동,1306.2,False,3.5721,0.0,1.9432,0.1207,0.0,0.0656,0.0091
GRID_01993,다사47504125,금천구,독산동,370.7,False,3.3785,0.0,1.8379,0.1141,0.0,0.0621,0.0105
GRID_01994,다사47504150,금천구,독산동,10.5,False,3.1066,0.0,1.69,0.1049,0.0,0.0571,0.0234
GRID_01995,다사47504175,금천구,독산동,246.0,False,3.7172,0.0,2.0221,0.1256,0.0,0.0683,0.0124
GRID_01996,다사47504200,금천구,독산동,3062.9,False,3.962,0.0,2.1553,0.1338,0.0,0.0728,0.0091
GRID_01997,다사47504225,금천구,독산동,965.4,False,3.5585,0.0,1.9358,0.1202,0.0,0.0654,0.0095
GRID_01998,다사47504250,관악구,신림동,923.7,False,5.8033,0.3944,3.3369,0.196,0.0703,0.1387,0.0203
GRID_01999,다사47504275,관악구,신림동,3052.2,False,6.7543,1.2337,4.2369,0.2282,0.22,0.2245,0.028
GRID_02000,다사47504300,동작구,신대방동,1655.7,False,6.537,1.633,4.3008,0.2208,0.2912,0.2529,0.0341
GRID_02001,다사47504325,동작구,신대방동,2444.9,False,5.3498,1.3951,3.5465,0.1807,0.2488,0.2118,0.0271
GRID_02002,다사47504350,영등포구,대림동,772.0,False,4.2523,0.5849,2.58,0.1436,0.1043,0.1257,0.0189
GRID_02003,다사47504375,영등포구,대림동,4329.5,False,3.3572,0.1034,1.8735,0.1134,0.0184,0.0701,0.0084
GRID_02004,다사47504400,영등포구,대림동,59.0,False,3.556,0.2707,2.0579,0.1201,0.0483,0.0874,0.0213
GRID_02005,다사47504425,영등포구,대림동,18.0,False,7.815,0.5498,4.5021,0.264,0.0981,0.1883,0.064
GRID_02006,다사47504450,영등포구,신길동,187.7,False,13.4645,0.6899,7.6393,0.4549,0.123,0.3035,0.0579
GRID_02007,다사47504475,영등포구,신길동,1512.0,False,9.8467,0.6527,5.6542,0.3326,0.1164,0.234,0.032
GRID_02008,다사47504500,영등포구,신길동,2702.4,False,4.3099,0.4485,2.5491,0.1456,0.08,0.1157,0.0146
GRID_02009,다사47504525,영등포구,신길동,2933.3,False,5.8653,0.1318,3.2509,0.1981,0.0235,0.1185,0.0148
GRID_02010,다사47504550,영등포구,신길동,23.8,False,5.5268,0.0477,3.0283,0.1867,0.0085,0.1054,0.0328
GRID_02011,다사47504575,영등포구,도림동,1794.9,False,7.5959,0.9013,4.5432,0.2566,0.1607,0.2129,0.0284
GRID_02012,다사47504600,영등포구,영등포동,1638.4,False,8.3249,1.5547,5.2377,0.2812,0.2773,0.2794,0.0377
GRID_02013,다사47504625,영등포구,영등포동,1871.3,False,8.4463,1.9231,5.4717,0.2853,0.343,0.3116,0.0414
GRID_02014,다사47504650,영등포구,영등포동3가,3449.6,False,10.6239,2.0477,6.7131,0.3589,0.3652,0.3618,0.0444
GRID_02015,다사47504675,영등포구,영등포동5가,3709.3,False,8.7448,1.6938,5.5296,0.2954,0.3021,0.2985,0.0363
GRID_02016,다사47504700,영등포구,영등포동5가,9.9,False,5.0219,0.9111,3.1474,0.1696,0.1625,0.1664,0.0697
GRID_02017,다사47504725,영등포구,영등포동7가,18.0,False,4.9881,0.5802,2.9781,0.1685,0.1035,0.1389,0.0472
GRID_02018,다사47504750,영등포구,당산동,2197.6,False,7.4533,0.4074,4.2403,0.2518,0.0727,0.1701,0.0221
GRID_02019,다사47504775,영등포구,당산동,1724.0,False,8.0174,0.4554,4.5692,0.2708,0.0812,0.1844,0.0247
GRID_02020,다사47504800,영등포구,당산동,2068.1,False,6.9106,1.1019,4.2618,0.2334,0.1965,0.2166,0.0284
GRID_02021,다사47504825,영등포구,당산동,705.3,False,3.519,1.5368,2.6151,0.1189,0.2741,0.1896,0.0289
GRID_02022,다사47504850,영등포구,당산동,60.7,False,0.4811,1.5086,0.9496,0.0163,0.269,0.1315,0.0319
GRID_02023,다사47504875,영등포구,여의도동,0.0,True,0.3413,1.0251,0.6531,0.0,0.0,0.0,0.0
GRID_02024,다사47504900,영등포구,여의도동,0.0,True,0.0,0.263,0.1199,0.0,0.0,0.0,0.0
GRID_02025,다사47504925,마포구,합정동,0.0,True,0.0341,0.0,0.0186,0.0,0.0,0.0,0.0
GRID_02026,다사47504950,마포구,합정동,17.4,False,0.0,0.0894,0.0408,0.0,0.016,0.0073,0.0025
GRID_02027,다사47504975,마포구,합정동,135.2,False,0.3269,0.75,0.5198,0.011,0.1338,0.067,0.0136
GRID_02028,다사47505000,마포구,합정동,11.5,False,1.3569,1.0497,1.2168,0.0458,0.1872,0.1103,0.0437
GRID_02029,다사47505025,마포구,합정동,1985.9,False,3.4501,1.2217,2.4339,0.1165,0.2179,0.1628,0.0214
GRID_02030,다사47505050,마포구,망원동,2119.6,False,4.5177,0.9366,2.8847,0.1526,0.167,0.1592,0.0208
GRID_02031,다사47505075,마포구,망원동,2337.2,False,6.8278,0.7803,4.0701,0.2307,0.1392,0.1889,0.0244
GRID_02032,다사47505100,마포구,망원동,737.8,False,7.8123,0.8821,4.6521,0.2639,0.1573,0.2153,0.0326
GRID_02033,다사47505125,마포구,성산동,1108.8,False,5.036,0.936,3.1664,0.1701,0.1669,0.1687,0.0241
GRID_02034,다사47505150,마포구,성산동,1800.6,False,3.3276,0.7345,2.1452,0.1124,0.131,0.1209,0.0161
GRID_02035,다사47505175,마포구,성산동,1366.5,False,2.6552,0.6582,1.7446,0.0897,0.1174,0.1023,0.0142
GRID_02036,다사47505200,마포구,성산동,1529.8,False,4.6128,0.5679,2.7683,0.1558,0.1013,0.131,0.0179
GRID_02037,다사47505225,마포구,성산동,4617.5,False,3.8154,0.3192,2.2211,0.1289,0.0569,0.0961,0.0114
GRID_02038,다사47505250,마포구,중동,30.1,False,2.198,0.2313,1.3012,0.0743,0.0413,0.0592,0.0172
GRID_02039,다사47505275,서대문구,북가좌동,2526.1,False,2.3138,0.4441,1.4612,0.0782,0.0792,0.0786,0.01
GRID_02040,다사47505300,서대문구,북가좌동,1771.3,False,2.8185,0.7443,1.8726,0.0952,0.1327,0.1123,0.015
GRID_02041,다사47505325,서대문구,북가좌동,1325.1,False,2.7952,0.8798,1.9218,0.0944,0.1569,0.1229,0.0171
GRID_02042,다사47505350,서대문구,북가좌동,653.7,False,1.9188,0.798,1.4077,0.0648,0.1423,0.1002,0.0154
GRID_02043,다사47505375,은평구,증산동,16.0,False,3.9326,0.6241,2.4239,0.1328,0.1113,0.123,0.0434
GRID_02044,다사47505400,은평구,증산동,5174.7,False,2.4247,0.6211,1.6023,0.0819,0.1108,0.0951,0.0111
GRID_02045,다사47505425,은평구,증산동,44.9,False,0.2425,0.5529,0.384,0.0082,0.0986,0.0494,0.0129
GRID_02046,다사47505450,은평구,신사동,1699.6,False,3.8224,0.4498,2.2845,0.1291,0.0802,0.1068,0.0144
GRID_02047,다사47505475,은평구,신사동,3204.8,False,6.1037,0.3107,3.4621,0.2062,0.0554,0.1374,0.017
GRID_02048,다사47505500,은평구,신사동,166.7,False,5.3407,0.1856,2.99,0.1804,0.0331,0.1132,0.0221
GRID_02049,다사47505525,은평구,신사동,3779.5,False,5.0414,0.0,2.7425,0.1703,0.0,0.0926,0.0112
GRID_02050,다사47505550,은평구,신사동,31.7,False,4.7626,0.029,2.6041,0.1609,0.0052,0.0899,0.0258
GRID_02051,다사47505575,은평구,신사동,4038.3,False,3.9138,0.0,2.1291,0.1322,0.0,0.0719,0.0087
GRID_02052,다사47505600,은평구,역촌동,47.8,False,5.4189,0.0,2.9479,0.1831,0.0,0.0996,0.0256
GRID_02053,다사47505625,은평구,구산동,2277.7,False,5.0138,0.0,2.7275,0.1694,0.0,0.0921,0.0119
GRID_02054,다사47505650,은평구,구산동,229.5,False,6.0683,0.0,3.3011,0.205,0.0,0.1115,0.0205
GRID_02055,다사47505675,은평구,구산동,1602.6,False,4.74,0.0,2.5785,0.1601,0.0,0.0871,0.0118
GRID_02056,다사47505700,은평구,구산동,1319.0,False,3.5101,0.0,1.9095,0.1186,0.0,0.0645,0.009
GRID_02057,다사47505725,은평구,구산동,3100.7,False,5.0655,0.0,2.7557,0.1711,0.0,0.0931,0.0116
GRID_02058,다사47505750,은평구,구산동,14.4,False,2.6788,0.0,1.4572,0.0905,0.0,0.0492,0.018
GRID_02059,다사47505775,은평구,갈현동,44.9,False,1.0224,0.0,0.5562,0.0345,0.0,0.0188,0.0049
GRID_02060,다사47505800,은평구,갈현동,0.0,True,0.2561,0.0,0.1393,0.0,0.0,0.0,0.0
GRID_02061,다사47505825,은평구,갈현동,0.0,True,0.0,0.0,0.0,0.0,0.0,0.0,0.0
GRID_02062,다사47505850,은평구,갈현동,0.0,True,0.0,0.0,0.0,0.0,0.0,0.0,0.0
GRID_02063,다사47505900,은평구,진관동,0.0,True,0.0,0.0,0.0,0.0,0.0,0.0,0.0
GRID_02064,다사47505925,은평구,진관동,0.0,True,0.0,0.0,0.0,0.0,0.0,0.0,0.0
GRID_02065,다사47505950,은평구,진관동,0.0,True,0.0,0.0,0.0,0.0,0.0,0.0,0.0
GRID_02066,다사47506075,은평구,진관동,0.0,True,1.6494,0.0279,0.91,0.0,0.0,0.0,0.0
GRID_02067,다사47506100,은평구,진관동,17.4,False,1.4454,0.0408,0.8049,0.0488,0.0073,0.0299,0.0103
GRID_02068,다사47753725,금천구,시흥동,0.0,True,0.0,0.058,0.0265,0.0,0.0,0.0,0.0
GRID_02069,다사47753750,금천구,시흥동,0.0,True,0.0,0.0522,0.0238,0.0,0.0,0.0,0.0
GRID_02070,다사47753775,금천구,시흥동,59.2,False,0.0,0.0,0.0,0.0,0.0,0.0,0.0
GRID_02071,다사47753800,금천구,시흥동,0.0,True,0.0,0.0,0.0,0.0,0.0,0.0,0.0
GRID_02072,다사47753825,금천구,시흥동,0.0,True,0.0352,0.0,0.0192,0.0,0.0,0.0,0.0
GRID_02073,다사47753850,금천구,시흥동,19.7,False,2.9672,0.0,1.6141,0.1002,0.0,0.0545,0.018
GRID_02074,다사47753875,금천구,시흥동,2499.3,False,6.2233,0.0,3.3855,0.2102,0.0,0.1144,0.0146
GRID_02075,다사47753900,금천구,시흥동,143.3,False,13.2657,0.0,7.2166,0.4481,0.0,0.2438,0.049
GRID_02076,다사47753925,금천구,시흥동,2989.9,False,11.4082,0.0,6.2061,0.3854,0.0,0.2096,0.0262
GRID_02077,다사47753950,금천구,시흥동,26.6,False,2.6937,0.0,1.4654,0.091,0.0,0.0495,0.0149
GRID_02078,다사47753975,금천구,시흥동,21.6,False,1.9376,0.0,1.0541,0.0655,0.0,0.0356,0.0114
GRID_02079,다사47754000,금천구,시흥동,50.5,False,1.4507,0.0,0.7892,0.049,0.0,0.0267,0.0068
GRID_02080,다사47754025,금천구,시흥동,72.2,False,2.5638,0.0,1.3947,0.0866,0.0,0.0471,0.011
GRID_02081,다사47754050,금천구,시흥동,3639.1,False,3.1316,0.0,1.7036,0.1058,0.0,0.0575,0.007
GRID_02082,다사47754075,금천구,독산동,4.3,False,1.2757,0.0,0.694,0.0431,0.0,0.0234,0.0141
GRID_02083,다사47754100,금천구,독산동,18.1,False,1.6377,0.0,0.8909,0.0553,0.0,0.0301,0.0102
GRID_02084,다사47754125,관악구,신림동,181.2,False,2.5569,0.0,1.391,0.0864,0.0,0.047,0.009
GRID_02085,다사47754150,관악구,신림동,1885.2,False,4.4407,0.0,2.4157,0.15,0.0,0.0816,0.0108
GRID_02086,다사47754175,금천구,독산동,18.6,False,4.6389,0.0,2.5236,0.1567,0.0,0.0852,0.0287
GRID_02087,다사47754200,금천구,독산동,1436.7,False,3.9937,0.0,2.1725,0.1349,0.0,0.0734,0.0101
GRID_02088,다사47754225,관악구,신림동,3756.7,False,2.7125,0.0,1.4756,0.0916,0.0,0.0498,0.0061
GRID_02089,다사47754250,관악구,신림동,69.1,False,2.9149,0.2217,1.6868,0.0985,0.0395,0.0716,0.0168
GRID_02090,다사47754275,관악구,신림동,3031.2,False,4.186,0.7739,2.6301,0.1414,0.138,0.1399,0.0174
GRID_02091,다사47754300,관악구,신림동,854.7,False,10.8795,1.1328,6.435,0.3675,0.202,0.2921,0.0433
GRID_02092,다사47754325,동작구,신대방동,1581.1,False,9.6764,1.1868,5.8051,0.3269,0.2117,0.2743,0.0372
GRID_02093,다사47754350,동작구,신대방동,1240.3,False,3.0306,0.9365,2.0757,0.1024,0.167,0.1319,0.0185
GRID_02094,다사47754375,동작구,신대방동,3863.8,False,3.1976,0.514,1.9739,0.108,0.0917,0.1006,0.0122
GRID_02095,다사47754400,영등포구,신길동,1520.3,False,5.0794,0.4999,2.9912,0.1716,0.0892,0.134,0.0183
GRID_02096,다사47754425,영등포구,신길동,8.2,False,6.1979,0.7579,3.7173,0.2094,0.1352,0.1755,0.0791
GRID_02097,다사47754450,영등포구,신길동,3840.8,False,9.8081,0.7597,5.682,0.3313,0.1355,0.242,0.0293
GRID_02098,다사47754475,영등포구,신길동,389.7,False,7.1015,0.7211,4.1921,0.2399,0.1286,0.1892,0.0317
GRID_02099,다사47754500,영등포구,신길동,1369.2,False,5.3848,0.5093,3.1616,0.1819,0.0908,0.1404,0.0194
GRID_02100,다사47754525,영등포구,신길동,283.7,False,7.2316,0.1808,4.0164,0.2443,0.0323,0.1476,0.0261
GRID_02101,다사47754550,영등포구,신길동,869.0,False,6.4317,0.0,3.4989,0.2173,0.0,0.1182,0.0175
GRID_02102,다사47754575,영등포구,신길동,2637.7,False,6.2662,0.7587,3.7548,0.2117,0.1353,0.1769,0.0224
GRID_02103,다사47754600,영등포구,영등포동,553.2,False,6.3717,1.5211,4.1598,0.2152,0.2713,0.2408,0.0381
GRID_02104,다사47754625,영등포구,영등포동,355.0,False,6.0473,2.0422,4.221,0.2043,0.3642,0.2772,0.0472
GRID_02105,다사47754650,영등포구,영등포동1가,1667.5,False,5.9008,2.059,4.149,0.1993,0.3672,0.2759,0.0372
GRID_02106,다사47754675,영등포구,영등포동2가,2497.6,False,4.8238,1.6236,3.3645,0.163,0.2896,0.2207,0.0282
GRID_02107,다사47754700,영등포구,영등포동2가,56.7,False,2.5379,0.7623,1.7282,0.0857,0.1359,0.1086,0.0268
GRID_02108,다사47754725,영등포구,영등포동7가,3508.6,False,2.9333,0.3954,1.776,0.0991,0.0705,0.0861,0.0105
GRID_02109,다사47754750,영등포구,당산동,2246.9,False,4.1004,0.4067,2.4161,0.1385,0.0725,0.1084,0.014
GRID_02110,다사47754775,영등포구,당산동,859.9,False,3.4328,0.2009,1.959,0.116,0.0358,0.0794,0.0118
GRID_02111,다사47754800,영등포구,여의도동,87.2,False,1.6701,0.3443,1.0655,0.0564,0.0614,0.0587,0.0131
GRID_02112,다사47754825,영등포구,여의도동,91.5,False,0.4898,0.6267,0.5522,0.0165,0.1118,0.06,0.0132
GRID_02113,다사47754850,영등포구,여의도동,11.1,False,0.0,0.6035,0.2752,0.0,0.1076,0.0491,0.0197
GRID_02114,다사47754875,영등포구,여의도동,0.0,True,0.0,0.2079,0.0948,0.0,0.0,0.0,0.0
GRID_02115,다사47754900,영등포구,여의도동,0.0,True,0.0,0.0,0.0,0.0,0.0,0.0,0.0
GRID_02116,다사47754925,마포구,합정동,9.0,False,0.0,0.0,0.0,0.0,0.0,0.0,0.0
GRID_02117,다사47754950,마포구,합정동,650.1,False,1.9146,0.8221,1.4165,0.0647,0.1466,0.102,0.0158
GRID_02118,다사47754975,마포구,합정동,35.7,False,3.1633,1.6397,2.4686,0.1069,0.2924,0.1915,0.0532
GRID_02119,다사47755000,마포구,합정동,1165.6,False,3.7907,2.0179,2.9823,0.1281,0.3599,0.2338,0.0331
GRID_02120,다사47755025,마포구,합정동,2284.5,False,3.5583,2.2374,2.956,0.1202,0.399,0.2474,0.032
GRID_02121,다사47755050,마포구,합정동,509.8,False,4.8775,1.8565,3.4999,0.1648,0.3311,0.2406,0.0386
GRID_02122,다사47755075,마포구,망원동,1978.6,False,6.1958,0.9778,3.8164,0.2093,0.1744,0.1934,0.0255
GRID_02123,다사47755100,마포구,성산동,214.2,False,7.0804,0.8288,4.2297,0.2392,0.1478,0.1975,0.0368
GRID_02124,다사47755125,마포구,성산동,2423.5,False,3.2995,0.7554,2.1394,0.1115,0.1347,0.1221,0.0157
GRID_02125,다사47755150,마포구,성산동,61.1,False,1.5078,0.5039,1.05,0.0509,0.0899,0.0687,0.0166
GRID_02126,다사47755175,마포구,성산동,367.1,False,6.2389,0.4561,3.602,0.2108,0.0813,0.1517,0.0257
GRID_02127,다사47755200,마포구,성산동,88.1,False,8.3357,0.3816,4.7087,0.2816,0.0681,0.1842,0.041
GRID_02128,다사47755225,마포구,중동,2421.0,False,6.0763,0.2087,3.4006,0.2053,0.0372,0.1286,0.0165
GRID_02129,다사47755250,서대문구,북가좌동,20.7,False,2.335,0.1427,1.3353,0.0789,0.0254,0.0545,0.0177
GRID_02130,다사47755275,서대문구,북가좌동,3000.7,False,1.4923,0.0453,0.8325,0.0504,0.0081,0.0311,0.0039
GRID_02131,다사47755300,서대문구,북가좌동,2753.4,False,2.6721,0.0876,1.4936,0.0903,0.0156,0.0562,0.0071
GRID_02132,다사47755325,서대문구,북가좌동,2026.9,False,3.5846,0.2887,2.0817,0.1211,0.0515,0.0894,0.0117
GRID_02133,다사47755350,서대문구,북가좌동,639.6,False,5.5967,0.5444,3.2929,0.1891,0.0971,0.1471,0.0228
GRID_02134,다사47755375,서대문구,북가좌동,17.1,False,10.3584,0.7132,5.9602,0.3499,0.1272,0.2484,0.0858
GRID_02135,다사47755400,은평구,증산동,13.9,False,7.3173,0.7702,4.3318,0.2472,0.1374,0.1971,0.073
GRID_02136,다사47755425,은평구,증산동,16.4,False,2.4202,0.9354,1.7431,0.0818,0.1668,0.1205,0.0422
GRID_02137,다사47755450,은평구,신사동,1946.6,False,4.3749,0.8555,2.7701,0.1478,0.1526,0.15,0.0198
GRID_02138,다사47755475,은평구,신사동,17.6,False,4.9724,0.657,3.0046,0.168,0.1172,0.1448,0.0495
GRID_02139,다사47755500,은평구,신사동,3139.7,False,4.8681,0.639,2.9396,0.1645,0.114,0.1414,0.0176
GRID_02140,다사47755525,은평구,신사동,2889.6,False,9.2028,0.6151,5.2868,0.3109,0.1097,0.2191,0.0275
GRID_02141,다사47755550,은평구,신사동,5747.5,False,9.0685,0.5113,5.1664,0.3063,0.0912,0.2082,0.0241
GRID_02142,다사47755575,은평구,신사동,1292.8,False,7.1501,0.4114,4.0773,0.2415,0.0734,0.1649,0.023
GRID_02143,다사47755600,은평구,역촌동,1187.5,False,8.1246,0.137,4.4823,0.2745,0.0244,0.1605,0.0227
GRID_02144,다사47755625,은평구,역촌동,2745.8,False,8.7256,0.0,4.7467,0.2948,0.0,0.1604,0.0203
GRID_02145,다사47755650,은평구,구산동,1883.2,False,9.5246,0.0,5.1814,0.3218,0.0,0.175,0.0232
GRID_02146,다사47755675,은평구,구산동,104.1,False,6.4632,0.0925,3.5582,0.2183,0.0165,0.1263,0.0271
GRID_02147,다사47755700,은평구,구산동,1748.0,False,5.5737,0.1085,3.0816,0.1883,0.0194,0.1113,0.0149
GRID_02148,다사47755725,은평구,구산동,832.5,False,8.3704,0.033,4.5686,0.2828,0.0059,0.1565,0.0233
GRID_02149,다사47755750,은평구,갈현동,2793.0,False,4.4909,0.0,2.443,0.1517,0.0,0.0825,0.0104
GRID_02150,다사47755775,은평구,갈현동,514.4,False,0.9136,0.0,0.497,0.0309,0.0,0.0168,0.0027
GRID_02151,다사47755800,은평구,갈현동,57.0,False,0.627,0.0,0.3411,0.0212,0.0,0.0115,0.0028
GRID_02152,다사47755825,은평구,갈현동,150.5,False,0.0591,0.0,0.0322,0.002,0.0,0.0011,0.0002
GRID_02153,다사47755850,은평구,갈현동,0.0,True,0.0,0.0,0.0,0.0,0.0,0.0,0.0
GRID_02154,다사47755875,은평구,갈현동,0.0,True,0.0,0.0,0.0,0.0,0.0,0.0,0.0
GRID_02155,다사47755900,은평구,진관동,0.0,True,0.0,0.0,0.0,0.0,0.0,0.0,0.0
GRID_02156,다사47755925,은평구,진관동,0.0,True,0.0,0.0,0.0,0.0,0.0,0.0,0.0
GRID_02157,다사47755950,은평구,진관동,0.0,True,0.0,0.0,0.0,0.0,0.0,0.0,0.0
GRID_02158,다사47755975,은평구,진관동,0.0,True,0.0,0.0,0.0,0.0,0.0,0.0,0.0
GRID_02159,다사47756000,은평구,진관동,0.0,True,0.0,0.0,0.0,0.0,0.0,0.0,0.0
GRID_02160,다사47756075,은평구,진관동,44.4,False,1.9959,0.0982,1.1305,0.0674,0.0175,0.0447,0.0117
GRID_02161,다사47756100,은평구,진관동,11.6,False,1.7804,0.1142,1.0206,0.0601,0.0204,0.042,0.0166
GRID_02162,다사48003775,금천구,시흥동,17.6,False,0.0,0.0,0.0,0.0,0.0,0.0,0.0
GRID_02163,다사48003800,금천구,시흥동,22.9,False,0.0,0.0,0.0,0.0,0.0,0.0,0.0
GRID_02164,다사48003825,금천구,시흥동,0.0,True,0.0,0.0,0.0,0.0,0.0,0.0,0.0
GRID_02165,다사48003850,금천구,시흥동,0.0,True,0.6573,0.0,0.3576,0.0,0.0,0.0,0.0
GRID_02166,다사48003875,금천구,시흥동,0.0,True,5.0664,0.0,2.7561,0.0,0.0,0.0,0.0
GRID_02167,다사48003900,금천구,시흥동,2084.9,False,10.6623,0.0,5.8003,0.3602,0.0,0.1959,0.0256
GRID_02168,다사48003925,금천구,시흥동,158.3,False,8.4357,0.0,4.589,0.285,0.0,0.155,0.0306
GRID_02169,다사48003950,금천구,시흥동,38.0,False,2.0813,0.0,1.1322,0.0703,0.0,0.0382,0.0104
GRID_02170,다사48003975,금천구,시흥동,0.0,True,0.0,0.0,0.0,0.0,0.0,0.0,0.0
GRID_02171,다사48004000,금천구,시흥동,0.0,True,0.0,0.0,0.0,0.0,0.0,0.0,0.0
GRID_02172,다사48004025,금천구,시흥동,1302.5,False,0.0611,0.0,0.0333,0.0021,0.0,0.0011,0.0002
GRID_02173,다사48004050,관악구,신림동,19.4,False,0.1406,0.0,0.0765,0.0048,0.0,0.0026,0.0009
GRID_02174,다사48004075,관악구,신림동,0.0,True,0.0,0.0,0.0,0.0,0.0,0.0,0.0
GRID_02175,다사48004100,관악구,신림동,11.1,False,0.0,0.0,0.0,0.0,0.0,0.0,0.0
GRID_02176,다사48004125,관악구,신림동,20.9,False,1.7373,0.0,0.9451,0.0587,0.0,0.0319,0.0103
GRID_02177,다사48004150,관악구,신림동,984.0,False,4.6891,0.0,2.5508,0.1584,0.0,0.0862,0.0125
GRID_02178,다사48004175,관악구,신림동,46.0,False,6.9515,0.0,3.7816,0.2348,0.0,0.1277,0.0332
GRID_02179,다사48004200,관악구,신림동,1696.6,False,7.3557,0.0,4.0015,0.2485,0.0,0.1352,0.0182
GRID_02180,다사48004225,관악구,신림동,2047.6,False,5.9769,0.0,3.2514,0.2019,0.0,0.1098,0.0144
GRID_02181,다사48004250,관악구,신림동,48.1,False,7.5321,0.3323,4.249,0.2544,0.0593,0.1654,0.0425
GRID_02182,다사48004275,관악구,신림동,3521.3,False,8.3731,0.9108,4.9703,0.2829,0.1624,0.2279,0.0279
GRID_02183,다사48004300,관악구,신림동,554.1,False,13.3676,1.2808,7.856,0.4516,0.2284,0.3498,0.0554
GRID_02184,다사48004325,동작구,신대방동,865.1,False,10.6917,1.3434,6.4289,0.3612,0.2396,0.3057,0.0452
GRID_02185,다사48004350,동작구,신대방동,1920.4,False,1.0992,1.2135,1.1513,0.0371,0.2164,0.1189,0.0157
GRID_02186,다사48004375,동작구,신대방동,1999.6,False,2.6751,0.9645,1.8951,0.0904,0.172,0.1276,0.0168
GRID_02187,다사48004400,동작구,신대방동,2329.1,False,6.8853,0.7654,4.0946,0.2326,0.1365,0.1888,0.0243
GRID_02188,다사48004425,영등포구,신길동,1249.2,False,6.5243,1.2055,4.0989,0.2204,0.215,0.2179,0.0306
GRID_02189,다사48004450,영등포구,신길동,1833.8,False,5.0065,1.3223,3.3265,0.1691,0.2358,0.1995,0.0266
GRID_02190,다사48004475,영등포구,신길동,3285.6,False,4.8281,0.9388,3.0546,0.1631,0.1674,0.1651,0.0204
GRID_02191,다사48004500,영등포구,신길동,1840.1,False,4.8351,0.4651,2.8424,0.1633,0.083,0.1267,0.0169
GRID_02192,다사48004525,영등포구,신길동,1370.2,False,7.0294,0.0998,3.8695,0.2375,0.0178,0.1373,0.019
GRID_02193,다사48004550,영등포구,신길동,2403.1,False,5.2775,0.0,2.8709,0.1783,0.0,0.097,0.0125
GRID_02194,다사48004575,영등포구,신길동,2485.5,False,4.3388,0.3138,2.5034,0.1466,0.056,0.1053,0.0135
GRID_02195,다사48004600,영등포구,신길동,761.3,False,3.7477,1.2749,2.6201,0.1266,0.2274,0.1726,0.026
GRID_02196,다사48004625,영등포구,영등포동,1569.3,False,1.3684,1.8095,1.5696,0.0462,0.3227,0.1723,0.0234
GRID_02197,다사48004650,영등포구,영등포동1가,996.1,False,3.661,1.7684,2.798,0.1237,0.3154,0.2111,0.0306
GRID_02198,다사48004675,영등포구,영등포동2가,7.3,False,3.6755,1.2074,2.5501,0.1242,0.2153,0.1657,0.0783
GRID_02199,다사48004700,영등포구,영등포동2가,318.3,False,2.1001,0.4913,1.3665,0.0709,0.0876,0.0785,0.0136
GRID_02200,다사48004725,영등포구,여의도동,131.1,False,0.958,0.5078,0.7527,0.0324,0.0906,0.0589,0.0121
GRID_02201,다사48004750,영등포구,여의도동,128.1,False,0.2782,0.5776,0.4147,0.0094,0.103,0.0521,0.0107
GRID_02202,다사48004775,영등포구,여의도동,631.7,False,0.0,0.6217,0.2835,0.0,0.1109,0.0506,0.0078
GRID_02203,다사48004800,영등포구,여의도동,533.2,False,0.0,0.4643,0.2117,0.0,0.0828,0.0378,0.006
GRID_02204,다사48004825,영등포구,여의도동,29.0,False,0.0,0.1483,0.0676,0.0,0.0265,0.0121,0.0035
GRID_02205,다사48004850,영등포구,여의도동,35.9,False,0.0,0.0,0.0,0.0,0.0,0.0,0.0
GRID_02206,다사48004875,영등포구,여의도동,0.0,True,0.0,0.0,0.0,0.0,0.0,0.0,0.0
GRID_02207,다사48004900,영등포구,여의도동,0.0,True,0.0,0.0,0.0,0.0,0.0,0.0,0.0
GRID_02208,다사48004925,마포구,합정동,6.9,False,0.3259,0.0619,0.2055,0.011,0.011,0.011,0.0053
GRID_02209,다사48004950,마포구,합정동,1613.8,False,4.505,1.2047,3.0001,0.1522,0.2149,0.1808,0.0245
GRID_02210,다사48004975,마포구,합정동,742.5,False,9.3911,2.0892,6.0614,0.3172,0.3726,0.3425,0.0518
GRID_02211,다사48005000,마포구,합정동,114.2,False,14.9847,2.4763,9.2809,0.5062,0.4416,0.4768,0.1004
GRID_02212,다사48005025,마포구,합정동,1791.4,False,12.0783,2.6249,7.7676,0.408,0.4681,0.4354,0.0581
GRID_02213,다사48005050,마포구,서교동,688.2,False,7.4392,2.1736,5.0381,0.2513,0.3877,0.3135,0.048
GRID_02214,다사48005075,마포구,서교동,722.3,False,9.8307,1.206,5.8978,0.3321,0.2151,0.2787,0.0423
GRID_02215,다사48005100,마포구,서교동,1298.0,False,6.9601,0.7377,4.1227,0.2351,0.1316,0.1879,0.0262
GRID_02216,다사48005125,마포구,성산동,730.5,False,5.629,0.474,3.2783,0.1902,0.0845,0.142,0.0215
GRID_02217,다사48005150,마포구,성산동,1134.3,False,4.6139,0.1594,2.5826,0.1559,0.0284,0.0978,0.0139
GRID_02218,다사48005175,마포구,성산동,3653.2,False,7.2946,0.2285,4.0725,0.2464,0.0407,0.1526,0.0186
GRID_02219,다사48005200,마포구,성산동,3732.1,False,9.4207,0.3277,5.2743,0.3182,0.0584,0.1998,0.0243
GRID_02220,다사48005225,마포구,중동,450.1,False,8.5029,0.3409,4.781,0.2872,0.0608,0.184,0.0301
GRID_02221,다사48005250,서대문구,남가좌동,1037.6,False,4.8516,0.2642,2.7597,0.1639,0.0471,0.1106,0.0159
GRID_02222,다사48005275,서대문구,북가좌동,3348.1,False,2.1778,0.1186,1.2388,0.0736,0.0212,0.0497,0.0061
GRID_02223,다사48005300,서대문구,북가좌동,19.7,False,2.3397,0.0,1.2728,0.079,0.0,0.043,0.0142
GRID_02224,다사48005325,서대문구,북가좌동,3333.0,False,3.4717,0.1844,1.9727,0.1173,0.0329,0.0788,0.0097
GRID_02225,다사48005350,서대문구,북가좌동,1524.1,False,9.9011,0.4656,5.5985,0.3345,0.083,0.2198,0.03
GRID_02226,다사48005375,서대문구,북가좌동,6969.2,False,13.5436,0.6264,7.6533,0.4575,0.1117,0.2998,0.0339
GRID_02227,다사48005400,서대문구,북가좌동,872.2,False,8.7309,0.8187,5.123,0.2949,0.146,0.227,0.0335
GRID_02228,다사48005425,은평구,증산동,148.9,False,4.7157,1.0245,3.0325,0.1593,0.1827,0.17,0.0339
GRID_02229,다사48005450,은평구,신사동,48.7,False,9.2815,0.9795,5.4958,0.3135,0.1747,0.2502,0.0641
GRID_02230,다사48005475,은평구,신사동,922.2,False,9.5629,0.8492,5.5894,0.323,0.1514,0.2448,0.0359
GRID_02231,다사48005500,은평구,신사동,1246.0,False,5.4338,1.1199,3.4667,0.1836,0.1997,0.1909,0.0268
GRID_02232,다사48005525,은평구,신사동,1919.2,False,8.3203,1.1154,5.0349,0.2811,0.1989,0.2436,0.0322
GRID_02233,다사48005550,은평구,신사동,3137.0,False,10.257,0.8803,5.9812,0.3465,0.157,0.2601,0.0323
GRID_02234,다사48005575,은평구,신사동,1097.7,False,8.6681,0.763,5.0634,0.2928,0.1361,0.2213,0.0316
GRID_02235,다사48005600,은평구,역촌동,5925.9,False,9.1815,0.4409,5.1958,0.3102,0.0786,0.2046,0.0235
GRID_02236,다사48005625,은평구,역촌동,40.7,False,9.1955,0.0,5.0023,0.3106,0.0,0.169,0.0453
GRID_02237,다사48005650,은평구,구산동,1781.8,False,8.9738,0.2013,4.9736,0.3031,0.0359,0.1813,0.0242
GRID_02238,다사48005675,은평구,구산동,1266.9,False,4.0363,0.33,2.3462,0.1364,0.0589,0.101,0.0141
GRID_02239,다사48005700,은평구,구산동,1573.2,False,5.4571,0.35,3.1283,0.1843,0.0624,0.1287,0.0175
GRID_02240,다사48005725,은평구,갈현동,102.9,False,8.9403,0.2556,4.9801,0.302,0.0456,0.1851,0.0399
GRID_02241,다사48005750,은평구,갈현동,2499.5,False,4.6569,0.1238,2.5898,0.1573,0.0221,0.0956,0.0122
GRID_02242,다사48005775,은평구,갈현동,5289.2,False,2.6621,0.1594,1.5209,0.0899,0.0284,0.0619,0.0072
GRID_02243,다사48005800,은평구,갈현동,208.4,False,2.2756,0.0101,1.2426,0.0769,0.0018,0.0426,0.008
GRID_02244,다사48005825,은평구,갈현동,3865.0,False,0.6076,0.0,0.3305,0.0205,0.0,0.0112,0.0014
GRID_02245,다사48005850,은평구,갈현동,803.3,False,0.0184,0.0,0.01,0.0006,0.0,0.0003,0.0001
GRID_02246,다사48005875,은평구,갈현동,71.1,False,1.8286,0.0,0.9947,0.0618,0.0,0.0336,0.0079
GRID_02247,다사48005900,은평구,갈현동,8.7,False,1.4755,0.0,0.8027,0.0498,0.0,0.0271,0.0119
GRID_02248,다사48005925,은평구,진관동,12.4,False,0.3294,0.066,0.2093,0.0111,0.0118,0.0114,0.0044
GRID_02249,다사48005950,은평구,진관동,31.1,False,0.4102,0.3312,0.3742,0.0139,0.0591,0.0345,0.0099
GRID_02250,다사48005975,은평구,진관동,7.2,False,0.0,0.4188,0.191,0.0,0.0747,0.0341,0.0162
GRID_02251,다사48006000,은평구,진관동,0.0,True,0.0,0.3046,0.1389,0.0,0.0,0.0,0.0
GRID_02252,다사48006025,은평구,진관동,0.0,True,0.1514,0.0347,0.0982,0.0,0.0,0.0,0.0
GRID_02253,다사48006050,은평구,진관동,68.7,False,0.2749,0.0898,0.1905,0.0093,0.016,0.0124,0.0029
GRID_02254,다사48006075,은평구,진관동,0.0,True,0.5445,0.1434,0.3616,0.0,0.0,0.0,0.0
GRID_02255,다사48253775,금천구,시흥동,4.4,False,0.0,0.0,0.0,0.0,0.0,0.0,0.0
GRID_02256,다사48253800,금천구,시흥동,69.8,False,0.0,0.0,0.0,0.0,0.0,0.0,0.0
GRID_02257,다사48253825,금천구,시흥동,99.3,False,0.0,0.0,0.0,0.0,0.0,0.0,0.0
GRID_02258,다사48253850,금천구,시흥동,20.5,False,0.5117,0.0,0.2784,0.0173,0.0,0.0094,0.0031
GRID_02259,다사48253875,금천구,시흥동,43.6,False,2.618,0.0,1.4242,0.0884,0.0,0.0481,0.0127
GRID_02260,다사48253900,금천구,시흥동,4842.1,False,5.8872,0.0,3.2027,0.1989,0.0,0.1082,0.0128
GRID_02261,다사48253925,금천구,시흥동,15.2,False,5.4205,0.0,2.9488,0.1831,0.0,0.0996,0.0358
GRID_02262,다사48253950,금천구,시흥동,0.0,True,2.3218,0.0,1.2631,0.0,0.0,0.0,0.0
GRID_02263,다사48253975,금천구,시흥동,0.0,True,0.0705,0.0,0.0383,0.0,0.0,0.0,0.0
GRID_02264,다사48254000,관악구,신림동,103.2,False,0.1824,0.0,0.0992,0.0062,0.0,0.0034,0.0007
GRID_02265,다사48254025,관악구,신림동,612.5,False,0.7722,0.0,0.4201,0.0261,0.0,0.0142,0.0022
GRID_02266,다사48254050,관악구,신림동,1219.8,False,2.6339,0.0,1.4329,0.089,0.0,0.0484,0.0068
GRID_02267,다사48254075,관악구,신림동,61.1,False,2.1341,0.0,1.1609,0.0721,0.0,0.0392,0.0095
GRID_02268,다사48254100,관악구,신림동,35.9,False,0.0111,0.0,0.0061,0.0004,0.0,0.0002,0.0001
GRID_02269,다사48254125,관악구,신림동,17.4,False,0.2929,0.0,0.1593,0.0099,0.0,0.0054,0.0018
GRID_02270,다사48254150,관악구,신림동,24.3,False,4.231,0.0,2.3017,0.1429,0.0,0.0778,0.0241
GRID_02271,다사48254175,관악구,신림동,1798.5,False,10.3267,0.0,5.6177,0.3489,0.0,0.1898,0.0253
GRID_02272,다사48254200,관악구,신림동,3039.9,False,9.7958,0.0,5.3289,0.3309,0.0,0.18,0.0224
GRID_02273,다사48254225,관악구,신림동,958.8,False,7.0685,0.0,3.8453,0.2388,0.0,0.1299,0.0189
GRID_02274,다사48254250,관악구,신림동,2335.7,False,8.0699,0.2114,4.4864,0.2726,0.0377,0.1655,0.0213
GRID_02275,다사48254275,관악구,신림동,16.9,False,7.9775,0.7611,4.6868,0.2695,0.1357,0.2085,0.0723
GRID_02276,다사48254300,관악구,신림동,1925.7,False,6.6963,1.1127,4.1502,0.2262,0.1984,0.2135,0.0282
GRID_02277,다사48254325,관악구,신림동,1667.0,False,4.553,1.1722,3.0114,0.1538,0.2091,0.179,0.0241
GRID_02278,다사48254350,동작구,신대방동,93.3,False,0.8384,1.3671,1.0795,0.0283,0.2438,0.1266,0.0278
GRID_02279,다사48254375,동작구,신대방동,71.6,False,2.8196,1.2637,2.1101,0.0952,0.2254,0.1546,0.0361
GRID_02280,다사48254400,동작구,신대방동,17.2,False,8.8462,1.229,5.3728,0.2988,0.2192,0.2625,0.0905
GRID_02281,다사48254425,영등포구,신길동,2394.9,False,9.5891,1.7048,5.9939,0.3239,0.3041,0.3149,0.0405
GRID_02282,다사48254450,영등포구,신길동,2013.3,False,7.743,1.8163,5.0404,0.2616,0.3239,0.29,0.0381
GRID_02283,다사48254475,영등포구,신길동,1079.9,False,5.4407,1.4212,3.6078,0.1838,0.2535,0.2156,0.0309
GRID_02284,다사48254500,영등포구,신길동,3020.3,False,5.0898,0.9621,3.2076,0.1719,0.1716,0.1718,0.0214
GRID_02285,다사48254525,영등포구,신길동,1293.6,False,4.6571,0.3463,2.6914,0.1573,0.0618,0.1137,0.0159
GRID_02286,다사48254550,영등포구,신길동,1354.7,False,3.1283,0.2201,1.8022,0.1057,0.0393,0.0754,0.0105
GRID_02287,다사48254575,영등포구,신길동,24.7,False,3.6154,0.1265,2.0245,0.1221,0.0226,0.0767,0.0236
GRID_02288,다사48254600,영등포구,신길동,827.3,False,3.2485,0.6432,2.0605,0.1097,0.1147,0.112,0.0167
GRID_02289,다사48254625,영등포구,신길동,1184.5,False,4.2294,1.1461,2.8234,0.1429,0.2044,0.1709,0.0241
GRID_02290,다사48254650,영등포구,영등포동1가,1305.3,False,6.1003,1.1371,3.8371,0.2061,0.2028,0.2046,0.0285
GRID_02291,다사48254675,영등포구,영등포동2가,123.2,False,5.1084,0.9403,3.2077,0.1726,0.1677,0.1703,0.0353
GRID_02292,다사48254700,영등포구,여의도동,135.1,False,3.7171,0.9125,2.4382,0.1256,0.1627,0.1425,0.029
GRID_02293,다사48254725,영등포구,여의도동,65.5,False,0.6883,0.691,0.6895,0.0233,0.1232,0.0688,0.0164
GRID_02294,다사48254750,영등포구,여의도동,132.3,False,2.0348,0.8509,1.4949,0.0687,0.1518,0.1066,0.0218
GRID_02295,다사48254775,영등포구,여의도동,168.7,False,3.6532,0.9008,2.3981,0.1234,0.1607,0.1404,0.0273
GRID_02296,다사48254800,영등포구,여의도동,287.6,False,1.3612,0.7227,1.07,0.046,0.1289,0.0838,0.0148
GRID_02297,다사48254825,영등포구,여의도동,30.5,False,0.0,0.3654,0.1666,0.0,0.0652,0.0297,0.0086
GRID_02298,다사48254850,영등포구,여의도동,10.1,False,0.0,0.0,0.0,0.0,0.0,0.0,0.0
GRID_02299,다사48254875,영등포구,여의도동,0.0,True,0.0,0.0,0.0,0.0,0.0,0.0,0.0
GRID_02300,다사48254900,영등포구,여의도동,0.0,True,0.0,0.0,0.0,0.0,0.0,0.0,0.0
GRID_02301,다사48254925,마포구,합정동,8.6,False,0.389,0.0089,0.2157,0.0131,0.0016,0.0079,0.0035
GRID_02302,다사48254950,마포구,합정동,939.7,False,5.4805,1.2128,3.5344,0.1851,0.2163,0.1993,0.0291
GRID_02303,다사48254975,마포구,합정동,1660.4,False,10.6983,2.2067,6.8261,0.3614,0.3936,0.3761,0.0507
GRID_02304,다사48255000,마포구,합정동,1174.7,False,15.6563,2.573,9.6903,0.5289,0.4589,0.497,0.0703
GRID_02305,다사48255025,마포구,서교동,2624.1,False,12.9663,2.3468,8.1238,0.438,0.4186,0.4291,0.0545
GRID_02306,다사48255050,마포구,서교동,1364.8,False,8.7062,1.8017,5.5578,0.2941,0.3213,0.3065,0.0425
GRID_02307,다사48255075,마포구,서교동,2826.5,False,10.4829,1.0179,6.1668,0.3541,0.1815,0.2754,0.0347
GRID_02308,다사48255100,마포구,서교동,6.0,False,9.1836,0.6244,5.2806,0.3102,0.1114,0.2195,0.1128
GRID_02309,다사48255125,마포구,성산동,1569.6,False,7.67,0.23,4.2774,0.2591,0.041,0.1597,0.0217
GRID_02310,다사48255150,마포구,성산동,1100.2,False,6.2364,0.1057,3.4408,0.2107,0.0189,0.1232,0.0176
GRID_02311,다사48255175,마포구,성산동,948.7,False,4.4932,0.2729,2.5688,0.1518,0.0487,0.1048,0.0153
GRID_02312,다사48255200,마포구,성산동,114.1,False,6.9365,0.3774,3.9456,0.2343,0.0673,0.1582,0.0333
GRID_02313,다사48255225,서대문구,남가좌동,469.4,False,9.42,0.3913,5.3029,0.3182,0.0698,0.2049,0.0333
GRID_02314,다사48255250,서대문구,남가좌동,2748.9,False,5.6996,0.3105,3.2422,0.1925,0.0554,0.13,0.0164
GRID_02315,다사48255275,서대문구,남가좌동,2390.2,False,4.3873,0.1573,2.4584,0.1482,0.0281,0.0934,0.012
GRID_02316,다사48255300,서대문구,남가좌동,641.0,False,3.5809,0.0,1.948,0.121,0.0,0.0658,0.0102
GRID_02317,다사48255325,서대문구,북가좌동,899.9,False,3.2661,0.0058,1.7794,0.1103,0.001,0.0605,0.0089
GRID_02318,다사48255350,서대문구,북가좌동,2590.2,False,10.3143,0.2488,5.7244,0.3484,0.0444,0.2098,0.0267
GRID_02319,다사48255375,서대문구,북가좌동,4190.0,False,10.5375,0.3878,5.9092,0.356,0.0692,0.2252,0.027
GRID_02320,다사48255400,서대문구,북가좌동,54.7,False,4.6821,0.5706,2.8072,0.1582,0.1018,0.1324,0.0329
GRID_02321,다사48255425,은평구,응암동,5452.5,False,5.073,0.7965,3.1229,0.1714,0.142,0.158,0.0184
GRID_02322,다사48255450,은평구,응암동,3879.5,False,10.6262,0.7924,6.142,0.359,0.1413,0.2597,0.0314
GRID_02323,다사48255475,은평구,응암동,1398.9,False,11.1888,0.9308,6.5112,0.378,0.166,0.2813,0.0388
GRID_02324,다사48255500,은평구,응암동,951.5,False,6.4646,1.2392,4.0818,0.2184,0.221,0.2196,0.032
GRID_02325,다사48255525,은평구,응암동,119.0,False,7.5213,1.2578,4.6651,0.2541,0.2243,0.2405,0.0502
GRID_02326,다사48255550,은평구,신사동,1234.3,False,10.2707,1.0415,6.0622,0.347,0.1857,0.2734,0.0384
GRID_02327,다사48255575,은평구,역촌동,765.6,False,10.5564,0.9166,6.1606,0.3566,0.1635,0.2685,0.0404
GRID_02328,다사48255600,은평구,역촌동,4924.4,False,9.3202,0.6116,5.3491,0.3149,0.1091,0.221,0.026
GRID_02329,다사48255625,은평구,역촌동,900.9,False,8.3758,0.2994,4.6929,0.2829,0.0534,0.1783,0.0262
GRID_02330,다사48255650,은평구,구산동,20.7,False,6.8971,0.4141,3.9408,0.233,0.0738,0.1604,0.0521
GRID_02331,다사48255675,은평구,구산동,1574.6,False,7.2584,0.489,4.1715,0.2452,0.0872,0.1732,0.0235
GRID_02332,다사48255700,은평구,구산동,2052.2,False,9.0583,0.5107,5.1606,0.306,0.0911,0.208,0.0273
GRID_02333,다사48255725,은평구,갈현동,3203.5,False,8.7495,0.8974,5.169,0.2956,0.1601,0.2338,0.029
GRID_02334,다사48255750,은평구,갈현동,3328.1,False,6.3704,1.6016,4.1958,0.2152,0.2856,0.2473,0.0305
GRID_02335,다사48255775,은평구,갈현동,2590.0,False,4.7408,1.7354,3.3703,0.1601,0.3095,0.2283,0.029
GRID_02336,다사48255800,은평구,갈현동,1715.1,False,4.2741,1.3938,2.9607,0.1444,0.2486,0.1919,0.0258
GRID_02337,다사48255825,은평구,갈현동,1225.8,False,3.8486,0.4745,2.31,0.13,0.0846,0.1093,0.0154
GRID_02338,다사48255850,은평구,갈현동,1082.2,False,5.3128,0.0,2.8902,0.1795,0.0,0.0976,0.014
GRID_02339,다사48255875,은평구,갈현동,6.0,False,6.1575,0.0,3.3497,0.208,0.0,0.1132,0.0582
GRID_02340,다사48255900,은평구,갈현동,207.5,False,4.4121,0.0,2.4002,0.149,0.0,0.0811,0.0152
GRID_02341,다사48255925,은평구,진관동,172.3,False,1.3607,0.4245,0.9338,0.046,0.0757,0.0595,0.0115
GRID_02342,다사48255950,은평구,진관동,1456.3,False,2.4167,0.7434,1.6537,0.0816,0.1326,0.1049,0.0144
GRID_02343,다사48255975,은평구,진관동,27.6,False,3.2728,0.8489,2.1675,0.1106,0.1514,0.1292,0.0385
GRID_02344,다사48256000,은평구,진관동,26.6,False,0.7929,0.7115,0.7558,0.0268,0.1269,0.0724,0.0218
GRID_02345,다사48256025,은평구,진관동,111.0,False,0.2758,0.3894,0.3276,0.0093,0.0695,0.0367,0.0078
GRID_02346,다사48256050,은평구,진관동,15.1,False,0.9698,0.0969,0.5718,0.0328,0.0173,0.0257,0.0092
GRID_02347,다사48256075,은평구,진관동,0.0,True,0.8367,0.1516,0.5243,0.0,0.0,0.0,0.0
GRID_02348,다사48503800,금천구,시흥동,0.0,True,0.0,0.0,0.0,0.0,0.0,0.0,0.0
GRID_02349,다사48503825,금천구,시흥동,29.7,False,0.0152,0.0,0.0083,0.0005,0.0,0.0003,0.0001
GRID_02350,다사48503850,금천구,시흥동,47.8,False,0.3519,0.0,0.1914,0.0119,0.0,0.0065,0.0017
GRID_02351,다사48503875,금천구,시흥동,2644.0,False,1.7413,0.0,0.9473,0.0588,0.0,0.032,0.0041
GRID_02352,다사48503900,금천구,시흥동,2271.1,False,2.891,0.0,1.5727,0.0977,0.0,0.0531,0.0069
GRID_02353,다사48503925,금천구,시흥동,1571.2,False,3.5612,0.0,1.9373,0.1203,0.0,0.0654,0.0089
GRID_02354,다사48503950,금천구,시흥동,1558.3,False,1.6389,0.0,0.8916,0.0554,0.0,0.0301,0.0041
GRID_02355,다사48503975,금천구,시흥동,1626.1,False,0.118,0.0,0.0642,0.004,0.0,0.0022,0.0003
GRID_02356,다사48504000,관악구,신림동,2834.2,False,1.3446,0.0,0.7315,0.0454,0.0,0.0247,0.0031
GRID_02357,다사48504025,관악구,신림동,2341.5,False,3.4461,0.0,1.8747,0.1164,0.0,0.0633,0.0082
GRID_02358,다사48504050,관악구,신림동,2570.7,False,6.3806,0.0,3.471,0.2155,0.0,0.1173,0.0149
GRID_02359,다사48504075,관악구,신림동,36.9,False,5.6696,0.0,3.0843,0.1915,0.0,0.1042,0.0287
GRID_02360,다사48504100,관악구,신림동,283.5,False,1.6616,0.0,0.9039,0.0561,0.0,0.0305,0.0054
GRID_02361,다사48504125,관악구,신림동,4028.2,False,1.3067,0.0,0.7108,0.0441,0.0,0.024,0.0029
GRID_02362,다사48504150,관악구,신림동,5256.1,False,6.7928,0.0,3.6953,0.2295,0.0,0.1248,0.0146
GRID_02363,다사48504175,관악구,신림동,1699.3,False,10.9553,0.0,5.9597,0.3701,0.0,0.2013,0.0271
GRID_02364,다사48504200,관악구,신림동,138.6,False,8.0399,0.0,4.3737,0.2716,0.0,0.1477,0.0299
GRID_02365,다사48504225,관악구,신림동,180.4,False,3.1413,0.0,1.7089,0.1061,0.0,0.0577,0.0111
GRID_02366,다사48504250,관악구,신림동,1226.9,False,3.4464,0.0,1.8748,0.1164,0.0,0.0633,0.0089
GRID_02367,다사48504275,관악구,신림동,2871.9,False,4.2075,0.3663,2.4559,0.1421,0.0653,0.1071,0.0135
GRID_02368,다사48504300,관악구,신림동,3211.2,False,2.4968,0.6693,1.6635,0.0843,0.1194,0.1003,0.0124
GRID_02369,다사48504325,관악구,신림동,3989.9,False,2.538,0.9281,1.8039,0.0857,0.1655,0.1221,0.0147
GRID_02370,다사48504350,동작구,신대방동,129.7,False,1.6174,1.3701,1.5046,0.0546,0.2444,0.1412,0.029
GRID_02371,다사48504375,동작구,신대방동,258.4,False,2.1686,1.3081,1.7762,0.0733,0.2333,0.1462,0.0263
GRID_02372,다사48504400,동작구,신대방동,1840.4,False,6.0772,1.8525,4.1507,0.2053,0.3304,0.2623,0.0349
GRID_02373,다사48504425,동작구,신대방동,7.2,False,10.9574,2.0789,6.9088,0.3702,0.3708,0.3704,0.1761
GRID_02374,다사48504450,영등포구,신길동,2110.5,False,11.3699,1.8461,7.027,0.3841,0.3292,0.3591,0.0469
GRID_02375,다사48504475,영등포구,신길동,1732.8,False,6.425,1.7149,4.2772,0.217,0.3058,0.2575,0.0345
GRID_02376,다사48504500,영등포구,신길동,57.1,False,5.5669,1.3939,3.664,0.1881,0.2486,0.2157,0.0531
GRID_02377,다사48504525,영등포구,신길동,65.4,False,5.9423,0.8962,3.6413,0.2007,0.1598,0.1821,0.0434
GRID_02378,다사48504550,영등포구,신길동,994.3,False,6.1546,0.5263,3.5881,0.2079,0.0939,0.1559,0.0226
GRID_02379,다사48504575,영등포구,신길동,2387.4,False,5.5653,0.7034,3.3483,0.188,0.1254,0.1595,0.0205
GRID_02380,다사48504600,영등포구,신길동,589.3,False,3.3826,1.0413,2.315,0.1143,0.1857,0.1468,0.023
GRID_02381,다사48504625,영등포구,신길동,3307.2,False,3.5843,1.2222,2.5072,0.1211,0.218,0.1653,0.0204
GRID_02382,다사48504650,영등포구,신길동,125.6,False,4.4956,1.4669,3.1145,0.1519,0.2616,0.2019,0.0417
GRID_02383,다사48504675,영등포구,여의도동,12.2,False,6.6467,1.8819,4.474,0.2245,0.3356,0.2752,0.1067
GRID_02384,다사48504700,영등포구,여의도동,2122.2,False,8.4642,1.9445,5.4912,0.2859,0.3468,0.3137,0.0409
GRID_02385,다사48504725,영등포구,여의도동,267.1,False,4.727,1.6544,3.3259,0.1597,0.2951,0.2214,0.0396
GRID_02386,다사48504750,영등포구,여의도동,1306.2,False,4.1616,1.2511,2.8344,0.1406,0.2231,0.1782,0.0248
GRID_02387,다사48504775,영등포구,여의도동,485.5,False,6.0327,0.9627,3.7208,0.2038,0.1717,0.1892,0.0306
GRID_02388,다사48504800,영등포구,여의도동,574.4,False,3.0874,0.78,2.0352,0.1043,0.1391,0.1202,0.0189
GRID_02389,다사48504825,영등포구,여의도동,692.0,False,0.0922,0.4135,0.2387,0.0031,0.0738,0.0353,0.0054
GRID_02390,다사48504850,영등포구,여의도동,15.1,False,0.0,0.0,0.0,0.0,0.0,0.0,0.0
GRID_02391,다사48504875,영등포구,여의도동,0.0,True,0.0,0.0,0.0,0.0,0.0,0.0,0.0
GRID_02392,다사48504900,영등포구,여의도동,0.0,True,0.0,0.0,0.0,0.0,0.0,0.0,0.0
GRID_02393,다사48504925,마포구,당인동,15.7,False,0.5503,0.1274,0.3575,0.0186,0.0227,0.0205,0.0073
GRID_02394,다사48504950,마포구,당인동,156.8,False,3.846,0.9687,2.5339,0.1299,0.1728,0.1495,0.0295
GRID_02395,다사48504975,마포구,합정동,2026.9,False,6.7799,1.8953,4.5525,0.229,0.338,0.2787,0.0366
GRID_02396,다사48505000,마포구,서교동,1278.9,False,8.3402,2.217,5.548,0.2817,0.3954,0.3336,0.0466
GRID_02397,다사48505025,마포구,서교동,853.8,False,7.8999,1.9223,5.1741,0.2669,0.3428,0.3015,0.0447
GRID_02398,다사48505050,마포구,서교동,2206.5,False,10.4739,1.4459,6.3571,0.3538,0.2579,0.3101,0.0403
GRID_02399,다사48505075,마포구,서교동,1215.1,False,15.3827,1.1116,8.8751,0.5196,0.1983,0.3731,0.0525
GRID_02400,다사48505100,마포구,연남동,2371.3,False,9.5368,1.156,5.7152,0.3222,0.2062,0.2693,0.0346
GRID_02401,다사48505125,마포구,연남동,2101.3,False,6.1686,0.4961,3.5819,0.2084,0.0885,0.1537,0.0201
GRID_02402,다사48505150,마포구,연남동,224.9,False,6.6573,0.0768,3.6566,0.2249,0.0137,0.1286,0.0237
GRID_02403,다사48505175,마포구,연남동,1606.6,False,4.2777,0.233,2.4333,0.1445,0.0416,0.0976,0.0132
GRID_02404,다사48505200,마포구,연남동,1540.4,False,4.9432,0.3328,2.8408,0.167,0.0593,0.1179,0.0161
GRID_02405,다사48505225,서대문구,남가좌동,22.9,False,5.949,0.346,3.394,0.201,0.0617,0.1375,0.0433
GRID_02406,다사48505250,서대문구,남가좌동,4475.3,False,4.5408,0.2689,2.5928,0.1534,0.048,0.1053,0.0125
GRID_02407,다사48505275,서대문구,남가좌동,492.0,False,6.882,0.1226,3.7997,0.2325,0.0219,0.1364,0.022
GRID_02408,다사48505300,서대문구,남가좌동,5151.7,False,5.7053,0.0,3.1037,0.1927,0.0,0.1048,0.0123
GRID_02409,다사48505325,서대문구,남가좌동,1633.1,False,3.8743,0.0,2.1076,0.1309,0.0,0.0712,0.0096
GRID_02410,다사48505350,서대문구,남가좌동,867.8,False,7.8955,0.0,4.2951,0.2667,0.0,0.1451,0.0214
GRID_02411,다사48505375,서대문구,북가좌동,24.8,False,7.3689,0.0594,4.0358,0.2489,0.0106,0.1402,0.0431
GRID_02412,다사48505400,은평구,응암동,427.0,False,5.4831,0.0904,3.024,0.1852,0.0161,0.1081,0.0178
GRID_02413,다사48505425,은평구,응암동,32.9,False,8.9597,0.3659,5.0409,0.3027,0.0653,0.1944,0.0552
GRID_02414,다사48505450,은평구,응암동,1328.1,False,9.5756,0.58,5.4736,0.3235,0.1035,0.2231,0.031
GRID_02415,다사48505475,은평구,응암동,1856.4,False,9.0544,0.6557,5.2246,0.3059,0.1169,0.2197,0.0292
GRID_02416,다사48505500,은평구,응암동,1519.6,False,9.6407,0.9641,5.6842,0.3257,0.1719,0.2556,0.0349
GRID_02417,다사48505525,은평구,응암동,1337.5,False,8.7126,1.0031,5.1971,0.2943,0.1789,0.2417,0.0336
GRID_02418,다사48505550,은평구,응암동,4028.1,False,9.9802,0.9505,5.8626,0.3371,0.1695,0.2607,0.0314
GRID_02419,다사48505575,은평구,역촌동,5225.6,False,9.7014,0.8924,5.6845,0.3277,0.1592,0.2509,0.0293
GRID_02420,다사48505600,은평구,역촌동,2702.7,False,9.7992,0.6794,5.6406,0.331,0.1212,0.2353,0.0298
GRID_02421,다사48505625,은평구,역촌동,3758.9,False,7.9097,0.4212,4.4949,0.2672,0.0751,0.1796,0.0218
GRID_02422,다사48505650,은평구,역촌동,36.0,False,8.4216,0.5977,4.8539,0.2845,0.1066,0.2034,0.0563
GRID_02423,다사48505675,은평구,역촌동,1003.3,False,11.2217,0.6596,6.4054,0.3791,0.1176,0.2599,0.0376
GRID_02424,다사48505700,은평구,대조동,301.9,False,10.5542,0.6398,6.0333,0.3565,0.1141,0.246,0.0431
GRID_02425,다사48505725,은평구,대조동,2140.8,False,6.4117,1.9201,4.3635,0.2166,0.3424,0.274,0.0357
GRID_02426,다사48505750,은평구,갈현동,114.2,False,8.2717,2.7736,5.7646,0.2794,0.4947,0.3776,0.0795
GRID_02427,다사48505775,은평구,갈현동,1545.4,False,10.1993,2.9351,6.8868,0.3445,0.5235,0.4261,0.058
GRID_02428,다사48505800,은평구,갈현동,237.1,False,7.2747,2.5358,5.1138,0.2458,0.4522,0.3399,0.0621
GRID_02429,다사48505825,은평구,갈현동,2513.2,False,9.957,1.4605,6.0826,0.3364,0.2605,0.3018,0.0385
GRID_02430,다사48505850,은평구,갈현동,336.4,False,11.7328,0.0732,6.416,0.3963,0.013,0.2216,0.0381
GRID_02431,다사48505875,은평구,갈현동,1058.7,False,9.0366,0.0,4.9159,0.3053,0.0,0.1661,0.0238
GRID_02432,다사48505900,은평구,진관동,27.9,False,6.0049,0.1279,3.325,0.2029,0.0228,0.1208,0.0359
GRID_02433,다사48505925,은평구,진관동,506.9,False,3.3968,0.6179,2.1297,0.1147,0.1102,0.1127,0.0181
GRID_02434,다사48505950,은평구,진관동,2375.0,False,5.2359,0.966,3.2888,0.1769,0.1723,0.1748,0.0225
GRID_02435,다사48505975,은평구,진관동,324.5,False,6.7988,1.081,4.1915,0.2297,0.1928,0.2129,0.0368
GRID_02436,다사48506000,은평구,진관동,2332.6,False,3.5813,0.9311,2.3728,0.121,0.1661,0.1415,0.0183
GRID_02437,다사48506025,은평구,진관동,4182.2,False,0.4593,0.5577,0.5042,0.0155,0.0995,0.0538,0.0065
GRID_02438,다사48506050,은평구,진관동,1702.2,False,2.3096,0.1269,1.3143,0.078,0.0226,0.0528,0.0071
GRID_02439,다사48506075,은평구,진관동,13.0,False,1.9772,0.1204,1.1305,0.0668,0.0215,0.0461,0.0175
GRID_02440,다사48753800,금천구,시흥동,0.0,True,0.0,0.0,0.0,0.0,0.0,0.0,0.0
GRID_02441,다사48753825,금천구,시흥동,0.0,True,0.0,0.0,0.0,0.0,0.0,0.0,0.0
GRID_02442,다사48753850,금천구,시흥동,68.7,False,0.1406,0.0,0.0765,0.0047,0.0,0.0026,0.0006
GRID_02443,다사48753875,금천구,시흥동,52.9,False,0.5451,0.0,0.2966,0.0184,0.0,0.01,0.0025
GRID_02444,다사48753900,금천구,시흥동,3429.3,False,1.4135,0.0,0.7689,0.0477,0.0,0.026,0.0032
GRID_02445,다사48753925,금천구,시흥동,198.9,False,1.7021,0.0,0.9259,0.0575,0.0,0.0313,0.0059
GRID_02446,다사48753950,금천구,시흥동,22.2,False,0.8178,0.0,0.4449,0.0276,0.0,0.015,0.0048
GRID_02447,다사48753975,금천구,시흥동,41.3,False,0.439,0.0,0.2388,0.0148,0.0,0.0081,0.0022
GRID_02448,다사48754000,관악구,신림동,21.7,False,2.245,0.0,1.2213,0.0758,0.0,0.0413,0.0132
GRID_02449,다사48754025,관악구,신림동,2193.8,False,3.5498,0.0,1.9311,0.1199,0.0,0.0652,0.0085
GRID_02450,다사48754050,관악구,신림동,5.2,False,4.524,0.0,2.4611,0.1528,0.0,0.0831,0.0456
GRID_02451,다사48754075,관악구,신림동,10.2,False,3.3835,0.0,1.8406,0.1143,0.0,0.0622,0.0257
GRID_02452,다사48754100,관악구,신림동,3288.5,False,0.9654,0.0,0.5252,0.0326,0.0,0.0177,0.0022
GRID_02453,다사48754125,관악구,신림동,2516.8,False,0.9396,0.0,0.5112,0.0317,0.0,0.0173,0.0022
GRID_02454,다사48754150,관악구,신림동,609.6,False,5.4135,0.0,2.945,0.1829,0.0,0.0995,0.0155
GRID_02455,다사48754175,관악구,신림동,2422.7,False,10.372,0.0,5.6424,0.3504,0.0,0.1906,0.0245
GRID_02456,다사48754200,관악구,신림동,3486.0,False,6.1238,0.0,3.3314,0.2069,0.0,0.1125,0.0138
GRID_02457,다사48754225,관악구,신림동,12.5,False,0.9866,0.0,0.5367,0.0333,0.0,0.0181,0.007
GRID_02458,다사48754250,관악구,신림동,9.5,False,2.16,0.1463,1.2417,0.073,0.0261,0.0516,0.0219
GRID_02459,다사48754275,관악구,신림동,1019.6,False,3.8574,0.7332,2.4328,0.1303,0.1308,0.1305,0.0188
GRID_02460,다사48754300,관악구,신림동,2061.2,False,3.4529,0.8679,2.2742,0.1166,0.1548,0.134,0.0176
GRID_02461,다사48754325,관악구,신림동,938.9,False,3.518,0.8951,2.322,0.1188,0.1596,0.1374,0.0201
GRID_02462,다사48754350,동작구,신대방동,447.4,False,4.1437,1.3327,2.8619,0.14,0.2377,0.1845,0.0302
GRID_02463,다사48754375,동작구,신대방동,61.3,False,2.6921,1.6422,2.2134,0.0909,0.2929,0.183,0.0443
GRID_02464,다사48754400,동작구,신대방동,263.1,False,2.2148,2.0666,2.1472,0.0748,0.3686,0.2088,0.0374
GRID_02465,다사48754425,동작구,신대방동,2757.2,False,6.8499,2.4234,4.8314,0.2314,0.4322,0.323,0.0408
GRID_02466,다사48754450,동작구,대방동,667.4,False,9.8536,2.3028,6.4104,0.3329,0.4107,0.3684,0.0566
GRID_02467,다사48754475,동작구,대방동,1114.4,False,6.3611,2.0969,4.4166,0.2149,0.374,0.2874,0.041
GRID_02468,다사48754500,영등포구,신길동,1939.4,False,8.2806,1.6648,5.2638,0.2797,0.2969,0.2876,0.038
GRID_02469,다사48754525,영등포구,신길동,35.9,False,9.8333,1.0932,5.8478,0.3322,0.195,0.2696,0.0747
GRID_02470,다사48754550,영등포구,신길동,2344.0,False,10.0973,1.1698,6.0264,0.3411,0.2086,0.2807,0.0362
GRID_02471,다사48754575,영등포구,신길동,63.0,False,9.5824,1.528,5.9096,0.3237,0.2725,0.3004,0.0722
GRID_02472,다사48754600,영등포구,신길동,2836.5,False,6.0233,1.6524,4.0302,0.2035,0.2947,0.2451,0.0308
GRID_02473,다사48754625,영등포구,신길동,1739.5,False,1.7723,2.0712,1.9086,0.0599,0.3694,0.201,0.0269
GRID_02474,다사48754650,영등포구,여의도동,75.4,False,0.0,2.6779,1.2211,0.0,0.4776,0.2178,0.0502
GRID_02475,다사48754675,영등포구,여의도동,822.7,False,3.8249,2.4753,3.2095,0.1292,0.4415,0.2716,0.0405
GRID_02476,다사48754700,영등포구,여의도동,1007.9,False,7.8719,2.3462,5.3522,0.2659,0.4184,0.3355,0.0485
GRID_02477,다사48754725,영등포구,여의도동,102.0,False,7.1026,2.2191,4.8757,0.2399,0.3958,0.311,0.0671
GRID_02478,다사48754750,영등포구,여의도동,551.4,False,6.7018,1.6924,4.4175,0.2264,0.3018,0.2608,0.0413
GRID_02479,다사48754775,영등포구,여의도동,1927.7,False,5.9497,0.7902,3.597,0.201,0.1409,0.1736,0.0229
GRID_02480,다사48754800,영등포구,여의도동,1934.9,False,5.4145,0.6203,3.2283,0.1829,0.1106,0.1499,0.0198
GRID_02481,다사48754825,영등포구,여의도동,217.2,False,1.1346,0.2794,0.7446,0.0383,0.0498,0.0436,0.0081
GRID_02482,다사48754850,영등포구,여의도동,6.6,False,0.0,0.0,0.0,0.0,0.0,0.0,0.0
GRID_02483,다사48754875,영등포구,여의도동,0.0,True,0.0,0.0,0.0,0.0,0.0,0.0,0.0
GRID_02484,다사48754900,영등포구,여의도동,0.0,True,0.0,0.0,0.0,0.0,0.0,0.0,0.0
GRID_02485,다사48754925,마포구,당인동,7.4,False,0.3655,0.2803,0.3266,0.0123,0.05,0.0295,0.0139
GRID_02486,다사48754950,마포구,당인동,46.9,False,2.9877,0.5949,1.8966,0.1009,0.1061,0.1033,0.0267
GRID_02487,다사48754975,마포구,상수동,136.8,False,8.2899,1.0917,5.0075,0.28,0.1947,0.2411,0.049
GRID_02488,다사48755000,마포구,서교동,931.3,False,10.3529,1.3464,6.246,0.3497,0.2401,0.2998,0.0438
GRID_02489,다사48755025,마포구,서교동,5612.9,False,8.6812,1.3953,5.3588,0.2933,0.2489,0.273,0.0316
GRID_02490,다사48755050,마포구,서교동,3399.5,False,13.5784,1.9182,8.2614,0.4587,0.3421,0.4055,0.0499
GRID_02491,다사48755075,마포구,동교동,820.3,False,22.3621,2.6501,13.3734,0.7554,0.4726,0.6265,0.0934
GRID_02492,다사48755100,마포구,동교동,757.3,False,15.3758,2.7734,9.6291,0.5194,0.4946,0.5081,0.0766
GRID_02493,다사48755125,마포구,연남동,1782.9,False,3.1918,2.0289,2.6616,0.1078,0.3619,0.2237,0.0299
GRID_02494,다사48755150,마포구,연남동,1636.7,False,7.2355,0.6193,4.2185,0.2444,0.1105,0.1833,0.0248
GRID_02495,다사48755175,마포구,연남동,2391.5,False,6.7525,0.1197,3.7279,0.2281,0.0213,0.1338,0.0172
GRID_02496,다사48755200,서대문구,연희동,666.6,False,3.2225,0.2061,1.847,0.1089,0.0368,0.076,0.0117
GRID_02497,다사48755225,서대문구,연희동,742.5,False,3.0527,0.2175,1.7599,0.1031,0.0388,0.0738,0.0112
GRID_02498,다사48755250,서대문구,연희동,114.2,False,5.8659,0.1508,3.2598,0.1982,0.0269,0.1201,0.0253
GRID_02499,다사48755275,서대문구,남가좌동,3044.2,False,7.3731,0.024,4.0219,0.2491,0.0043,0.1375,0.0171
GRID_02500,다사48755300,서대문구,남가좌동,21.2,False,6.4267,0.0,3.4961,0.2171,0.0,0.1181,0.0381
GRID_02501,다사48755325,서대문구,남가좌동,2212.6,False,4.5412,0.0,2.4704,0.1534,0.0,0.0835,0.0108
GRID_02502,다사48755350,서대문구,남가좌동,1333.7,False,7.2671,0.0,3.9533,0.2455,0.0,0.1335,0.0186
GRID_02503,다사48755375,서대문구,남가좌동,3287.8,False,7.7173,0.0,4.1982,0.2607,0.0,0.1418,0.0175
GRID_02504,다사48755400,은평구,응암동,206.5,False,6.2712,0.0,3.4115,0.2119,0.0,0.1152,0.0216
GRID_02505,다사48755425,은평구,응암동,1940.5,False,10.7892,0.0514,5.8928,0.3645,0.0092,0.2025,0.0267
GRID_02506,다사48755450,은평구,응암동,2127.6,False,11.9636,0.2264,6.6114,0.4041,0.0404,0.2383,0.0311
GRID_02507,다사48755475,은평구,응암동,2907.2,False,11.8562,0.2577,6.5673,0.4005,0.046,0.2388,0.0299
GRID_02508,다사48755500,은평구,응암동,3783.8,False,11.6877,0.3693,6.5265,0.3948,0.0659,0.2448,0.0297
GRID_02509,다사48755525,은평구,응암동,610.0,False,7.5259,0.5245,4.3333,0.2542,0.0936,0.181,0.0282
GRID_02510,다사48755550,은평구,응암동,5336.7,False,6.2107,0.6326,3.6671,0.2098,0.1128,0.1656,0.0193
GRID_02511,다사48755575,은평구,응암동,948.1,False,8.877,0.6664,5.133,0.2999,0.1188,0.2173,0.0317
GRID_02512,다사48755600,은평구,역촌동,455.7,False,9.0674,0.5091,5.1648,0.3063,0.0908,0.208,0.034
GRID_02513,다사48755625,은평구,역촌동,2735.9,False,9.1038,0.4087,5.1388,0.3075,0.0729,0.2005,0.0253
GRID_02514,다사48755650,은평구,역촌동,1577.3,False,9.035,0.6098,5.1931,0.3052,0.1088,0.2156,0.0293
GRID_02515,다사48755675,은평구,대조동,2859.3,False,9.2,0.6996,5.3238,0.3108,0.1248,0.226,0.0284
GRID_02516,다사48755700,은평구,대조동,25.8,False,5.1514,0.8973,3.2115,0.174,0.16,0.1676,0.051
GRID_02517,다사48755725,은평구,대조동,3346.1,False,2.3091,2.2469,2.2808,0.078,0.4007,0.2252,0.0277
GRID_02518,다사48755750,은평구,대조동,822.0,False,9.3935,3.1805,6.5603,0.3173,0.5672,0.4313,0.0642
GRID_02519,다사48755775,은평구,갈현동,1617.7,False,12.96,3.4402,8.619,0.4378,0.6136,0.5179,0.0701
GRID_02520,다사48755800,은평구,불광동,1547.5,False,7.6172,3.0168,5.5194,0.2573,0.538,0.3853,0.0525
GRID_02521,다사48755825,은평구,불광동,2296.6,False,6.7703,1.876,4.5385,0.2287,0.3346,0.277,0.0358
GRID_02522,다사48755850,은평구,불광동,1446.2,False,7.6185,0.3135,4.2874,0.2574,0.0559,0.1655,0.0227
GRID_02523,다사48755875,은평구,불광동,13.8,False,4.6366,0.0,2.5223,0.1566,0.0,0.0852,0.0316
GRID_02524,다사48755900,은평구,진관동,1150.0,False,4.2307,0.1088,2.3511,0.1429,0.0194,0.0866,0.0123
GRID_02525,다사48755925,은평구,진관동,1587.3,False,4.225,0.5938,2.5691,0.1427,0.1059,0.1259,0.0171
GRID_02526,다사48755950,은평구,진관동,1521.1,False,2.9258,0.9382,2.0194,0.0988,0.1673,0.1301,0.0177
GRID_02527,다사48755975,은평구,진관동,1623.8,False,4.5496,1.052,2.9547,0.1537,0.1876,0.1692,0.0229
GRID_02528,다사48756000,은평구,진관동,166.9,False,2.9331,0.9037,2.0077,0.0991,0.1612,0.1274,0.0249
GRID_02529,다사48756025,은평구,진관동,2691.4,False,2.638,0.5342,1.6786,0.0891,0.0953,0.0919,0.0116
GRID_02530,다사48756050,은평구,진관동,1255.1,False,4.7182,0.0547,2.5916,0.1594,0.0098,0.0912,0.0128
GRID_02531,다사48756075,은평구,진관동,0.0,True,3.0963,0.0583,1.711,0.0,0.0,0.0,0.0
GRID_02532,다사49003850,금천구,시흥동,0.0,True,0.0,0.0,0.0,0.0,0.0,0.0,0.0
GRID_02533,다사49003875,금천구,시흥동,38.2,False,0.0,0.0,0.0,0.0,0.0,0.0,0.0
GRID_02534,다사49003900,금천구,시흥동,169.8,False,0.1992,0.0,0.1084,0.0067,0.0,0.0037,0.0007
GRID_02535,다사49003925,금천구,시흥동,0.0,True,0.2214,0.0,0.1205,0.0,0.0,0.0,0.0
GRID_02536,다사49003950,관악구,신림동,0.0,True,0.0834,0.0,0.0454,0.0,0.0,0.0,0.0
GRID_02537,다사49003975,관악구,신림동,0.0,True,0.2152,0.0,0.1171,0.0,0.0,0.0,0.0
GRID_02538,다사49004000,관악구,신림동,0.0,True,2.825,0.0,1.5368,0.0,0.0,0.0,0.0
GRID_02539,다사49004025,관악구,신림동,11.1,False,4.9262,0.0,2.6798,0.1664,0.0,0.0905,0.0363
GRID_02540,다사49004050,관악구,신림동,1937.3,False,4.4202,0.0,2.4046,0.1493,0.0,0.0812,0.0107
GRID_02541,다사49004075,관악구,신림동,0.0,True,2.3942,0.0,1.3024,0.0,0.0,0.0,0.0
GRID_02542,다사49004100,관악구,신림동,1485.5,False,0.2201,0.0,0.1197,0.0074,0.0,0.004,0.0006
GRID_02543,다사49004125,관악구,신림동,20.6,False,0.0,0.0,0.0,0.0,0.0,0.0,0.0
GRID_02544,다사49004150,관악구,신림동,20.0,False,1.9695,0.0,1.0714,0.0665,0.0,0.0362,0.0119
GRID_02545,다사49004175,관악구,신림동,76.9,False,7.8297,0.0,4.2593,0.2645,0.0,0.1439,0.033
GRID_02546,다사49004200,관악구,신림동,3337.6,False,6.2668,0.0655,3.439,0.2117,0.0117,0.1205,0.0149
GRID_02547,다사49004225,관악구,신림동,951.1,False,1.9042,0.5166,1.2715,0.0643,0.0921,0.077,0.0112
GRID_02548,다사49004250,관악구,신림동,3306.0,False,2.033,1.8325,1.9415,0.0687,0.3268,0.1864,0.023
GRID_02549,다사49004275,관악구,신림동,959.4,False,5.6845,2.6059,4.2806,0.192,0.4648,0.3164,0.0461
GRID_02550,다사49004300,관악구,신림동,2205.0,False,3.6621,2.8678,3.2999,0.1237,0.5115,0.3005,0.039
GRID_02551,다사49004325,관악구,신림동,2050.6,False,6.4081,2.555,4.651,0.2165,0.4557,0.3255,0.0427
GRID_02552,다사49004350,관악구,봉천동,1837.9,False,10.8179,1.5544,6.5937,0.3654,0.2772,0.3252,0.0433
GRID_02553,다사49004375,동작구,신대방동,1873.5,False,7.2278,1.6556,4.6869,0.2442,0.2953,0.2675,0.0355
GRID_02554,다사49004400,동작구,신대방동,4253.8,False,3.5867,2.0952,2.9066,0.1212,0.3737,0.2363,0.0283
GRID_02555,다사49004425,동작구,신대방동,3186.0,False,4.5539,2.2351,3.4965,0.1538,0.3986,0.2655,0.0329
GRID_02556,다사49004450,동작구,대방동,2655.0,False,7.1094,2.1305,4.839,0.2402,0.38,0.3039,0.0385
GRID_02557,다사49004475,동작구,대방동,2128.3,False,6.4126,2.0785,4.4363,0.2166,0.3707,0.2869,0.0374
GRID_02558,다사49004500,동작구,대방동,73.2,False,8.065,1.7091,5.1667,0.2724,0.3048,0.2872,0.0667
GRID_02559,다사49004525,동작구,대방동,1773.6,False,8.1476,0.8863,4.8365,0.2752,0.1581,0.2218,0.0296
GRID_02560,다사49004550,동작구,대방동,5145.5,False,9.2996,1.5438,5.7629,0.3142,0.2753,0.2965,0.0347
GRID_02561,다사49004575,영등포구,신길동,1138.7,False,11.8656,1.9252,7.3328,0.4008,0.3434,0.3746,0.0532
GRID_02562,다사49004600,영등포구,신길동,157.2,False,12.4866,2.2283,7.8088,0.4218,0.3974,0.4107,0.0811
GRID_02563,다사49004625,영등포구,신길동,880.8,False,5.3867,2.7384,4.1791,0.182,0.4884,0.3217,0.0474
GRID_02564,다사49004650,영등포구,여의도동,14.9,False,3.622,3.2874,3.4694,0.1224,0.5863,0.3339,0.1207
GRID_02565,다사49004675,영등포구,여의도동,6.8,False,7.3612,2.9846,5.3655,0.2487,0.5323,0.378,0.184
GRID_02566,다사49004700,영등포구,여의도동,1025.5,False,6.4981,2.5358,4.6913,0.2195,0.4522,0.3256,0.047
GRID_02567,다사49004725,영등포구,여의도동,1875.1,False,11.3303,2.1597,7.1485,0.3828,0.3852,0.3839,0.0509
GRID_02568,다사49004750,영등포구,여의도동,179.0,False,9.7021,1.6049,6.0098,0.3278,0.2862,0.3088,0.0595
GRID_02569,다사49004775,영등포구,여의도동,1489.8,False,7.9224,0.5368,4.5546,0.2676,0.0957,0.1893,0.0259
GRID_02570,다사49004800,영등포구,여의도동,3461.2,False,7.3089,0.2873,4.107,0.2469,0.0512,0.1577,0.0193
GRID_02571,다사49004825,영등포구,여의도동,21.3,False,2.6031,0.0,1.4161,0.0879,0.0,0.0478,0.0154
GRID_02572,다사49004850,영등포구,여의도동,36.6,False,0.0,0.0,0.0,0.0,0.0,0.0,0.0
GRID_02573,다사49004875,영등포구,여의도동,216.4,False,0.0,0.0,0.0,0.0,0.0,0.0,0.0
GRID_02574,다사49004900,마포구,당인동,0.0,True,0.0,0.0,0.0,0.0,0.0,0.0,0.0
GRID_02575,다사49004925,마포구,상수동,0.0,True,0.5051,0.2912,0.4076,0.0,0.0,0.0,0.0
GRID_02576,다사49004950,마포구,상수동,637.3,False,2.7911,0.6487,1.8142,0.0943,0.1157,0.1041,0.0161
GRID_02577,다사49004975,마포구,상수동,2710.8,False,8.8719,0.907,5.2399,0.2997,0.1618,0.2368,0.03
GRID_02578,다사49005000,마포구,상수동,911.3,False,9.468,0.8624,5.5438,0.3198,0.1538,0.2441,0.0358
GRID_02579,다사49005025,마포구,서교동,1246.2,False,7.375,1.441,4.6691,0.2491,0.257,0.2527,0.0355
GRID_02580,다사49005050,마포구,서교동,100.6,False,9.8049,2.8144,6.6172,0.3312,0.5019,0.4091,0.0885
GRID_02581,다사49005075,마포구,서교동,5128.4,False,19.8777,3.6621,12.4834,0.6715,0.6531,0.6631,0.0776
GRID_02582,다사49005100,마포구,동교동,3274.0,False,16.2579,3.8069,10.5802,0.5492,0.6789,0.6084,0.0752
GRID_02583,다사49005125,마포구,동교동,32.3,False,4.1403,2.9862,3.6141,0.1399,0.5326,0.3189,0.091
GRID_02584,다사49005150,마포구,연남동,2542.3,False,5.0214,1.4236,3.3808,0.1696,0.2539,0.2081,0.0265
GRID_02585,다사49005175,마포구,연남동,943.7,False,6.1003,0.0,3.3185,0.2061,0.0,0.1121,0.0164
GRID_02586,다사49005200,서대문구,연희동,548.4,False,3.2382,0.0304,1.7754,0.1094,0.0054,0.062,0.0098
GRID_02587,다사49005225,서대문구,연희동,925.7,False,3.0387,0.0394,1.671,0.1027,0.007,0.059,0.0086
GRID_02588,다사49005250,서대문구,연희동,197.0,False,6.0709,0.0,3.3026,0.2051,0.0,0.1116,0.0211
GRID_02589,다사49005275,서대문구,남가좌동,459.4,False,6.7352,0.0,3.664,0.2275,0.0,0.1238,0.0202
GRID_02590,다사49005300,서대문구,남가좌동,1837.0,False,7.1458,0.0,3.8873,0.2414,0.0,0.1313,0.0175
GRID_02591,다사49005325,서대문구,남가좌동,1823.9,False,6.4196,0.0,3.4923,0.2169,0.0,0.118,0.0157
GRID_02592,다사49005350,서대문구,남가좌동,1074.9,False,10.111,0.0,5.5004,0.3416,0.0,0.1858,0.0266
GRID_02593,다사49005375,서대문구,남가좌동,1136.2,False,10.5453,0.0,5.7366,0.3562,0.0,0.1938,0.0275
GRID_02594,다사49005400,서대문구,홍은동,2431.5,False,4.3867,0.0,2.3863,0.1482,0.0,0.0806,0.0103
GRID_02595,다사49005425,은평구,응암동,2305.0,False,6.828,0.0,3.7145,0.2307,0.0,0.1255,0.0162
GRID_02596,다사49005450,은평구,응암동,26.9,False,10.189,0.0,5.5428,0.3442,0.0,0.1872,0.0563
GRID_02597,다사49005475,은평구,응암동,3892.0,False,10.3106,0.0,5.609,0.3483,0.0,0.1895,0.0229
GRID_02598,다사49005500,은평구,응암동,32.1,False,7.6513,0.0,4.1623,0.2585,0.0,0.1406,0.0402
GRID_02599,다사49005525,은평구,응암동,1859.1,False,3.5347,0.0857,1.9619,0.1194,0.0153,0.0719,0.0096
GRID_02600,다사49005550,은평구,응암동,40.6,False,4.8863,0.1715,2.7364,0.1651,0.0306,0.1037,0.0278
GRID_02601,다사49005575,은평구,응암동,3227.2,False,8.4482,0.2403,4.7054,0.2854,0.0429,0.1748,0.0216
GRID_02602,다사49005600,은평구,녹번동,2813.5,False,8.6208,0.2881,4.8211,0.2912,0.0514,0.1819,0.0229
GRID_02603,다사49005625,은평구,녹번동,2776.3,False,6.943,0.3791,3.9499,0.2345,0.0676,0.1584,0.02
GRID_02604,다사49005650,은평구,대조동,58.9,False,7.8986,0.9993,4.7525,0.2668,0.1782,0.2264,0.0553
GRID_02605,다사49005675,은평구,대조동,8.7,False,5.3034,1.293,3.4746,0.1792,0.2306,0.2026,0.0892
GRID_02606,다사49005700,은평구,대조동,1574.7,False,2.0502,1.2678,1.6934,0.0693,0.2261,0.1408,0.0191
GRID_02607,다사49005725,은평구,대조동,45.8,False,3.6797,2.2018,3.0058,0.1243,0.3927,0.2467,0.0641
GRID_02608,다사49005750,은평구,불광동,2036.0,False,6.7127,2.7157,4.89,0.2268,0.4843,0.3442,0.0452
GRID_02609,다사49005775,은평구,불광동,3897.7,False,7.3197,3.1116,5.4008,0.2473,0.5549,0.3876,0.0469
GRID_02610,다사49005800,은평구,불광동,729.8,False,3.528,2.7043,3.1524,0.1192,0.4823,0.2848,0.0432
GRID_02611,다사49005825,은평구,불광동,54.5,False,1.2664,1.6065,1.4215,0.0428,0.2865,0.1539,0.0383
GRID_02612,다사49005850,은평구,불광동,3689.1,False,0.8088,0.1463,0.5067,0.0273,0.0261,0.0268,0.0033
GRID_02613,다사49005875,은평구,불광동,9.8,False,0.1317,0.0,0.0717,0.0044,0.0,0.0024,0.001
GRID_02614,다사49005900,은평구,진관동,1397.1,False,3.1403,0.0,1.7083,0.1061,0.0,0.0577,0.008
GRID_02615,다사49005925,은평구,진관동,1347.9,False,4.5263,0.3587,2.6259,0.1529,0.064,0.1124,0.0156
GRID_02616,다사49005950,은평구,진관동,2025.2,False,2.8567,0.6678,1.8586,0.0965,0.1191,0.1068,0.014
GRID_02617,다사49005975,은평구,진관동,20.5,False,0.4785,0.7699,0.6114,0.0162,0.1373,0.0714,0.0233
GRID_02618,다사49006000,은평구,진관동,0.0,True,0.783,0.6368,0.7164,0.0,0.0,0.0,0.0
GRID_02619,다사49006025,은평구,진관동,732.4,False,2.8132,0.3052,1.6696,0.095,0.0544,0.0765,0.0116
GRID_02620,다사49006050,은평구,진관동,2306.5,False,5.019,0.0,2.7304,0.1696,0.0,0.0922,0.0119
GRID_02621,다사49006075,은평구,진관동,277.3,False,3.7616,0.0,2.0463,0.1271,0.0,0.0691,0.0123
GRID_02622,다사49253875,금천구,시흥동,0.0,True,0.0,0.0,0.0,0.0,0.0,0.0,0.0
GRID_02623,다사49253900,금천구,시흥동,23.3,False,0.0,0.0,0.0,0.0,0.0,0.0,0.0
GRID_02624,다사49253925,관악구,신림동,15.9,False,0.0,0.0,0.0,0.0,0.0,0.0,0.0
GRID_02625,다사49253950,관악구,신림동,0.0,True,0.0,0.0,0.0,0.0,0.0,0.0,0.0
GRID_02626,다사49253975,관악구,신림동,0.0,True,0.8429,0.0,0.4585,0.0,0.0,0.0,0.0
GRID_02627,다사49254000,관악구,신림동,171.4,False,3.4128,0.0,1.8566,0.1153,0.0,0.0627,0.0122
GRID_02628,다사49254025,관악구,신림동,2508.2,False,4.8548,0.0,2.641,0.164,0.0,0.0892,0.0114
GRID_02629,다사49254050,관악구,신림동,2136.2,False,4.3923,0.0,2.3894,0.1484,0.0,0.0807,0.0105
GRID_02630,다사49254075,관악구,신림동,1565.1,False,3.9084,0.0,2.1262,0.132,0.0,0.0718,0.0098
GRID_02631,다사49254100,관악구,신림동,218.1,False,1.5248,0.1195,0.884,0.0515,0.0213,0.0377,0.007
GRID_02632,다사49254125,관악구,신림동,2218.4,False,0.067,0.3055,0.1758,0.0023,0.0545,0.0261,0.0034
GRID_02633,다사49254150,관악구,신림동,0.0,True,0.0,0.3497,0.1595,0.0,0.0,0.0,0.0
GRID_02634,다사49254175,관악구,신림동,81.1,False,2.9645,0.5069,1.8438,0.1001,0.0904,0.0957,0.0217
GRID_02635,다사49254200,관악구,신림동,3518.0,False,5.1838,0.4395,3.0204,0.1751,0.0784,0.131,0.016
GRID_02636,다사49254225,관악구,신림동,4246.2,False,5.3433,1.8369,3.7444,0.1805,0.3276,0.2476,0.0296
GRID_02637,다사49254250,관악구,신림동,1913.6,False,9.5418,3.262,6.6782,0.3223,0.5818,0.4406,0.0583
GRID_02638,다사49254275,관악구,신림동,2080.3,False,13.2873,3.9386,9.0243,0.4489,0.7024,0.5645,0.0739
GRID_02639,다사49254300,관악구,신림동,3884.9,False,8.5927,4.1555,6.5694,0.2903,0.7411,0.4959,0.06
GRID_02640,다사49254325,관악구,신림동,656.6,False,7.9713,3.6246,5.9892,0.2693,0.6464,0.4413,0.068
GRID_02641,다사49254350,관악구,봉천동,1954.5,False,11.1713,2.2587,7.1071,0.3774,0.4028,0.389,0.0513
GRID_02642,다사49254375,관악구,봉천동,906.7,False,7.5222,1.4,4.7304,0.2541,0.2497,0.2521,0.037
GRID_02643,다사49254400,동작구,신대방동,1313.1,False,3.774,1.4871,2.7312,0.1275,0.2652,0.1903,0.0265
GRID_02644,다사49254425,동작구,신대방동,3267.0,False,8.437,1.5128,5.2796,0.285,0.2698,0.2781,0.0344
GRID_02645,다사49254450,동작구,대방동,2419.1,False,10.4093,1.4542,6.3257,0.3516,0.2594,0.3096,0.0397
GRID_02646,다사49254475,동작구,대방동,1268.9,False,5.9927,1.5745,3.978,0.2024,0.2808,0.2382,0.0333
GRID_02647,다사49254500,동작구,대방동,10.7,False,3.5457,1.2136,2.4823,0.1198,0.2164,0.1639,0.0666
GRID_02648,다사49254525,동작구,대방동,25.7,False,4.0785,0.7395,2.5559,0.1378,0.1319,0.1351,0.0411
GRID_02649,다사49254550,동작구,대방동,424.7,False,6.0753,1.3879,3.9378,0.2052,0.2475,0.2245,0.0371
GRID_02650,다사49254575,동작구,대방동,73.8,False,7.929,1.9233,5.1904,0.2679,0.343,0.3021,0.07
GRID_02651,다사49254600,동작구,대방동,490.8,False,11.0251,2.365,7.0761,0.3724,0.4218,0.3949,0.0637
GRID_02652,다사49254625,동작구,대방동,136.5,False,6.4703,2.6153,4.7124,0.2186,0.4664,0.3316,0.0673
GRID_02653,다사49254650,영등포구,여의도동,4136.3,False,6.8,3.0921,5.1092,0.2297,0.5515,0.3764,0.0452
GRID_02654,다사49254675,영등포구,여의도동,1966.7,False,9.2666,2.8035,6.3194,0.313,0.5,0.3983,0.0525
GRID_02655,다사49254700,영등포구,여의도동,977.5,False,7.9057,2.4823,5.4326,0.2671,0.4427,0.3472,0.0504
GRID_02656,다사49254725,영등포구,여의도동,1297.9,False,9.7765,2.0187,6.2389,0.3303,0.36,0.3438,0.048
GRID_02657,다사49254750,영등포구,여의도동,7950.4,False,8.5008,1.3492,5.2397,0.2872,0.2406,0.2659,0.0296
GRID_02658,다사49254775,영등포구,여의도동,111.7,False,3.4578,0.3779,2.0534,0.1168,0.0674,0.0943,0.02
GRID_02659,다사49254800,영등포구,여의도동,431.4,False,3.9627,0.1877,2.2413,0.1339,0.0335,0.0881,0.0145
GRID_02660,다사49254825,영등포구,여의도동,0.0,True,0.7594,0.0,0.4131,0.0,0.0,0.0,0.0
GRID_02661,다사49254850,영등포구,여의도동,0.0,True,0.0,0.0,0.0,0.0,0.0,0.0,0.0
GRID_02662,다사49254875,영등포구,여의도동,17.0,False,0.0,0.0,0.0,0.0,0.0,0.0,0.0
GRID_02663,다사49254900,마포구,당인동,37.2,False,0.0,0.0,0.0,0.0,0.0,0.0,0.0
GRID_02664,다사49254925,마포구,하중동,38.2,False,0.2022,0.256,0.2267,0.0068,0.0457,0.0245,0.0067
GRID_02665,다사49254950,마포구,상수동,1461.7,False,2.1979,0.7633,1.5437,0.0742,0.1361,0.1025,0.0141
GRID_02666,다사49254975,마포구,상수동,3333.1,False,6.8152,1.0282,4.1763,0.2302,0.1834,0.2089,0.0257
GRID_02667,다사49255000,마포구,상수동,652.2,False,7.4911,0.9786,4.5214,0.2531,0.1745,0.2172,0.0335
GRID_02668,다사49255025,마포구,상수동,1170.8,False,8.2538,1.5814,5.2112,0.2788,0.282,0.2803,0.0397
GRID_02669,다사49255050,마포구,서교동,1436.2,False,8.4473,2.7708,5.8588,0.2854,0.4942,0.3806,0.0523
GRID_02670,다사49255075,마포구,서교동,2331.9,False,8.6418,3.7642,6.4176,0.2919,0.6713,0.4649,0.06
GRID_02671,다사49255100,마포구,동교동,3341.4,False,7.8971,3.9179,6.0826,0.2668,0.6987,0.4638,0.0572
GRID_02672,다사49255125,서대문구,창천동,954.9,False,2.8128,3.0953,2.9416,0.095,0.552,0.3034,0.0442
GRID_02673,다사49255150,마포구,연남동,668.7,False,2.8033,1.5204,2.2183,0.0947,0.2712,0.1752,0.0269
GRID_02674,다사49255175,서대문구,연희동,1416.5,False,4.1809,0.0015,2.2751,0.1412,0.0003,0.077,0.0106
GRID_02675,다사49255200,서대문구,연희동,523.1,False,4.9947,0.0,2.7171,0.1687,0.0,0.0918,0.0147
GRID_02676,다사49255225,서대문구,연희동,193.0,False,4.6443,0.0,2.5265,0.1569,0.0,0.0853,0.0162
GRID_02677,다사49255250,서대문구,연희동,31.2,False,7.2315,0.0,3.934,0.2443,0.0,0.1329,0.0383
GRID_02678,다사49255275,서대문구,연희동,1337.4,False,8.1952,0.0,4.4582,0.2768,0.0,0.1506,0.0209
GRID_02679,다사49255300,서대문구,남가좌동,668.2,False,7.0865,0.0,3.8551,0.2394,0.0,0.1302,0.02
GRID_02680,다사49255325,서대문구,홍은동,861.0,False,6.8922,0.0,3.7494,0.2328,0.0,0.1267,0.0187
GRID_02681,다사49255350,서대문구,홍은동,14.3,False,8.6808,0.0,4.7224,0.2933,0.0,0.1595,0.0585
GRID_02682,다사49255375,서대문구,홍은동,1978.1,False,11.0068,0.0,5.9877,0.3718,0.0,0.2023,0.0266
GRID_02683,다사49255400,서대문구,홍은동,331.2,False,5.0486,0.0,2.7464,0.1705,0.0,0.0928,0.016
GRID_02684,다사49255425,서대문구,홍은동,19.7,False,2.0194,0.0,1.0986,0.0682,0.0,0.0371,0.0122
GRID_02685,다사49255450,은평구,응암동,58.9,False,3.7172,0.0,2.0222,0.1256,0.0,0.0683,0.0167
GRID_02686,다사49255475,은평구,응암동,634.7,False,3.382,0.0,1.8398,0.1142,0.0,0.0622,0.0096
GRID_02687,다사49255500,은평구,응암동,1654.6,False,1.585,0.0,0.8622,0.0535,0.0,0.0291,0.0039
GRID_02688,다사49255525,은평구,응암동,134.1,False,1.4414,0.0,0.7841,0.0487,0.0,0.0265,0.0054
GRID_02689,다사49255550,은평구,응암동,5881.5,False,3.7433,0.0,2.0363,0.1265,0.0,0.0688,0.0079
GRID_02690,다사49255575,은평구,응암동,44.8,False,7.7419,0.0988,4.2566,0.2615,0.0176,0.1503,0.0393
GRID_02691,다사49255600,은평구,녹번동,2125.9,False,6.0044,0.2238,3.3685,0.2028,0.0399,0.1285,0.0168
GRID_02692,다사49255625,은평구,녹번동,24.7,False,3.74,0.7694,2.3854,0.1263,0.1372,0.1313,0.0404
GRID_02693,다사49255650,은평구,녹번동,863.3,False,5.6236,1.3699,3.6839,0.19,0.2443,0.2148,0.0318
GRID_02694,다사49255675,은평구,대조동,2189.5,False,6.0451,1.6007,4.0184,0.2042,0.2855,0.2413,0.0314
GRID_02695,다사49255700,은평구,대조동,12188.8,False,4.4293,1.3981,3.0471,0.1496,0.2493,0.1951,0.0207
GRID_02696,다사49255725,은평구,불광동,1767.2,False,4.0308,1.716,2.9753,0.1362,0.306,0.2136,0.0286
GRID_02697,다사49255750,은평구,불광동,3239.4,False,2.6887,2.0499,2.3974,0.0908,0.3656,0.2161,0.0267
GRID_02698,다사49255775,은평구,불광동,2730.9,False,2.35,2.1484,2.2581,0.0794,0.3832,0.2179,0.0275
GRID_02699,다사49255800,은평구,불광동,4489.1,False,4.2353,1.7567,3.1051,0.1431,0.3133,0.2207,0.0262
GRID_02700,다사49255825,은평구,불광동,2227.1,False,3.3355,0.7269,2.146,0.1127,0.1296,0.1204,0.0156
GRID_02701,다사49255850,은평구,불광동,1849.5,False,1.6259,0.0,0.8845,0.0549,0.0,0.0299,0.004
GRID_02702,다사49255875,은평구,불광동,1951.1,False,1.4215,0.0,0.7733,0.048,0.0,0.0261,0.0034
GRID_02703,다사49255900,은평구,진관동,32.7,False,2.8973,0.0,1.5761,0.0979,0.0,0.0532,0.0151
GRID_02704,다사49255925,은평구,진관동,849.4,False,5.8051,0.0,3.158,0.1961,0.0,0.1067,0.0158
GRID_02705,다사49255950,은평구,진관동,3899.9,False,4.3026,0.2274,2.4443,0.1453,0.0406,0.0976,0.0118
GRID_02706,다사49255975,은평구,진관동,106.0,False,1.1279,0.3106,0.7552,0.0381,0.0554,0.046,0.0098
GRID_02707,다사49256000,은평구,진관동,0.0,True,0.0,0.2022,0.0922,0.0,0.0,0.0,0.0
GRID_02708,다사49256025,은평구,진관동,0.0,True,0.6785,0.0,0.3691,0.0,0.0,0.0,0.0
GRID_02709,다사49256050,은평구,진관동,545.2,False,4.39,0.0,2.3882,0.1483,0.0,0.0807,0.0128
GRID_02710,다사49256075,은평구,진관동,23.1,False,5.1412,0.0,2.7968,0.1737,0.0,0.0945,0.0297
GRID_02711,다사49256100,은평구,진관동,6.8,False,1.9246,0.0,1.047,0.065,0.0,0.0354,0.0172
GRID_02712,다사49503850,관악구,신림동,0.0,True,0.0,0.0,0.0,0.0,0.0,0.0,0.0
GRID_02713,다사49503875,관악구,신림동,0.0,True,0.0,0.0,0.0,0.0,0.0,0.0,0.0
GRID_02714,다사49503900,관악구,신림동,0.0,True,0.0,0.0,0.0,0.0,0.0,0.0,0.0
GRID_02715,다사49503925,관악구,신림동,109.3,False,0.0,0.0,0.0,0.0,0.0,0.0,0.0
GRID_02716,다사49503950,관악구,신림동,16.3,False,0.0,0.0,0.0,0.0,0.0,0.0,0.0
GRID_02717,다사49503975,관악구,신림동,33.7,False,0.7452,0.0,0.4054,0.0252,0.0,0.0137,0.0039
GRID_02718,다사49504000,관악구,신림동,470.8,False,2.2267,0.0,1.2113,0.0752,0.0,0.0409,0.0066
GRID_02719,다사49504025,관악구,신림동,313.2,False,2.7081,0.0,1.4732,0.0915,0.0,0.0498,0.0087
GRID_02720,다사49504050,관악구,신림동,759.7,False,3.1148,0.0,1.6944,0.1052,0.0,0.0572,0.0086
GRID_02721,다사49504075,관악구,신림동,1766.0,False,5.4629,0.0536,2.9963,0.1845,0.0096,0.1048,0.014
GRID_02722,다사49504100,관악구,신림동,1045.9,False,6.3767,0.3853,3.6446,0.2154,0.0687,0.1485,0.0214
GRID_02723,다사49504125,관악구,신림동,8.9,False,4.1982,0.6067,2.5605,0.1418,0.1082,0.1265,0.0552
GRID_02724,다사49504150,관악구,신림동,12.3,False,3.1479,0.8437,2.0972,0.1063,0.1505,0.1265,0.0489
GRID_02725,다사49504175,관악구,신림동,784.1,False,3.0511,1.0361,2.1323,0.1031,0.1848,0.1403,0.0211
GRID_02726,다사49504200,관악구,신림동,1172.1,False,7.2355,0.9502,4.3694,0.2444,0.1695,0.2102,0.0297
GRID_02727,다사49504225,관악구,신림동,1331.4,False,8.7581,2.3484,5.8353,0.2959,0.4188,0.3519,0.0489
GRID_02728,다사49504250,관악구,신림동,1314.1,False,9.3679,3.7981,6.8281,0.3165,0.6774,0.481,0.067
GRID_02729,다사49504275,관악구,신림동,3999.1,False,14.3528,4.4,9.8143,0.4849,0.7847,0.6216,0.0749
GRID_02730,다사49504300,관악구,신림동,7486.1,False,10.166,4.3954,7.5346,0.3434,0.7839,0.5443,0.061
GRID_02731,다사49504325,관악구,신림동,48.3,False,5.9553,3.5648,4.8653,0.2012,0.6358,0.3994,0.1025
GRID_02732,다사49504350,관악구,봉천동,4511.6,False,5.1294,2.0993,3.7476,0.1733,0.3744,0.265,0.0315
GRID_02733,다사49504375,관악구,봉천동,100.6,False,3.0361,0.9788,2.098,0.1026,0.1746,0.1354,0.0293
GRID_02734,다사49504400,동작구,상도동,1189.9,False,6.094,1.0837,3.8093,0.2059,0.1933,0.2001,0.0283
GRID_02735,다사49504425,동작구,상도동,25.3,False,10.5117,0.8618,6.1113,0.3551,0.1537,0.2633,0.0805
GRID_02736,다사49504450,동작구,대방동,24.7,False,12.5939,0.9244,7.2726,0.4254,0.1649,0.3066,0.0944
GRID_02737,다사49504475,동작구,상도동,4177.6,False,5.7994,0.8284,3.5326,0.1959,0.1477,0.1739,0.0209
GRID_02738,다사49504500,동작구,대방동,31.4,False,1.0549,0.7065,0.8961,0.0356,0.126,0.0768,0.0221
GRID_02739,다사49504525,동작구,대방동,13.4,False,4.0575,0.3403,2.3625,0.1371,0.0607,0.1022,0.0383
GRID_02740,다사49504550,동작구,대방동,706.8,False,6.0043,0.7436,3.6054,0.2028,0.1326,0.1708,0.026
GRID_02741,다사49504575,동작구,대방동,2769.1,False,5.0366,1.3395,3.3507,0.1701,0.2389,0.2015,0.0254
GRID_02742,다사49504600,동작구,대방동,1747.1,False,6.8524,1.9889,4.6347,0.2315,0.3547,0.2877,0.0385
GRID_02743,다사49504625,동작구,대방동,105.2,False,3.3862,2.0978,2.7987,0.1144,0.3741,0.2328,0.0499
GRID_02744,다사49504650,영등포구,여의도동,39.1,False,5.1341,2.1268,3.7628,0.1734,0.3793,0.2673,0.0724
GRID_02745,다사49504675,영등포구,여의도동,3394.2,False,8.0916,1.8302,5.2364,0.2733,0.3264,0.2975,0.0366
GRID_02746,다사49504700,영등포구,여의도동,1076.1,False,6.2692,1.9441,4.2969,0.2118,0.3467,0.2733,0.0391
GRID_02747,다사49504725,영등포구,여의도동,3535.9,False,8.1084,1.5415,5.1139,0.2739,0.2749,0.2744,0.0336
GRID_02748,다사49504750,영등포구,여의도동,1651.9,False,7.6705,1.0012,4.6293,0.2591,0.1786,0.2224,0.03
GRID_02749,다사49504775,영등포구,여의도동,81.1,False,3.5459,0.6486,2.2247,0.1198,0.1157,0.1179,0.0267
GRID_02750,다사49504800,영등포구,여의도동,25.4,False,0.6222,0.427,0.5332,0.021,0.0761,0.0462,0.0141
GRID_02751,다사49504825,영등포구,여의도동,0.0,True,0.0,0.0925,0.0422,0.0,0.0,0.0,0.0
GRID_02752,다사49504850,영등포구,여의도동,0.0,True,0.0,0.0,0.0,0.0,0.0,0.0,0.0
GRID_02753,다사49504875,영등포구,여의도동,0.0,True,0.0,0.0,0.0,0.0,0.0,0.0,0.0
GRID_02754,다사49504900,영등포구,여의도동,0.0,True,0.0,0.0,0.0,0.0,0.0,0.0,0.0
GRID_02755,다사49504925,마포구,신정동,148.9,False,0.0704,0.2553,0.1547,0.0024,0.0455,0.0221,0.0044
GRID_02756,다사49504950,마포구,신정동,1453.7,False,3.3644,0.6568,2.1297,0.1137,0.1171,0.1152,0.0158
GRID_02757,다사49504975,마포구,창전동,2749.3,False,10.7432,0.9216,6.2646,0.3629,0.1644,0.2724,0.0344
GRID_02758,다사49505000,마포구,창전동,2228.8,False,15.253,0.9334,8.7233,0.5153,0.1665,0.3562,0.0462
GRID_02759,다사49505025,마포구,창전동,34.2,False,13.6582,1.0502,7.909,0.4614,0.1873,0.3364,0.0945
GRID_02760,다사49505050,마포구,창전동,1547.5,False,10.0417,2.474,6.5909,0.3392,0.4412,0.3857,0.0525
GRID_02761,다사49505075,마포구,서교동,1163.2,False,5.3245,3.3505,4.4243,0.1799,0.5975,0.3703,0.0525
GRID_02762,다사49505100,서대문구,창천동,756.4,False,2.0094,3.2682,2.5834,0.0679,0.5829,0.3027,0.0457
GRID_02763,다사49505125,서대문구,창천동,1042.5,False,2.6909,2.3257,2.5244,0.0909,0.4148,0.2386,0.0343
GRID_02764,다사49505150,서대문구,연희동,1913.0,False,4.0111,0.9621,2.6207,0.1355,0.1716,0.152,0.0201
GRID_02765,다사49505175,서대문구,연희동,2432.1,False,4.9472,0.0,2.6913,0.1671,0.0,0.0909,0.0117
GRID_02766,다사49505200,서대문구,연희동,1585.3,False,7.6582,0.0,4.1661,0.2587,0.0,0.1407,0.0191
GRID_02767,다사49505225,서대문구,연희동,1705.6,False,6.633,0.0,3.6084,0.2241,0.0,0.1219,0.0164
GRID_02768,다사49505250,서대문구,연희동,1561.0,False,5.1534,0.0,2.8035,0.1741,0.0,0.0947,0.0129
GRID_02769,다사49505275,서대문구,연희동,316.2,False,5.5399,0.0,3.0137,0.1871,0.0,0.1018,0.0177
GRID_02770,다사49505300,서대문구,연희동,3072.0,False,5.1875,0.0,2.822,0.1752,0.0,0.0953,0.0119
GRID_02771,다사49505325,서대문구,홍은동,2390.0,False,5.9013,0.0,3.2103,0.1994,0.0,0.1084,0.0139
GRID_02772,다사49505350,서대문구,홍은동,2750.0,False,6.2957,0.0,3.4249,0.2127,0.0,0.1157,0.0146
GRID_02773,다사49505375,서대문구,홍은동,184.9,False,7.742,0.0,4.2116,0.2615,0.0,0.1423,0.0272
GRID_02774,다사49505400,서대문구,홍은동,19.3,False,6.8796,0.0,3.7425,0.2324,0.0,0.1264,0.042
GRID_02775,다사49505425,서대문구,홍은동,2707.4,False,3.5991,0.0,1.9579,0.1216,0.0,0.0661,0.0084
GRID_02776,다사49505450,서대문구,홍은동,0.0,True,0.0296,0.0,0.0161,0.0,0.0,0.0,0.0
GRID_02777,다사49505475,서대문구,홍은동,0.0,True,0.0,0.0,0.0,0.0,0.0,0.0,0.0
GRID_02778,다사49505500,은평구,응암동,0.0,True,0.0,0.0,0.0,0.0,0.0,0.0,0.0
GRID_02779,다사49505525,은평구,응암동,95.9,False,0.0,0.0694,0.0317,0.0,0.0124,0.0056,0.0012
GRID_02780,다사49505550,은평구,응암동,17.3,False,2.0549,0.2779,1.2445,0.0694,0.0496,0.0604,0.0208
GRID_02781,다사49505575,은평구,응암동,1976.7,False,4.9965,0.3536,2.8793,0.1688,0.0631,0.1206,0.0159
GRID_02782,다사49505600,은평구,녹번동,1549.4,False,3.5889,0.3728,2.1223,0.1212,0.0665,0.0963,0.0131
GRID_02783,다사49505625,은평구,녹번동,236.1,False,1.9656,0.8963,1.478,0.0664,0.1599,0.109,0.0199
GRID_02784,다사49505650,은평구,녹번동,1049.4,False,7.8999,1.4731,4.9693,0.2669,0.2627,0.265,0.0381
GRID_02785,다사49505675,은평구,대조동,145.9,False,13.2689,1.7392,8.0113,0.4482,0.3102,0.3853,0.0772
GRID_02786,다사49505700,은평구,불광동,3337.3,False,9.6139,1.6338,5.975,0.3248,0.2914,0.3095,0.0382
GRID_02787,다사49505725,은평구,불광동,1764.5,False,3.7015,1.2904,2.6021,0.125,0.2301,0.173,0.0231
GRID_02788,다사49505750,은평구,불광동,628.4,False,0.8308,0.8754,0.8511,0.0281,0.1561,0.0865,0.0134
GRID_02789,다사49505775,은평구,불광동,402.1,False,1.7782,0.7217,1.2964,0.0601,0.1287,0.0914,0.0152
GRID_02790,다사49505800,은평구,불광동,927.1,False,6.2086,0.4079,3.5635,0.2097,0.0728,0.1473,0.0216
GRID_02791,다사49505825,은평구,불광동,2077.3,False,6.1101,0.0783,3.3596,0.2064,0.014,0.1187,0.0155
GRID_02792,다사49505850,은평구,불광동,8.4,False,3.8044,0.0,2.0696,0.1285,0.0,0.0699,0.0312
GRID_02793,다사49505875,은평구,불광동,189.5,False,3.42,0.0,1.8605,0.1155,0.0,0.0628,0.012
GRID_02794,다사49505900,은평구,진관동,827.1,False,3.6569,0.0,1.9894,0.1235,0.0,0.0672,0.01
GRID_02795,다사49505925,은평구,진관동,92.9,False,5.2289,0.0,2.8445,0.1766,0.0,0.0961,0.0212
GRID_02796,다사49505950,은평구,진관동,47.3,False,3.6465,0.0,1.9837,0.1232,0.0,0.067,0.0173
GRID_02797,다사49505975,은평구,진관동,26.9,False,0.7426,0.0,0.404,0.0251,0.0,0.0136,0.0041
GRID_02798,다사49506000,은평구,진관동,0.0,True,0.0,0.0,0.0,0.0,0.0,0.0,0.0
GRID_02799,다사49506025,은평구,진관동,724.6,False,0.3312,0.0,0.1802,0.0112,0.0,0.0061,0.0009
GRID_02800,다사49506050,은평구,진관동,45.9,False,3.1697,0.0,1.7243,0.1071,0.0,0.0583,0.0151
GRID_02801,다사49506075,은평구,진관동,3573.4,False,4.4217,0.0,2.4054,0.1494,0.0,0.0813,0.0099
GRID_02802,다사49506100,은평구,진관동,1213.3,False,3.1633,0.0,1.7209,0.1069,0.0,0.0581,0.0082
GRID_02803,다사49506125,은평구,진관동,75.8,False,1.8987,0.0,1.0329,0.0641,0.0,0.0349,0.008
GRID_02804,다사49753825,관악구,신림동,0.0,True,0.0,0.0,0.0,0.0,0.0,0.0,0.0
GRID_02805,다사49753850,관악구,신림동,58.0,False,0.0,0.0,0.0,0.0,0.0,0.0,0.0
GRID_02806,다사49753875,관악구,신림동,0.0,True,0.0,0.0,0.0,0.0,0.0,0.0,0.0
GRID_02807,다사49753900,관악구,신림동,0.0,True,0.0,0.0,0.0,0.0,0.0,0.0,0.0
GRID_02808,다사49753925,관악구,신림동,0.0,True,0.0,0.0,0.0,0.0,0.0,0.0,0.0
GRID_02809,다사49753950,관악구,신림동,116.6,False,0.0,0.0,0.0,0.0,0.0,0.0,0.0
GRID_02810,다사49753975,관악구,신림동,56.6,False,0.116,0.0,0.0631,0.0039,0.0,0.0021,0.0005
GRID_02811,다사49754000,관악구,신림동,512.1,False,0.4876,0.0,0.2652,0.0165,0.0,0.009,0.0014
GRID_02812,다사49754025,관악구,신림동,742.1,False,1.1026,0.0,0.5998,0.0372,0.0,0.0203,0.0031
GRID_02813,다사49754050,관악구,신림동,1412.8,False,2.1568,0.0,1.1733,0.0729,0.0,0.0396,0.0055
GRID_02814,다사49754075,관악구,신림동,247.0,False,4.2112,0.1597,2.3637,0.1423,0.0285,0.0904,0.0164
GRID_02815,다사49754100,관악구,신림동,2048.4,False,5.7962,0.5177,3.3892,0.1958,0.0923,0.1486,0.0195
GRID_02816,다사49754125,관악구,신림동,2792.2,False,6.4429,0.7569,3.8501,0.2177,0.135,0.18,0.0227
GRID_02817,다사49754150,관악구,신림동,2957.4,False,6.2388,1.0688,3.8813,0.2108,0.1906,0.2016,0.0252
GRID_02818,다사49754175,관악구,신림동,844.9,False,5.2268,1.2665,3.4209,0.1766,0.2259,0.1991,0.0295
GRID_02819,다사49754200,관악구,신림동,4003.2,False,6.8039,1.1677,4.2338,0.2298,0.2083,0.22,0.0265
GRID_02820,다사49754225,관악구,신림동,2020.5,False,5.3749,1.9138,3.7966,0.1816,0.3413,0.2544,0.0334
GRID_02821,다사49754250,관악구,신림동,3712.6,False,2.729,3.2785,2.9796,0.0922,0.5847,0.3168,0.0385
GRID_02822,다사49754275,관악구,신림동,1357.4,False,6.3598,3.7291,5.1602,0.2148,0.6651,0.4201,0.0582
GRID_02823,다사49754300,관악구,신림동,1457.9,False,8.3293,3.4906,6.1229,0.2814,0.6225,0.4369,0.06
GRID_02824,다사49754325,관악구,봉천동,1967.5,False,5.0939,2.6806,3.9934,0.1721,0.4781,0.3116,0.0411
GRID_02825,다사49754350,관악구,봉천동,1612.9,False,4.456,1.1,2.9257,0.1505,0.1962,0.1713,0.0232
GRID_02826,다사49754375,관악구,봉천동,2392.1,False,9.6231,0.378,5.4073,0.3251,0.0674,0.2076,0.0267
GRID_02827,다사49754400,동작구,상도동,4907.7,False,12.4526,0.3947,6.9542,0.4207,0.0704,0.2609,0.0307
GRID_02828,다사49754425,동작구,상도동,6070.7,False,11.5048,0.5478,6.5084,0.3886,0.0977,0.256,0.0294
GRID_02829,다사49754450,동작구,상도동,1693.0,False,11.1091,0.6686,6.3483,0.3753,0.1193,0.2585,0.0348
GRID_02830,다사49754475,동작구,상도동,342.5,False,7.9087,0.7985,4.6665,0.2672,0.1424,0.2103,0.036
GRID_02831,다사49754500,동작구,상도동,2774.2,False,4.5727,0.6533,2.7855,0.1545,0.1165,0.1372,0.0173
GRID_02832,다사49754525,동작구,대방동,586.2,False,6.1206,0.3201,3.4756,0.2068,0.0571,0.1385,0.0217
GRID_02833,다사49754550,동작구,대방동,1071.0,False,5.6771,0.1981,3.1787,0.1918,0.0353,0.1204,0.0173
GRID_02834,다사49754575,동작구,대방동,18.9,False,5.6678,0.5737,3.3449,0.1915,0.1023,0.1508,0.0504
GRID_02835,다사49754600,동작구,대방동,1645.3,False,5.9589,1.266,3.8189,0.2013,0.2258,0.2125,0.0287
GRID_02836,다사49754625,동작구,노량진동,53.7,False,2.0781,1.3204,1.7326,0.0702,0.2355,0.1456,0.0364
GRID_02837,다사49754650,영등포구,여의도동,1263.8,False,4.3095,0.8329,2.7242,0.1456,0.1485,0.1469,0.0206
GRID_02838,다사49754675,영등포구,여의도동,1282.4,False,7.1427,0.6108,4.1641,0.2413,0.1089,0.1809,0.0253
GRID_02839,다사49754700,영등포구,여의도동,966.6,False,5.5035,0.8287,3.3718,0.1859,0.1478,0.1685,0.0245
GRID_02840,다사49754725,영등포구,여의도동,36.5,False,7.1949,0.6831,4.2255,0.2431,0.1218,0.1878,0.0518
GRID_02841,다사49754750,영등포구,여의도동,677.9,False,8.0666,0.8102,4.7577,0.2725,0.1445,0.2141,0.0328
GRID_02842,다사49754775,영등포구,여의도동,469.1,False,5.1709,0.7573,3.1583,0.1747,0.1351,0.1566,0.0255
GRID_02843,다사49754800,영등포구,여의도동,71.8,False,0.7366,0.5231,0.6392,0.0249,0.0933,0.0561,0.0131
GRID_02844,다사49754825,영등포구,여의도동,10.0,False,0.0,0.1696,0.0773,0.0,0.0302,0.0138,0.0058
GRID_02845,다사49754850,영등포구,여의도동,0.0,True,0.0,0.0,0.0,0.0,0.0,0.0,0.0
GRID_02846,다사49754875,영등포구,여의도동,0.0,True,0.0,0.0,0.0,0.0,0.0,0.0,0.0
GRID_02847,다사49754900,영등포구,여의도동,0.0,True,0.0,0.0,0.0,0.0,0.0,0.0,0.0
GRID_02848,다사49754925,마포구,현석동,82.8,False,0.9219,0.2944,0.6358,0.0311,0.0525,0.0409,0.0092
GRID_02849,다사49754950,마포구,구수동,22.1,False,4.7143,0.5492,2.815,0.1593,0.0979,0.1313,0.0418
GRID_02850,다사49754975,마포구,구수동,1232.7,False,12.8327,0.746,7.3212,0.4335,0.133,0.2965,0.0417
GRID_02851,다사49755000,마포구,창전동,152.8,False,17.3964,0.849,9.8508,0.5877,0.1514,0.3887,0.0772
GRID_02852,다사49755025,마포구,창전동,1508.0,False,12.4992,1.1802,7.3378,0.4222,0.2105,0.3257,0.0445
GRID_02853,다사49755050,마포구,창전동,3381.4,False,10.2079,1.8578,6.4002,0.3448,0.3313,0.3387,0.0417
GRID_02854,다사49755075,마포구,동교동,1269.3,False,7.6702,2.3934,5.264,0.2591,0.4269,0.3356,0.047
GRID_02855,다사49755100,서대문구,창천동,1040.6,False,2.7902,2.2073,2.5244,0.0943,0.3937,0.2308,0.0332
GRID_02856,다사49755125,서대문구,창천동,933.0,False,3.531,1.3094,2.5179,0.1193,0.2335,0.1714,0.0251
GRID_02857,다사49755150,서대문구,연희동,407.2,False,3.117,0.2249,1.7982,0.1053,0.0401,0.0756,0.0126
GRID_02858,다사49755175,서대문구,연희동,373.5,False,3.9222,0.0,2.1337,0.1325,0.0,0.0721,0.0122
GRID_02859,다사49755200,서대문구,연희동,2837.0,False,6.9786,0.0,3.7963,0.2357,0.0,0.1282,0.0161
GRID_02860,다사49755225,서대문구,연희동,11.7,False,6.5225,0.0,3.5482,0.2203,0.0,0.1199,0.0472
GRID_02861,다사49755250,서대문구,연희동,20.1,False,3.365,0.0,1.8306,0.1137,0.0,0.0618,0.0203
GRID_02862,다사49755275,서대문구,연희동,263.3,False,1.3541,0.0,0.7366,0.0457,0.0,0.0249,0.0045
GRID_02863,다사49755300,서대문구,연희동,7.0,False,3.0614,0.0,1.6654,0.1034,0.0,0.0563,0.0271
GRID_02864,다사49755325,서대문구,연희동,2111.5,False,8.8971,0.0,4.84,0.3006,0.0,0.1635,0.0214
GRID_02865,다사49755350,서대문구,홍은동,244.1,False,8.4964,0.0,4.622,0.287,0.0,0.1561,0.0284
GRID_02866,다사49755375,서대문구,홍은동,56.7,False,4.8074,0.0,2.6152,0.1624,0.0,0.0883,0.0218
GRID_02867,다사49755400,서대문구,홍은동,906.6,False,9.1529,0.0,4.9792,0.3092,0.0,0.1682,0.0247
GRID_02868,다사49755425,서대문구,홍은동,8.2,False,9.1275,0.0,4.9653,0.3083,0.0,0.1677,0.0756
GRID_02869,다사49755450,서대문구,홍은동,29.0,False,3.8978,0.0,2.1204,0.1317,0.0,0.0716,0.0211
GRID_02870,다사49755475,서대문구,홍은동,17.3,False,3.3833,0.0,1.8405,0.1143,0.0,0.0622,0.0214
GRID_02871,다사49755500,서대문구,홍은동,1019.1,False,3.8665,0.0,2.1034,0.1306,0.0,0.0711,0.0103
GRID_02872,다사49755525,은평구,응암동,139.7,False,1.8255,0.3206,1.1393,0.0617,0.0572,0.0596,0.0121
GRID_02873,다사49755550,은평구,응암동,3517.7,False,1.8006,0.5685,1.2387,0.0608,0.1014,0.0793,0.0097
GRID_02874,다사49755575,은평구,응암동,4185.4,False,5.5762,0.6585,3.3337,0.1884,0.1175,0.156,0.0187
GRID_02875,다사49755600,은평구,녹번동,23.1,False,4.8437,0.5659,2.893,0.1636,0.1009,0.135,0.0424
GRID_02876,다사49755625,은평구,녹번동,2240.3,False,3.1469,0.8796,2.113,0.1063,0.1569,0.1294,0.0168
GRID_02877,다사49755650,은평구,녹번동,3584.2,False,7.7256,1.1973,4.7487,0.261,0.2135,0.2393,0.0292
GRID_02878,다사49755675,은평구,불광동,39.8,False,11.2936,1.5288,6.8408,0.3815,0.2726,0.3319,0.0895
GRID_02879,다사49755700,은평구,불광동,1953.9,False,9.5967,1.5203,5.9138,0.3242,0.2711,0.3,0.0396
GRID_02880,다사49755725,은평구,불광동,1893.4,False,4.1443,1.2025,2.8028,0.14,0.2145,0.174,0.0231
GRID_02881,다사49755750,은평구,불광동,943.7,False,4.2194,0.5861,2.5626,0.1425,0.1045,0.1252,0.0183
GRID_02882,다사49755775,은평구,불광동,2233.5,False,3.5702,0.2702,2.0654,0.1206,0.0482,0.0876,0.0114
GRID_02883,다사49755800,은평구,불광동,849.8,False,5.4844,0.2228,3.0851,0.1853,0.0397,0.1189,0.0176
GRID_02884,다사49755825,은평구,불광동,3112.1,False,5.1507,0.1223,2.8578,0.174,0.0218,0.1046,0.013
GRID_02885,다사49755850,은평구,불광동,14.2,False,2.3649,0.0,1.2865,0.0799,0.0,0.0435,0.016
GRID_02886,다사49755875,은평구,진관동,105.6,False,2.0602,0.0,1.1208,0.0696,0.0,0.0379,0.0081
GRID_02887,다사49755900,은평구,진관동,2040.4,False,2.448,0.0,1.3317,0.0827,0.0,0.045,0.0059
GRID_02888,다사49755925,은평구,진관동,207.8,False,3.542,0.0,1.9268,0.1197,0.0,0.0651,0.0122
GRID_02889,다사49755950,은평구,진관동,18.8,False,2.6528,0.0,1.4431,0.0896,0.0,0.0488,0.0163
GRID_02890,다사49755975,은평구,진관동,1676.7,False,0.9492,0.0,0.5164,0.0321,0.0,0.0174,0.0023
GRID_02891,다사49756000,은평구,진관동,0.0,True,0.3296,0.0,0.1793,0.0,0.0,0.0,0.0
GRID_02892,다사49756025,은평구,진관동,45.9,False,0.0521,0.0,0.0283,0.0018,0.0,0.001,0.0002
GRID_02893,다사49756050,은평구,진관동,827.1,False,0.5532,0.0,0.3009,0.0187,0.0,0.0102,0.0015
GRID_02894,다사49756075,은평구,진관동,7.7,False,1.1105,0.0,0.6041,0.0375,0.0,0.0204,0.0094
GRID_02895,다사49756100,은평구,진관동,1026.2,False,2.3089,0.0,1.256,0.078,0.0,0.0424,0.0061
GRID_02896,다사49756125,은평구,진관동,9.6,False,2.3428,0.0,1.2745,0.0791,0.0,0.0431,0.0182
GRID_02897,다사50003775,관악구,신림동,0.0,True,0.0,0.0,0.0,0.0,0.0,0.0,0.0
GRID_02898,다사50003800,관악구,신림동,0.0,True,0.0,0.0,0.0,0.0,0.0,0.0,0.0
GRID_02899,다사50003825,관악구,신림동,0.0,True,0.0,0.0,0.0,0.0,0.0,0.0,0.0
GRID_02900,다사50003850,관악구,신림동,0.0,True,0.0,0.0,0.0,0.0,0.0,0.0,0.0
GRID_02901,다사50003875,관악구,신림동,6.5,False,0.0,0.0,0.0,0.0,0.0,0.0,0.0
GRID_02902,다사50003900,관악구,신림동,0.0,True,0.0,0.0,0.0,0.0,0.0,0.0,0.0
GRID_02903,다사50003925,관악구,신림동,0.0,True,0.0,0.0,0.0,0.0,0.0,0.0,0.0
GRID_02904,다사50003950,관악구,신림동,4.4,False,0.0,0.0,0.0,0.0,0.0,0.0,0.0
GRID_02905,다사50003975,관악구,신림동,117.6,False,0.0,0.0,0.0,0.0,0.0,0.0,0.0
GRID_02906,다사50004000,관악구,신림동,13.9,False,0.0,0.0,0.0,0.0,0.0,0.0,0.0
GRID_02907,다사50004025,관악구,신림동,13.1,False,0.0433,0.0,0.0235,0.0015,0.0,0.0008,0.0003
GRID_02908,다사50004050,관악구,신림동,1001.6,False,0.9005,0.0,0.4899,0.0304,0.0,0.0165,0.0024
GRID_02909,다사50004075,관악구,신림동,2106.3,False,1.9568,0.13,1.1238,0.0661,0.0232,0.0465,0.0061
GRID_02910,다사50004100,관악구,신림동,3006.0,False,3.7364,0.4807,2.2518,0.1262,0.0857,0.1078,0.0135
GRID_02911,다사50004125,관악구,신림동,1232.6,False,6.5739,0.7149,3.9022,0.2221,0.1275,0.179,0.0251
GRID_02912,다사50004150,관악구,신림동,2459.7,False,7.0834,0.9507,4.2869,0.2393,0.1696,0.2075,0.0266
GRID_02913,다사50004175,관악구,신림동,2795.0,False,4.0182,1.1347,2.7033,0.1357,0.2024,0.1661,0.0209
GRID_02914,다사50004200,관악구,신림동,71.4,False,3.4413,1.0438,2.348,0.1163,0.1862,0.1481,0.0346
GRID_02915,다사50004225,관악구,신림동,40.9,False,1.9181,1.1943,1.588,0.0648,0.213,0.1324,0.0354
GRID_02916,다사50004250,관악구,신림동,125.5,False,0.1627,2.3465,1.1585,0.0055,0.4185,0.1938,0.04
GRID_02917,다사50004275,관악구,신림동,446.9,False,4.6657,2.6834,3.7618,0.1576,0.4786,0.304,0.0498
GRID_02918,다사50004300,관악구,봉천동,2445.4,False,7.988,2.1047,5.3052,0.2698,0.3754,0.318,0.0408
GRID_02919,다사50004325,관악구,봉천동,2289.6,False,4.6611,0.9871,2.9858,0.1575,0.1761,0.1659,0.0214
GRID_02920,다사50004350,관악구,봉천동,261.1,False,4.1965,0.1046,2.3306,0.1418,0.0187,0.0856,0.0154
GRID_02921,다사50004375,동작구,상도동,947.3,False,10.96,0.0282,5.9751,0.3702,0.005,0.2037,0.0297
GRID_02922,다사50004400,동작구,상도동,66.0,False,15.7985,0.0,8.5944,0.5337,0.0,0.2903,0.069
GRID_02923,다사50004425,동작구,상도동,927.2,False,10.2442,0.1611,5.6463,0.3461,0.0287,0.2014,0.0295
GRID_02924,다사50004450,동작구,상도동,112.8,False,6.2962,0.4544,3.6323,0.2127,0.081,0.1527,0.0322
GRID_02925,다사50004475,동작구,상도동,1619.5,False,5.5568,0.6598,3.3238,0.1877,0.1177,0.1558,0.0211
GRID_02926,다사50004500,동작구,상도동,114.4,False,10.7054,0.6164,6.1048,0.3616,0.1099,0.2469,0.052
GRID_02927,다사50004525,동작구,상도동,2327.3,False,7.8267,0.5938,4.5285,0.2644,0.1059,0.1921,0.0248
GRID_02928,다사50004550,동작구,노량진동,1446.3,False,2.268,0.5803,1.4984,0.0766,0.1035,0.0889,0.0122
GRID_02929,다사50004575,동작구,노량진동,186.4,False,3.2732,0.822,2.1555,0.1106,0.1466,0.127,0.0243
GRID_02930,다사50004600,동작구,노량진동,1500.7,False,5.4671,1.1643,3.505,0.1847,0.2077,0.1952,0.0267
GRID_02931,다사50004625,동작구,노량진동,1309.4,False,2.0714,1.2839,1.7123,0.07,0.229,0.1425,0.0198
GRID_02932,다사50004650,영등포구,여의도동,324.3,False,4.0696,0.8291,2.5919,0.1375,0.1479,0.1422,0.0246
GRID_02933,다사50004675,영등포구,여의도동,1262.2,False,6.0635,0.2343,3.4054,0.2048,0.0418,0.1305,0.0183
GRID_02934,다사50004700,영등포구,여의도동,1500.5,False,4.2432,0.3196,2.4541,0.1433,0.057,0.104,0.0142
GRID_02935,다사50004725,영등포구,여의도동,873.1,False,5.402,0.5874,3.2066,0.1825,0.1048,0.147,0.0217
GRID_02936,다사50004750,영등포구,여의도동,305.0,False,5.561,0.7248,3.3557,0.1879,0.1293,0.1611,0.0282
GRID_02937,다사50004775,영등포구,여의도동,15.0,False,2.5387,0.6741,1.6885,0.0858,0.1202,0.1015,0.0366
GRID_02938,다사50004800,영등포구,여의도동,216.7,False,0.9978,0.4495,0.7478,0.0337,0.0802,0.0549,0.0102
GRID_02939,다사50004825,영등포구,여의도동,65.7,False,0.0,0.1106,0.0504,0.0,0.0197,0.009,0.0021
GRID_02940,다사50004850,영등포구,여의도동,0.0,True,0.0,0.0,0.0,0.0,0.0,0.0,0.0
GRID_02941,다사50004875,영등포구,여의도동,0.0,True,0.0,0.0,0.0,0.0,0.0,0.0,0.0
GRID_02942,다사50004900,마포구,현석동,0.0,True,0.0,0.0,0.0,0.0,0.0,0.0,0.0
GRID_02943,다사50004925,마포구,현석동,2559.4,False,2.5916,0.2055,1.5035,0.0875,0.0366,0.0643,0.0082
GRID_02944,다사50004950,마포구,신수동,2183.6,False,5.8421,0.5839,3.4444,0.1974,0.1041,0.1548,0.0201
GRID_02945,다사50004975,마포구,신수동,1695.6,False,7.5128,0.9001,4.4974,0.2538,0.1605,0.2113,0.0284
GRID_02946,다사50005000,마포구,신수동,2555.1,False,7.7697,1.2239,4.7848,0.2625,0.2183,0.2423,0.0309
GRID_02947,다사50005025,마포구,신수동,185.9,False,6.4697,1.4984,4.2028,0.2186,0.2672,0.2408,0.046
GRID_02948,다사50005050,마포구,노고산동,1354.3,False,10.4122,1.4478,6.3244,0.3517,0.2582,0.3091,0.0429
GRID_02949,다사50005075,서대문구,창천동,1400.9,False,12.7047,1.5232,7.606,0.4292,0.2717,0.3574,0.0493
GRID_02950,다사50005100,서대문구,창천동,2553.0,False,7.9446,1.5466,5.0271,0.2684,0.2758,0.2718,0.0346
GRID_02951,다사50005125,서대문구,창천동,15.3,False,6.1706,0.8605,3.7492,0.2085,0.1535,0.1834,0.0657
GRID_02952,다사50005150,서대문구,연희동,279.8,False,2.3744,0.1926,1.3795,0.0802,0.0344,0.0593,0.0105
GRID_02953,다사50005175,서대문구,연희동,380.9,False,0.0,0.0,0.0,0.0,0.0,0.0,0.0
GRID_02954,다사50005200,서대문구,연희동,332.3,False,1.3105,0.0,0.7129,0.0443,0.0,0.0241,0.0041
GRID_02955,다사50005225,서대문구,연희동,426.8,False,2.5885,0.0,1.4082,0.0874,0.0,0.0476,0.0079
GRID_02956,다사50005250,서대문구,연희동,1363.5,False,2.3384,0.0,1.2721,0.079,0.0,0.043,0.006
GRID_02957,다사50005275,서대문구,연희동,869.1,False,1.3456,0.0,0.732,0.0455,0.0,0.0247,0.0037
GRID_02958,다사50005300,서대문구,연희동,1805.0,False,3.3911,0.0,1.8447,0.1146,0.0,0.0623,0.0083
GRID_02959,다사50005325,서대문구,연희동,1646.8,False,10.7351,0.0,5.8399,0.3626,0.0,0.1973,0.0266
GRID_02960,다사50005350,서대문구,홍은동,22.5,False,11.5645,0.0,6.2911,0.3907,0.0,0.2125,0.0673
GRID_02961,다사50005375,서대문구,홍은동,2354.2,False,5.7782,0.0,3.1433,0.1952,0.0,0.1062,0.0137
GRID_02962,다사50005400,서대문구,홍은동,7.8,False,8.3692,0.0,4.5529,0.2827,0.0,0.1538,0.0707
GRID_02963,다사50005425,서대문구,홍은동,7.5,False,12.9238,0.0311,7.0448,0.4366,0.0055,0.24,0.1122
GRID_02964,다사50005450,서대문구,홍은동,1841.1,False,8.8141,0.0676,4.8257,0.2978,0.0121,0.1675,0.0223
GRID_02965,다사50005475,서대문구,홍은동,18.6,False,6.5772,0.0,3.578,0.2222,0.0,0.1209,0.0406
GRID_02966,다사50005500,서대문구,홍은동,3734.3,False,5.6702,0.0765,3.1195,0.1915,0.0137,0.1104,0.0134
GRID_02967,다사50005525,서대문구,홍은동,165.5,False,2.4656,0.4446,1.544,0.0833,0.0793,0.0815,0.0159
GRID_02968,다사50005550,은평구,응암동,832.0,False,2.3358,0.7119,1.5953,0.0789,0.127,0.1008,0.015
GRID_02969,다사50005575,은평구,응암동,489.2,False,6.6359,0.809,3.9789,0.2242,0.1443,0.1877,0.0303
GRID_02970,다사50005600,은평구,녹번동,3451.5,False,5.9826,0.7091,3.5779,0.2021,0.1265,0.1676,0.0206
GRID_02971,다사50005625,은평구,녹번동,265.3,False,2.8722,0.6018,1.8369,0.097,0.1073,0.1017,0.0182
GRID_02972,다사50005650,은평구,녹번동,9.4,False,3.6248,0.7872,2.3308,0.1225,0.1404,0.1306,0.0558
GRID_02973,다사50005675,은평구,불광동,271.2,False,5.2097,1.0061,3.2928,0.176,0.1794,0.1776,0.0317
GRID_02974,다사50005700,은평구,불광동,1202.7,False,6.0895,0.9986,3.768,0.2057,0.1781,0.1931,0.0272
GRID_02975,다사50005725,은평구,불광동,848.2,False,4.3944,0.7337,2.7251,0.1484,0.1309,0.1404,0.0208
GRID_02976,다사50005750,은평구,불광동,1277.8,False,3.2997,0.2423,1.9055,0.1115,0.0432,0.0803,0.0112
GRID_02977,다사50005775,은평구,불광동,3403.3,False,2.345,0.2606,1.3945,0.0792,0.0465,0.0643,0.0079
GRID_02978,다사50005800,은평구,불광동,298.6,False,2.4378,0.2139,1.4237,0.0824,0.0381,0.0622,0.0109
GRID_02979,다사50005825,은평구,불광동,764.3,False,2.1378,0.1148,1.2153,0.0722,0.0205,0.0486,0.0073
GRID_02980,다사50005850,은평구,불광동,0.0,True,0.2289,0.0,0.1245,0.0,0.0,0.0,0.0
GRID_02981,다사50005875,은평구,진관동,1678.1,False,0.0,0.0,0.0,0.0,0.0,0.0,0.0
GRID_02982,다사50005900,은평구,진관동,39.8,False,0.4907,0.0,0.267,0.0166,0.0,0.009,0.0024
GRID_02983,다사50005925,은평구,진관동,1719.4,False,0.7848,0.0,0.427,0.0265,0.0,0.0144,0.0019
GRID_02984,다사50005950,은평구,진관동,593.3,False,0.8539,0.0,0.4645,0.0288,0.0,0.0157,0.0025
GRID_02985,다사50005975,은평구,진관동,1939.6,False,1.2986,0.0,0.7065,0.0439,0.0,0.0239,0.0032
GRID_02986,다사50006000,은평구,진관동,11.5,False,1.1604,0.0,0.6313,0.0392,0.0,0.0213,0.0084
GRID_02987,다사50006025,은평구,진관동,6.8,False,0.4795,0.0,0.2608,0.0162,0.0,0.0088,0.0043
GRID_02988,다사50006050,은평구,진관동,0.0,True,0.0404,0.0,0.022,0.0,0.0,0.0,0.0
GRID_02989,다사50006075,은평구,진관동,0.0,True,0.0,0.0,0.0,0.0,0.0,0.0,0.0
GRID_02990,다사50006100,은평구,진관동,0.0,True,1.1723,0.0,0.6377,0.0,0.0,0.0,0.0
GRID_02991,다사50006125,은평구,진관동,35.5,False,2.0527,0.0,1.1167,0.0693,0.0,0.0377,0.0105
GRID_02992,다사50253750,관악구,신림동,0.0,True,0.0,0.0,0.0,0.0,0.0,0.0,0.0
GRID_02993,다사50253775,관악구,신림동,0.0,True,0.0,0.0,0.0,0.0,0.0,0.0,0.0
GRID_02994,다사50253800,관악구,신림동,0.0,True,0.0,0.0,0.0,0.0,0.0,0.0,0.0
GRID_02995,다사50253825,관악구,신림동,82.3,False,0.0,0.0,0.0,0.0,0.0,0.0,0.0
GRID_02996,다사50253850,관악구,신림동,0.0,True,0.0,0.0,0.0,0.0,0.0,0.0,0.0
GRID_02997,다사50253875,관악구,신림동,0.0,True,0.0,0.0,0.0,0.0,0.0,0.0,0.0
GRID_02998,다사50253900,관악구,신림동,0.0,True,0.0,0.0,0.0,0.0,0.0,0.0,0.0
GRID_02999,다사50253925,관악구,신림동,0.0,True,0.0,0.0,0.0,0.0,0.0,0.0,0.0
GRID_03000,다사50253950,관악구,신림동,0.0,True,0.0,0.0,0.0,0.0,0.0,0.0,0.0
GRID_03001,다사50253975,관악구,신림동,0.0,True,0.0,0.0,0.0,0.0,0.0,0.0,0.0
GRID_03002,다사50254000,관악구,신림동,45.7,False,0.0,0.0,0.0,0.0,0.0,0.0,0.0
GRID_03003,다사50254025,관악구,신림동,25.8,False,0.0,0.0,0.0,0.0,0.0,0.0,0.0
GRID_03004,다사50254050,관악구,신림동,125.9,False,1.2456,0.0,0.6776,0.0421,0.0,0.0229,0.0047
GRID_03005,다사50254075,관악구,신림동,2274.1,False,2.6215,0.2132,1.5233,0.0886,0.038,0.0655,0.0085
GRID_03006,다사50254100,관악구,신림동,3204.6,False,4.4884,0.6459,2.7362,0.1516,0.1152,0.135,0.0167
GRID_03007,다사50254125,관악구,신림동,1187.0,False,7.7825,0.8494,4.621,0.2629,0.1515,0.2121,0.03
GRID_03008,다사50254150,관악구,신림동,3104.4,False,7.3937,0.7429,4.361,0.2498,0.1325,0.1963,0.0244
GRID_03009,다사50254175,관악구,신림동,2773.5,False,5.5913,0.6772,3.3505,0.1889,0.1208,0.1578,0.0199
GRID_03010,다사50254200,관악구,신림동,1950.3,False,3.0291,0.9147,2.065,0.1023,0.1631,0.1301,0.0172
GRID_03011,다사50254225,관악구,봉천동,959.0,False,1.2452,1.2026,1.2258,0.0421,0.2145,0.1207,0.0176
GRID_03012,다사50254250,관악구,봉천동,1889.8,False,2.7465,1.2823,2.0788,0.0928,0.2287,0.1548,0.0205
GRID_03013,다사50254275,관악구,봉천동,1765.1,False,7.4266,0.9949,4.4938,0.2509,0.1774,0.2174,0.0291
GRID_03014,다사50254300,관악구,봉천동,1906.8,False,7.9458,0.6672,4.6268,0.2684,0.119,0.2003,0.0265
GRID_03015,다사50254325,관악구,봉천동,892.3,False,6.0709,0.1919,3.39,0.2051,0.0342,0.1272,0.0187
GRID_03016,다사50254350,관악구,봉천동,25.8,False,3.2246,0.0,1.7542,0.1089,0.0,0.0593,0.018
GRID_03017,다사50254375,동작구,상도동,6.2,False,4.2142,0.0,2.2925,0.1424,0.0,0.0774,0.0392
GRID_03018,다사50254400,동작구,상도동,2876.0,False,9.6233,0.0,5.2351,0.3251,0.0,0.1768,0.0222
GRID_03019,다사50254425,동작구,상도동,2873.4,False,9.016,0.0,4.9047,0.3046,0.0,0.1657,0.0208
GRID_03020,다사50254450,동작구,상도동,42.7,False,4.3364,0.295,2.4935,0.1465,0.0526,0.1037,0.0274
GRID_03021,다사50254475,동작구,상도동,1267.5,False,6.4432,0.59,3.7742,0.2177,0.1052,0.1664,0.0233
GRID_03022,다사50254500,동작구,상도동,2031.3,False,13.8796,0.7467,7.891,0.4689,0.1332,0.3158,0.0415
GRID_03023,다사50254525,동작구,상도동,273.7,False,13.3031,0.7224,7.5663,0.4494,0.1288,0.3032,0.054
GRID_03024,다사50254550,동작구,노량진동,13.0,False,3.3704,1.1722,2.368,0.1139,0.2091,0.1573,0.0596
GRID_03025,다사50254575,동작구,노량진동,1004.2,False,3.931,1.7035,2.9153,0.1328,0.3038,0.2108,0.0305
GRID_03026,다사50254600,동작구,노량진동,736.5,False,6.9949,1.9376,4.6888,0.2363,0.3456,0.2861,0.0433
GRID_03027,다사50254625,동작구,노량진동,402.4,False,3.6241,1.8438,2.8123,0.1224,0.3288,0.2165,0.0361
GRID_03028,다사50254650,영등포구,여의도동,707.8,False,2.7512,1.2439,2.0638,0.0929,0.2218,0.1517,0.0231
GRID_03029,다사50254675,영등포구,여의도동,2192.2,False,4.0381,0.298,2.3326,0.1364,0.0531,0.0984,0.0128
GRID_03030,다사50254700,영등포구,여의도동,47.7,False,2.8297,0.0965,1.5833,0.0956,0.0172,0.0598,0.0154
GRID_03031,다사50254725,영등포구,여의도동,574.0,False,3.14,0.3466,1.8662,0.1061,0.0618,0.0859,0.0135
GRID_03032,다사50254750,영등포구,여의도동,94.2,False,1.35,0.4659,0.9469,0.0456,0.0831,0.0627,0.0138
GRID_03033,다사50254775,영등포구,여의도동,0.0,True,0.4769,0.4219,0.4518,0.0,0.0,0.0,0.0
GRID_03034,다사50254800,영등포구,여의도동,0.0,True,0.0,0.2266,0.1033,0.0,0.0,0.0,0.0
GRID_03035,다사50254825,영등포구,여의도동,83.2,False,0.0,0.0,0.0,0.0,0.0,0.0,0.0
GRID_03036,다사50254850,영등포구,여의도동,45.4,False,0.0,0.0,0.0,0.0,0.0,0.0,0.0
GRID_03037,다사50254875,영등포구,여의도동,0.0,True,0.0,0.1706,0.0778,0.0,0.0,0.0,0.0
GRID_03038,다사50254900,마포구,용강동,51.5,False,1.2852,0.2083,0.7942,0.0434,0.0372,0.0406,0.0102
GRID_03039,다사50254925,마포구,용강동,1848.6,False,4.5412,0.2446,2.582,0.1534,0.0436,0.1033,0.0137
GRID_03040,다사50254950,마포구,신수동,1259.6,False,5.9719,0.5797,3.5131,0.2017,0.1034,0.1569,0.022
GRID_03041,다사50254975,마포구,신수동,2834.9,False,7.9699,0.8832,4.7384,0.2692,0.1575,0.2183,0.0275
GRID_03042,다사50255000,마포구,신수동,1108.6,False,7.4933,1.2216,4.6334,0.2531,0.2179,0.2371,0.0338
GRID_03043,다사50255025,마포구,신수동,1274.7,False,3.0086,1.5006,2.3209,0.1016,0.2676,0.1773,0.0248
GRID_03044,다사50255050,마포구,노고산동,2019.7,False,8.2485,1.5604,5.1987,0.2786,0.2783,0.2785,0.0366
GRID_03045,다사50255075,서대문구,창천동,1233.4,False,13.5359,2.1254,8.3327,0.4573,0.3791,0.4216,0.0592
GRID_03046,다사50255100,서대문구,창천동,2879.2,False,10.5339,2.0691,6.6739,0.3558,0.369,0.3619,0.0454
GRID_03047,다사50255125,서대문구,신촌동,694.5,False,7.7687,1.411,4.8696,0.2624,0.2516,0.2575,0.0393
GRID_03048,다사50255150,서대문구,신촌동,850.7,False,2.5316,0.6869,1.6904,0.0855,0.1225,0.1024,0.0152
GRID_03049,다사50255175,서대문구,신촌동,439.0,False,0.0,0.253,0.1154,0.0,0.0451,0.0206,0.0034
GRID_03050,다사50255200,서대문구,신촌동,121.7,False,0.0,0.0,0.0,0.0,0.0,0.0,0.0
GRID_03051,다사50255225,서대문구,연희동,39.5,False,0.0143,0.0,0.0078,0.0005,0.0,0.0003,0.0001
GRID_03052,다사50255250,서대문구,연희동,535.3,False,0.7215,0.0,0.3925,0.0244,0.0,0.0133,0.0021
GRID_03053,다사50255275,서대문구,연희동,265.0,False,0.5688,0.0,0.3094,0.0192,0.0,0.0105,0.0019
GRID_03054,다사50255300,서대문구,연희동,2053.3,False,1.6089,0.0,0.8753,0.0544,0.0,0.0296,0.0039
GRID_03055,다사50255325,서대문구,연희동,390.6,False,5.0035,0.0,2.7219,0.169,0.0,0.0919,0.0154
GRID_03056,다사50255350,서대문구,연희동,58.9,False,6.2862,0.0,3.4197,0.2124,0.0,0.1155,0.0282
GRID_03057,다사50255375,서대문구,연희동,16.5,False,4.1541,0.0,2.2598,0.1403,0.0,0.0763,0.0267
GRID_03058,다사50255400,서대문구,홍제동,3387.5,False,4.0616,0.2767,2.3357,0.1372,0.0493,0.0971,0.012
GRID_03059,다사50255425,서대문구,홍제동,1728.0,False,5.8922,0.5269,3.4456,0.199,0.094,0.1511,0.0203
GRID_03060,다사50255450,서대문구,홍은동,1250.1,False,5.3382,0.5738,3.1657,0.1803,0.1023,0.1448,0.0203
GRID_03061,다사50255475,서대문구,홍은동,1163.9,False,3.9196,0.4044,2.3167,0.1324,0.0721,0.1049,0.0149
GRID_03062,다사50255500,서대문구,홍은동,0.0,True,3.7349,0.1123,2.083,0.0,0.0,0.0,0.0
GRID_03063,다사50255525,서대문구,홍은동,240.1,False,2.4699,0.4074,1.5294,0.0834,0.0727,0.0785,0.0143
GRID_03064,다사50255550,은평구,녹번동,1764.6,False,0.9034,0.6688,0.7965,0.0305,0.1193,0.071,0.0095
GRID_03065,다사50255575,은평구,녹번동,1014.1,False,3.0927,0.7638,2.0307,0.1045,0.1362,0.119,0.0172
GRID_03066,다사50255600,은평구,녹번동,493.7,False,2.3264,0.6661,1.5693,0.0786,0.1188,0.0969,0.0156
GRID_03067,다사50255625,은평구,녹번동,832.7,False,0.4109,0.4026,0.4071,0.0139,0.0718,0.0403,0.006
GRID_03068,다사50255650,은평구,녹번동,4149.8,False,0.6804,0.0937,0.4128,0.023,0.0167,0.0201,0.0024
GRID_03069,다사50255675,은평구,녹번동,35.5,False,3.7836,0.2521,2.1733,0.1278,0.045,0.09,0.025
GRID_03070,다사50255700,은평구,불광동,2116.4,False,4.9997,0.2093,2.8153,0.1689,0.0373,0.1089,0.0142
GRID_03071,다사50255725,은평구,불광동,0.0,True,1.7516,0.1017,0.9993,0.0,0.0,0.0,0.0
GRID_03072,다사50255750,은평구,불광동,0.0,True,0.0,0.1718,0.0783,0.0,0.0,0.0,0.0
GRID_03073,다사50255775,은평구,불광동,58.6,False,0.0,0.1882,0.0858,0.0,0.0336,0.0153,0.0037
GRID_03074,다사50255800,은평구,불광동,0.0,True,0.1265,0.1464,0.1356,0.0,0.0,0.0,0.0
GRID_03075,다사50255825,은평구,불광동,7.5,False,0.2338,0.0578,0.1535,0.0079,0.0103,0.009,0.0042
GRID_03076,다사50255850,은평구,불광동,4.4,False,0.0,0.0,0.0,0.0,0.0,0.0,0.0
GRID_03077,다사50255875,은평구,진관동,40.7,False,0.0,0.0,0.0,0.0,0.0,0.0,0.0
GRID_03078,다사50255900,은평구,진관동,0.0,True,0.0,0.0,0.0,0.0,0.0,0.0,0.0
GRID_03079,다사50255925,은평구,진관동,0.0,True,0.0,0.0,0.0,0.0,0.0,0.0,0.0
GRID_03080,다사50255950,은평구,진관동,7.2,False,0.0403,0.0,0.0219,0.0014,0.0,0.0007,0.0004
GRID_03081,다사50255975,은평구,진관동,99.2,False,0.8077,0.0,0.4394,0.0273,0.0,0.0148,0.0032
GRID_03082,다사50256000,은평구,진관동,1088.6,False,1.1975,0.0,0.6515,0.0405,0.0,0.022,0.0031
GRID_03083,다사50256025,은평구,진관동,252.8,False,0.8877,0.0,0.4829,0.03,0.0,0.0163,0.0029
GRID_03084,다사50256050,은평구,진관동,4.9,False,0.5349,0.0,0.291,0.0181,0.0,0.0098,0.0055
GRID_03085,다사50256075,은평구,진관동,9.6,False,0.0178,0.0,0.0097,0.0006,0.0,0.0003,0.0001
GRID_03086,다사50256100,은평구,진관동,44.1,False,0.6536,0.0,0.3555,0.0221,0.0,0.012,0.0032
GRID_03087,다사50256125,은평구,진관동,1861.9,False,1.8454,0.0,1.0039,0.0623,0.0,0.0339,0.0045
GRID_03088,다사50256150,은평구,진관동,67.8,False,2.3979,0.0,1.3045,0.081,0.0,0.0441,0.0104
GRID_03089,다사50256175,은평구,진관동,0.0,True,1.2463,0.0,0.678,0.0,0.0,0.0,0.0
GRID_03090,다사50503750,관악구,신림동,0.0,True,0.0,0.0,0.0,0.0,0.0,0.0,0.0
GRID_03091,다사50503775,관악구,신림동,0.0,True,0.0,0.0,0.0,0.0,0.0,0.0,0.0
GRID_03092,다사50503800,관악구,신림동,0.0,True,0.0,0.0,0.0,0.0,0.0,0.0,0.0
GRID_03093,다사50503825,관악구,신림동,0.0,True,0.0,0.0,0.0,0.0,0.0,0.0,0.0
GRID_03094,다사50503850,관악구,신림동,0.0,True,0.0,0.0,0.0,0.0,0.0,0.0,0.0
GRID_03095,다사50503875,관악구,신림동,0.0,True,0.0,0.0,0.0,0.0,0.0,0.0,0.0
GRID_03096,다사50503900,관악구,신림동,0.0,True,0.0,0.0,0.0,0.0,0.0,0.0,0.0
GRID_03097,다사50503925,관악구,신림동,0.0,True,0.0,0.0,0.0,0.0,0.0,0.0,0.0
GRID_03098,다사50503950,관악구,신림동,0.0,True,0.0,0.0,0.0,0.0,0.0,0.0,0.0
GRID_03099,다사50503975,관악구,신림동,31.7,False,0.0,0.0,0.0,0.0,0.0,0.0,0.0
GRID_03100,다사50504000,관악구,신림동,0.0,True,0.0,0.0,0.0,0.0,0.0,0.0,0.0
GRID_03101,다사50504025,관악구,신림동,37.7,False,0.0,0.0,0.0,0.0,0.0,0.0,0.0
GRID_03102,다사50504050,관악구,신림동,163.5,False,0.2718,0.1763,0.2283,0.0092,0.0314,0.0193,0.0038
GRID_03103,다사50504075,관악구,신림동,184.6,False,0.6383,0.4844,0.5681,0.0216,0.0864,0.0511,0.0098
GRID_03104,다사50504100,관악구,신림동,2828.9,False,0.961,0.6596,0.8235,0.0325,0.1176,0.0713,0.009
GRID_03105,다사50504125,관악구,신림동,1206.0,False,4.2547,0.8033,2.6808,0.1437,0.1433,0.1435,0.0202
GRID_03106,다사50504150,관악구,신림동,2468.3,False,5.5516,0.6588,3.3205,0.1875,0.1175,0.1556,0.0199
GRID_03107,다사50504175,관악구,신림동,2222.7,False,5.1563,0.2463,2.9173,0.1742,0.0439,0.1148,0.0149
GRID_03108,다사50504200,관악구,봉천동,22.1,False,3.3573,0.5259,2.0662,0.1134,0.0938,0.1045,0.0333
GRID_03109,다사50504225,관악구,봉천동,1125.9,False,2.7629,0.9971,1.9577,0.0933,0.1778,0.1319,0.0188
GRID_03110,다사50504250,관악구,봉천동,1555.7,False,9.6208,1.1823,5.7728,0.325,0.2109,0.273,0.0371
GRID_03111,다사50504275,관악구,봉천동,3176.8,False,11.9754,1.1419,7.0353,0.4045,0.2037,0.3129,0.0388
GRID_03112,다사50504300,관악구,봉천동,1410.9,False,9.4107,0.8268,5.4964,0.3179,0.1475,0.2402,0.0331
GRID_03113,다사50504325,관악구,봉천동,4339.1,False,9.2453,0.3214,5.176,0.3123,0.0573,0.196,0.0234
GRID_03114,다사50504350,관악구,봉천동,2595.5,False,8.3638,0.0,4.5499,0.2825,0.0,0.1537,0.0196
GRID_03115,다사50504375,동작구,상도동,75.2,False,5.8285,0.0,3.1707,0.1969,0.0,0.1071,0.0247
GRID_03116,다사50504400,동작구,상도동,60.2,False,7.4408,0.0,4.0478,0.2514,0.0,0.1367,0.0332
GRID_03117,다사50504425,동작구,상도동,73.9,False,9.0134,0.0,4.9033,0.3045,0.0,0.1656,0.0384
GRID_03118,다사50504450,동작구,상도동,3205.4,False,6.5657,0.4326,3.769,0.2218,0.0772,0.1558,0.0193
GRID_03119,다사50504475,동작구,상도동,2940.8,False,5.5347,0.8507,3.3988,0.187,0.1517,0.1709,0.0214
GRID_03120,다사50504500,동작구,상도동,3974.0,False,11.944,0.9937,6.9507,0.4035,0.1772,0.3003,0.0362
GRID_03121,다사50504525,동작구,노량진동,631.3,False,12.9992,0.8228,7.4468,0.4391,0.1467,0.3058,0.0474
GRID_03122,다사50504550,동작구,노량진동,982.2,False,7.8506,1.4269,4.9214,0.2652,0.2545,0.2603,0.0378
GRID_03123,다사50504575,동작구,노량진동,808.0,False,5.8318,2.0277,4.0971,0.197,0.3616,0.2721,0.0406
GRID_03124,다사50504600,동작구,노량진동,1374.6,False,10.0966,2.3322,6.556,0.3411,0.4159,0.3752,0.0519
GRID_03125,다사50504625,동작구,노량진동,46.9,False,6.0771,2.2341,4.3247,0.2053,0.3984,0.2934,0.0758
GRID_03126,다사50504650,영등포구,여의도동,137.3,False,0.6695,1.5941,1.0911,0.0226,0.2843,0.1419,0.0288
GRID_03127,다사50504675,영등포구,여의도동,1147.1,False,1.4974,0.583,1.0805,0.0506,0.104,0.0749,0.0106
GRID_03128,다사50504700,영등포구,여의도동,263.3,False,0.494,0.0,0.2687,0.0167,0.0,0.0091,0.0016
GRID_03129,다사50504725,영등포구,여의도동,26.4,False,0.1054,0.0073,0.0606,0.0036,0.0013,0.0025,0.0008
GRID_03130,다사50504750,영등포구,여의도동,0.0,True,0.0,0.1014,0.0463,0.0,0.0,0.0,0.0
GRID_03131,다사50504775,영등포구,여의도동,0.0,True,0.0,0.0667,0.0304,0.0,0.0,0.0,0.0
GRID_03132,다사50504800,영등포구,여의도동,0.0,True,0.0,0.0,0.0,0.0,0.0,0.0,0.0
GRID_03133,다사50504825,영등포구,여의도동,0.0,True,0.0,0.0,0.0,0.0,0.0,0.0,0.0
GRID_03134,다사50504850,영등포구,여의도동,23.9,False,0.5846,0.3248,0.4661,0.0197,0.0579,0.0372,0.0116
GRID_03135,다사50504875,마포구,토정동,74.3,False,2.007,0.5469,1.3412,0.0678,0.0975,0.0814,0.0188
GRID_03136,다사50504900,마포구,토정동,959.7,False,3.3982,0.5937,2.1193,0.1148,0.1059,0.1107,0.0161
GRID_03137,다사50504925,마포구,용강동,1881.7,False,3.5057,0.6885,2.2211,0.1184,0.1228,0.1204,0.016
GRID_03138,다사50504950,마포구,대흥동,1183.5,False,4.7504,0.6452,2.8785,0.1605,0.1151,0.1398,0.0198
GRID_03139,다사50504975,마포구,대흥동,1027.5,False,11.8893,0.6474,6.763,0.4016,0.1155,0.2711,0.0391
GRID_03140,다사50505000,마포구,대흥동,549.2,False,11.5944,0.8036,6.6738,0.3917,0.1433,0.2784,0.0441
GRID_03141,다사50505025,마포구,대흥동,101.7,False,3.1674,1.3047,2.318,0.107,0.2327,0.1643,0.0355
GRID_03142,다사50505050,마포구,노고산동,12.4,False,2.9644,1.9968,2.5232,0.1001,0.3561,0.2169,0.0836
GRID_03143,다사50505075,마포구,노고산동,1355.0,False,10.4726,2.5656,6.867,0.3538,0.4576,0.4011,0.0556
GRID_03144,다사50505100,서대문구,창천동,563.7,False,12.8705,2.5859,8.1807,0.4348,0.4612,0.4468,0.0705
GRID_03145,다사50505125,서대문구,대신동,1917.2,False,8.3172,1.9396,5.409,0.281,0.3459,0.3106,0.0411
GRID_03146,다사50505150,서대문구,신촌동,1603.4,False,3.1238,0.9945,2.1528,0.1055,0.1774,0.1383,0.0187
GRID_03147,다사50505175,서대문구,신촌동,91.6,False,0.6627,0.5039,0.5903,0.0224,0.0899,0.0532,0.0117
GRID_03148,다사50505200,서대문구,신촌동,36.1,False,0.0,0.0,0.0,0.0,0.0,0.0,0.0
GRID_03149,다사50505225,서대문구,신촌동,0.0,True,0.0,0.0,0.0,0.0,0.0,0.0,0.0
GRID_03150,다사50505250,서대문구,연희동,277.1,False,0.0,0.0,0.0,0.0,0.0,0.0,0.0
GRID_03151,다사50505275,서대문구,연희동,239.0,False,0.0,0.0,0.0,0.0,0.0,0.0,0.0
GRID_03152,다사50505300,서대문구,연희동,194.7,False,0.0,0.0,0.0,0.0,0.0,0.0,0.0
GRID_03153,다사50505325,서대문구,연희동,0.0,True,0.0,0.0,0.0,0.0,0.0,0.0,0.0
GRID_03154,다사50505350,서대문구,연희동,0.0,True,0.6448,0.0,0.3508,0.0,0.0,0.0,0.0
GRID_03155,다사50505375,서대문구,연희동,82.1,False,3.376,0.1539,1.9067,0.114,0.0274,0.0746,0.0169
GRID_03156,다사50505400,서대문구,홍제동,2285.1,False,2.5123,0.6044,1.6423,0.0849,0.1078,0.0953,0.0123
GRID_03157,다사50505425,서대문구,홍제동,3080.0,False,1.7986,0.8958,1.3869,0.0608,0.1598,0.1059,0.0132
GRID_03158,다사50505450,서대문구,홍제동,565.2,False,4.8603,0.9504,3.0774,0.1642,0.1695,0.1666,0.0263
GRID_03159,다사50505475,서대문구,홍은동,1604.3,False,5.7623,0.7531,3.4781,0.1947,0.1343,0.1671,0.0226
GRID_03160,다사50505500,서대문구,홍은동,1514.3,False,5.5497,0.3578,3.1822,0.1875,0.0638,0.1311,0.0179
GRID_03161,다사50505525,서대문구,홍은동,555.1,False,3.787,0.2193,2.1601,0.1279,0.0391,0.0874,0.0138
GRID_03162,다사50505550,은평구,녹번동,0.0,True,0.5852,0.4513,0.5241,0.0,0.0,0.0,0.0
GRID_03163,다사50505575,은평구,녹번동,0.0,True,0.1466,0.5356,0.324,0.0,0.0,0.0,0.0
GRID_03164,다사50505600,은평구,녹번동,0.0,True,0.0,0.4488,0.2047,0.0,0.0,0.0,0.0
GRID_03165,다사50505625,은평구,녹번동,0.0,True,0.0,0.2151,0.0981,0.0,0.0,0.0,0.0
GRID_03166,다사50505650,은평구,녹번동,57.5,False,0.4153,0.0,0.2259,0.014,0.0,0.0076,0.0019
GRID_03167,다사50505675,은평구,녹번동,84.9,False,1.7987,0.0,0.9785,0.0608,0.0,0.0331,0.0074
GRID_03168,다사50505700,은평구,불광동,122.7,False,1.8529,0.0,1.008,0.0626,0.0,0.0341,0.0071
GRID_03169,다사50505725,은평구,불광동,0.0,True,0.0,0.0021,0.001,0.0,0.0,0.0,0.0
GRID_03170,다사50505750,은평구,불광동,0.0,True,0.0,0.059,0.0269,0.0,0.0,0.0,0.0
GRID_03171,다사50505775,은평구,불광동,0.0,True,0.0,0.0723,0.033,0.0,0.0,0.0,0.0
GRID_03172,다사50505800,은평구,불광동,0.0,True,0.0,0.0384,0.0175,0.0,0.0,0.0,0.0
GRID_03173,다사50505825,은평구,불광동,0.0,True,0.0,0.0,0.0,0.0,0.0,0.0,0.0
GRID_03174,다사50505850,은평구,불광동,0.0,True,0.0,0.0,0.0,0.0,0.0,0.0,0.0
GRID_03175,다사50505875,은평구,진관동,0.0,True,0.0,0.0,0.0,0.0,0.0,0.0,0.0
GRID_03176,다사50505900,은평구,진관동,0.0,True,0.0,0.0,0.0,0.0,0.0,0.0,0.0
GRID_03177,다사50505925,은평구,진관동,0.0,True,0.0,0.0,0.0,0.0,0.0,0.0,0.0
GRID_03178,다사50505950,은평구,진관동,7.6,False,0.0,0.0,0.0,0.0,0.0,0.0,0.0
GRID_03179,다사50505975,은평구,진관동,68.0,False,0.0,0.0,0.0,0.0,0.0,0.0,0.0
GRID_03180,다사50506000,은평구,진관동,191.4,False,0.2202,0.0,0.1198,0.0074,0.0,0.004,0.0008
GRID_03181,다사50506025,은평구,진관동,232.4,False,0.6535,0.0,0.3555,0.0221,0.0,0.012,0.0022
GRID_03182,다사50506050,은평구,진관동,98.8,False,0.381,0.0,0.2073,0.0129,0.0,0.007,0.0015
GRID_03183,다사50506075,은평구,진관동,165.6,False,0.0,0.0,0.0,0.0,0.0,0.0,0.0
GRID_03184,다사50506100,은평구,진관동,4.7,False,0.0791,0.0,0.043,0.0027,0.0,0.0015,0.0008
GRID_03185,다사50506125,은평구,진관동,6.4,False,0.7926,0.0,0.4312,0.0268,0.0,0.0146,0.0073
GRID_03186,다사50506150,은평구,진관동,14.3,False,1.8532,0.0,1.0082,0.0626,0.0,0.0341,0.0125
GRID_03187,다사50506175,은평구,진관동,67.5,False,2.2146,0.0,1.2047,0.0748,0.0,0.0407,0.0096
GRID_03188,다사50506200,은평구,진관동,0.0,True,1.717,0.0,0.9341,0.0,0.0,0.0,0.0
GRID_03189,다사50753750,관악구,신림동,0.0,True,0.0,0.0,0.0,0.0,0.0,0.0,0.0
GRID_03190,다사50753775,관악구,신림동,0.0,True,0.0,0.0,0.0,0.0,0.0,0.0,0.0
GRID_03191,다사50753800,관악구,신림동,0.0,True,0.0,0.0,0.0,0.0,0.0,0.0,0.0
GRID_03192,다사50753825,관악구,신림동,0.0,True,0.0,0.0,0.0,0.0,0.0,0.0,0.0
GRID_03193,다사50753850,관악구,신림동,0.0,True,0.0,0.0,0.0,0.0,0.0,0.0,0.0
GRID_03194,다사50753875,관악구,신림동,0.0,True,0.0,0.0,0.0,0.0,0.0,0.0,0.0
GRID_03195,다사50753900,관악구,신림동,0.0,True,0.0,0.0,0.0,0.0,0.0,0.0,0.0
GRID_03196,다사50753925,관악구,신림동,0.0,True,0.0,0.0,0.0,0.0,0.0,0.0,0.0
GRID_03197,다사50753950,관악구,신림동,6.7,False,0.0,0.0,0.0,0.0,0.0,0.0,0.0
GRID_03198,다사50753975,관악구,신림동,12.3,False,0.0,0.0,0.0,0.0,0.0,0.0,0.0
GRID_03199,다사50754000,관악구,신림동,0.0,True,0.0,0.0,0.0,0.0,0.0,0.0,0.0
GRID_03200,다사50754025,관악구,신림동,0.0,True,0.0055,0.0,0.003,0.0,0.0,0.0,0.0
GRID_03201,다사50754050,관악구,신림동,15.0,False,0.0,0.2813,0.1283,0.0,0.0502,0.0229,0.0083
GRID_03202,다사50754075,관악구,신림동,48.4,False,0.3251,0.6117,0.4558,0.011,0.1091,0.0557,0.0143
GRID_03203,다사50754100,관악구,신림동,1034.1,False,1.1284,0.7995,0.9784,0.0381,0.1426,0.0858,0.0124
GRID_03204,다사50754125,관악구,신림동,154.3,False,2.0835,0.7938,1.4954,0.0704,0.1416,0.1028,0.0204
GRID_03205,다사50754150,관악구,신림동,8.1,False,1.7932,0.5962,1.2474,0.0606,0.1063,0.0814,0.0369
GRID_03206,다사50754175,관악구,봉천동,70.3,False,2.1124,0.26,1.2677,0.0714,0.0464,0.06,0.0141
GRID_03207,다사50754200,관악구,봉천동,5442.6,False,3.0002,0.3889,1.8095,0.1014,0.0694,0.0868,0.0101
GRID_03208,다사50754225,관악구,봉천동,2610.0,False,5.4748,0.945,3.4092,0.1849,0.1685,0.1775,0.0226
GRID_03209,다사50754250,관악구,봉천동,52.9,False,9.313,1.2841,5.6518,0.3146,0.229,0.2756,0.0691
GRID_03210,다사50754275,관악구,봉천동,53.3,False,10.519,1.0545,6.2032,0.3553,0.1881,0.2791,0.0699
GRID_03211,다사50754300,관악구,봉천동,2828.3,False,7.3605,0.7311,4.3375,0.2486,0.1304,0.1947,0.0245
GRID_03212,다사50754325,관악구,봉천동,1114.8,False,9.5843,0.2437,5.325,0.3238,0.0435,0.196,0.0279
GRID_03213,다사50754350,관악구,봉천동,331.4,False,9.4467,0.0,5.139,0.3191,0.0,0.1736,0.0299
GRID_03214,다사50754375,동작구,상도동,1134.7,False,8.1031,0.0,4.4081,0.2737,0.0,0.1489,0.0212
GRID_03215,다사50754400,동작구,상도동,1924.2,False,7.1769,0.0,3.9043,0.2424,0.0,0.1319,0.0174
GRID_03216,다사50754425,동작구,상도동,2884.6,False,6.1238,0.1609,3.4047,0.2069,0.0287,0.1256,0.0158
GRID_03217,다사50754450,동작구,상도동,87.7,False,6.3036,0.5287,3.6703,0.2129,0.0943,0.1588,0.0354
GRID_03218,다사50754475,동작구,상도동,32.0,False,8.3181,0.9383,4.9529,0.281,0.1674,0.2292,0.0655
GRID_03219,다사50754500,동작구,상도동,1946.4,False,10.7666,1.0616,6.3411,0.3637,0.1893,0.2842,0.0375
GRID_03220,다사50754525,동작구,상도동,1353.6,False,11.279,0.865,6.5302,0.381,0.1543,0.2776,0.0385
GRID_03221,다사50754550,동작구,노량진동,1399.1,False,8.0551,1.2128,4.935,0.2721,0.2163,0.2467,0.034
GRID_03222,다사50754575,동작구,노량진동,5178.6,False,6.9111,1.7064,4.5378,0.2335,0.3043,0.2658,0.0311
GRID_03223,다사50754600,동작구,노량진동,2541.1,False,9.1995,2.1576,5.9884,0.3108,0.3848,0.3445,0.0439
GRID_03224,다사50754625,동작구,노량진동,193.6,False,5.1436,2.0646,3.7395,0.1738,0.3682,0.2624,0.0498
GRID_03225,다사50754650,영등포구,여의도동,98.7,False,0.0638,1.4448,0.6935,0.0022,0.2577,0.1187,0.0258
GRID_03226,다사50754675,영등포구,여의도동,0.0,True,0.0416,0.4638,0.2341,0.0,0.0,0.0,0.0
GRID_03227,다사50754700,영등포구,여의도동,0.0,True,0.0954,0.0,0.0519,0.0,0.0,0.0,0.0
GRID_03228,다사50754725,영등포구,여의도동,0.0,True,0.0,0.0,0.0,0.0,0.0,0.0,0.0
GRID_03229,다사50754750,영등포구,여의도동,393.6,False,0.0,0.0,0.0,0.0,0.0,0.0,0.0
GRID_03230,다사50754775,영등포구,여의도동,0.0,True,0.0,0.0,0.0,0.0,0.0,0.0,0.0
GRID_03231,다사50754800,영등포구,여의도동,0.0,True,0.0,0.0,0.0,0.0,0.0,0.0,0.0
GRID_03232,다사50754825,영등포구,여의도동,0.0,True,0.0,0.1591,0.0725,0.0,0.0,0.0,0.0
GRID_03233,다사50754850,마포구,마포동,413.1,False,1.8498,0.5398,1.2524,0.0625,0.0963,0.0779,0.0129
GRID_03234,다사50754875,마포구,마포동,1611.3,False,6.1291,0.7896,3.6943,0.207,0.1408,0.1769,0.0239
GRID_03235,다사50754900,마포구,용강동,1855.3,False,9.764,0.9463,5.7431,0.3298,0.1688,0.2564,0.0341
GRID_03236,다사50754925,마포구,용강동,1978.9,False,6.374,1.3552,4.0854,0.2153,0.2417,0.2273,0.03
GRID_03237,다사50754950,마포구,대흥동,1812.1,False,4.781,1.223,3.1585,0.1615,0.2181,0.1873,0.025
GRID_03238,다사50754975,마포구,염리동,589.8,False,10.0031,0.7214,5.7707,0.3379,0.1287,0.2425,0.038
GRID_03239,다사50755000,마포구,대흥동,795.2,False,9.008,0.5871,5.168,0.3043,0.1047,0.2133,0.0319
GRID_03240,다사50755025,마포구,대흥동,682.6,False,3.2666,0.9972,2.2318,0.1104,0.1779,0.1411,0.0216
GRID_03241,다사50755050,마포구,대흥동,862.4,False,5.0505,1.7099,3.5272,0.1706,0.305,0.2319,0.0343
GRID_03242,다사50755075,마포구,대흥동,604.9,False,14.7836,2.3458,9.112,0.4994,0.4184,0.4625,0.0722
GRID_03243,다사50755100,서대문구,대현동,2706.7,False,13.9253,2.4675,8.7005,0.4704,0.4401,0.4566,0.0578
GRID_03244,다사50755125,서대문구,대현동,806.5,False,5.5615,1.972,3.9247,0.1879,0.3517,0.2626,0.0392
GRID_03245,다사50755150,서대문구,대신동,47.3,False,2.6316,1.2558,2.0042,0.0889,0.224,0.1505,0.0388
GRID_03246,다사50755175,서대문구,대신동,480.6,False,2.6984,0.5237,1.7067,0.0912,0.0934,0.0922,0.0149
GRID_03247,다사50755200,서대문구,신촌동,44.4,False,2.5299,0.0,1.3763,0.0855,0.0,0.0465,0.0122
GRID_03248,다사50755225,서대문구,신촌동,37.0,False,1.4396,0.0,0.7831,0.0486,0.0,0.0265,0.0073
GRID_03249,다사50755250,서대문구,봉원동,5.7,False,0.3465,0.0,0.1885,0.0117,0.0,0.0064,0.0033
GRID_03250,다사50755275,서대문구,봉원동,8.0,False,0.0,0.0,0.0,0.0,0.0,0.0,0.0
GRID_03251,다사50755300,서대문구,연희동,0.0,True,0.0,0.0,0.0,0.0,0.0,0.0,0.0
GRID_03252,다사50755325,서대문구,연희동,0.0,True,0.0,0.0519,0.0237,0.0,0.0,0.0,0.0
GRID_03253,다사50755350,서대문구,홍제동,0.0,True,1.0575,0.1281,0.6337,0.0,0.0,0.0,0.0
GRID_03254,다사50755375,서대문구,홍제동,1121.4,False,3.7448,0.4003,2.2197,0.1265,0.0714,0.1014,0.0144
GRID_03255,다사50755400,서대문구,홍제동,1334.9,False,4.5844,0.823,2.8692,0.1549,0.1468,0.1512,0.021
GRID_03256,다사50755425,서대문구,홍제동,1283.1,False,6.545,1.0426,4.0359,0.2211,0.1859,0.2051,0.0286
GRID_03257,다사50755450,서대문구,홍제동,2218.7,False,9.8941,1.1003,5.8841,0.3342,0.1962,0.2713,0.0352
GRID_03258,다사50755475,서대문구,홍제동,458.9,False,8.7295,0.8918,5.1555,0.2949,0.1591,0.233,0.038
GRID_03259,다사50755500,서대문구,홍은동,1196.8,False,6.632,0.4743,3.8241,0.224,0.0846,0.1605,0.0226
GRID_03260,다사50755525,서대문구,홍은동,3337.9,False,4.5394,0.0,2.4695,0.1533,0.0,0.0834,0.0103
GRID_03261,다사50755550,서대문구,홍은동,1453.1,False,1.8609,0.1171,1.0657,0.0629,0.0209,0.0437,0.006
GRID_03262,다사50755575,서대문구,홍은동,187.8,False,0.2765,0.1849,0.2347,0.0093,0.033,0.0201,0.0038
GRID_03263,다사50755600,서대문구,홍은동,0.0,True,0.0,0.1152,0.0525,0.0,0.0,0.0,0.0
GRID_03264,다사50755625,은평구,녹번동,0.0,True,0.0,0.0,0.0,0.0,0.0,0.0,0.0
GRID_03265,다사50755650,은평구,녹번동,0.0,True,0.0648,0.0,0.0352,0.0,0.0,0.0,0.0
GRID_03266,다사50755675,은평구,녹번동,44.5,False,1.0363,0.0,0.5637,0.035,0.0,0.019,0.005
GRID_03267,다사50755700,은평구,불광동,41.0,False,0.6484,0.0,0.3527,0.0219,0.0,0.0119,0.0032
GRID_03268,다사50755725,은평구,불광동,0.0,True,0.0,0.0,0.0,0.0,0.0,0.0,0.0
GRID_03269,다사50755750,은평구,불광동,0.0,True,0.0,0.0,0.0,0.0,0.0,0.0,0.0
GRID_03270,다사50755775,은평구,불광동,0.0,True,0.0,0.0,0.0,0.0,0.0,0.0,0.0
GRID_03271,다사50755800,은평구,불광동,0.0,True,0.0,0.0,0.0,0.0,0.0,0.0,0.0
GRID_03272,다사50755825,은평구,불광동,0.0,True,0.0,0.0,0.0,0.0,0.0,0.0,0.0
GRID_03273,다사50755850,은평구,불광동,0.0,True,0.0,0.0,0.0,0.0,0.0,0.0,0.0
GRID_03274,다사50755875,은평구,진관동,0.0,True,0.0,0.0,0.0,0.0,0.0,0.0,0.0
GRID_03275,다사50755900,은평구,진관동,0.0,True,0.0,0.0,0.0,0.0,0.0,0.0,0.0
GRID_03276,다사50755925,은평구,진관동,0.0,True,0.0,0.0,0.0,0.0,0.0,0.0,0.0
GRID_03277,다사50755950,은평구,진관동,0.0,True,0.0,0.0,0.0,0.0,0.0,0.0,0.0
GRID_03278,다사50755975,은평구,진관동,0.0,True,0.0,0.0,0.0,0.0,0.0,0.0,0.0
GRID_03279,다사50756000,은평구,진관동,7.5,False,0.0,0.0,0.0,0.0,0.0,0.0,0.0
GRID_03280,다사50756025,은평구,진관동,348.2,False,0.0,0.0,0.0,0.0,0.0,0.0,0.0
GRID_03281,다사50756050,은평구,진관동,46.4,False,0.0,0.0,0.0,0.0,0.0,0.0,0.0
GRID_03282,다사50756075,은평구,진관동,0.0,True,0.0,0.0,0.0,0.0,0.0,0.0,0.0
GRID_03283,다사50756100,은평구,진관동,0.0,True,0.0,0.0,0.0,0.0,0.0,0.0,0.0
GRID_03284,다사50756125,은평구,진관동,161.4,False,0.0,0.0,0.0,0.0,0.0,0.0,0.0
GRID_03285,다사50756150,은평구,진관동,7.8,False,0.1537,0.0,0.0836,0.0052,0.0,0.0028,0.0013
GRID_03286,다사50756175,은평구,진관동,0.0,True,1.4048,0.0,0.7642,0.0,0.0,0.0,0.0
GRID_03287,다사50756200,은평구,진관동,46.2,False,3.4318,0.0,1.8669,0.1159,0.0,0.0631,0.0164
GRID_03288,다사51003750,관악구,신림동,0.0,True,0.0,0.0,0.0,0.0,0.0,0.0,0.0
GRID_03289,다사51003775,관악구,신림동,0.0,True,0.0,0.0,0.0,0.0,0.0,0.0,0.0
GRID_03290,다사51003800,관악구,신림동,0.0,True,0.0,0.0,0.0,0.0,0.0,0.0,0.0
GRID_03291,다사51003825,관악구,신림동,0.0,True,0.0,0.0,0.0,0.0,0.0,0.0,0.0
GRID_03292,다사51003850,관악구,신림동,58.0,False,1.0962,0.0,0.5963,0.037,0.0,0.0201,0.0049
GRID_03293,다사51003875,관악구,신림동,0.0,True,2.5191,0.0,1.3704,0.0,0.0,0.0,0.0
GRID_03294,다사51003900,관악구,신림동,0.0,True,1.4787,0.0,0.8044,0.0,0.0,0.0,0.0
GRID_03295,다사51003925,관악구,신림동,0.0,True,0.4112,0.0,0.2237,0.0,0.0,0.0,0.0
GRID_03296,다사51003950,관악구,신림동,0.0,True,0.9459,0.0,0.5146,0.0,0.0,0.0,0.0
GRID_03297,다사51003975,관악구,신림동,91.7,False,1.109,0.0,0.6033,0.0375,0.0,0.0204,0.0045
GRID_03298,다사51004000,관악구,신림동,101.0,False,1.4647,0.0,0.7968,0.0495,0.0,0.0269,0.0058
GRID_03299,다사51004025,관악구,신림동,192.5,False,2.046,0.0,1.113,0.0691,0.0,0.0376,0.0071
GRID_03300,다사51004050,관악구,신림동,102.5,False,2.0279,0.2386,1.212,0.0685,0.0425,0.0567,0.0122
GRID_03301,다사51004075,관악구,신림동,95.4,False,3.2271,0.5599,2.0109,0.109,0.0999,0.1048,0.0229
GRID_03302,다사51004100,관악구,신림동,55.3,False,2.4711,0.7425,1.6829,0.0835,0.1324,0.1058,0.0262
GRID_03303,다사51004125,관악구,신림동,0.0,True,1.1329,0.737,0.9524,0.0,0.0,0.0,0.0
GRID_03304,다사51004150,관악구,봉천동,6.1,False,0.3168,0.5448,0.4208,0.0107,0.0972,0.0501,0.0256
GRID_03305,다사51004175,관악구,봉천동,0.0,True,0.0133,0.2179,0.1066,0.0,0.0,0.0,0.0
GRID_03306,다사51004200,관악구,봉천동,1748.1,False,2.6776,0.558,1.711,0.0905,0.0995,0.0946,0.0127
GRID_03307,다사51004225,관악구,봉천동,4857.3,False,5.7639,1.4162,3.7813,0.1947,0.2526,0.2211,0.026
GRID_03308,다사51004250,관악구,봉천동,617.6,False,6.4926,1.7534,4.3315,0.2193,0.3127,0.2619,0.0407
GRID_03309,다사51004275,관악구,봉천동,1541.3,False,5.1726,1.4769,3.4873,0.1747,0.2634,0.2152,0.0293
GRID_03310,다사51004300,관악구,봉천동,591.2,False,8.6725,0.663,5.0202,0.293,0.1183,0.2133,0.0334
GRID_03311,다사51004325,관악구,봉천동,2582.2,False,9.4738,0.0,5.1537,0.32,0.0,0.1741,0.0222
GRID_03312,다사51004350,관악구,봉천동,2352.2,False,8.1295,0.0,4.4225,0.2746,0.0,0.1494,0.0192
GRID_03313,다사51004375,관악구,봉천동,1378.1,False,6.8541,0.1981,3.819,0.2315,0.0353,0.1421,0.0197
GRID_03314,다사51004400,동작구,상도동,269.5,False,2.6545,0.3517,1.6044,0.0897,0.0627,0.0774,0.0138
GRID_03315,다사51004425,동작구,상도동,1146.3,False,0.889,0.6068,0.7603,0.03,0.1082,0.0657,0.0093
GRID_03316,다사51004450,동작구,상도동,1237.0,False,3.8872,0.7286,2.4469,0.1313,0.1299,0.1307,0.0184
GRID_03317,다사51004475,동작구,상도동,82.5,False,11.0757,0.7825,6.382,0.3742,0.1396,0.2672,0.0604
GRID_03318,다사51004500,동작구,상도동,1229.2,False,13.5852,0.878,7.7907,0.4589,0.1566,0.3211,0.0451
GRID_03319,다사51004525,동작구,상도동,1255.8,False,9.1852,0.6711,5.3028,0.3103,0.1197,0.2234,0.0313
GRID_03320,다사51004550,동작구,노량진동,3196.6,False,6.377,0.5523,3.7209,0.2154,0.0985,0.1621,0.0201
GRID_03321,다사51004575,동작구,노량진동,3545.8,False,5.021,1.2014,3.2793,0.1696,0.2143,0.19,0.0232
GRID_03322,다사51004600,동작구,노량진동,963.3,False,6.5465,1.6365,4.3076,0.2212,0.2919,0.2534,0.0369
GRID_03323,다사51004625,동작구,노량진동,193.8,False,2.2903,1.5122,1.9355,0.0774,0.2697,0.1651,0.0313
GRID_03324,다사51004650,영등포구,여의도동,81.1,False,0.0,0.8628,0.3934,0.0,0.1539,0.0702,0.0159
GRID_03325,다사51004675,영등포구,여의도동,0.0,True,0.0,0.1489,0.0679,0.0,0.0,0.0,0.0
GRID_03326,다사51004700,영등포구,여의도동,0.0,True,0.0,0.0,0.0,0.0,0.0,0.0,0.0
GRID_03327,다사51004725,영등포구,여의도동,0.0,True,0.0,0.0,0.0,0.0,0.0,0.0,0.0
GRID_03328,다사51004750,영등포구,여의도동,257.8,False,0.0,0.0,0.0,0.0,0.0,0.0,0.0
GRID_03329,다사51004775,영등포구,여의도동,11.3,False,0.0,0.0,0.0,0.0,0.0,0.0,0.0
GRID_03330,다사51004800,용산구,원효로4가,0.0,True,0.4065,0.0,0.2212,0.0,0.0,0.0,0.0
GRID_03331,다사51004825,용산구,원효로4가,1427.0,False,2.4461,0.1907,1.4176,0.0826,0.034,0.0605,0.0083
GRID_03332,다사51004850,마포구,도화동,1313.0,False,3.9729,0.5791,2.4253,0.1342,0.1033,0.1201,0.0167
GRID_03333,다사51004875,마포구,도화동,15.1,False,8.882,1.1363,5.35,0.3,0.2027,0.2556,0.092
GRID_03334,다사51004900,마포구,도화동,3598.0,False,15.2576,1.9972,9.2109,0.5154,0.3562,0.4428,0.0541
GRID_03335,다사51004925,마포구,도화동,3872.3,False,11.9568,2.3796,7.5896,0.4039,0.4244,0.4133,0.05
GRID_03336,다사51004950,마포구,염리동,571.7,False,6.4535,2.2009,4.5143,0.218,0.3925,0.2976,0.0469
GRID_03337,다사51004975,마포구,염리동,3552.1,False,5.6399,1.3666,3.6913,0.1905,0.2437,0.2148,0.0263
GRID_03338,다사51005000,마포구,염리동,2506.0,False,3.8638,0.6229,2.386,0.1305,0.1111,0.1217,0.0155
GRID_03339,다사51005025,마포구,염리동,1554.7,False,2.6759,0.7214,1.7846,0.0904,0.1287,0.1078,0.0147
GRID_03340,다사51005050,마포구,염리동,1320.9,False,5.953,1.0258,3.7062,0.2011,0.183,0.1928,0.0268
GRID_03341,다사51005075,마포구,염리동,1110.7,False,12.8207,1.7246,7.7609,0.4331,0.3076,0.3759,0.0536
GRID_03342,다사51005100,서대문구,대현동,1531.7,False,10.2812,2.0069,6.5081,0.3473,0.3579,0.3522,0.048
GRID_03343,다사51005125,서대문구,대현동,146.8,False,1.1255,1.7615,1.4155,0.038,0.3142,0.1639,0.0328
GRID_03344,다사51005150,서대문구,대현동,575.1,False,1.3488,1.0533,1.214,0.0456,0.1879,0.1104,0.0174
GRID_03345,다사51005175,서대문구,대신동,209.3,False,3.07,0.3069,1.81,0.1037,0.0547,0.0814,0.0152
GRID_03346,다사51005200,서대문구,대신동,1053.9,False,4.5045,0.0,2.4505,0.1522,0.0,0.0828,0.0119
GRID_03347,다사51005225,서대문구,봉원동,523.7,False,2.8725,0.0,1.5627,0.097,0.0,0.0528,0.0084
GRID_03348,다사51005250,서대문구,봉원동,239.7,False,0.7551,0.0,0.4108,0.0255,0.0,0.0139,0.0025
GRID_03349,다사51005275,서대문구,봉원동,6.5,False,0.0,0.0,0.0,0.0,0.0,0.0,0.0
GRID_03350,다사51005300,서대문구,봉원동,43.4,False,0.0,0.032,0.0146,0.0,0.0057,0.0026,0.0007
GRID_03351,다사51005325,서대문구,홍제동,0.0,True,0.0,0.1742,0.0794,0.0,0.0,0.0,0.0
GRID_03352,다사51005350,서대문구,홍제동,0.0,True,0.3877,0.2655,0.332,0.0,0.0,0.0,0.0
GRID_03353,다사51005375,서대문구,홍제동,2591.1,False,3.9066,0.4574,2.3338,0.132,0.0816,0.109,0.0139
GRID_03354,다사51005400,서대문구,홍제동,3090.4,False,6.3932,0.8495,3.8653,0.216,0.1515,0.1866,0.0232
GRID_03355,다사51005425,서대문구,홍제동,1935.8,False,7.0899,1.0182,4.3212,0.2395,0.1816,0.2131,0.0282
GRID_03356,다사51005450,서대문구,홍제동,2542.5,False,7.1047,0.9819,4.3127,0.24,0.1751,0.2104,0.0268
GRID_03357,다사51005475,서대문구,홍제동,1796.7,False,6.9343,0.7823,4.129,0.2343,0.1395,0.1911,0.0255
GRID_03358,다사51005500,서대문구,홍은동,1136.3,False,8.6461,0.3823,4.8778,0.2921,0.0682,0.19,0.027
GRID_03359,다사51005525,서대문구,홍은동,221.2,False,9.1531,0.0,4.9793,0.3092,0.0,0.1682,0.0311
GRID_03360,다사51005550,서대문구,홍은동,290.8,False,5.7414,0.0,3.1233,0.194,0.0,0.1055,0.0186
GRID_03361,다사51005575,서대문구,홍은동,2507.6,False,2.4404,0.0,1.3276,0.0824,0.0,0.0448,0.0057
GRID_03362,다사51005600,서대문구,홍은동,2420.1,False,0.6264,0.0,0.3408,0.0212,0.0,0.0115,0.0015
GRID_03363,다사51005625,서대문구,홍은동,0.0,True,1.1847,0.0,0.6445,0.0,0.0,0.0,0.0
GRID_03364,다사51005650,은평구,녹번동,0.0,True,0.2699,0.0,0.1468,0.0,0.0,0.0,0.0
GRID_03365,다사51005675,은평구,녹번동,138.6,False,0.9102,0.0,0.4951,0.0307,0.0,0.0167,0.0034
GRID_03366,다사51005700,은평구,불광동,7.2,False,0.7364,0.0,0.4006,0.0249,0.0,0.0135,0.0064
GRID_03367,다사51005725,은평구,불광동,0.0,True,0.0,0.0,0.0,0.0,0.0,0.0,0.0
GRID_03368,다사51005750,은평구,불광동,6.7,False,0.0,0.0,0.0,0.0,0.0,0.0,0.0
GRID_03369,다사51005775,은평구,불광동,0.0,True,0.0,0.0,0.0,0.0,0.0,0.0,0.0
GRID_03370,다사51005800,은평구,불광동,0.0,True,0.0,0.0,0.0,0.0,0.0,0.0,0.0
GRID_03371,다사51005825,은평구,불광동,0.0,True,0.0,0.0,0.0,0.0,0.0,0.0,0.0
GRID_03372,다사51005850,은평구,불광동,0.0,True,0.0,0.0,0.0,0.0,0.0,0.0,0.0
GRID_03373,다사51005875,은평구,진관동,0.0,True,0.0,0.0,0.0,0.0,0.0,0.0,0.0
GRID_03374,다사51005900,은평구,진관동,0.0,True,0.0,0.0,0.0,0.0,0.0,0.0,0.0
GRID_03375,다사51005925,은평구,진관동,0.0,True,0.0,0.0,0.0,0.0,0.0,0.0,0.0
GRID_03376,다사51005950,은평구,진관동,0.0,True,0.0,0.0,0.0,0.0,0.0,0.0,0.0
GRID_03377,다사51005975,은평구,진관동,9.3,False,0.0,0.0,0.0,0.0,0.0,0.0,0.0
GRID_03378,다사51006000,은평구,진관동,12.2,False,0.0,0.0,0.0,0.0,0.0,0.0,0.0
GRID_03379,다사51006025,은평구,진관동,4.8,False,0.0,0.0,0.0,0.0,0.0,0.0,0.0
GRID_03380,다사51006050,은평구,진관동,20.6,False,0.0,0.0,0.0,0.0,0.0,0.0,0.0
GRID_03381,다사51006075,은평구,진관동,0.0,True,0.0,0.0,0.0,0.0,0.0,0.0,0.0
GRID_03382,다사51006100,은평구,진관동,0.0,True,0.0,0.0,0.0,0.0,0.0,0.0,0.0
GRID_03383,다사51006125,은평구,진관동,27.6,False,0.0,0.0,0.0,0.0,0.0,0.0,0.0
GRID_03384,다사51006150,은평구,진관동,0.0,True,0.0,0.0,0.0,0.0,0.0,0.0,0.0
GRID_03385,다사51006175,은평구,진관동,7.4,False,0.494,0.0,0.2687,0.0167,0.0,0.0091,0.0043
GRID_03386,다사51006200,은평구,진관동,56.8,False,2.5221,0.0,1.372,0.0852,0.0,0.0463,0.0114
GRID_03387,다사51006225,은평구,진관동,0.0,True,1.7163,0.0,0.9337,0.0,0.0,0.0,0.0
GRID_03388,다사51253775,관악구,신림동,0.0,True,0.0,0.0,0.0,0.0,0.0,0.0,0.0
GRID_03389,다사51253800,관악구,신림동,0.0,True,0.0,0.0,0.0,0.0,0.0,0.0,0.0
GRID_03390,다사51253825,관악구,신림동,0.0,True,0.0,0.0,0.0,0.0,0.0,0.0,0.0
GRID_03391,다사51253850,관악구,신림동,0.0,True,2.0231,0.0,1.1006,0.0,0.0,0.0,0.0
GRID_03392,다사51253875,관악구,신림동,185.6,False,4.6314,0.0,2.5195,0.1565,0.0,0.0851,0.0163
GRID_03393,다사51253900,관악구,신림동,280.6,False,3.4558,0.0,1.8799,0.1167,0.0,0.0635,0.0113
GRID_03394,다사51253925,관악구,신림동,0.0,True,2.4101,0.0,1.3111,0.0,0.0,0.0,0.0
GRID_03395,다사51253950,관악구,신림동,133.7,False,2.7782,0.0,1.5113,0.0939,0.0,0.0511,0.0104
GRID_03396,다사51253975,관악구,신림동,295.2,False,1.583,0.0,0.8612,0.0535,0.0,0.0291,0.0051
GRID_03397,다사51254000,관악구,신림동,70.7,False,1.864,0.0,1.014,0.063,0.0,0.0343,0.008
GRID_03398,다사51254025,관악구,신림동,31.8,False,2.4714,0.0,1.3444,0.0835,0.0,0.0454,0.013
GRID_03399,다사51254050,관악구,신림동,123.4,False,3.3213,0.0601,1.8342,0.1122,0.0107,0.0659,0.0137
GRID_03400,다사51254075,관악구,신림동,45.5,False,5.2455,0.3435,3.0102,0.1772,0.0613,0.1243,0.0324
GRID_03401,다사51254100,관악구,신림동,79.2,False,4.1998,0.5046,2.5148,0.1419,0.09,0.1182,0.027
GRID_03402,다사51254125,관악구,신림동,96.5,False,1.1141,0.4998,0.834,0.0376,0.0891,0.0611,0.0133
GRID_03403,다사51254150,관악구,봉천동,118.4,False,1.1222,0.3303,0.7611,0.0379,0.0589,0.0475,0.0099
GRID_03404,다사51254175,관악구,봉천동,202.4,False,0.7554,0.2178,0.5102,0.0255,0.0388,0.0316,0.0059
GRID_03405,다사51254200,관악구,봉천동,2450.4,False,2.4533,0.9599,1.7723,0.0829,0.1712,0.1231,0.0158
GRID_03406,다사51254225,관악구,봉천동,1689.6,False,7.6341,1.5098,4.8414,0.2579,0.2693,0.2631,0.0354
GRID_03407,다사51254250,관악구,봉천동,2271.8,False,7.6771,1.8241,5.0081,0.2593,0.3253,0.2894,0.0374
GRID_03408,다사51254275,관악구,봉천동,6586.9,False,4.2786,1.5175,3.0195,0.1445,0.2706,0.202,0.023
GRID_03409,다사51254300,관악구,봉천동,570.0,False,3.8722,0.7359,2.442,0.1308,0.1312,0.131,0.0206
GRID_03410,다사51254325,관악구,봉천동,1875.1,False,4.6768,0.0,2.5442,0.158,0.0,0.0859,0.0114
GRID_03411,다사51254350,관악구,봉천동,7077.2,False,5.7974,0.1947,3.2426,0.1958,0.0347,0.1224,0.0138
GRID_03412,다사51254375,동작구,상도동,523.0,False,4.828,0.534,2.8699,0.1631,0.0952,0.1322,0.0211
GRID_03413,다사51254400,동작구,상도동,109.5,False,1.8666,0.7185,1.343,0.0631,0.1281,0.0927,0.0197
GRID_03414,다사51254425,동작구,상도동,57.3,False,3.0792,0.9432,2.1052,0.104,0.1682,0.1333,0.0328
GRID_03415,다사51254450,동작구,상도동,1441.4,False,2.8051,1.0224,1.9922,0.0948,0.1824,0.1347,0.0185
GRID_03416,다사51254475,동작구,상도1동,758.5,False,6.859,0.8285,4.1091,0.2317,0.1478,0.1934,0.0292
GRID_03417,다사51254500,동작구,상도1동,1158.7,False,9.6981,0.6984,5.5942,0.3276,0.1246,0.235,0.0333
GRID_03418,다사51254525,동작구,상도동,292.6,False,8.065,0.5245,4.6266,0.2724,0.0935,0.1909,0.0336
GRID_03419,다사51254550,동작구,본동,2240.9,False,6.3159,0.3708,3.6049,0.2134,0.0661,0.1462,0.019
GRID_03420,다사51254575,동작구,본동,75.7,False,12.6868,0.4544,7.1088,0.4286,0.081,0.2701,0.0622
GRID_03421,다사51254600,동작구,노량진동,2886.7,False,15.8592,0.7412,8.9654,0.5357,0.1322,0.3517,0.0441
GRID_03422,다사51254625,동작구,본동,18.9,False,4.3005,0.6295,2.6266,0.1453,0.1123,0.1302,0.0435
GRID_03423,다사51254650,영등포구,여의도동,83.4,False,0.0,0.2924,0.1334,0.0,0.0522,0.0238,0.0054
GRID_03424,다사51254675,영등포구,여의도동,0.0,True,0.0,0.0,0.0,0.0,0.0,0.0,0.0
GRID_03425,다사51254700,영등포구,여의도동,0.0,True,0.0,0.0,0.0,0.0,0.0,0.0,0.0
GRID_03426,다사51254725,영등포구,여의도동,0.0,True,0.0,0.0,0.0,0.0,0.0,0.0,0.0
GRID_03427,다사51254750,영등포구,여의도동,0.0,True,0.0,0.0,0.0,0.0,0.0,0.0,0.0
GRID_03428,다사51254775,용산구,이촌동,42.5,False,0.2734,0.0,0.1488,0.0092,0.0,0.005,0.0013
GRID_03429,다사51254800,용산구,원효로4가,1209.7,False,2.1545,0.0,1.1721,0.0728,0.0,0.0396,0.0056
GRID_03430,다사51254825,용산구,원효로4가,789.6,False,5.8989,0.0724,3.242,0.1993,0.0129,0.1143,0.0171
GRID_03431,다사51254850,용산구,산천동,1604.2,False,7.0976,0.4432,4.0632,0.2398,0.079,0.1665,0.0226
GRID_03432,다사51254875,마포구,도화동,43.3,False,5.3287,1.504,3.5846,0.18,0.2682,0.2202,0.0581
GRID_03433,다사51254900,마포구,도화동,1048.5,False,10.9785,2.5107,7.1172,0.3709,0.4478,0.4059,0.0584
GRID_03434,다사51254925,마포구,도화동,342.8,False,15.853,2.8706,9.9331,0.5355,0.512,0.5248,0.0899
GRID_03435,다사51254950,마포구,공덕동,1658.5,False,8.6077,2.5549,5.8476,0.2908,0.4557,0.366,0.0494
GRID_03436,다사51254975,마포구,공덕동,1054.2,False,4.5781,1.7548,3.2907,0.1547,0.313,0.2268,0.0326
GRID_03437,다사51255000,마포구,공덕동,3431.4,False,2.1972,0.7104,1.5192,0.0742,0.1267,0.0982,0.0121
GRID_03438,다사51255025,마포구,염리동,983.9,False,0.7244,0.4528,0.6006,0.0245,0.0808,0.0501,0.0073
GRID_03439,다사51255050,마포구,염리동,8.6,False,0.7569,0.9932,0.8647,0.0256,0.1771,0.0947,0.0419
GRID_03440,다사51255075,마포구,아현동,3046.3,False,5.1721,1.4561,3.4776,0.1747,0.2597,0.2135,0.0266
GRID_03441,다사51255100,서대문구,북아현동,937.5,False,5.046,1.587,3.4687,0.1705,0.283,0.2218,0.0324
GRID_03442,다사51255125,서대문구,대현동,286.5,False,2.7702,1.2372,2.0711,0.0936,0.2207,0.1515,0.0268
GRID_03443,다사51255150,서대문구,대현동,389.7,False,0.9863,0.4416,0.7379,0.0333,0.0788,0.054,0.0091
GRID_03444,다사51255175,서대문구,북아현동,39.6,False,1.5173,0.0,0.8254,0.0513,0.0,0.0279,0.0075
GRID_03445,다사51255200,서대문구,신촌동,211.6,False,1.9619,0.0,1.0673,0.0663,0.0,0.0361,0.0067
GRID_03446,다사51255225,서대문구,신촌동,314.9,False,0.826,0.0,0.4494,0.0279,0.0,0.0152,0.0026
GRID_03447,다사51255250,서대문구,봉원동,45.5,False,0.2008,0.0,0.1092,0.0068,0.0,0.0037,0.001
GRID_03448,다사51255275,서대문구,봉원동,0.0,True,0.2725,0.0653,0.178,0.0,0.0,0.0,0.0
GRID_03449,다사51255300,서대문구,홍제동,0.0,True,0.2481,0.1246,0.1918,0.0,0.0,0.0,0.0
GRID_03450,다사51255325,서대문구,홍제동,100.9,False,0.1702,0.2386,0.2014,0.0057,0.0426,0.0225,0.0049
GRID_03451,다사51255350,서대문구,홍제동,38.1,False,1.3275,0.3378,0.8762,0.0448,0.0603,0.0519,0.0141
GRID_03452,다사51255375,서대문구,홍제동,1434.1,False,4.0965,0.3552,2.3905,0.1384,0.0633,0.1042,0.0143
GRID_03453,다사51255400,서대문구,홍제동,492.3,False,7.5056,0.6099,4.3612,0.2535,0.1088,0.1875,0.0302
GRID_03454,다사51255425,서대문구,홍제동,3220.5,False,5.1555,0.7289,3.137,0.1742,0.13,0.154,0.0191
GRID_03455,다사51255450,서대문구,홍제동,1309.2,False,1.5253,0.6283,1.1163,0.0515,0.112,0.0791,0.011
GRID_03456,다사51255475,서대문구,홍제동,1847.5,False,5.3582,0.4548,3.1222,0.181,0.0811,0.1355,0.018
GRID_03457,다사51255500,서대문구,홍제동,29.3,False,9.4377,0.1073,5.183,0.3188,0.0191,0.1822,0.0534
GRID_03458,다사51255525,서대문구,홍제동,2875.0,False,10.2971,0.0,5.6016,0.3479,0.0,0.1892,0.0238
GRID_03459,다사51255550,서대문구,홍은동,1945.4,False,6.3802,0.0,3.4708,0.2155,0.0,0.1172,0.0155
GRID_03460,다사51255575,서대문구,홍은동,1060.5,False,3.2614,0.0,1.7742,0.1102,0.0,0.0599,0.0086
GRID_03461,다사51255600,서대문구,홍은동,17.0,False,3.4065,0.0,1.8531,0.1151,0.0,0.0626,0.0217
GRID_03462,다사51255625,서대문구,홍은동,42.5,False,3.8505,0.0,2.0947,0.1301,0.0,0.0708,0.0188
GRID_03463,다사51255650,서대문구,홍은동,0.0,True,1.6713,0.0,0.9092,0.0,0.0,0.0,0.0
GRID_03464,다사51255675,은평구,불광동,51.6,False,0.3257,0.0,0.1772,0.011,0.0,0.006,0.0015
GRID_03465,다사51255700,은평구,불광동,4.1,False,0.2058,0.0,0.1119,0.007,0.0,0.0038,0.0023
GRID_03466,다사51255725,은평구,불광동,0.0,True,0.0,0.0,0.0,0.0,0.0,0.0,0.0
GRID_03467,다사51255750,은평구,불광동,0.0,True,0.0,0.0,0.0,0.0,0.0,0.0,0.0
GRID_03468,다사51255775,은평구,불광동,0.0,True,0.0,0.0,0.0,0.0,0.0,0.0,0.0
GRID_03469,다사51255800,은평구,불광동,0.0,True,0.0,0.0,0.0,0.0,0.0,0.0,0.0
GRID_03470,다사51255825,종로구,구기동,0.0,True,0.0,0.0,0.0,0.0,0.0,0.0,0.0
GRID_03471,다사51255850,은평구,진관동,0.0,True,0.0,0.0,0.0,0.0,0.0,0.0,0.0
GRID_03472,다사51255875,은평구,진관동,0.0,True,0.0,0.0,0.0,0.0,0.0,0.0,0.0
GRID_03473,다사51255900,은평구,진관동,0.0,True,0.0,0.0,0.0,0.0,0.0,0.0,0.0
GRID_03474,다사51255925,은평구,진관동,0.0,True,0.0,0.0,0.0,0.0,0.0,0.0,0.0
GRID_03475,다사51255950,은평구,진관동,0.0,True,0.0,0.0,0.0,0.0,0.0,0.0,0.0
GRID_03476,다사51255975,은평구,진관동,0.0,True,0.0,0.0,0.0,0.0,0.0,0.0,0.0
GRID_03477,다사51256000,은평구,진관동,0.0,True,0.0,0.0,0.0,0.0,0.0,0.0,0.0
GRID_03478,다사51256025,은평구,진관동,0.0,True,0.0,0.0,0.0,0.0,0.0,0.0,0.0
GRID_03479,다사51256050,은평구,진관동,4.5,False,0.0,0.0,0.0,0.0,0.0,0.0,0.0
GRID_03480,다사51256075,은평구,진관동,0.0,True,0.0,0.0,0.0,0.0,0.0,0.0,0.0
GRID_03481,다사51256100,은평구,진관동,0.0,True,0.0,0.0,0.0,0.0,0.0,0.0,0.0
GRID_03482,다사51256125,은평구,진관동,0.0,True,0.0,0.0,0.0,0.0,0.0,0.0,0.0
GRID_03483,다사51256150,은평구,진관동,5.7,False,0.0,0.0,0.0,0.0,0.0,0.0,0.0
GRID_03484,다사51256175,은평구,진관동,1271.5,False,0.0,0.0,0.0,0.0,0.0,0.0,0.0
GRID_03485,다사51256200,은평구,진관동,79.2,False,0.7323,0.0,0.3984,0.0247,0.0,0.0135,0.0031
GRID_03486,다사51256225,은평구,진관동,0.0,True,0.5236,0.0,0.2848,0.0,0.0,0.0,0.0
GRID_03487,다사51503775,관악구,신림동,0.0,True,0.0,0.0,0.0,0.0,0.0,0.0,0.0
GRID_03488,다사51503800,관악구,신림동,0.0,True,0.0,0.0,0.0,0.0,0.0,0.0,0.0
GRID_03489,다사51503825,관악구,신림동,0.0,True,0.0,0.0,0.0,0.0,0.0,0.0,0.0
GRID_03490,다사51503850,관악구,신림동,0.0,True,0.9103,0.0,0.4952,0.0,0.0,0.0,0.0
GRID_03491,다사51503875,관악구,신림동,93.5,False,2.397,0.0,1.304,0.081,0.0,0.044,0.0097
GRID_03492,다사51503900,관악구,신림동,37.2,False,1.8748,0.0,1.0199,0.0633,0.0,0.0345,0.0095
GRID_03493,다사51503925,관악구,신림동,11.0,False,2.9965,0.0,1.6301,0.1012,0.0,0.0551,0.0222
GRID_03494,다사51503950,관악구,신림동,155.1,False,4.0475,0.0,2.2019,0.1367,0.0,0.0744,0.0147
GRID_03495,다사51503975,관악구,신림동,60.5,False,2.3337,0.0,1.2695,0.0788,0.0,0.0429,0.0104
GRID_03496,다사51504000,관악구,신림동,189.7,False,1.2141,0.0,0.6605,0.041,0.0,0.0223,0.0042
GRID_03497,다사51504025,관악구,신림동,211.9,False,1.4789,0.0,0.8045,0.05,0.0,0.0272,0.0051
GRID_03498,다사51504050,관악구,신림동,15.3,False,2.3292,0.0,1.2671,0.0787,0.0,0.0428,0.0153
GRID_03499,다사51504075,관악구,신림동,68.7,False,3.7525,0.0199,2.0504,0.1268,0.0036,0.0706,0.0166
GRID_03500,다사51504100,관악구,신림동,91.2,False,2.9284,0.1488,1.6609,0.0989,0.0265,0.0659,0.0146
GRID_03501,다사51504125,관악구,신림동,42.5,False,1.602,0.1449,0.9376,0.0541,0.0258,0.0412,0.0109
GRID_03502,다사51504150,관악구,봉천동,90.4,False,2.3318,0.0093,1.2727,0.0788,0.0017,0.0436,0.0097
GRID_03503,다사51504175,관악구,봉천동,1121.5,False,1.9091,0.3161,1.1827,0.0645,0.0564,0.0608,0.0087
GRID_03504,다사51504200,관악구,봉천동,1008.0,False,2.7039,1.1362,1.9891,0.0913,0.2026,0.1421,0.0205
GRID_03505,다사51504225,관악구,봉천동,2681.2,False,8.7117,1.6988,5.5138,0.2943,0.303,0.2983,0.0378
GRID_03506,다사51504250,관악구,봉천동,828.4,False,10.8463,1.8557,6.7466,0.3664,0.331,0.3502,0.0521
GRID_03507,다사51504275,관악구,봉천동,2520.4,False,6.8798,1.5632,4.4554,0.2324,0.2788,0.2536,0.0324
GRID_03508,다사51504300,관악구,봉천동,1919.3,False,3.0742,0.902,2.0837,0.1039,0.1609,0.1298,0.0172
GRID_03509,다사51504325,관악구,봉천동,1715.0,False,2.3035,0.0408,1.2717,0.0778,0.0073,0.0456,0.0061
GRID_03510,다사51504350,관악구,봉천동,304.0,False,4.5989,0.3441,2.6587,0.1554,0.0614,0.1125,0.0197
GRID_03511,다사51504375,동작구,상도동,524.4,False,3.4348,0.714,2.1941,0.116,0.1273,0.1212,0.0193
GRID_03512,다사51504400,동작구,상도동,5902.4,False,5.2011,0.915,3.2467,0.1757,0.1632,0.17,0.0196
GRID_03513,다사51504425,동작구,상도동,4532.0,False,8.5119,0.9802,5.0774,0.2875,0.1748,0.2361,0.028
GRID_03514,다사51504450,동작구,상도동,602.2,False,7.1045,1.0068,4.324,0.24,0.1796,0.2124,0.0332
GRID_03515,다사51504475,동작구,상도동,4773.0,False,6.1487,0.7623,3.6925,0.2077,0.1359,0.175,0.0207
GRID_03516,다사51504500,동작구,상도동,1713.0,False,7.1936,0.4909,4.1372,0.243,0.0876,0.1721,0.0231
GRID_03517,다사51504525,동작구,상도1동,1429.0,False,6.1535,0.3808,3.5211,0.2079,0.0679,0.1441,0.0198
GRID_03518,다사51504550,동작구,본동,1379.2,False,6.1887,0.2726,3.491,0.2091,0.0486,0.1359,0.0188
GRID_03519,다사51504575,동작구,본동,1176.0,False,19.4073,0.3424,10.7137,0.6556,0.0611,0.3845,0.0544
GRID_03520,다사51504600,동작구,본동,59.7,False,21.1415,0.3781,11.6734,0.7142,0.0674,0.4193,0.1021
GRID_03521,다사51504625,동작구,본동,344.9,False,5.7521,0.3219,3.2759,0.1943,0.0574,0.1319,0.0226
GRID_03522,다사51504650,용산구,이촌동,0.0,True,0.0,0.1893,0.0863,0.0,0.0,0.0,0.0
GRID_03523,다사51504675,용산구,이촌동,426.2,False,0.0,0.0144,0.0066,0.0,0.0026,0.0012,0.0002
GRID_03524,다사51504700,용산구,이촌동,656.6,False,0.0,0.0,0.0,0.0,0.0,0.0,0.0
GRID_03525,다사51504725,용산구,이촌동,40.9,False,0.0706,0.0,0.0384,0.0024,0.0,0.0013,0.0003
GRID_03526,다사51504750,용산구,이촌동,200.5,False,1.0951,0.0,0.5957,0.037,0.0,0.0201,0.0038
GRID_03527,다사51504775,용산구,이촌동,353.9,False,1.7177,0.0,0.9344,0.058,0.0,0.0316,0.0054
GRID_03528,다사51504800,용산구,원효로4가,91.2,False,3.7482,0.0,2.039,0.1266,0.0,0.0689,0.0152
GRID_03529,다사51504825,용산구,원효로4가,1758.3,False,7.3678,0.0,4.0081,0.2489,0.0,0.1354,0.0181
GRID_03530,다사51504850,용산구,산천동,1087.2,False,7.2915,0.2253,4.0693,0.2463,0.0402,0.1523,0.0218
GRID_03531,다사51504875,마포구,도화동,1480.6,False,3.9357,1.3133,2.7399,0.133,0.2342,0.1791,0.0245
GRID_03532,다사51504900,마포구,도화동,2169.6,False,10.7476,2.3389,6.9132,0.3631,0.4171,0.3877,0.0505
GRID_03533,다사51504925,마포구,도화동,903.0,False,18.0732,2.7348,11.0789,0.6105,0.4877,0.5545,0.0815
GRID_03534,다사51504950,마포구,공덕동,1783.1,False,14.1435,2.4047,8.7906,0.4778,0.4289,0.4555,0.0608
GRID_03535,다사51504975,마포구,공덕동,536.5,False,5.0406,1.7471,3.5388,0.1703,0.3116,0.2347,0.0373
GRID_03536,다사51505000,마포구,공덕동,1738.6,False,3.8681,0.8542,2.4938,0.1307,0.1523,0.1406,0.0188
GRID_03537,다사51505025,마포구,아현동,649.9,False,2.0919,0.4428,1.3399,0.0707,0.079,0.0745,0.0115
GRID_03538,다사51505050,마포구,아현동,3459.1,False,0.1845,1.0838,0.5946,0.0062,0.1933,0.0915,0.0112
GRID_03539,다사51505075,마포구,아현동,3650.4,False,3.3769,1.3773,2.4651,0.1141,0.2456,0.1741,0.0212
GRID_03540,다사51505100,서대문구,북아현동,208.7,False,5.158,1.2014,3.3538,0.1742,0.2143,0.1925,0.036
GRID_03541,다사51505125,서대문구,북아현동,3297.7,False,4.2064,0.6531,2.5861,0.1421,0.1165,0.1304,0.0161
GRID_03542,다사51505150,서대문구,북아현동,1061.0,False,4.4078,0.1548,2.4684,0.1489,0.0276,0.0936,0.0134
GRID_03543,다사51505175,서대문구,북아현동,1069.7,False,1.9413,0.0,1.056,0.0656,0.0,0.0357,0.0051
GRID_03544,다사51505200,서대문구,북아현동,383.7,False,0.503,0.0,0.2736,0.017,0.0,0.0092,0.0016
GRID_03545,다사51505225,서대문구,북아현동,42.2,False,0.0,0.0623,0.0284,0.0,0.0111,0.0051,0.0013
GRID_03546,다사51505250,서대문구,현저동,11.2,False,0.2029,0.2529,0.2257,0.0069,0.0451,0.0243,0.0097
GRID_03547,다사51505275,서대문구,현저동,318.8,False,1.0359,0.3452,0.7209,0.035,0.0616,0.0471,0.0082
GRID_03548,다사51505300,서대문구,현저동,310.2,False,2.2929,0.3888,1.4246,0.0775,0.0693,0.0738,0.0128
GRID_03549,다사51505325,서대문구,홍제동,1962.2,False,0.9311,0.395,0.6866,0.0315,0.0704,0.0492,0.0065
GRID_03550,다사51505350,서대문구,홍제동,2652.6,False,1.116,0.3254,0.7555,0.0377,0.058,0.047,0.006
GRID_03551,다사51505375,서대문구,홍제동,1312.9,False,1.9874,0.3425,1.2373,0.0671,0.0611,0.0644,0.009
GRID_03552,다사51505400,서대문구,홍제동,6.8,False,3.8288,0.2741,2.2079,0.1293,0.0489,0.0927,0.0451
GRID_03553,다사51505425,서대문구,홍제동,205.7,False,2.7241,0.2326,1.588,0.092,0.0415,0.069,0.0129
GRID_03554,다사51505450,서대문구,홍제동,39.2,False,2.4205,0.1316,1.3767,0.0818,0.0235,0.0552,0.0149
GRID_03555,다사51505475,서대문구,홍제동,523.0,False,3.7272,0.0,2.0276,0.1259,0.0,0.0685,0.0109
GRID_03556,다사51505500,서대문구,홍제동,3224.8,False,4.9487,0.0,2.6921,0.1672,0.0,0.0909,0.0113
GRID_03557,다사51505525,서대문구,홍은동,1516.8,False,4.4263,0.0,2.4079,0.1495,0.0,0.0813,0.0111
GRID_03558,다사51505550,서대문구,홍은동,818.8,False,1.9206,0.0,1.0448,0.0649,0.0,0.0353,0.0053
GRID_03559,다사51505575,서대문구,홍은동,61.2,False,1.8162,0.0,0.988,0.0614,0.0,0.0334,0.0081
GRID_03560,다사51505600,서대문구,홍은동,106.5,False,2.1304,0.0,1.1589,0.072,0.0,0.0392,0.0084
GRID_03561,다사51505625,서대문구,홍은동,41.0,False,2.9563,0.0,1.6082,0.0999,0.0,0.0543,0.0145
GRID_03562,다사51505650,종로구,구기동,0.0,True,1.0724,0.0,0.5834,0.0,0.0,0.0,0.0
GRID_03563,다사51505675,종로구,구기동,40.3,False,0.0,0.0,0.0,0.0,0.0,0.0,0.0
GRID_03564,다사51505700,종로구,구기동,17.8,False,0.1238,0.0,0.0673,0.0042,0.0,0.0023,0.0008
GRID_03565,다사51505725,종로구,구기동,25.4,False,0.0,0.0,0.0,0.0,0.0,0.0,0.0
GRID_03566,다사51505750,종로구,구기동,0.0,True,0.0,0.0,0.0,0.0,0.0,0.0,0.0
GRID_03567,다사51505775,종로구,구기동,4.4,False,0.0,0.0,0.0,0.0,0.0,0.0,0.0
GRID_03568,다사51505800,종로구,구기동,0.0,True,0.0,0.0,0.0,0.0,0.0,0.0,0.0
GRID_03569,다사51505825,종로구,구기동,0.0,True,0.0,0.0,0.0,0.0,0.0,0.0,0.0
GRID_03570,다사51505850,종로구,구기동,0.0,True,0.0,0.0,0.0,0.0,0.0,0.0,0.0
GRID_03571,다사51505875,은평구,진관동,0.0,True,0.0,0.0,0.0,0.0,0.0,0.0,0.0
GRID_03572,다사51505900,은평구,진관동,0.0,True,0.0,0.0,0.0,0.0,0.0,0.0,0.0
GRID_03573,다사51505925,은평구,진관동,0.0,True,0.0,0.0,0.0,0.0,0.0,0.0,0.0
GRID_03574,다사51505950,은평구,진관동,0.0,True,0.0,0.0,0.0,0.0,0.0,0.0,0.0
GRID_03575,다사51505975,은평구,진관동,0.0,True,0.0,0.0,0.0,0.0,0.0,0.0,0.0
GRID_03576,다사51506000,은평구,진관동,0.0,True,0.0,0.0,0.0,0.0,0.0,0.0,0.0
GRID_03577,다사51506025,은평구,진관동,13.3,False,0.0,0.0,0.0,0.0,0.0,0.0,0.0
GRID_03578,다사51506050,은평구,진관동,47.9,False,0.0,0.0,0.0,0.0,0.0,0.0,0.0
GRID_03579,다사51506075,은평구,진관동,0.0,True,0.0,0.0,0.0,0.0,0.0,0.0,0.0
GRID_03580,다사51506100,은평구,진관동,0.0,True,0.0,0.0,0.0,0.0,0.0,0.0,0.0
GRID_03581,다사51506125,은평구,진관동,0.0,True,0.0,0.0,0.0,0.0,0.0,0.0,0.0
GRID_03582,다사51506150,은평구,진관동,10.3,False,0.0,0.0,0.0,0.0,0.0,0.0,0.0
GRID_03583,다사51506175,은평구,진관동,28.6,False,0.0,0.0,0.0,0.0,0.0,0.0,0.0
GRID_03584,다사51753775,관악구,신림동,0.0,True,0.0,0.0,0.0,0.0,0.0,0.0,0.0
GRID_03585,다사51753800,관악구,신림동,0.0,True,0.0,0.0,0.0,0.0,0.0,0.0,0.0
GRID_03586,다사51753825,관악구,신림동,0.0,True,0.0,0.0,0.0,0.0,0.0,0.0,0.0
GRID_03587,다사51753850,관악구,신림동,0.0,True,0.0,0.0,0.0,0.0,0.0,0.0,0.0
GRID_03588,다사51753875,관악구,신림동,0.0,True,0.2768,0.0,0.1506,0.0,0.0,0.0,0.0
GRID_03589,다사51753900,관악구,신림동,0.0,True,0.1908,0.0,0.1038,0.0,0.0,0.0,0.0
GRID_03590,다사51753925,관악구,신림동,0.0,True,1.5081,0.0,0.8204,0.0,0.0,0.0,0.0
GRID_03591,다사51753950,관악구,신림동,15.8,False,2.511,0.0,1.366,0.0848,0.0,0.0461,0.0164
GRID_03592,다사51753975,관악구,신림동,19.0,False,1.941,0.0,1.0559,0.0656,0.0,0.0357,0.0119
GRID_03593,다사51754000,관악구,신림동,77.5,False,2.774,0.0,1.509,0.0937,0.0,0.051,0.0117
GRID_03594,다사51754025,관악구,신림동,420.1,False,4.4629,0.0,2.4278,0.1508,0.0,0.082,0.0136
GRID_03595,다사51754050,관악구,신림동,106.2,False,4.8038,0.0,2.6133,0.1623,0.0,0.0883,0.0189
GRID_03596,다사51754075,관악구,신림동,33.6,False,4.6258,0.0,2.5164,0.1563,0.0,0.085,0.024
GRID_03597,다사51754100,관악구,봉천동,81.6,False,3.926,0.0,2.1358,0.1326,0.0,0.0721,0.0163
GRID_03598,다사51754125,관악구,봉천동,92.3,False,2.0522,0.0,1.1164,0.0693,0.0,0.0377,0.0083
GRID_03599,다사51754150,관악구,봉천동,18.6,False,2.4552,0.0,1.3357,0.0829,0.0,0.0451,0.0152
GRID_03600,다사51754175,관악구,봉천동,8.9,False,1.8484,0.3117,1.1477,0.0624,0.0556,0.0593,0.0259
GRID_03601,다사51754200,관악구,봉천동,1975.5,False,2.8295,1.1848,2.0796,0.0956,0.2113,0.1484,0.0195
GRID_03602,다사51754225,관악구,봉천동,1583.9,False,5.6927,1.5817,3.8181,0.1923,0.2821,0.2333,0.0317
GRID_03603,다사51754250,관악구,봉천동,1674.7,False,6.5473,1.6135,4.2974,0.2212,0.2878,0.2515,0.0339
GRID_03604,다사51754275,관악구,봉천동,847.3,False,5.6591,1.336,3.6878,0.1912,0.2383,0.2126,0.0315
GRID_03605,다사51754300,관악구,봉천동,957.4,False,5.0947,0.7086,3.0946,0.1721,0.1264,0.1513,0.022
GRID_03606,다사51754325,관악구,봉천동,2329.1,False,3.977,0.0,2.1635,0.1343,0.0,0.0731,0.0094
GRID_03607,다사51754350,관악구,봉천동,1387.2,False,5.6121,0.3234,3.2005,0.1896,0.0577,0.1294,0.0179
GRID_03608,다사51754375,동작구,상도동,3601.6,False,4.266,0.689,2.6349,0.1441,0.1229,0.1344,0.0164
GRID_03609,다사51754400,동작구,상도동,925.8,False,4.5646,0.8878,2.888,0.1542,0.1583,0.1561,0.0228
GRID_03610,다사51754425,동작구,상도동,3658.1,False,6.4326,0.8657,3.8941,0.2173,0.1544,0.1886,0.023
GRID_03611,다사51754450,동작구,상도동,388.7,False,4.4577,0.6849,2.7373,0.1506,0.1221,0.1376,0.0231
GRID_03612,다사51754475,동작구,흑석동,283.0,False,4.4326,0.4163,2.6012,0.1497,0.0743,0.1153,0.0204
GRID_03613,다사51754500,동작구,흑석동,1227.3,False,4.2269,0.1668,2.3755,0.1428,0.0298,0.0912,0.0128
GRID_03614,다사51754525,동작구,흑석동,533.0,False,4.8138,0.1098,2.6688,0.1626,0.0196,0.0974,0.0155
GRID_03615,다사51754550,동작구,흑석동,1208.2,False,3.6504,0.3039,2.1244,0.1233,0.0542,0.0918,0.0129
GRID_03616,다사51754575,동작구,본동,1606.6,False,8.5008,0.3642,4.7905,0.2872,0.0649,0.1858,0.0252
GRID_03617,다사51754600,동작구,본동,1486.5,False,9.6676,0.3515,5.4195,0.3266,0.0627,0.2062,0.0282
GRID_03618,다사51754625,동작구,본동,108.0,False,1.5356,0.2968,0.9707,0.0519,0.0529,0.0524,0.0112
GRID_03619,다사51754650,용산구,이촌동,90.6,False,0.3641,0.1679,0.2746,0.0123,0.0299,0.0203,0.0045
GRID_03620,다사51754675,용산구,이촌동,15.1,False,0.0206,0.0,0.0112,0.0007,0.0,0.0004,0.0001
GRID_03621,다사51754700,용산구,이촌동,45.3,False,0.0,0.0,0.0,0.0,0.0,0.0,0.0
GRID_03622,다사51754725,용산구,이촌동,2003.6,False,0.9926,0.0,0.5399,0.0335,0.0,0.0182,0.0024
GRID_03623,다사51754750,용산구,이촌동,409.5,False,2.3374,0.0,1.2715,0.079,0.0,0.043,0.0071
GRID_03624,다사51754775,용산구,한강로3가,485.1,False,2.7504,0.0,1.4962,0.0929,0.0,0.0505,0.0082
GRID_03625,다사51754800,용산구,한강로3가,705.9,False,5.0058,0.0,2.7232,0.1691,0.0,0.092,0.014
GRID_03626,다사51754825,용산구,원효로3가,1116.0,False,7.5004,0.0,4.0802,0.2534,0.0,0.1378,0.0196
GRID_03627,다사51754850,용산구,신창동,2726.0,False,6.1479,0.1841,3.4284,0.2077,0.0328,0.128,0.0162
GRID_03628,다사51754875,용산구,도원동,2496.3,False,8.3449,0.9642,4.9793,0.2819,0.172,0.2318,0.0296
GRID_03629,다사51754900,마포구,도화동,2258.7,False,12.1235,1.8681,7.447,0.4095,0.3332,0.3747,0.0485
GRID_03630,다사51754925,마포구,신공덕동,3470.0,False,14.4558,2.2008,8.8675,0.4883,0.3925,0.4446,0.0545
GRID_03631,다사51754950,마포구,신공덕동,1622.2,False,9.3795,1.9745,6.0028,0.3169,0.3522,0.3329,0.045
GRID_03632,다사51754975,마포구,공덕동,1013.9,False,5.8642,1.3961,3.8267,0.1981,0.249,0.2213,0.032
GRID_03633,다사51755000,마포구,공덕동,612.3,False,5.7485,0.6526,3.4248,0.1942,0.1164,0.1587,0.0247
GRID_03634,다사51755025,마포구,아현동,3910.5,False,5.2163,0.6607,3.1389,0.1762,0.1178,0.1496,0.0181
GRID_03635,다사51755050,마포구,아현동,1100.3,False,2.7894,1.0258,1.9852,0.0942,0.183,0.1347,0.0192
GRID_03636,다사51755075,마포구,아현동,1035.9,False,8.3358,1.1433,5.0561,0.2816,0.2039,0.2462,0.0355
GRID_03637,다사51755100,서대문구,북아현동,1793.5,False,11.1028,1.0738,6.5296,0.3751,0.1915,0.2914,0.0389
GRID_03638,다사51755125,서대문구,북아현동,1406.4,False,7.8336,0.7148,4.5874,0.2646,0.1275,0.2021,0.0279
GRID_03639,다사51755150,서대문구,북아현동,1627.4,False,6.2021,0.3325,3.5256,0.2095,0.0593,0.141,0.0191
GRID_03640,다사51755175,서대문구,북아현동,2595.2,False,3.6951,0.0,2.0101,0.1248,0.0,0.0679,0.0086
GRID_03641,다사51755200,서대문구,북아현동,767.6,False,0.6798,0.0,0.3698,0.023,0.0,0.0125,0.0019
GRID_03642,다사51755225,서대문구,영천동,0.0,True,0.1091,0.2203,0.1598,0.0,0.0,0.0,0.0
GRID_03643,다사51755250,서대문구,현저동,2727.8,False,2.4057,0.4403,1.5095,0.0813,0.0785,0.08,0.0101
GRID_03644,다사51755275,서대문구,현저동,207.3,False,6.1067,0.5468,3.5714,0.2063,0.0975,0.1567,0.0293
GRID_03645,다사51755300,서대문구,현저동,28.3,False,6.3156,0.5182,3.672,0.2134,0.0924,0.1582,0.0468
GRID_03646,다사51755325,종로구,무악동,10.4,False,2.4145,0.4857,1.535,0.0816,0.0866,0.0839,0.0345
GRID_03647,다사51755350,서대문구,홍제동,67.6,False,0.1987,0.3166,0.2524,0.0067,0.0565,0.0294,0.007
GRID_03648,다사51755375,서대문구,홍제동,0.0,True,0.0153,0.2469,0.1209,0.0,0.0,0.0,0.0
GRID_03649,다사51755400,서대문구,홍제동,11.0,False,0.2197,0.1857,0.2042,0.0074,0.0331,0.0191,0.0077
GRID_03650,다사51755425,서대문구,홍제동,0.0,True,0.5091,0.0648,0.3065,0.0,0.0,0.0,0.0
GRID_03651,다사51755450,서대문구,홍제동,78.5,False,1.6312,0.0,0.8874,0.0551,0.0,0.03,0.0069
GRID_03652,다사51755475,서대문구,홍제동,0.0,True,1.9014,0.0,1.0344,0.0,0.0,0.0,0.0
GRID_03653,다사51755500,서대문구,홍제동,0.0,True,1.4857,0.0,0.8082,0.0,0.0,0.0,0.0
GRID_03654,다사51755525,서대문구,홍은동,83.7,False,2.3931,0.0,1.3018,0.0808,0.0,0.044,0.0099
GRID_03655,다사51755550,서대문구,홍은동,66.0,False,3.5668,0.0,1.9403,0.1205,0.0,0.0655,0.0156
GRID_03656,다사51755575,종로구,홍지동,340.8,False,6.5878,0.0,3.5838,0.2225,0.0,0.1211,0.0208
GRID_03657,다사51755600,종로구,홍지동,700.2,False,6.5386,0.0,3.557,0.2209,0.0,0.1202,0.0183
GRID_03658,다사51755625,종로구,구기동,86.3,False,4.1734,0.0,2.2703,0.141,0.0,0.0767,0.0172
GRID_03659,다사51755650,종로구,구기동,101.9,False,2.8457,0.0,1.5481,0.0961,0.0,0.0523,0.0113
GRID_03660,다사51755675,종로구,구기동,29.0,False,2.8225,0.0,1.5354,0.0953,0.0,0.0519,0.0153
GRID_03661,다사51755700,종로구,구기동,87.1,False,1.7717,0.0,0.9638,0.0598,0.0,0.0326,0.0073
GRID_03662,다사51755725,종로구,구기동,229.5,False,0.6056,0.0,0.3294,0.0205,0.0,0.0111,0.002
GRID_03663,다사51755750,종로구,구기동,9.7,False,0.0,0.0,0.0,0.0,0.0,0.0,0.0
GRID_03664,다사51755775,종로구,구기동,6.3,False,0.0,0.0,0.0,0.0,0.0,0.0,0.0
GRID_03665,다사51755800,종로구,구기동,6.6,False,0.0,0.0,0.0,0.0,0.0,0.0,0.0
GRID_03666,다사51755825,종로구,구기동,0.0,True,0.0,0.0,0.0,0.0,0.0,0.0,0.0
GRID_03667,다사51755850,종로구,구기동,0.0,True,0.0,0.0,0.0,0.0,0.0,0.0,0.0
GRID_03668,다사51755875,은평구,진관동,0.0,True,0.0,0.0,0.0,0.0,0.0,0.0,0.0
GRID_03669,다사51755900,은평구,진관동,0.0,True,0.0,0.0,0.0,0.0,0.0,0.0,0.0
GRID_03670,다사51755925,은평구,진관동,0.0,True,0.0,0.0,0.0,0.0,0.0,0.0,0.0
GRID_03671,다사51755950,은평구,진관동,0.0,True,0.0,0.0,0.0,0.0,0.0,0.0,0.0
GRID_03672,다사51755975,은평구,진관동,0.0,True,0.0,0.0,0.0,0.0,0.0,0.0,0.0
GRID_03673,다사51756000,은평구,진관동,0.0,True,0.0,0.0,0.0,0.0,0.0,0.0,0.0
GRID_03674,다사51756025,은평구,진관동,0.0,True,0.0,0.0,0.0,0.0,0.0,0.0,0.0
GRID_03675,다사51756050,은평구,진관동,0.0,True,0.0,0.0,0.0,0.0,0.0,0.0,0.0
GRID_03676,다사51756075,은평구,진관동,0.0,True,0.0,0.0,0.0,0.0,0.0,0.0,0.0
GRID_03677,다사51756100,은평구,진관동,0.0,True,0.0,0.0,0.0,0.0,0.0,0.0,0.0
GRID_03678,다사51756125,은평구,진관동,0.0,True,0.0,0.0,0.0,0.0,0.0,0.0,0.0
GRID_03679,다사51756150,은평구,진관동,11.2,False,0.0,0.0,0.0,0.0,0.0,0.0,0.0
GRID_03680,다사51756175,은평구,진관동,0.0,True,0.0,0.0,0.0,0.0,0.0,0.0,0.0
GRID_03681,다사52003775,관악구,신림동,0.0,True,0.0,0.0,0.0,0.0,0.0,0.0,0.0
GRID_03682,다사52003800,관악구,신림동,0.0,True,0.0,0.0,0.0,0.0,0.0,0.0,0.0
GRID_03683,다사52003825,관악구,신림동,0.0,True,0.0,0.0,0.0,0.0,0.0,0.0,0.0
GRID_03684,다사52003850,관악구,신림동,0.0,True,0.0,0.0,0.0,0.0,0.0,0.0,0.0
GRID_03685,다사52003875,관악구,신림동,87.2,False,0.0,0.0,0.0,0.0,0.0,0.0,0.0
GRID_03686,다사52003900,관악구,신림동,0.0,True,0.0,0.0,0.0,0.0,0.0,0.0,0.0
GRID_03687,다사52003925,관악구,신림동,0.0,True,0.0,0.0,0.0,0.0,0.0,0.0,0.0
GRID_03688,다사52003950,관악구,신림동,0.0,True,0.1601,0.0,0.0871,0.0,0.0,0.0,0.0
GRID_03689,다사52003975,관악구,신림동,0.0,True,0.2956,0.0,0.1608,0.0,0.0,0.0,0.0
GRID_03690,다사52004000,관악구,봉천동,0.0,True,1.5486,0.0,0.8425,0.0,0.0,0.0,0.0
GRID_03691,다사52004025,관악구,봉천동,568.9,False,3.4963,0.0,1.902,0.1181,0.0,0.0643,0.0101
GRID_03692,다사52004050,관악구,봉천동,83.2,False,4.1664,0.0,2.2665,0.1407,0.0,0.0766,0.0173
GRID_03693,다사52004075,관악구,봉천동,588.0,False,4.8633,0.0,2.6456,0.1643,0.0,0.0894,0.014
GRID_03694,다사52004100,관악구,봉천동,286.2,False,5.3907,0.0,2.9325,0.1821,0.0,0.0991,0.0175
GRID_03695,다사52004125,관악구,봉천동,241.3,False,3.9196,0.0,2.1323,0.1324,0.0,0.072,0.0131
GRID_03696,다사52004150,관악구,봉천동,834.0,False,3.0301,0.378,1.8207,0.1024,0.0674,0.0864,0.0128
GRID_03697,다사52004175,관악구,봉천동,2227.5,False,4.3853,0.755,2.7299,0.1481,0.1347,0.142,0.0184
GRID_03698,다사52004200,관악구,봉천동,1395.0,False,7.6063,1.2748,4.7191,0.257,0.2274,0.2435,0.0336
GRID_03699,다사52004225,관악구,봉천동,1702.9,False,5.2949,1.5624,3.5929,0.1789,0.2787,0.2244,0.0302
GRID_03700,다사52004250,관악구,봉천동,2460.9,False,1.4332,1.2752,1.3612,0.0484,0.2274,0.13,0.0167
GRID_03701,다사52004275,관악구,봉천동,1702.1,False,2.4538,0.7491,1.6765,0.0829,0.1336,0.106,0.0142
GRID_03702,다사52004300,관악구,봉천동,934.2,False,4.8647,0.2093,2.7418,0.1643,0.0373,0.1064,0.0156
GRID_03703,다사52004325,관악구,봉천동,1525.1,False,3.4116,0.0,1.8559,0.1152,0.0,0.0627,0.0086
GRID_03704,다사52004350,관악구,봉천동,2321.5,False,4.12,0.1383,2.3044,0.1392,0.0247,0.087,0.0112
GRID_03705,다사52004375,동작구,상도동,953.3,False,4.4368,0.4661,2.6262,0.1499,0.0831,0.1194,0.0174
GRID_03706,다사52004400,동작구,상도동,2059.6,False,3.5189,0.6443,2.2081,0.1189,0.1149,0.1171,0.0153
GRID_03707,다사52004425,동작구,상도동,197.4,False,2.3609,0.6245,1.5691,0.0798,0.1114,0.0942,0.0178
GRID_03708,다사52004450,동작구,흑석동,1528.4,False,3.8284,0.4122,2.2706,0.1293,0.0735,0.1039,0.0142
GRID_03709,다사52004475,동작구,흑석동,1580.9,False,4.6794,0.0644,2.575,0.1581,0.0115,0.0912,0.0124
GRID_03710,다사52004500,동작구,흑석동,397.6,False,4.4015,0.1422,2.4593,0.1487,0.0254,0.0925,0.0154
GRID_03711,다사52004525,동작구,흑석동,670.9,False,6.947,0.3473,3.9375,0.2347,0.0619,0.1559,0.0239
GRID_03712,다사52004550,동작구,흑석동,1626.2,False,5.9444,0.5357,3.478,0.2008,0.0955,0.1528,0.0207
GRID_03713,다사52004575,동작구,흑석동,54.0,False,1.4481,0.5681,1.0469,0.0489,0.1013,0.0728,0.0182
GRID_03714,다사52004600,동작구,본동,155.7,False,1.6305,0.4015,1.0701,0.0551,0.0716,0.0626,0.0124
GRID_03715,다사52004625,용산구,이촌동,24.5,False,1.0254,0.1925,0.6456,0.0346,0.0343,0.0345,0.0107
GRID_03716,다사52004650,용산구,이촌동,28.4,False,0.9676,0.0788,0.5623,0.0327,0.014,0.0242,0.0072
GRID_03717,다사52004675,용산구,이촌동,10.1,False,1.59,0.0,0.8649,0.0537,0.0,0.0292,0.0121
GRID_03718,다사52004700,용산구,이촌동,8.8,False,1.8183,0.0,0.9892,0.0614,0.0,0.0334,0.0146
GRID_03719,다사52004725,용산구,이촌동,499.8,False,1.1811,0.0,0.6425,0.0399,0.0,0.0217,0.0035
GRID_03720,다사52004750,용산구,한강로3가,606.4,False,1.4815,0.4265,1.0004,0.05,0.0761,0.0619,0.0097
GRID_03721,다사52004775,용산구,한강로3가,792.2,False,0.8568,0.6959,0.7834,0.0289,0.1241,0.0723,0.0108
GRID_03722,다사52004800,용산구,한강로3가,509.8,False,4.5161,0.6613,2.7583,0.1526,0.1179,0.1368,0.0219
GRID_03723,다사52004825,용산구,원효로3가,454.9,False,6.7362,0.5024,3.8936,0.2276,0.0896,0.1646,0.0269
GRID_03724,다사52004850,용산구,원효로3가,241.9,False,7.8576,0.4576,4.4832,0.2654,0.0816,0.1816,0.0331
GRID_03725,다사52004875,용산구,용문동,64.4,False,11.854,0.7678,6.7987,0.4004,0.1369,0.2803,0.067
GRID_03726,다사52004900,용산구,효창동,2743.7,False,11.3174,1.313,6.7554,0.3823,0.2342,0.3148,0.0398
GRID_03727,다사52004925,마포구,신공덕동,1330.6,False,6.2502,1.5395,4.1021,0.2111,0.2746,0.2401,0.0334
GRID_03728,다사52004950,용산구,효창동,1377.2,False,7.441,1.1719,4.5823,0.2514,0.209,0.2321,0.0321
GRID_03729,다사52004975,마포구,신공덕동,3960.9,False,7.9705,0.5798,4.6003,0.2693,0.1034,0.1936,0.0234
GRID_03730,다사52005000,마포구,공덕동,853.7,False,6.2223,0.3059,3.5244,0.2102,0.0546,0.1392,0.0206
GRID_03731,다사52005025,마포구,공덕동,1046.3,False,5.7583,0.6546,3.431,0.1945,0.1168,0.1591,0.0229
GRID_03732,다사52005050,마포구,아현동,47.2,False,3.1875,1.0163,2.1975,0.1077,0.1813,0.1412,0.0364
GRID_03733,다사52005075,마포구,아현동,616.9,False,9.4297,1.4327,5.7831,0.3185,0.2555,0.2898,0.0451
GRID_03734,다사52005100,서대문구,북아현동,2959.0,False,12.285,1.5596,7.3942,0.415,0.2782,0.3526,0.0441
GRID_03735,다사52005125,서대문구,북아현동,1477.9,False,6.2496,1.2266,3.9591,0.2111,0.2188,0.2146,0.0294
GRID_03736,다사52005150,서대문구,북아현동,760.2,False,4.9233,0.7267,3.0096,0.1663,0.1296,0.1496,0.0225
GRID_03737,다사52005175,서대문구,북아현동,211.2,False,3.9518,0.1779,2.2309,0.1335,0.0317,0.0871,0.0163
GRID_03738,다사52005200,서대문구,천연동,2135.0,False,2.3754,0.0186,1.3007,0.0802,0.0033,0.0452,0.0059
GRID_03739,다사52005225,서대문구,옥천동,1833.3,False,4.164,0.2759,2.391,0.1407,0.0492,0.099,0.0132
GRID_03740,다사52005250,서대문구,현저동,2345.8,False,9.7191,0.5063,5.518,0.3283,0.0903,0.2198,0.0283
GRID_03741,다사52005275,서대문구,현저동,758.8,False,10.0135,0.6178,5.7291,0.3383,0.1102,0.2343,0.0353
GRID_03742,다사52005300,종로구,무악동,3575.3,False,5.4109,0.5798,3.208,0.1828,0.1034,0.1466,0.0179
GRID_03743,다사52005325,종로구,무악동,11.3,False,1.3979,0.4136,0.9491,0.0472,0.0738,0.0593,0.0236
GRID_03744,다사52005350,서대문구,홍제동,0.0,True,0.0,0.2158,0.0984,0.0,0.0,0.0,0.0
GRID_03745,다사52005375,종로구,옥인동,0.0,True,0.0,0.094,0.0429,0.0,0.0,0.0,0.0
GRID_03746,다사52005400,종로구,부암동,0.0,True,0.0,0.0444,0.0202,0.0,0.0,0.0,0.0
GRID_03747,다사52005425,종로구,부암동,0.0,True,0.0,0.0,0.0,0.0,0.0,0.0,0.0
GRID_03748,다사52005450,종로구,부암동,0.0,True,0.1053,0.0,0.0573,0.0,0.0,0.0,0.0
GRID_03749,다사52005475,서대문구,홍제동,0.0,True,0.0,0.0,0.0,0.0,0.0,0.0,0.0
GRID_03750,다사52005500,서대문구,홍제동,0.0,True,0.5995,0.0,0.3261,0.0,0.0,0.0,0.0
GRID_03751,다사52005525,서대문구,홍제동,34.9,False,2.1593,0.0,1.1746,0.0729,0.0,0.0397,0.0111
GRID_03752,다사52005550,종로구,홍지동,74.1,False,8.1468,0.0,4.4319,0.2752,0.0,0.1497,0.0347
GRID_03753,다사52005575,종로구,홍지동,1400.2,False,13.1625,0.0,7.1604,0.4446,0.0,0.2419,0.0334
GRID_03754,다사52005600,종로구,홍지동,1442.8,False,12.7372,0.0,6.929,0.4303,0.0,0.2341,0.0322
GRID_03755,다사52005625,종로구,구기동,186.7,False,10.2947,0.0,5.6003,0.3478,0.0,0.1892,0.0361
GRID_03756,다사52005650,종로구,구기동,4137.6,False,7.1672,0.0,3.899,0.2421,0.0,0.1317,0.0158
GRID_03757,다사52005675,종로구,구기동,54.7,False,3.7218,0.0,2.0247,0.1257,0.0,0.0684,0.017
GRID_03758,다사52005700,종로구,구기동,15.9,False,1.9364,0.0,1.0534,0.0654,0.0,0.0356,0.0126
GRID_03759,다사52005725,종로구,구기동,1578.0,False,0.6006,0.0,0.3267,0.0203,0.0,0.011,0.0015
GRID_03760,다사52005750,종로구,구기동,4.2,False,0.0,0.0,0.0,0.0,0.0,0.0,0.0
GRID_03761,다사52005775,종로구,구기동,0.0,True,0.0,0.0,0.0,0.0,0.0,0.0,0.0
GRID_03762,다사52005800,종로구,구기동,0.0,True,0.0,0.0,0.0,0.0,0.0,0.0,0.0
GRID_03763,다사52005825,종로구,구기동,0.0,True,0.0,0.0,0.0,0.0,0.0,0.0,0.0
GRID_03764,다사52005850,종로구,구기동,0.0,True,0.0,0.0,0.0,0.0,0.0,0.0,0.0
GRID_03765,다사52005875,종로구,구기동,0.0,True,0.0,0.0,0.0,0.0,0.0,0.0,0.0
GRID_03766,다사52005900,은평구,진관동,0.0,True,0.0,0.0,0.0,0.0,0.0,0.0,0.0
GRID_03767,다사52005925,은평구,진관동,0.0,True,0.0,0.0,0.0,0.0,0.0,0.0,0.0
GRID_03768,다사52005950,은평구,진관동,0.0,True,0.0,0.0,0.0,0.0,0.0,0.0,0.0
GRID_03769,다사52005975,은평구,진관동,0.0,True,0.0,0.0,0.0,0.0,0.0,0.0,0.0
GRID_03770,다사52006000,은평구,진관동,0.0,True,0.0,0.0,0.0,0.0,0.0,0.0,0.0
GRID_03771,다사52006025,은평구,진관동,0.0,True,0.0,0.0,0.0,0.0,0.0,0.0,0.0
GRID_03772,다사52006050,은평구,진관동,0.0,True,0.0,0.0,0.0,0.0,0.0,0.0,0.0
GRID_03773,다사52006075,은평구,진관동,0.0,True,0.0,0.0,0.0,0.0,0.0,0.0,0.0
GRID_03774,다사52006100,은평구,진관동,0.0,True,0.0,0.0,0.0,0.0,0.0,0.0,0.0
GRID_03775,다사52006125,은평구,진관동,0.0,True,0.0,0.0,0.0,0.0,0.0,0.0,0.0
GRID_03776,다사52006150,은평구,진관동,0.0,True,0.0,0.0,0.0,0.0,0.0,0.0,0.0
GRID_03777,다사52253800,관악구,신림동,0.0,True,0.0,0.0,0.0,0.0,0.0,0.0,0.0
GRID_03778,다사52253825,관악구,신림동,0.0,True,0.0,0.0,0.0,0.0,0.0,0.0,0.0
GRID_03779,다사52253850,관악구,신림동,0.0,True,0.0,0.0,0.0,0.0,0.0,0.0,0.0
GRID_03780,다사52253875,관악구,신림동,0.0,True,0.0,0.0,0.0,0.0,0.0,0.0,0.0
GRID_03781,다사52253900,관악구,신림동,0.0,True,0.0,0.0,0.0,0.0,0.0,0.0,0.0
GRID_03782,다사52253925,관악구,신림동,0.0,True,0.0,0.0,0.0,0.0,0.0,0.0,0.0
GRID_03783,다사52253950,관악구,신림동,0.0,True,0.0,0.0,0.0,0.0,0.0,0.0,0.0
GRID_03784,다사52253975,관악구,봉천동,0.0,True,0.0,0.0,0.0,0.0,0.0,0.0,0.0
GRID_03785,다사52254000,관악구,봉천동,0.0,True,0.0,0.0,0.0,0.0,0.0,0.0,0.0
GRID_03786,다사52254025,관악구,봉천동,0.0,True,0.108,0.0,0.0588,0.0,0.0,0.0,0.0
GRID_03787,다사52254050,관악구,봉천동,0.0,True,0.6299,0.0,0.3427,0.0,0.0,0.0,0.0
GRID_03788,다사52254075,관악구,봉천동,10.1,False,1.666,0.0,0.9063,0.0563,0.0,0.0306,0.0127
GRID_03789,다사52254100,관악구,봉천동,275.7,False,3.1718,0.0,1.7254,0.1071,0.0,0.0583,0.0104
GRID_03790,다사52254125,관악구,봉천동,141.6,False,2.1474,0.1211,1.2234,0.0725,0.0216,0.0493,0.0099
GRID_03791,다사52254150,관악구,봉천동,1434.4,False,1.7665,0.7312,1.2944,0.0597,0.1304,0.0919,0.0126
GRID_03792,다사52254175,관악구,봉천동,812.8,False,5.5546,1.1603,3.5508,0.1876,0.2069,0.1964,0.0293
GRID_03793,다사52254200,관악구,봉천동,33.4,False,10.8859,1.296,6.5129,0.3677,0.2311,0.3054,0.0863
GRID_03794,다사52254225,관악구,봉천동,1576.6,False,6.8237,1.1414,4.2326,0.2305,0.2036,0.2182,0.0296
GRID_03795,다사52254250,관악구,봉천동,1798.5,False,0.6821,0.7688,0.7217,0.023,0.1371,0.0751,0.01
GRID_03796,다사52254275,동작구,사당동,5179.3,False,1.1576,0.0,0.6297,0.0391,0.0,0.0213,0.0025
GRID_03797,다사52254300,관악구,봉천동,1521.8,False,3.0158,0.0,1.6406,0.1019,0.0,0.0554,0.0076
GRID_03798,다사52254325,관악구,봉천동,2411.4,False,2.6696,0.0,1.4522,0.0902,0.0,0.0491,0.0063
GRID_03799,다사52254350,동작구,사당동,38.3,False,1.6899,0.0,0.9193,0.0571,0.0,0.0311,0.0085
GRID_03800,다사52254375,동작구,상도동,1643.2,False,3.1017,0.1051,1.7353,0.1048,0.0187,0.0655,0.0089
GRID_03801,다사52254400,동작구,상도동,374.5,False,3.5777,0.25,2.0603,0.1209,0.0446,0.0861,0.0145
GRID_03802,다사52254425,동작구,상도동,15.2,False,3.21,0.2339,1.8529,0.1084,0.0417,0.078,0.028
GRID_03803,다사52254450,동작구,흑석동,1604.3,False,6.5884,0.0612,3.612,0.2226,0.0109,0.1261,0.0171
GRID_03804,다사52254475,동작구,흑석동,4284.6,False,8.6962,0.0103,4.7354,0.2938,0.0018,0.1606,0.0192
GRID_03805,다사52254500,동작구,흑석동,14.3,False,5.7962,0.3291,3.3032,0.1958,0.0587,0.1333,0.0489
GRID_03806,다사52254525,동작구,흑석동,1060.8,False,10.6828,0.5644,6.0688,0.3609,0.1007,0.2422,0.0348
GRID_03807,다사52254550,동작구,흑석동,1771.6,False,11.3936,0.6553,6.4969,0.3849,0.1169,0.2627,0.0351
GRID_03808,다사52254575,동작구,흑석동,2971.0,False,4.4371,0.6273,2.6998,0.1499,0.1119,0.1326,0.0166
GRID_03809,다사52254600,동작구,본동,31.1,False,0.8676,0.4255,0.666,0.0293,0.0759,0.0505,0.0146
GRID_03810,다사52254625,용산구,이촌동,0.0,True,0.3795,0.0719,0.2392,0.0,0.0,0.0,0.0
GRID_03811,다사52254650,용산구,이촌동,9.9,False,0.7455,0.0,0.4055,0.0252,0.0,0.0137,0.0057
GRID_03812,다사52254675,용산구,이촌동,523.9,False,2.8125,0.0,1.53,0.095,0.0,0.0517,0.0083
GRID_03813,다사52254700,용산구,이촌동,140.2,False,4.378,0.0,2.3816,0.1479,0.0,0.0805,0.0163
GRID_03814,다사52254725,용산구,한강로3가,1011.8,False,3.6931,0.3904,2.187,0.1248,0.0696,0.0996,0.0144
GRID_03815,다사52254750,용산구,한강로3가,443.4,False,2.0839,1.2071,1.6841,0.0704,0.2153,0.1365,0.0224
GRID_03816,다사52254775,용산구,한강로3가,218.1,False,0.458,1.6196,0.9877,0.0155,0.2888,0.1401,0.026
GRID_03817,다사52254800,용산구,한강로3가,122.7,False,3.6066,1.5116,2.6513,0.1218,0.2696,0.1892,0.0393
GRID_03818,다사52254825,용산구,신계동,410.6,False,7.4211,1.199,4.5838,0.2507,0.2138,0.2339,0.0389
GRID_03819,다사52254850,용산구,원효로2가,1032.7,False,8.0216,0.8341,4.7441,0.271,0.1488,0.2152,0.031
GRID_03820,다사52254875,용산구,용문동,553.1,False,11.4219,0.7673,6.5634,0.3858,0.1369,0.2723,0.0431
GRID_03821,다사52254900,용산구,효창동,1334.0,False,9.5648,0.751,5.5457,0.3231,0.1339,0.2368,0.0329
GRID_03822,다사52254925,용산구,효창동,874.8,False,4.0868,0.6017,2.4976,0.1381,0.1073,0.124,0.0183
GRID_03823,다사52254950,용산구,효창동,154.7,False,7.0145,0.2247,3.9183,0.237,0.0401,0.1472,0.0292
GRID_03824,다사52254975,용산구,효창동,1229.5,False,8.3367,0.0,4.5352,0.2816,0.0,0.1532,0.0215
GRID_03825,다사52255000,마포구,공덕동,1004.0,False,7.7293,0.1971,4.2946,0.2611,0.0352,0.1581,0.0229
GRID_03826,다사52255025,마포구,공덕동,2853.3,False,6.2805,0.4054,3.6015,0.2122,0.0723,0.1484,0.0187
GRID_03827,다사52255050,마포구,아현동,653.0,False,4.5206,0.8899,2.865,0.1527,0.1587,0.1555,0.024
GRID_03828,다사52255075,마포구,아현동,952.9,False,6.0751,1.4842,3.9817,0.2052,0.2647,0.2324,0.0339
GRID_03829,다사52255100,마포구,아현동,631.3,False,10.3048,1.6698,6.3672,0.3481,0.2978,0.3252,0.0504
GRID_03830,다사52255125,서대문구,충정로3가,3833.3,False,10.2807,1.4476,6.2528,0.3473,0.2582,0.3067,0.0372
GRID_03831,다사52255150,서대문구,충정로3가,48.7,False,7.9152,1.3121,4.9042,0.2674,0.234,0.2522,0.0646
GRID_03832,다사52255175,서대문구,충정로3가,1043.6,False,7.4886,0.9407,4.5027,0.253,0.1678,0.2141,0.0308
GRID_03833,다사52255200,서대문구,천연동,2451.0,False,6.8474,0.4797,3.9437,0.2313,0.0856,0.1648,0.0211
GRID_03834,다사52255225,서대문구,옥천동,2499.3,False,11.4956,0.4703,6.4681,0.3883,0.0839,0.2495,0.0319
GRID_03835,다사52255250,서대문구,영천동,604.8,False,14.2591,0.4325,7.9542,0.4817,0.0771,0.2972,0.0464
GRID_03836,다사52255275,종로구,무악동,25.5,False,9.6437,0.5384,5.4917,0.3258,0.096,0.221,0.0674
GRID_03837,다사52255300,종로구,무악동,6.8,False,3.0794,0.5024,1.9043,0.104,0.0896,0.0974,0.0474
GRID_03838,다사52255325,종로구,무악동,24.0,False,0.235,0.3344,0.2803,0.0079,0.0596,0.0315,0.0098
GRID_03839,다사52255350,종로구,누상동,8.6,False,0.0521,0.0791,0.0644,0.0018,0.0141,0.0074,0.0033
GRID_03840,다사52255375,종로구,옥인동,18.7,False,0.0725,0.0,0.0394,0.0024,0.0,0.0013,0.0004
GRID_03841,다사52255400,종로구,옥인동,0.0,True,0.0,0.0,0.0,0.0,0.0,0.0,0.0
GRID_03842,다사52255425,종로구,부암동,0.0,True,0.0,0.0,0.0,0.0,0.0,0.0,0.0
GRID_03843,다사52255450,종로구,부암동,43.6,False,0.0,0.0,0.0,0.0,0.0,0.0,0.0
GRID_03844,다사52255475,종로구,부암동,22.6,False,0.4995,0.0,0.2717,0.0169,0.0,0.0092,0.0029
GRID_03845,다사52255500,종로구,부암동,38.0,False,1.3011,0.0,0.7078,0.044,0.0,0.0239,0.0065
GRID_03846,다사52255525,종로구,부암동,101.4,False,3.2559,0.0,1.7712,0.11,0.0,0.0598,0.0129
GRID_03847,다사52255550,종로구,부암동,13.0,False,6.3756,0.0,3.4683,0.2154,0.0,0.1172,0.0444
GRID_03848,다사52255575,종로구,신영동,13.3,False,9.1976,0.0,5.0035,0.3107,0.0,0.169,0.0635
GRID_03849,다사52255600,종로구,신영동,464.8,False,8.6715,0.0,4.7173,0.2929,0.0,0.1594,0.0259
GRID_03850,다사52255625,종로구,신영동,649.5,False,8.1136,0.0,4.4138,0.2741,0.0,0.1491,0.023
GRID_03851,다사52255650,종로구,구기동,181.4,False,4.5143,0.0,2.4558,0.1525,0.0,0.083,0.0159
GRID_03852,다사52255675,종로구,구기동,17.9,False,1.2917,0.0,0.7027,0.0436,0.0,0.0237,0.0081
GRID_03853,다사52255700,종로구,구기동,17.6,False,0.2197,0.0,0.1195,0.0074,0.0,0.004,0.0014
GRID_03854,다사52255725,종로구,구기동,95.6,False,0.0,0.0,0.0,0.0,0.0,0.0,0.0
GRID_03855,다사52255750,종로구,구기동,13.9,False,0.0,0.0,0.0,0.0,0.0,0.0,0.0
GRID_03856,다사52255775,종로구,구기동,4.3,False,0.0,0.0,0.0,0.0,0.0,0.0,0.0
GRID_03857,다사52255800,종로구,구기동,4.1,False,0.0,0.0,0.0,0.0,0.0,0.0,0.0
GRID_03858,다사52255825,종로구,구기동,4.3,False,0.0,0.0,0.0,0.0,0.0,0.0,0.0
GRID_03859,다사52255850,종로구,구기동,22.8,False,0.0,0.0,0.0,0.0,0.0,0.0,0.0
GRID_03860,다사52255875,종로구,구기동,0.0,True,0.0,0.0,0.0,0.0,0.0,0.0,0.0
GRID_03861,다사52255900,은평구,진관동,0.0,True,0.0,0.0,0.0,0.0,0.0,0.0,0.0
GRID_03862,다사52255925,은평구,진관동,0.0,True,0.0,0.0,0.0,0.0,0.0,0.0,0.0
GRID_03863,다사52255950,은평구,진관동,0.0,True,0.0,0.0,0.0,0.0,0.0,0.0,0.0
GRID_03864,다사52255975,은평구,진관동,0.0,True,0.0,0.0,0.0,0.0,0.0,0.0,0.0
GRID_03865,다사52256000,은평구,진관동,0.0,True,0.0,0.0,0.0,0.0,0.0,0.0,0.0
GRID_03866,다사52256025,은평구,진관동,0.0,True,0.0,0.0,0.0,0.0,0.0,0.0,0.0
GRID_03867,다사52256050,은평구,진관동,0.0,True,0.0,0.0,0.0,0.0,0.0,0.0,0.0
GRID_03868,다사52256075,은평구,진관동,0.0,True,0.0,0.0,0.0,0.0,0.0,0.0,0.0
GRID_03869,다사52503800,관악구,신림동,0.0,True,0.0,0.0,0.0,0.0,0.0,0.0,0.0
GRID_03870,다사52503825,관악구,신림동,0.0,True,0.0,0.0,0.0,0.0,0.0,0.0,0.0
GRID_03871,다사52503850,관악구,신림동,0.0,True,0.0,0.0,0.0,0.0,0.0,0.0,0.0
GRID_03872,다사52503875,관악구,신림동,0.0,True,0.0,0.0,0.0,0.0,0.0,0.0,0.0
GRID_03873,다사52503900,관악구,신림동,0.0,True,0.0,0.0,0.0,0.0,0.0,0.0,0.0
GRID_03874,다사52503925,관악구,신림동,0.0,True,0.0,0.0,0.0,0.0,0.0,0.0,0.0
GRID_03875,다사52503950,관악구,신림동,0.0,True,0.0,0.0,0.0,0.0,0.0,0.0,0.0
GRID_03876,다사52503975,관악구,봉천동,0.0,True,0.0,0.0,0.0,0.0,0.0,0.0,0.0
GRID_03877,다사52504000,관악구,봉천동,0.0,True,0.0,0.0,0.0,0.0,0.0,0.0,0.0
GRID_03878,다사52504025,관악구,봉천동,0.0,True,0.0,0.0,0.0,0.0,0.0,0.0,0.0
GRID_03879,다사52504050,관악구,봉천동,0.0,True,0.0,0.0,0.0,0.0,0.0,0.0,0.0
GRID_03880,다사52504075,관악구,봉천동,0.0,True,0.3381,0.0,0.1839,0.0,0.0,0.0,0.0
GRID_03881,다사52504100,관악구,봉천동,151.0,False,3.1656,0.0,1.7221,0.1069,0.0,0.0582,0.0116
GRID_03882,다사52504125,관악구,봉천동,3056.8,False,4.3253,0.1951,2.4419,0.1461,0.0348,0.0954,0.0119
GRID_03883,다사52504150,관악구,봉천동,61.4,False,2.775,0.8248,1.8857,0.0937,0.1471,0.1181,0.0286
GRID_03884,다사52504175,관악구,봉천동,2521.0,False,7.1037,1.2677,4.4425,0.24,0.2261,0.2336,0.0298
GRID_03885,다사52504200,관악구,봉천동,3373.3,False,9.5447,1.4077,5.8343,0.3224,0.2511,0.2899,0.0357
GRID_03886,다사52504225,관악구,봉천동,2917.0,False,5.3856,1.2061,3.4797,0.1819,0.2151,0.1971,0.0247
GRID_03887,다사52504250,동작구,사당동,37.9,False,3.17,0.8569,2.1152,0.1071,0.1528,0.1279,0.0349
GRID_03888,다사52504275,동작구,사당동,150.5,False,3.4428,0.3168,2.0173,0.1163,0.0565,0.089,0.0177
GRID_03889,다사52504300,동작구,사당동,40.3,False,4.5271,0.218,2.5622,0.1529,0.0389,0.1009,0.0271
GRID_03890,다사52504325,동작구,사당동,782.0,False,5.019,0.0602,2.7578,0.1695,0.0107,0.0971,0.0146
GRID_03891,다사52504350,동작구,사당동,21.7,False,3.5556,0.0,1.9342,0.1201,0.0,0.0653,0.0209
GRID_03892,다사52504375,동작구,사당동,690.5,False,1.6675,0.0,0.9071,0.0563,0.0,0.0306,0.0047
GRID_03893,다사52504400,동작구,동작동,0.0,True,1.5844,0.0,0.8619,0.0,0.0,0.0,0.0
GRID_03894,다사52504425,동작구,동작동,5.3,False,0.6562,0.0,0.357,0.0222,0.0,0.0121,0.0066
GRID_03895,다사52504450,동작구,동작동,0.0,True,4.0833,0.0,2.2213,0.0,0.0,0.0,0.0
GRID_03896,다사52504475,동작구,흑석동,379.8,False,7.534,0.0566,4.1243,0.2545,0.0101,0.1431,0.0241
GRID_03897,다사52504500,동작구,흑석동,698.4,False,6.6864,0.3884,3.8145,0.2259,0.0693,0.1545,0.0236
GRID_03898,다사52504525,동작구,흑석동,1564.1,False,11.5733,0.6333,6.5847,0.391,0.113,0.2642,0.0359
GRID_03899,다사52504550,동작구,흑석동,171.0,False,11.2231,0.728,6.4373,0.3791,0.1298,0.2655,0.0516
GRID_03900,다사52504575,동작구,흑석동,251.9,False,3.6395,0.6462,2.2746,0.1229,0.1152,0.1194,0.0216
GRID_03901,다사52504600,용산구,이촌동,0.0,True,0.361,0.4107,0.3836,0.0,0.0,0.0,0.0
GRID_03902,다사52504625,용산구,이촌동,0.0,True,0.0,0.0827,0.0377,0.0,0.0,0.0,0.0
GRID_03903,다사52504650,용산구,이촌동,0.0,True,0.0,0.0,0.0,0.0,0.0,0.0,0.0
GRID_03904,다사52504675,용산구,이촌동,101.6,False,2.2014,0.0,1.1976,0.0744,0.0,0.0405,0.0087
GRID_03905,다사52504700,용산구,한강로3가,440.2,False,4.7703,0.0,2.595,0.1611,0.0,0.0877,0.0144
GRID_03906,다사52504725,용산구,한강로3가,1211.8,False,5.5901,0.8967,3.4499,0.1888,0.1599,0.1757,0.0247
GRID_03907,다사52504750,용산구,한강로3가,1556.7,False,8.0661,1.8102,5.2134,0.2725,0.3228,0.2954,0.0402
GRID_03908,다사52504775,용산구,한강로3가,10131.8,False,6.4098,2.2668,4.5206,0.2165,0.4043,0.3021,0.0328
GRID_03909,다사52504800,용산구,한강로3가,1608.5,False,5.8684,2.1417,4.169,0.1982,0.382,0.282,0.0382
GRID_03910,다사52504825,용산구,한강로3가,318.7,False,8.8107,1.7463,5.5893,0.2976,0.3114,0.3039,0.0527
GRID_03911,다사52504850,용산구,원효로2가,738.5,False,6.8725,1.0166,4.2022,0.2322,0.1813,0.209,0.0316
GRID_03912,다사52504875,용산구,원효로2가,611.3,False,8.1835,0.8117,4.822,0.2765,0.1448,0.2164,0.0337
GRID_03913,다사52504900,용산구,효창동,1644.6,False,6.0761,0.906,3.7185,0.2053,0.1616,0.1853,0.025
GRID_03914,다사52504925,용산구,효창동,642.3,False,2.7472,0.7355,1.8298,0.0928,0.1312,0.1103,0.0171
GRID_03915,다사52504950,용산구,청파동2가,1313.7,False,3.6904,0.3284,2.1573,0.1247,0.0586,0.0945,0.0132
GRID_03916,다사52504975,용산구,청파동2가,197.7,False,5.1073,0.0175,2.7864,0.1725,0.0031,0.0953,0.018
GRID_03917,다사52505000,마포구,공덕동,1271.0,False,5.6543,0.2135,3.1733,0.191,0.0381,0.1213,0.017
GRID_03918,다사52505025,용산구,서계동,541.1,False,5.812,0.714,3.4873,0.1963,0.1273,0.1649,0.0262
GRID_03919,다사52505050,중구,만리동2가,3299.3,False,3.6817,1.3261,2.6075,0.1244,0.2365,0.1755,0.0217
GRID_03920,다사52505075,중구,만리동2가,59.6,False,2.9474,2.0055,2.5179,0.0996,0.3577,0.2173,0.0529
GRID_03921,다사52505100,중구,중림동,684.8,False,11.1435,1.6757,6.8262,0.3764,0.2989,0.3411,0.0522
GRID_03922,다사52505125,서대문구,충정로3가,2151.6,False,14.287,1.6907,8.5431,0.4826,0.3015,0.4001,0.0521
GRID_03923,다사52505150,서대문구,충정로3가,1703.0,False,12.8366,1.6739,7.7464,0.4336,0.2985,0.372,0.05
GRID_03924,다사52505175,서대문구,충정로2가,574.0,False,15.4852,1.4111,9.0674,0.5231,0.2517,0.3993,0.0628
GRID_03925,다사52505200,서대문구,냉천동,113.7,False,14.5482,0.8469,8.3004,0.4915,0.151,0.3362,0.0709
GRID_03926,다사52505225,종로구,교남동,1398.8,False,13.2528,0.6167,7.4908,0.4477,0.11,0.2937,0.0405
GRID_03927,다사52505250,종로구,행촌동,368.3,False,9.5615,0.3945,5.3814,0.323,0.0704,0.2078,0.0352
GRID_03928,다사52505275,종로구,행촌동,4652.0,False,6.7686,0.3306,3.8329,0.2287,0.059,0.1513,0.0179
GRID_03929,다사52505300,종로구,사직동,11.1,False,4.4296,0.2996,2.5463,0.1496,0.0534,0.1058,0.0424
GRID_03930,다사52505325,종로구,사직동,23.8,False,1.033,0.1549,0.6326,0.0349,0.0276,0.0316,0.0098
GRID_03931,다사52505350,종로구,누상동,948.3,False,1.4448,0.0,0.786,0.0488,0.0,0.0266,0.0039
GRID_03932,다사52505375,종로구,옥인동,136.3,False,0.6999,0.0,0.3807,0.0236,0.0,0.0129,0.0026
GRID_03933,다사52505400,종로구,옥인동,39.3,False,0.0532,0.0,0.0289,0.0018,0.0,0.001,0.0003
GRID_03934,다사52505425,종로구,청운동,14.5,False,0.0,0.0,0.0,0.0,0.0,0.0,0.0
GRID_03935,다사52505450,종로구,부암동,9.7,False,0.4365,0.0,0.2375,0.0147,0.0,0.008,0.0034
GRID_03936,다사52505475,종로구,부암동,11.6,False,3.0313,0.0,1.6491,0.1024,0.0,0.0557,0.022
GRID_03937,다사52505500,종로구,부암동,1434.9,False,4.3311,0.0,2.3561,0.1463,0.0,0.0796,0.0109
GRID_03938,다사52505525,종로구,부암동,435.0,False,4.0155,0.0,2.1844,0.1356,0.0,0.0738,0.0121
GRID_03939,다사52505550,종로구,부암동,12.2,False,3.016,0.0,1.6407,0.1019,0.0,0.0554,0.0215
GRID_03940,다사52505575,종로구,신영동,351.9,False,2.2851,0.0,1.2431,0.0772,0.0,0.042,0.0072
GRID_03941,다사52505600,종로구,신영동,2393.1,False,5.2389,0.0,2.85,0.177,0.0,0.0963,0.0124
GRID_03942,다사52505625,종로구,평창동,19.1,False,5.4463,0.0,2.9628,0.184,0.0,0.1001,0.0334
GRID_03943,다사52505650,종로구,평창동,194.8,False,1.9801,0.0,1.0772,0.0669,0.0,0.0364,0.0069
GRID_03944,다사52505675,종로구,평창동,15.7,False,1.6772,0.0,0.9124,0.0567,0.0,0.0308,0.0109
GRID_03945,다사52505700,종로구,평창동,10.5,False,1.1412,0.0,0.6208,0.0386,0.0,0.021,0.0086
GRID_03946,다사52505725,종로구,구기동,24.1,False,0.39,0.0,0.2122,0.0132,0.0,0.0072,0.0022
GRID_03947,다사52505750,종로구,구기동,0.0,True,0.0,0.0,0.0,0.0,0.0,0.0,0.0
GRID_03948,다사52505775,종로구,구기동,6.2,False,0.0,0.0,0.0,0.0,0.0,0.0,0.0
GRID_03949,다사52505800,종로구,구기동,0.0,True,0.0,0.0,0.0,0.0,0.0,0.0,0.0
GRID_03950,다사52505825,종로구,구기동,0.0,True,0.0,0.0,0.0,0.0,0.0,0.0,0.0
GRID_03951,다사52505850,종로구,구기동,0.0,True,0.0,0.0,0.0,0.0,0.0,0.0,0.0
GRID_03952,다사52505875,종로구,구기동,0.0,True,0.0,0.0,0.0,0.0,0.0,0.0,0.0
GRID_03953,다사52505900,종로구,구기동,0.0,True,0.0,0.0,0.0,0.0,0.0,0.0,0.0
GRID_03954,다사52505925,은평구,진관동,0.0,True,0.0,0.0,0.0,0.0,0.0,0.0,0.0
GRID_03955,다사52505950,은평구,진관동,0.0,True,0.0,0.0,0.0,0.0,0.0,0.0,0.0
GRID_03956,다사52505975,은평구,진관동,0.0,True,0.0,0.0,0.0,0.0,0.0,0.0,0.0
GRID_03957,다사52753875,관악구,신림동,0.0,True,0.0,0.0,0.0,0.0,0.0,0.0,0.0
GRID_03958,다사52753900,관악구,신림동,0.0,True,0.0,0.0,0.0,0.0,0.0,0.0,0.0
GRID_03959,다사52753925,관악구,신림동,0.0,True,0.0,0.0,0.0,0.0,0.0,0.0,0.0
GRID_03960,다사52753950,관악구,신림동,0.0,True,0.0,0.0,0.0,0.0,0.0,0.0,0.0
GRID_03961,다사52753975,관악구,남현동,0.0,True,0.0,0.0,0.0,0.0,0.0,0.0,0.0
GRID_03962,다사52754000,관악구,봉천동,5.2,False,0.0,0.0,0.0,0.0,0.0,0.0,0.0
GRID_03963,다사52754025,관악구,봉천동,0.0,True,0.0,0.0,0.0,0.0,0.0,0.0,0.0
GRID_03964,다사52754050,관악구,봉천동,0.0,True,0.0,0.0,0.0,0.0,0.0,0.0,0.0
GRID_03965,다사52754075,관악구,봉천동,0.0,True,0.0895,0.0,0.0487,0.0,0.0,0.0,0.0
GRID_03966,다사52754100,관악구,봉천동,21.1,False,5.3367,0.0,2.9032,0.1803,0.0,0.0981,0.0317
GRID_03967,다사52754125,관악구,봉천동,4245.3,False,8.1582,0.0433,4.4578,0.2756,0.0077,0.1534,0.0184
GRID_03968,다사52754150,관악구,봉천동,1412.9,False,6.1454,0.6328,3.6317,0.2076,0.1129,0.1644,0.0227
GRID_03969,다사52754175,관악구,봉천동,46.8,False,6.4601,1.0474,3.9919,0.2182,0.1868,0.2039,0.0527
GRID_03970,다사52754200,관악구,봉천동,1605.6,False,4.2059,1.1785,2.8254,0.1421,0.2102,0.1731,0.0235
GRID_03971,다사52754225,동작구,사당동,762.6,False,2.0425,1.1577,1.6391,0.069,0.2065,0.1317,0.0198
GRID_03972,다사52754250,동작구,사당동,1119.9,False,4.3049,0.9637,2.7813,0.1454,0.1719,0.1575,0.0224
GRID_03973,다사52754275,동작구,사당동,5.8,False,9.0609,0.5624,5.1856,0.3061,0.1003,0.2123,0.1107
GRID_03974,다사52754300,동작구,사당동,751.9,False,9.0298,0.5273,5.1527,0.305,0.0941,0.2088,0.0315
GRID_03975,다사52754325,동작구,사당동,232.9,False,5.5459,0.3351,3.1698,0.1873,0.0598,0.1292,0.0237
GRID_03976,다사52754350,동작구,사당동,199.2,False,2.2281,0.0371,1.229,0.0753,0.0066,0.044,0.0083
GRID_03977,다사52754375,동작구,사당동,13.9,False,0.776,0.0,0.4221,0.0262,0.0,0.0143,0.0053
GRID_03978,다사52754400,동작구,동작동,0.0,True,0.0457,0.0,0.0248,0.0,0.0,0.0,0.0
GRID_03979,다사52754425,동작구,동작동,43.6,False,0.0,0.0,0.0,0.0,0.0,0.0,0.0
GRID_03980,다사52754450,동작구,동작동,160.8,False,1.1175,0.0,0.6079,0.0377,0.0,0.0205,0.004
GRID_03981,다사52754475,동작구,동작동,18.1,False,3.6716,0.0,1.9974,0.124,0.0,0.0675,0.0229
GRID_03982,다사52754500,동작구,흑석동,2345.2,False,5.2877,0.3037,3.015,0.1786,0.0542,0.1219,0.0157
GRID_03983,다사52754525,동작구,흑석동,1192.7,False,7.3684,0.5349,4.2524,0.2489,0.0954,0.1789,0.0253
GRID_03984,다사52754550,동작구,흑석동,1936.1,False,5.2343,0.6243,3.1321,0.1768,0.1113,0.147,0.0194
GRID_03985,다사52754575,용산구,이촌동,0.0,True,0.1117,0.5471,0.3102,0.0,0.0,0.0,0.0
GRID_03986,다사52754600,용산구,이촌동,0.0,True,0.0,0.3247,0.1481,0.0,0.0,0.0,0.0
GRID_03987,다사52754625,용산구,이촌동,0.0,True,0.0,0.0152,0.0069,0.0,0.0,0.0,0.0
GRID_03988,다사52754650,용산구,이촌동,19.7,False,0.0,0.0124,0.0056,0.0,0.0022,0.001,0.0003
GRID_03989,다사52754675,용산구,이촌동,636.6,False,2.6844,0.2076,1.555,0.0907,0.037,0.0662,0.0103
GRID_03990,다사52754700,용산구,한강로3가,1364.5,False,4.2345,0.3511,2.4637,0.143,0.0626,0.1064,0.0147
GRID_03991,다사52754725,용산구,한강로3가,498.6,False,5.1546,1.209,3.3554,0.1741,0.2156,0.1931,0.0311
GRID_03992,다사52754750,용산구,한강로3가,1197.7,False,8.2422,1.9475,5.3718,0.2784,0.3473,0.3099,0.0437
GRID_03993,다사52754775,용산구,한강로2가,2840.6,False,8.9095,2.3942,5.9385,0.301,0.427,0.3584,0.0451
GRID_03994,다사52754800,용산구,한강로2가,199.4,False,7.4602,2.4112,5.1579,0.252,0.43,0.3332,0.0629
GRID_03995,다사52754825,용산구,한강로2가,674.8,False,5.7523,1.9953,4.0391,0.1943,0.3559,0.268,0.0411
GRID_03996,다사52754850,용산구,신계동,714.2,False,5.9871,1.3425,3.8692,0.2023,0.2394,0.2192,0.0334
GRID_03997,다사52754875,용산구,원효로1가,991.0,False,7.4654,1.0988,4.5622,0.2522,0.196,0.2266,0.0328
GRID_03998,다사52754900,용산구,원효로1가,1826.7,False,5.5937,1.2514,3.6136,0.189,0.2232,0.2046,0.0272
GRID_03999,다사52754925,용산구,청파동3가,205.2,False,1.399,1.3109,1.3588,0.0473,0.2338,0.1323,0.0248
GRID_04000,다사52754950,용산구,청파동3가,2213.3,False,2.5977,0.921,1.8331,0.0878,0.1643,0.1226,0.0159
GRID_04001,다사52754975,용산구,청파동2가,1341.8,False,2.1628,0.5644,1.4339,0.0731,0.1007,0.0856,0.0119
GRID_04002,다사52755000,용산구,청파동1가,1940.9,False,1.7229,1.1201,1.448,0.0582,0.1998,0.1228,0.0162
GRID_04003,다사52755025,용산구,서계동,2218.6,False,3.8795,2.085,3.0612,0.1311,0.3718,0.2409,0.0313
GRID_04004,다사52755050,용산구,서계동,243.3,False,5.2556,3.2791,4.3543,0.1775,0.5848,0.3633,0.0661
GRID_04005,다사52755075,중구,만리동1가,1400.2,False,4.7877,3.7633,4.3206,0.1617,0.6712,0.394,0.0544
GRID_04006,다사52755100,중구,중림동,1217.8,False,6.1352,3.0431,4.7252,0.2073,0.5427,0.3602,0.0507
GRID_04007,다사52755125,중구,중림동,100.4,False,9.6261,2.1813,6.2313,0.3252,0.389,0.3543,0.0767
GRID_04008,다사52755150,서대문구,미근동,900.4,False,15.2175,1.7918,9.0954,0.5141,0.3196,0.4254,0.0625
GRID_04009,다사52755175,서대문구,미근동,296.0,False,21.8363,1.4424,12.5367,0.7377,0.2572,0.5186,0.0911
GRID_04010,다사52755200,종로구,평동,330.6,False,17.9441,0.9694,10.2036,0.6062,0.1729,0.4086,0.0704
GRID_04011,다사52755225,종로구,송월동,1053.1,False,8.6021,0.6933,4.9957,0.2906,0.1237,0.2145,0.0308
GRID_04012,다사52755250,종로구,신문로2가,186.6,False,2.6671,0.3269,1.6,0.0901,0.0583,0.0756,0.0144
GRID_04013,다사52755275,종로구,사직동,204.4,False,5.1568,0.3852,2.9809,0.1742,0.0687,0.1261,0.0237
GRID_04014,다사52755300,종로구,사직동,203.0,False,5.6992,0.4181,3.291,0.1925,0.0746,0.1387,0.0261
GRID_04015,다사52755325,종로구,필운동,1455.6,False,3.9676,0.2244,2.2607,0.134,0.04,0.0912,0.0125
GRID_04016,다사52755350,종로구,누상동,24.2,False,4.1586,0.0,2.2623,0.1405,0.0,0.0764,0.0237
GRID_04017,다사52755375,종로구,옥인동,441.3,False,2.29,0.0,1.2457,0.0774,0.0,0.0421,0.0069
GRID_04018,다사52755400,종로구,신교동,266.6,False,0.224,0.0,0.1219,0.0076,0.0,0.0041,0.0007
GRID_04019,다사52755425,종로구,청운동,142.3,False,0.7884,0.0,0.4289,0.0266,0.0,0.0145,0.0029
GRID_04020,다사52755450,종로구,청운동,226.5,False,1.1808,0.0,0.6424,0.0399,0.0,0.0217,0.004
GRID_04021,다사52755475,종로구,부암동,1020.6,False,3.7019,0.0,2.0138,0.1251,0.0,0.068,0.0098
GRID_04022,다사52755500,종로구,부암동,61.3,False,4.2359,0.0,2.3043,0.1431,0.0,0.0778,0.0188
GRID_04023,다사52755525,종로구,부암동,807.2,False,1.6958,0.0,0.9225,0.0573,0.0,0.0312,0.0047
GRID_04024,다사52755550,종로구,부암동,40.7,False,0.2972,0.0,0.1617,0.01,0.0,0.0055,0.0015
GRID_04025,다사52755575,종로구,부암동,4.1,False,0.007,0.0,0.0038,0.0002,0.0,0.0001,0.0001
GRID_04026,다사52755600,종로구,평창동,0.0,True,3.6438,0.0,1.9822,0.0,0.0,0.0,0.0
GRID_04027,다사52755625,종로구,평창동,1058.3,False,5.8591,0.0,3.1873,0.1979,0.0,0.1077,0.0155
GRID_04028,다사52755650,종로구,평창동,280.9,False,3.1057,0.0,1.6895,0.1049,0.0,0.0571,0.0101
GRID_04029,다사52755675,종로구,평창동,20.4,False,1.5561,0.0,0.8465,0.0526,0.0,0.0286,0.0093
GRID_04030,다사52755700,종로구,평창동,88.0,False,2.4186,0.0,1.3157,0.0817,0.0,0.0444,0.0099
GRID_04031,다사52755725,종로구,평창동,22.7,False,0.9708,0.0,0.5281,0.0328,0.0,0.0178,0.0056
GRID_04032,다사52755750,종로구,평창동,0.0,True,0.0714,0.0,0.0388,0.0,0.0,0.0,0.0
GRID_04033,다사52755775,종로구,평창동,0.0,True,0.0,0.0,0.0,0.0,0.0,0.0,0.0
GRID_04034,다사52755800,종로구,평창동,4.7,False,0.0,0.0,0.0,0.0,0.0,0.0,0.0
GRID_04035,다사52755825,종로구,구기동,4.3,False,0.0,0.0,0.0,0.0,0.0,0.0,0.0
GRID_04036,다사52755850,종로구,구기동,0.0,True,0.0,0.0,0.0,0.0,0.0,0.0,0.0
GRID_04037,다사52755875,종로구,구기동,0.0,True,0.0,0.0,0.0,0.0,0.0,0.0,0.0
GRID_04038,다사52755900,종로구,구기동,0.0,True,0.0,0.0,0.0,0.0,0.0,0.0,0.0
GRID_04039,다사53003875,관악구,신림동,0.0,True,0.0,0.0,0.0,0.0,0.0,0.0,0.0
GRID_04040,다사53003900,관악구,신림동,0.0,True,0.0,0.0,0.0,0.0,0.0,0.0,0.0
GRID_04041,다사53003925,관악구,남현동,0.0,True,0.0,0.0,0.0,0.0,0.0,0.0,0.0
GRID_04042,다사53003950,관악구,남현동,0.0,True,0.0,0.0,0.0,0.0,0.0,0.0,0.0
GRID_04043,다사53003975,관악구,남현동,0.0,True,0.0,0.0,0.0,0.0,0.0,0.0,0.0
GRID_04044,다사53004000,관악구,남현동,0.0,True,0.0,0.0,0.0,0.0,0.0,0.0,0.0
GRID_04045,다사53004025,관악구,봉천동,0.0,True,0.0,0.0,0.0,0.0,0.0,0.0,0.0
GRID_04046,다사53004050,관악구,봉천동,89.3,False,0.0,0.0,0.0,0.0,0.0,0.0,0.0
GRID_04047,다사53004075,관악구,봉천동,0.0,True,0.1362,0.0,0.0741,0.0,0.0,0.0,0.0
GRID_04048,다사53004100,관악구,봉천동,564.4,False,2.5857,0.0,1.4066,0.0873,0.0,0.0475,0.0075
GRID_04049,다사53004125,관악구,봉천동,1957.9,False,4.4752,0.0,2.4345,0.1512,0.0,0.0822,0.0108
GRID_04050,다사53004150,관악구,봉천동,491.7,False,2.3274,0.2081,1.361,0.0786,0.0371,0.0597,0.0096
GRID_04051,다사53004175,관악구,봉천동,998.7,False,1.8414,0.5601,1.2571,0.0622,0.0999,0.0794,0.0115
GRID_04052,다사53004200,동작구,사당동,821.4,False,0.5644,0.6714,0.6132,0.0191,0.1197,0.065,0.0097
GRID_04053,다사53004225,동작구,사당동,8.3,False,0.0679,0.8221,0.4118,0.0023,0.1466,0.0681,0.0305
GRID_04054,다사53004250,동작구,사당동,1226.5,False,2.8741,0.7245,1.8939,0.0971,0.1292,0.1117,0.0157
GRID_04055,다사53004275,동작구,사당동,1542.7,False,10.9506,0.7466,6.2976,0.3699,0.1332,0.262,0.0357
GRID_04056,다사53004300,동작구,사당동,2248.2,False,10.2509,0.7079,5.8993,0.3463,0.1263,0.246,0.0319
GRID_04057,다사53004325,동작구,사당동,4039.6,False,4.9416,0.4957,2.9142,0.1669,0.0884,0.1311,0.0158
GRID_04058,다사53004350,동작구,사당동,3047.5,False,4.2114,0.1665,2.3669,0.1423,0.0297,0.0909,0.0113
GRID_04059,다사53004375,동작구,사당동,1979.1,False,1.7836,0.0,0.9703,0.0603,0.0,0.0328,0.0043
GRID_04060,다사53004400,동작구,동작동,0.0,True,0.2546,0.0,0.1385,0.0,0.0,0.0,0.0
GRID_04061,다사53004425,동작구,동작동,0.0,True,0.0,0.0,0.0,0.0,0.0,0.0,0.0
GRID_04062,다사53004450,동작구,동작동,0.0,True,0.0,0.0,0.0,0.0,0.0,0.0,0.0
GRID_04063,다사53004475,동작구,동작동,6.2,False,0.0,0.0179,0.0082,0.0,0.0032,0.0015,0.0007
GRID_04064,다사53004500,동작구,흑석동,154.4,False,1.2649,0.1128,0.7395,0.0427,0.0201,0.0324,0.0064
GRID_04065,다사53004525,동작구,흑석동,316.0,False,2.3903,0.2964,1.4355,0.0807,0.0529,0.068,0.0118
GRID_04066,다사53004550,동작구,흑석동,74.3,False,0.8972,0.3729,0.6581,0.0303,0.0665,0.0468,0.0108
GRID_04067,다사53004575,용산구,이촌동,0.0,True,0.0,0.3068,0.1399,0.0,0.0,0.0,0.0
GRID_04068,다사53004600,용산구,이촌동,0.0,True,0.0,0.1164,0.0531,0.0,0.0,0.0,0.0
GRID_04069,다사53004625,용산구,이촌동,0.0,True,0.0,0.0,0.0,0.0,0.0,0.0,0.0
GRID_04070,다사53004650,용산구,이촌동,306.9,False,0.2171,0.3138,0.2612,0.0073,0.056,0.0295,0.0052
GRID_04071,다사53004675,용산구,이촌동,4019.8,False,4.13,0.6473,2.5419,0.1395,0.1154,0.1285,0.0155
GRID_04072,다사53004700,용산구,이촌동,1535.6,False,5.0663,0.8068,3.124,0.1711,0.1439,0.1587,0.0216
GRID_04073,다사53004725,용산구,한강로3가,1855.7,False,2.754,1.2917,2.0872,0.093,0.2304,0.1557,0.0207
GRID_04074,다사53004750,용산구,용산동5가,2534.5,False,2.1386,1.8274,1.9967,0.0722,0.3259,0.1879,0.024
GRID_04075,다사53004775,용산구,용산동5가,272.4,False,4.4167,2.058,3.3411,0.1492,0.367,0.2485,0.0443
GRID_04076,다사53004800,용산구,한강로2가,1331.8,False,4.2674,2.273,3.3579,0.1442,0.4054,0.2633,0.0366
GRID_04077,다사53004825,용산구,한강로2가,597.9,False,3.546,1.856,2.7754,0.1198,0.331,0.2161,0.0338
GRID_04078,다사53004850,용산구,문배동,2750.1,False,3.2532,1.2457,2.3378,0.1099,0.2222,0.1611,0.0203
GRID_04079,다사53004875,용산구,문배동,2061.0,False,7.2178,1.3757,4.5538,0.2438,0.2453,0.2445,0.032
GRID_04080,다사53004900,용산구,원효로1가,1190.1,False,8.9179,1.5906,5.5767,0.3013,0.2837,0.2932,0.0414
GRID_04081,다사53004925,용산구,청파동3가,1095.1,False,9.1603,1.5356,5.6834,0.3094,0.2739,0.2932,0.0419
GRID_04082,다사53004950,용산구,청파동2가,1313.3,False,7.0371,1.395,4.4643,0.2377,0.2488,0.2428,0.0338
GRID_04083,다사53004975,용산구,청파동1가,15.8,False,4.7107,1.3227,3.1657,0.1591,0.2359,0.1941,0.0688
GRID_04084,다사53005000,용산구,청파동1가,2165.0,False,2.8052,2.0706,2.4702,0.0948,0.3693,0.2199,0.0286
GRID_04085,다사53005025,용산구,서계동,1448.8,False,5.0257,3.523,4.3405,0.1698,0.6283,0.3789,0.052
GRID_04086,다사53005050,용산구,동자동,1208.0,False,10.6462,4.7186,7.9432,0.3596,0.8416,0.5794,0.0816
GRID_04087,다사53005075,중구,봉래동2가,581.0,False,12.1279,5.0044,8.8796,0.4097,0.8925,0.6299,0.0989
GRID_04088,다사53005100,중구,중림동,722.8,False,8.9258,4.097,6.7238,0.3015,0.7307,0.4972,0.0755
GRID_04089,다사53005125,중구,의주로2가,64.8,False,7.3111,2.9893,5.3403,0.247,0.5331,0.3775,0.0902
GRID_04090,다사53005150,중구,의주로1가,494.4,False,11.6737,2.2383,7.3711,0.3944,0.3992,0.3966,0.0639
GRID_04091,다사53005175,중구,순화동,238.0,False,14.523,1.8143,8.7278,0.4906,0.3236,0.4144,0.0757
GRID_04092,다사53005200,중구,정동,1034.4,False,10.8612,1.345,6.5218,0.3669,0.2399,0.309,0.0445
GRID_04093,다사53005225,종로구,신문로2가,23.9,False,10.0867,0.8228,5.8624,0.3407,0.1468,0.2523,0.0785
GRID_04094,다사53005250,종로구,신문로2가,1962.7,False,4.4132,0.9979,2.8558,0.1491,0.178,0.1623,0.0214
GRID_04095,다사53005275,종로구,사직동,1169.4,False,5.4346,0.9736,3.4003,0.1836,0.1736,0.179,0.0253
GRID_04096,다사53005300,종로구,필운동,2519.9,False,9.679,0.9248,5.6871,0.327,0.1649,0.2531,0.0323
GRID_04097,다사53005325,종로구,누하동,1246.5,False,7.3632,0.7174,4.3328,0.2487,0.128,0.1937,0.0272
GRID_04098,다사53005350,종로구,통인동,10.3,False,5.8779,0.2897,3.3297,0.1986,0.0517,0.1316,0.0543
GRID_04099,다사53005375,종로구,신교동,2361.3,False,2.7436,0.0,1.4925,0.0927,0.0,0.0504,0.0065
GRID_04100,다사53005400,종로구,신교동,611.2,False,2.1538,0.0,1.1716,0.0728,0.0,0.0396,0.0062
GRID_04101,다사53005425,종로구,청운동,979.8,False,2.5139,0.0,1.3675,0.0849,0.0,0.0462,0.0067
GRID_04102,다사53005450,종로구,청운동,1031.5,False,1.7566,0.0,0.9556,0.0593,0.0,0.0323,0.0047
GRID_04103,다사53005475,종로구,청운동,129.7,False,1.6718,0.0,0.9095,0.0565,0.0,0.0307,0.0063
GRID_04104,다사53005500,종로구,부암동,81.2,False,0.904,0.0,0.4918,0.0305,0.0,0.0166,0.0038
GRID_04105,다사53005525,종로구,부암동,7.0,False,0.0,0.0,0.0,0.0,0.0,0.0,0.0
GRID_04106,다사53005550,종로구,부암동,53.5,False,0.0,0.0,0.0,0.0,0.0,0.0,0.0
GRID_04107,다사53005575,종로구,평창동,5.9,False,0.0,0.0,0.0,0.0,0.0,0.0,0.0
GRID_04108,다사53005600,종로구,평창동,16.8,False,1.3556,0.0,0.7375,0.0458,0.0,0.0249,0.0087
GRID_04109,다사53005625,종로구,평창동,1878.8,False,4.5757,0.0,2.4892,0.1546,0.0,0.0841,0.0112
GRID_04110,다사53005650,종로구,평창동,116.6,False,3.0366,0.0,1.6519,0.1026,0.0,0.0558,0.0117
GRID_04111,다사53005675,종로구,평창동,12.6,False,1.7461,0.0,0.9499,0.059,0.0,0.0321,0.0123
GRID_04112,다사53005700,종로구,평창동,2829.2,False,4.1865,0.0,2.2774,0.1414,0.0,0.0769,0.0097
GRID_04113,다사53005725,종로구,평창동,23.0,False,2.7187,0.0,1.479,0.0918,0.0,0.05,0.0157
GRID_04114,다사53005750,종로구,평창동,0.0,True,0.0335,0.0,0.0182,0.0,0.0,0.0,0.0
GRID_04115,다사53005775,종로구,평창동,0.0,True,0.0,0.0,0.0,0.0,0.0,0.0,0.0
GRID_04116,다사53005800,종로구,평창동,0.0,True,0.0,0.0,0.0,0.0,0.0,0.0,0.0
GRID_04117,다사53005825,종로구,평창동,0.0,True,0.0,0.0,0.0,0.0,0.0,0.0,0.0
GRID_04118,다사53005850,종로구,구기동,4.4,False,0.0,0.0,0.0,0.0,0.0,0.0,0.0
GRID_04119,다사53005875,종로구,구기동,0.0,True,0.0,0.0,0.0,0.0,0.0,0.0,0.0
GRID_04120,다사53005900,종로구,구기동,0.0,True,0.0,0.0,0.0,0.0,0.0,0.0,0.0
GRID_04121,다사53253900,관악구,남현동,0.0,True,0.0,0.0,0.0,0.0,0.0,0.0,0.0
GRID_04122,다사53253925,관악구,남현동,0.0,True,0.0,0.0,0.0,0.0,0.0,0.0,0.0
GRID_04123,다사53253950,관악구,남현동,0.0,True,0.0,0.0,0.0,0.0,0.0,0.0,0.0
GRID_04124,다사53253975,관악구,남현동,0.0,True,0.0,0.0,0.0,0.0,0.0,0.0,0.0
GRID_04125,다사53254000,관악구,남현동,0.0,True,0.0,0.0,0.0,0.0,0.0,0.0,0.0
GRID_04126,다사53254025,관악구,남현동,0.0,True,0.0,0.0,0.0,0.0,0.0,0.0,0.0
GRID_04127,다사53254050,관악구,봉천동,0.0,True,0.0,0.0,0.0,0.0,0.0,0.0,0.0
GRID_04128,다사53254075,관악구,봉천동,0.0,True,0.0,0.0,0.0,0.0,0.0,0.0,0.0
GRID_04129,다사53254100,관악구,남현동,69.2,False,0.1326,0.0,0.0721,0.0045,0.0,0.0024,0.0006
GRID_04130,다사53254125,관악구,남현동,16.8,False,0.0821,0.0,0.0447,0.0028,0.0,0.0015,0.0005
GRID_04131,다사53254150,관악구,남현동,2314.4,False,0.0865,0.0,0.0471,0.0029,0.0,0.0016,0.0002
GRID_04132,다사53254175,관악구,남현동,1257.8,False,0.7935,0.0,0.4316,0.0268,0.0,0.0146,0.002
GRID_04133,다사53254200,동작구,사당동,2776.1,False,0.7683,0.0694,0.4496,0.026,0.0124,0.0198,0.0025
GRID_04134,다사53254225,동작구,사당동,1775.1,False,0.0407,0.3134,0.1651,0.0014,0.0559,0.0262,0.0035
GRID_04135,다사53254250,동작구,사당동,2134.4,False,2.8257,0.6039,1.8126,0.0955,0.1077,0.101,0.0132
GRID_04136,다사53254275,동작구,사당동,1517.1,False,9.1798,0.7497,5.3357,0.3101,0.1337,0.2297,0.0314
GRID_04137,다사53254300,동작구,사당동,2615.6,False,10.2343,0.7109,5.8916,0.3457,0.1268,0.2459,0.0312
GRID_04138,다사53254325,동작구,사당동,2758.1,False,7.8478,0.4984,4.4965,0.2651,0.0889,0.1847,0.0233
GRID_04139,다사53254350,동작구,사당동,15.8,False,7.8116,0.1686,4.3264,0.2639,0.0301,0.1573,0.0557
GRID_04140,다사53254375,동작구,사당동,195.7,False,3.8653,0.0,2.1027,0.1306,0.0,0.071,0.0134
GRID_04141,다사53254400,동작구,동작동,0.0,True,0.017,0.0,0.0092,0.0,0.0,0.0,0.0
GRID_04142,다사53254425,동작구,동작동,94.2,False,0.0,0.0082,0.0038,0.0,0.0015,0.0007,0.0001
GRID_04143,다사53254450,동작구,동작동,18.9,False,0.0,0.088,0.0401,0.0,0.0157,0.0072,0.0024
GRID_04144,다사53254475,동작구,동작동,28.8,False,0.0944,0.1562,0.1226,0.0032,0.0279,0.0144,0.0043
GRID_04145,다사53254500,동작구,동작동,11.4,False,0.3358,0.1472,0.2498,0.0113,0.0263,0.0181,0.0072
GRID_04146,다사53254525,동작구,흑석동,20.9,False,0.5228,0.0651,0.3141,0.0177,0.0116,0.0149,0.0048
GRID_04147,다사53254550,용산구,이촌동,0.0,True,0.0768,0.0385,0.0593,0.0,0.0,0.0,0.0
GRID_04148,다사53254575,용산구,이촌동,0.0,True,0.0,0.0,0.0,0.0,0.0,0.0,0.0
GRID_04149,다사53254600,용산구,이촌동,0.0,True,0.0,0.0,0.0,0.0,0.0,0.0,0.0
GRID_04150,다사53254625,용산구,이촌동,20.1,False,0.0,0.0449,0.0205,0.0,0.008,0.0037,0.0012
GRID_04151,다사53254650,용산구,이촌동,620.1,False,2.2471,0.5458,1.4713,0.0759,0.0973,0.0857,0.0133
GRID_04152,다사53254675,용산구,이촌동,3201.7,False,5.9094,0.917,3.6329,0.1996,0.1635,0.1832,0.0227
GRID_04153,다사53254700,용산구,이촌동,1785.8,False,5.6523,1.0626,3.5594,0.1909,0.1895,0.1903,0.0254
GRID_04154,다사53254725,용산구,용산동5가,62.3,False,1.9584,1.1932,1.6095,0.0662,0.2128,0.133,0.0321
GRID_04155,다사53254750,용산구,용산동5가,0.0,True,0.0135,1.2136,0.5607,0.0,0.0,0.0,0.0
GRID_04156,다사53254775,용산구,용산동5가,279.3,False,0.4744,1.3495,0.8734,0.016,0.2407,0.1185,0.021
GRID_04157,다사53254800,용산구,한강로2가,2402.5,False,1.9958,1.547,1.7911,0.0674,0.2759,0.1625,0.0209
GRID_04158,다사53254825,용산구,한강로1가,7114.2,False,3.4586,1.2496,2.4513,0.1168,0.2229,0.1652,0.0186
GRID_04159,다사53254850,용산구,한강로2가,1772.6,False,5.0968,1.2565,3.3456,0.1722,0.2241,0.1959,0.0262
GRID_04160,다사53254875,용산구,한강로1가,15.5,False,4.5808,1.4882,3.1706,0.1547,0.2654,0.2052,0.0732
GRID_04161,다사53254900,용산구,갈월동,555.5,False,7.8176,1.708,5.0316,0.2641,0.3046,0.2826,0.0447
GRID_04162,다사53254925,용산구,갈월동,48.3,False,12.0031,1.659,7.2862,0.4055,0.2959,0.3555,0.0912
GRID_04163,다사53254950,용산구,남영동,1589.4,False,11.909,1.5393,7.1804,0.4023,0.2745,0.344,0.0467
GRID_04164,다사53254975,용산구,갈월동,1079.4,False,6.9582,1.5114,4.4745,0.2351,0.2696,0.2508,0.0359
GRID_04165,다사53255000,용산구,갈월동,708.8,False,4.0356,2.4088,3.2937,0.1363,0.4296,0.2701,0.0411
GRID_04166,다사53255025,용산구,동자동,3219.2,False,5.9765,3.9175,5.0376,0.2019,0.6987,0.4284,0.053
GRID_04167,다사53255050,용산구,동자동,1031.0,False,15.9094,5.2201,11.0351,0.5374,0.931,0.7169,0.1033
GRID_04168,다사53255075,중구,봉래동2가,841.9,False,22.9056,5.607,15.0174,0.7738,1.0,0.8769,0.1302
GRID_04169,다사53255100,중구,봉래동1가,748.1,False,18.9742,4.9835,12.5944,0.641,0.8888,0.754,0.1139
GRID_04170,다사53255125,중구,순화동,173.7,False,11.5441,3.6416,7.9406,0.39,0.6495,0.5083,0.0985
GRID_04171,다사53255150,중구,서소문동,1391.4,False,7.2909,2.7796,5.2337,0.2463,0.4957,0.36,0.0497
GRID_04172,다사53255175,중구,정동,465.8,False,3.5018,2.3699,2.9857,0.1183,0.4227,0.2571,0.0418
GRID_04173,다사53255200,중구,정동,31.6,False,5.1549,2.413,3.9046,0.1741,0.4304,0.291,0.0835
GRID_04174,다사53255225,종로구,신문로2가,462.1,False,11.5684,2.0437,7.2252,0.3908,0.3645,0.3788,0.0617
GRID_04175,다사53255250,종로구,당주동,1704.6,False,7.1727,1.7826,4.7148,0.2423,0.3179,0.2768,0.0372
GRID_04176,다사53255275,종로구,내수동,832.8,False,5.3311,1.9373,3.7835,0.1801,0.3455,0.2555,0.038
GRID_04177,다사53255300,종로구,내자동,1380.2,False,10.5929,1.5368,6.4633,0.3578,0.2741,0.3196,0.0442
GRID_04178,다사53255325,종로구,통의동,1205.2,False,8.5334,1.0107,5.1031,0.2883,0.1803,0.239,0.0337
GRID_04179,다사53255350,종로구,창성동,1467.6,False,4.4339,0.5368,2.6568,0.1498,0.0957,0.1251,0.0172
GRID_04180,다사53255375,종로구,효자동,394.8,False,2.4212,0.0,1.3171,0.0818,0.0,0.0445,0.0074
GRID_04181,다사53255400,종로구,청운동,28.8,False,2.5358,0.0,1.3795,0.0857,0.0,0.0466,0.0137
GRID_04182,다사53255425,종로구,청운동,9.6,False,2.7118,0.0,1.4752,0.0916,0.0,0.0498,0.0211
GRID_04183,다사53255450,종로구,청운동,103.6,False,1.2522,0.0,0.6812,0.0423,0.0,0.023,0.0049
GRID_04184,다사53255475,종로구,청운동,0.0,True,0.0,0.0,0.0,0.0,0.0,0.0,0.0
GRID_04185,다사53255500,종로구,부암동,0.0,True,0.0,0.0,0.0,0.0,0.0,0.0,0.0
GRID_04186,다사53255525,종로구,부암동,33.7,False,0.0,0.0,0.0,0.0,0.0,0.0,0.0
GRID_04187,다사53255550,종로구,부암동,0.0,True,0.0,0.0,0.0,0.0,0.0,0.0,0.0
GRID_04188,다사53255575,종로구,평창동,4.3,False,0.0,0.0,0.0,0.0,0.0,0.0,0.0
GRID_04189,다사53255600,종로구,평창동,0.0,True,0.0778,0.0,0.0423,0.0,0.0,0.0,0.0
GRID_04190,다사53255625,종로구,평창동,17.3,False,1.955,0.0,1.0635,0.066,0.0,0.0359,0.0124
GRID_04191,다사53255650,종로구,평창동,39.9,False,2.3691,0.0,1.2888,0.08,0.0,0.0435,0.0117
GRID_04192,다사53255675,종로구,평창동,28.1,False,1.7286,0.0,0.9404,0.0584,0.0,0.0318,0.0094
GRID_04193,다사53255700,종로구,평창동,9.3,False,3.5474,0.0,1.9298,0.1198,0.0,0.0652,0.028
GRID_04194,다사53255725,종로구,평창동,48.1,False,2.7273,0.0,1.4837,0.0921,0.0,0.0501,0.0129
GRID_04195,다사53255750,종로구,평창동,0.0,True,0.439,0.0,0.2388,0.0,0.0,0.0,0.0
GRID_04196,다사53255775,종로구,평창동,0.0,True,0.0,0.0,0.0,0.0,0.0,0.0,0.0
GRID_04197,다사53255800,종로구,평창동,0.0,True,0.0,0.0,0.0,0.0,0.0,0.0,0.0
GRID_04198,다사53255825,종로구,평창동,0.0,True,0.0,0.0,0.0,0.0,0.0,0.0,0.0
GRID_04199,다사53255850,종로구,평창동,0.0,True,0.0,0.0,0.0,0.0,0.0,0.0,0.0
GRID_04200,다사53255875,종로구,구기동,4.1,False,0.0,0.0,0.0,0.0,0.0,0.0,0.0
GRID_04201,다사53255900,종로구,구기동,6.1,False,0.0,0.0,0.0,0.0,0.0,0.0,0.0
GRID_04202,다사53255925,종로구,구기동,0.0,True,0.0,0.0,0.0,0.0,0.0,0.0,0.0
GRID_04203,다사53503950,관악구,남현동,0.0,True,0.0,0.0,0.0,0.0,0.0,0.0,0.0
GRID_04204,다사53503975,관악구,남현동,0.0,True,0.0,0.0,0.0,0.0,0.0,0.0,0.0
GRID_04205,다사53504000,관악구,남현동,0.0,True,0.0,0.0,0.0,0.0,0.0,0.0,0.0
GRID_04206,다사53504025,관악구,남현동,0.0,True,0.0,0.0,0.0,0.0,0.0,0.0,0.0
GRID_04207,다사53504050,관악구,남현동,0.0,True,0.0,0.0,0.0,0.0,0.0,0.0,0.0
GRID_04208,다사53504075,관악구,남현동,6.5,False,0.0,0.0,0.0,0.0,0.0,0.0,0.0
GRID_04209,다사53504100,관악구,남현동,161.8,False,0.0,0.0,0.0,0.0,0.0,0.0,0.0
GRID_04210,다사53504125,관악구,남현동,0.0,True,0.0,0.0,0.0,0.0,0.0,0.0,0.0
GRID_04211,다사53504150,관악구,남현동,2086.1,False,0.0212,0.595,0.2829,0.0007,0.1061,0.0488,0.0064
GRID_04212,다사53504175,관악구,남현동,1305.5,False,1.2281,1.3226,1.2712,0.0415,0.2359,0.1301,0.0181
GRID_04213,다사53504200,동작구,사당동,598.0,False,1.5271,1.4994,1.5144,0.0516,0.2674,0.15,0.0235
GRID_04214,다사53504225,동작구,사당동,75.4,False,0.2059,1.2506,0.6823,0.007,0.223,0.1055,0.0243
GRID_04215,다사53504250,동작구,사당동,1507.0,False,2.7287,0.9403,1.9132,0.0922,0.1677,0.1266,0.0173
GRID_04216,다사53504275,동작구,사당동,17.2,False,6.7369,1.4116,4.3086,0.2276,0.2518,0.2386,0.0822
GRID_04217,다사53504300,동작구,사당동,145.6,False,7.2464,1.5019,4.6269,0.2448,0.2679,0.2553,0.0512
GRID_04218,다사53504325,동작구,사당동,4024.9,False,7.1145,1.017,4.334,0.2403,0.1814,0.2135,0.0257
GRID_04219,다사53504350,동작구,사당동,1063.0,False,6.066,0.1302,3.3593,0.2049,0.0232,0.1221,0.0175
GRID_04220,다사53504375,동작구,사당동,1045.3,False,2.8068,0.0,1.5269,0.0948,0.0,0.0516,0.0074
GRID_04221,다사53504400,동작구,동작동,6.2,False,0.0,0.0,0.0,0.0,0.0,0.0,0.0
GRID_04222,다사53504425,동작구,동작동,0.0,True,0.0,0.0862,0.0393,0.0,0.0,0.0,0.0
GRID_04223,다사53504450,동작구,동작동,0.0,True,0.2992,0.2385,0.2715,0.0,0.0,0.0,0.0
GRID_04224,다사53504475,동작구,동작동,44.8,False,2.3846,0.3203,1.4433,0.0806,0.0571,0.0699,0.0183
GRID_04225,다사53504500,동작구,동작동,415.4,False,2.2116,0.3095,1.3442,0.0747,0.0552,0.0658,0.0109
GRID_04226,다사53504525,동작구,동작동,88.0,False,0.1993,0.2089,0.2037,0.0067,0.0373,0.0207,0.0046
GRID_04227,다사53504550,용산구,이촌동,0.0,True,0.0,0.0456,0.0208,0.0,0.0,0.0,0.0
GRID_04228,다사53504575,용산구,이촌동,0.0,True,0.0,0.0,0.0,0.0,0.0,0.0,0.0
GRID_04229,다사53504600,용산구,이촌동,0.0,True,0.0,0.0,0.0,0.0,0.0,0.0,0.0
GRID_04230,다사53504625,용산구,이촌동,63.0,False,0.0,0.0637,0.0291,0.0,0.0114,0.0052,0.0012
GRID_04231,다사53504650,용산구,이촌동,13.4,False,4.0162,0.5698,2.4447,0.1357,0.1016,0.1201,0.045
GRID_04232,다사53504675,용산구,이촌동,112.9,False,7.5226,0.9447,4.5231,0.2541,0.1685,0.2151,0.0454
GRID_04233,다사53504700,용산구,용산동5가,448.6,False,4.0772,1.0916,2.7158,0.1377,0.1947,0.1637,0.0268
GRID_04234,다사53504725,용산구,용산동5가,5.2,False,1.0853,0.9698,1.0327,0.0367,0.173,0.0988,0.0542
GRID_04235,다사53504750,용산구,용산동5가,308.2,False,0.0,0.791,0.3607,0.0,0.1411,0.0643,0.0112
GRID_04236,다사53504775,용산구,용산동5가,5.6,False,0.0,0.6352,0.2897,0.0,0.1133,0.0517,0.0274
GRID_04237,다사53504800,용산구,용산동3가,7.3,False,0.0474,0.8553,0.4158,0.0016,0.1525,0.0704,0.0333
GRID_04238,다사53504825,용산구,한강로1가,1062.5,False,2.9114,0.8946,1.9917,0.0984,0.1595,0.1263,0.0181
GRID_04239,다사53504850,용산구,용산동1가,26.8,False,5.0299,1.1073,3.2412,0.1699,0.1975,0.1825,0.0549
GRID_04240,다사53504875,용산구,용산동1가,202.7,False,2.9573,1.2337,2.1713,0.0999,0.22,0.1547,0.0291
GRID_04241,다사53504900,용산구,용산동1가,258.7,False,1.5621,1.4244,1.4993,0.0528,0.254,0.1445,0.026
GRID_04242,다사53504925,용산구,용산동1가,1014.8,False,4.8216,1.3915,3.2575,0.1629,0.2482,0.2018,0.0291
GRID_04243,다사53504950,용산구,용산동1가,213.8,False,6.8927,1.2734,4.3303,0.2328,0.2271,0.2302,0.0429
GRID_04244,다사53504975,용산구,후암동,717.4,False,5.1983,1.0656,3.3138,0.1756,0.1901,0.1822,0.0277
GRID_04245,다사53505000,용산구,후암동,742.1,False,3.8216,1.7294,2.8675,0.1291,0.3084,0.2109,0.0319
GRID_04246,다사53505025,용산구,동자동,1810.2,False,5.5861,3.0229,4.4173,0.1887,0.5391,0.3485,0.0465
GRID_04247,다사53505050,중구,남대문로5가,298.9,False,12.3784,4.7189,8.8857,0.4182,0.8416,0.6112,0.1072
GRID_04248,다사53505075,중구,남대문로5가,454.0,False,18.0706,5.1757,12.1905,0.6105,0.9231,0.753,0.123
GRID_04249,다사53505100,중구,남대문로5가,684.0,False,18.5922,4.7123,12.263,0.6281,0.8404,0.7249,0.111
GRID_04250,다사53505125,중구,남대문로4가,441.1,False,15.9512,3.9301,10.4696,0.5389,0.7009,0.6128,0.1006
GRID_04251,다사53505150,중구,서소문동,756.2,False,11.4321,3.1563,7.6583,0.3862,0.5629,0.4668,0.0704
GRID_04252,다사53505175,중구,정동,121.6,False,8.4166,3.0683,5.9777,0.2843,0.5472,0.4042,0.0841
GRID_04253,다사53505200,중구,정동,77.9,False,6.6343,3.3232,5.1244,0.2241,0.5927,0.3922,0.0898
GRID_04254,다사53505225,종로구,신문로1가,953.8,False,11.9542,2.9611,7.8534,0.4038,0.5281,0.4605,0.0671
GRID_04255,다사53505250,종로구,당주동,2039.0,False,8.4507,2.7018,5.8292,0.2855,0.4819,0.375,0.0492
GRID_04256,다사53505275,종로구,도렴동,743.6,False,4.2779,2.3981,3.4207,0.1445,0.4277,0.2736,0.0414
GRID_04257,다사53505300,종로구,세종로,92.0,False,5.2281,1.932,3.7251,0.1766,0.3446,0.2532,0.0559
GRID_04258,다사53505325,종로구,세종로,25.8,False,2.8642,1.0251,2.0256,0.0968,0.1828,0.136,0.0414
GRID_04259,다사53505350,종로구,세종로,88.1,False,1.5428,0.5489,1.0896,0.0521,0.0979,0.073,0.0163
GRID_04260,다사53505375,종로구,세종로,151.9,False,1.2305,0.0,0.6694,0.0416,0.0,0.0226,0.0045
GRID_04261,다사53505400,종로구,세종로,73.9,False,0.8886,0.0,0.4834,0.03,0.0,0.0163,0.0038
GRID_04262,다사53505425,종로구,세종로,36.4,False,0.6983,0.0,0.3799,0.0236,0.0,0.0128,0.0035
GRID_04263,다사53505450,종로구,청운동,0.0,True,0.5136,0.0,0.2794,0.0,0.0,0.0,0.0
GRID_04264,다사53505475,종로구,삼청동,0.0,True,0.0,0.0,0.0,0.0,0.0,0.0,0.0
GRID_04265,다사53505500,종로구,삼청동,299.6,False,0.0,0.0,0.0,0.0,0.0,0.0,0.0
GRID_04266,다사53505525,종로구,부암동,11.5,False,0.0,0.0,0.0,0.0,0.0,0.0,0.0
GRID_04267,다사53505550,종로구,부암동,9.9,False,0.0,0.0,0.0,0.0,0.0,0.0,0.0
GRID_04268,다사53505575,종로구,평창동,17.2,False,0.0,0.0,0.0,0.0,0.0,0.0,0.0
GRID_04269,다사53505600,종로구,평창동,0.0,True,0.0,0.0,0.0,0.0,0.0,0.0,0.0
GRID_04270,다사53505625,종로구,평창동,0.0,True,0.1518,0.0,0.0826,0.0,0.0,0.0,0.0
GRID_04271,다사53505650,종로구,평창동,2740.1,False,1.0371,0.0,0.5642,0.035,0.0,0.0191,0.0024
GRID_04272,다사53505675,종로구,평창동,47.0,False,1.3087,0.0,0.7119,0.0442,0.0,0.024,0.0062
GRID_04273,다사53505700,종로구,평창동,12.9,False,1.411,0.0,0.7676,0.0477,0.0,0.0259,0.0099
GRID_04274,다사53505725,종로구,평창동,8.9,False,1.8459,0.0,1.0042,0.0624,0.0,0.0339,0.0148
GRID_04275,다사53505750,종로구,평창동,18.5,False,1.376,0.0,0.7485,0.0465,0.0,0.0253,0.0085
GRID_04276,다사53505775,종로구,평창동,0.0,True,0.2905,0.0,0.158,0.0,0.0,0.0,0.0
GRID_04277,다사53505800,종로구,평창동,0.0,True,0.0,0.0,0.0,0.0,0.0,0.0,0.0
GRID_04278,다사53505825,종로구,평창동,0.0,True,0.0,0.0,0.0,0.0,0.0,0.0,0.0
GRID_04279,다사53505850,종로구,평창동,0.0,True,0.0,0.0,0.0,0.0,0.0,0.0,0.0
GRID_04280,다사53505875,종로구,구기동,270.9,False,0.0,0.0,0.0,0.0,0.0,0.0,0.0
GRID_04281,다사53505900,종로구,구기동,0.0,True,0.0,0.0,0.0,0.0,0.0,0.0,0.0
GRID_04282,다사53505925,종로구,구기동,0.0,True,0.0,0.0,0.0,0.0,0.0,0.0,0.0
GRID_04283,다사53753950,관악구,남현동,0.0,True,0.0,0.0,0.0,0.0,0.0,0.0,0.0
GRID_04284,다사53753975,관악구,남현동,0.0,True,0.0,0.0,0.0,0.0,0.0,0.0,0.0
GRID_04285,다사53754000,관악구,남현동,0.0,True,0.0,0.0,0.0,0.0,0.0,0.0,0.0
GRID_04286,다사53754025,관악구,남현동,0.0,True,0.0,0.0,0.0,0.0,0.0,0.0,0.0
GRID_04287,다사53754050,관악구,남현동,0.0,True,0.0,0.0,0.0,0.0,0.0,0.0,0.0
GRID_04288,다사53754075,관악구,남현동,6.0,False,0.0,0.0,0.0,0.0,0.0,0.0,0.0
GRID_04289,다사53754100,관악구,남현동,333.0,False,0.0,0.0,0.0,0.0,0.0,0.0,0.0
GRID_04290,다사53754125,관악구,남현동,17.6,False,0.0,0.2699,0.1231,0.0,0.0481,0.022,0.0075
GRID_04291,다사53754150,관악구,남현동,4865.2,False,0.7529,1.5466,1.1148,0.0254,0.2758,0.1396,0.0164
GRID_04292,다사53754175,관악구,남현동,40.3,False,3.6429,2.402,3.0771,0.1231,0.4284,0.2623,0.0705
GRID_04293,다사53754200,동작구,사당동,1831.1,False,2.7223,2.6099,2.6711,0.092,0.4655,0.2623,0.0349
GRID_04294,다사53754225,동작구,사당동,2383.1,False,1.9752,2.3055,2.1258,0.0667,0.4112,0.2238,0.0288
GRID_04295,다사53754250,동작구,사당동,1907.3,False,2.9531,2.2345,2.6254,0.0998,0.3985,0.236,0.0312
GRID_04296,다사53754275,동작구,사당동,47.5,False,8.7031,1.9008,5.6013,0.294,0.339,0.3145,0.081
GRID_04297,다사53754300,동작구,사당동,1364.6,False,6.6344,2.0215,4.5309,0.2241,0.3605,0.2863,0.0397
GRID_04298,다사53754325,동작구,사당동,92.4,False,2.9429,1.5169,2.2927,0.0994,0.2705,0.1774,0.0391
GRID_04299,다사53754350,동작구,사당동,3940.8,False,2.0542,0.7003,1.4368,0.0694,0.1249,0.0947,0.0114
GRID_04300,다사53754375,동작구,사당동,2671.7,False,1.3908,0.0,0.7566,0.047,0.0,0.0256,0.0032
GRID_04301,다사53754400,동작구,동작동,7.4,False,0.9536,0.0,0.5188,0.0322,0.0,0.0175,0.0082
GRID_04302,다사53754425,동작구,동작동,4.6,False,0.0,0.1536,0.07,0.0,0.0274,0.0125,0.0072
GRID_04303,다사53754450,동작구,동작동,77.8,False,0.3442,0.3195,0.3329,0.0116,0.057,0.0323,0.0074
GRID_04304,다사53754475,동작구,동작동,374.8,False,2.4056,0.4086,1.495,0.0813,0.0729,0.0774,0.0131
GRID_04305,다사53754500,동작구,동작동,72.8,False,2.9603,0.3967,1.7913,0.1,0.0708,0.0867,0.0201
GRID_04306,다사53754525,동작구,동작동,24.8,False,1.1162,0.2871,0.7381,0.0377,0.0512,0.0439,0.0135
GRID_04307,다사53754550,용산구,이촌동,0.0,True,0.0706,0.1092,0.0882,0.0,0.0,0.0,0.0
GRID_04308,다사53754575,용산구,이촌동,0.0,True,0.0,0.0,0.0,0.0,0.0,0.0,0.0
GRID_04309,다사53754600,용산구,이촌동,0.0,True,0.0,0.0,0.0,0.0,0.0,0.0,0.0
GRID_04310,다사53754625,용산구,이촌동,471.4,False,0.4177,0.0,0.2272,0.0141,0.0,0.0077,0.0012
GRID_04311,다사53754650,용산구,이촌동,5649.5,False,4.3976,0.3791,2.5652,0.1486,0.0676,0.1116,0.0129
GRID_04312,다사53754675,용산구,이촌동,2193.0,False,6.5121,0.7228,3.8721,0.22,0.1289,0.1785,0.0232
GRID_04313,다사53754700,용산구,용산동6가,15.4,False,2.6782,0.8573,1.8478,0.0905,0.1529,0.1189,0.0425
GRID_04314,다사53754725,용산구,용산동5가,47.4,False,0.0,0.7454,0.3399,0.0,0.1329,0.0606,0.0156
GRID_04315,다사53754750,용산구,용산동5가,0.0,True,0.0,0.4183,0.1907,0.0,0.0,0.0,0.0
GRID_04316,다사53754775,용산구,용산동5가,122.8,False,0.0,0.0641,0.0292,0.0,0.0114,0.0052,0.0011
GRID_04317,다사53754800,용산구,용산동3가,0.0,True,0.0045,0.4223,0.195,0.0,0.0,0.0,0.0
GRID_04318,다사53754825,용산구,용산동3가,314.4,False,0.5102,0.6574,0.5773,0.0172,0.1173,0.0628,0.0109
GRID_04319,다사53754850,용산구,용산동1가,210.5,False,1.5462,0.6744,1.1486,0.0522,0.1203,0.0833,0.0156
GRID_04320,다사53754875,용산구,용산동1가,145.6,False,0.2359,0.6679,0.4329,0.008,0.1191,0.0587,0.0118
GRID_04321,다사53754900,용산구,용산동1가,0.0,True,0.0,0.6813,0.3107,0.0,0.0,0.0,0.0
GRID_04322,다사53754925,용산구,용산동1가,34.4,False,0.3678,0.7524,0.5432,0.0124,0.1342,0.0679,0.0191
GRID_04323,다사53754950,용산구,용산동1가,68.4,False,5.0255,0.6704,3.0395,0.1698,0.1196,0.1469,0.0346
GRID_04324,다사53754975,용산구,후암동,573.9,False,6.6161,0.4401,3.7998,0.2235,0.0785,0.1574,0.0248
GRID_04325,다사53755000,용산구,후암동,1303.6,False,3.9162,0.503,2.3598,0.1323,0.0897,0.1129,0.0157
GRID_04326,다사53755025,용산구,후암동,1382.9,False,3.9037,1.4278,2.7747,0.1319,0.2546,0.1879,0.026
GRID_04327,다사53755050,용산구,후암동,1055.1,False,3.4673,2.933,3.2237,0.1171,0.5231,0.3022,0.0434
GRID_04328,다사53755075,중구,남창동,199.4,False,4.233,3.4264,3.8652,0.143,0.6111,0.3564,0.0672
GRID_04329,다사53755100,중구,남창동,1952.4,False,8.6709,3.2779,6.2117,0.2929,0.5846,0.4259,0.0562
GRID_04330,다사53755125,중구,남대문로4가,644.7,False,11.8339,3.6213,8.089,0.3998,0.6458,0.512,0.0791
GRID_04331,다사53755150,중구,북창동,818.6,False,13.2155,3.848,8.9439,0.4464,0.6863,0.5558,0.0828
GRID_04332,다사53755175,중구,태평로2가,616.9,False,10.2917,4.1728,7.5015,0.3477,0.7442,0.5285,0.0822
GRID_04333,다사53755200,중구,태평로1가,326.6,False,10.6733,4.7902,7.9906,0.3606,0.8543,0.5857,0.1011
GRID_04334,다사53755225,종로구,세종로,645.1,False,10.4426,4.3308,7.6556,0.3528,0.7724,0.5441,0.0841
GRID_04335,다사53755250,종로구,세종로,3275.2,False,8.8714,3.4451,6.397,0.2997,0.6144,0.4432,0.0548
GRID_04336,다사53755275,종로구,세종로,57.2,False,5.0329,2.9258,4.0721,0.17,0.5218,0.3304,0.0813
GRID_04337,다사53755300,종로구,세종로,68.6,False,3.0121,2.0263,2.5626,0.1018,0.3614,0.2201,0.0519
GRID_04338,다사53755325,종로구,세종로,247.8,False,3.5222,0.9787,2.3623,0.119,0.1745,0.1443,0.0262
GRID_04339,다사53755350,종로구,세종로,87.3,False,3.3169,0.3226,1.9515,0.112,0.0575,0.0872,0.0195
GRID_04340,다사53755375,종로구,세종로,102.0,False,1.4718,0.0,0.8006,0.0497,0.0,0.027,0.0058
GRID_04341,다사53755400,종로구,세종로,354.7,False,0.4813,0.0,0.2618,0.0163,0.0,0.0088,0.0015
GRID_04342,다사53755425,종로구,세종로,75.2,False,0.1879,0.0,0.1022,0.0063,0.0,0.0035,0.0008
GRID_04343,다사53755450,종로구,삼청동,0.0,True,0.0,0.0,0.0,0.0,0.0,0.0,0.0
GRID_04344,다사53755475,종로구,삼청동,0.0,True,0.0,0.0,0.0,0.0,0.0,0.0,0.0
GRID_04345,다사53755500,종로구,삼청동,0.0,True,0.0,0.0,0.0,0.0,0.0,0.0,0.0
GRID_04346,다사53755525,종로구,삼청동,13.5,False,0.0,0.0,0.0,0.0,0.0,0.0,0.0
GRID_04347,다사53755550,성북구,성북동,0.0,True,0.0,0.0,0.0,0.0,0.0,0.0,0.0
GRID_04348,다사53755575,종로구,평창동,8.6,False,0.0,0.0,0.0,0.0,0.0,0.0,0.0
GRID_04349,다사53755600,종로구,평창동,0.0,True,0.0,0.0,0.0,0.0,0.0,0.0,0.0
GRID_04350,다사53755625,종로구,평창동,0.0,True,0.0,0.0,0.0,0.0,0.0,0.0,0.0
GRID_04351,다사53755650,종로구,평창동,46.5,False,0.4604,0.0,0.2504,0.0156,0.0,0.0085,0.0022
GRID_04352,다사53755675,종로구,평창동,33.7,False,1.7824,0.0,0.9697,0.0602,0.0,0.0328,0.0092
GRID_04353,다사53755700,종로구,평창동,23.3,False,2.7513,0.0,1.4967,0.0929,0.0,0.0506,0.0158
GRID_04354,다사53755725,종로구,평창동,261.6,False,3.7909,0.0,2.0623,0.1281,0.0,0.0697,0.0125
GRID_04355,다사53755750,종로구,평창동,80.9,False,2.9762,0.0,1.6191,0.1005,0.0,0.0547,0.0124
GRID_04356,다사53755775,종로구,평창동,0.0,True,0.8231,0.0,0.4478,0.0,0.0,0.0,0.0
GRID_04357,다사53755800,종로구,평창동,0.0,True,0.0,0.0,0.0,0.0,0.0,0.0,0.0
GRID_04358,다사53755825,종로구,평창동,0.0,True,0.0,0.0,0.0,0.0,0.0,0.0,0.0
GRID_04359,다사53755850,종로구,평창동,0.0,True,0.0,0.0,0.0,0.0,0.0,0.0,0.0
GRID_04360,다사53755875,종로구,평창동,8.9,False,0.0,0.0,0.0,0.0,0.0,0.0,0.0
GRID_04361,다사53755900,성북구,정릉동,0.0,True,0.0,0.0,0.0,0.0,0.0,0.0,0.0
GRID_04362,다사53755925,성북구,정릉동,0.0,True,0.0,0.0,0.0,0.0,0.0,0.0,0.0
GRID_04363,다사53755950,성북구,정릉동,0.0,True,0.0,0.0,0.0,0.0,0.0,0.0,0.0
GRID_04364,다사54003950,관악구,남현동,0.0,True,0.0,0.0,0.0,0.0,0.0,0.0,0.0
GRID_04365,다사54003975,관악구,남현동,0.0,True,0.0,0.0,0.0,0.0,0.0,0.0,0.0
GRID_04366,다사54004000,관악구,남현동,7.2,False,0.0,0.0,0.0,0.0,0.0,0.0,0.0
GRID_04367,다사54004025,관악구,남현동,30.4,False,0.0,0.0186,0.0085,0.0,0.0033,0.0015,0.0004
GRID_04368,다사54004050,관악구,남현동,0.0,True,0.0,0.0355,0.0162,0.0,0.0,0.0,0.0
GRID_04369,다사54004075,관악구,남현동,0.0,True,0.0,0.0223,0.0102,0.0,0.0,0.0,0.0
GRID_04370,다사54004100,관악구,남현동,28.9,False,0.0021,0.0,0.0011,0.0001,0.0,0.0,0.0
GRID_04371,다사54004125,관악구,남현동,19.8,False,1.0676,0.6069,0.8575,0.0361,0.1082,0.069,0.0227
GRID_04372,다사54004150,관악구,남현동,1113.6,False,5.5699,1.9681,3.9275,0.1882,0.351,0.2624,0.0374
GRID_04373,다사54004175,관악구,남현동,3105.6,False,10.7666,2.8802,7.1704,0.3637,0.5137,0.4321,0.0537
GRID_04374,다사54004200,동작구,사당동,1687.7,False,11.9768,3.102,7.9299,0.4046,0.5532,0.4724,0.0636
GRID_04375,다사54004225,동작구,사당동,1341.7,False,6.9677,2.9855,5.1518,0.2354,0.5325,0.3708,0.0515
GRID_04376,다사54004250,동작구,사당동,1374.4,False,6.7711,2.8163,4.9677,0.2287,0.5023,0.3535,0.0489
GRID_04377,다사54004275,동작구,사당동,4639.3,False,12.0841,2.0905,7.527,0.4082,0.3728,0.3921,0.0464
GRID_04378,다사54004300,동작구,사당동,1147.8,False,11.822,2.1936,7.4314,0.3994,0.3912,0.3956,0.0561
GRID_04379,다사54004325,동작구,사당동,7683.9,False,6.0085,1.8224,4.0996,0.203,0.325,0.2586,0.0289
GRID_04380,다사54004350,동작구,사당동,2213.4,False,4.0033,1.0195,2.6427,0.1352,0.1818,0.1565,0.0203
GRID_04381,다사54004375,동작구,동작동,1443.9,False,4.3354,0.1162,2.4114,0.1465,0.0207,0.0891,0.0122
GRID_04382,다사54004400,동작구,동작동,3207.1,False,4.3483,0.0,2.3655,0.1469,0.0,0.0799,0.0099
GRID_04383,다사54004425,동작구,동작동,54.3,False,2.4174,0.1999,1.4062,0.0817,0.0356,0.0607,0.0151
GRID_04384,다사54004450,동작구,동작동,41.7,False,0.3895,0.4284,0.4072,0.0132,0.0764,0.042,0.0112
GRID_04385,다사54004475,동작구,동작동,303.0,False,0.1658,0.5283,0.3311,0.0056,0.0942,0.046,0.008
GRID_04386,다사54004500,서초구,반포동,61.6,False,1.2576,0.4722,0.8994,0.0425,0.0842,0.0615,0.0149
GRID_04387,다사54004525,서초구,반포동,62.2,False,1.5359,0.277,0.9619,0.0519,0.0494,0.0508,0.0122
GRID_04388,다사54004550,용산구,이촌동,13.5,False,0.424,0.101,0.2767,0.0143,0.018,0.016,0.006
GRID_04389,다사54004575,용산구,이촌동,47.4,False,0.0,0.0,0.0,0.0,0.0,0.0,0.0
GRID_04390,다사54004600,용산구,이촌동,10.5,False,0.0,0.0,0.0,0.0,0.0,0.0,0.0
GRID_04391,다사54004625,용산구,이촌동,38.4,False,0.5713,0.0,0.3108,0.0193,0.0,0.0105,0.0029
GRID_04392,다사54004650,용산구,이촌동,20.7,False,2.1533,0.1032,1.2185,0.0727,0.0184,0.048,0.0156
GRID_04393,다사54004675,용산구,용산동6가,321.5,False,3.4153,0.3588,2.0215,0.1154,0.064,0.0919,0.0159
GRID_04394,다사54004700,용산구,용산동6가,73.8,False,1.8173,0.446,1.192,0.0614,0.0795,0.0697,0.0161
GRID_04395,다사54004725,용산구,용산동6가,2536.8,False,0.0,0.3298,0.1504,0.0,0.0588,0.0268,0.0034
GRID_04396,다사54004750,용산구,용산동4가,0.0,True,0.0,0.0724,0.033,0.0,0.0,0.0,0.0
GRID_04397,다사54004775,용산구,용산동4가,0.0,True,0.0,0.0,0.0,0.0,0.0,0.0,0.0
GRID_04398,다사54004800,용산구,용산동4가,8.4,False,0.0,0.2274,0.1037,0.0,0.0406,0.0185,0.0083
GRID_04399,다사54004825,용산구,용산동4가,6.3,False,0.0526,0.5145,0.2632,0.0018,0.0918,0.0428,0.0215
GRID_04400,다사54004850,용산구,용산동2가,54.8,False,0.0775,0.5291,0.2835,0.0026,0.0944,0.0445,0.0111
GRID_04401,다사54004875,용산구,용산동2가,0.0,True,0.0,0.3092,0.141,0.0,0.0,0.0,0.0
GRID_04402,다사54004900,용산구,용산동2가,7.4,False,0.0,0.0064,0.0029,0.0,0.0011,0.0005,0.0002
GRID_04403,다사54004925,용산구,용산동2가,469.3,False,1.887,0.0176,1.0346,0.0637,0.0031,0.0361,0.0059
GRID_04404,다사54004950,용산구,용산동2가,172.8,False,7.45,0.081,4.0898,0.2517,0.0144,0.1435,0.0278
GRID_04405,다사54004975,용산구,후암동,2157.2,False,6.8249,0.0,3.7128,0.2306,0.0,0.1254,0.0163
GRID_04406,다사54005000,용산구,후암동,5074.6,False,3.2905,0.0,1.79,0.1112,0.0,0.0605,0.0071
GRID_04407,다사54005025,용산구,후암동,485.1,False,2.5421,0.1456,1.4493,0.0859,0.026,0.0586,0.0095
GRID_04408,다사54005050,중구,남대문로5가,169.2,False,2.2791,0.9339,1.6657,0.077,0.1666,0.1178,0.0229
GRID_04409,다사54005075,중구,회현동1가,495.6,False,2.4217,1.5843,2.0398,0.0818,0.2825,0.1733,0.0279
GRID_04410,다사54005100,중구,회현동1가,1293.9,False,4.9991,2.2645,3.7521,0.1689,0.4039,0.276,0.0385
GRID_04411,다사54005125,중구,충무로1가,1346.5,False,7.0154,3.5844,5.4509,0.237,0.6393,0.4204,0.0583
GRID_04412,다사54005150,중구,소공동,1227.5,False,7.9713,4.3737,6.3308,0.2693,0.78,0.5022,0.0706
GRID_04413,다사54005175,중구,소공동,2452.1,False,7.9469,4.6219,6.4307,0.2685,0.8243,0.5219,0.0669
GRID_04414,다사54005200,중구,다동,2631.2,False,7.6661,5.0157,6.4575,0.259,0.8945,0.5488,0.0697
GRID_04415,다사54005225,종로구,서린동,525.0,False,6.6367,4.5519,5.686,0.2242,0.8118,0.4922,0.0786
GRID_04416,다사54005250,종로구,청진동,1783.1,False,4.9088,3.7873,4.3974,0.1658,0.6755,0.3982,0.0532
GRID_04417,다사54005275,종로구,수송동,939.6,False,4.5349,3.1796,3.9169,0.1532,0.5671,0.3419,0.0499
GRID_04418,다사54005300,종로구,사간동,304.0,False,3.8155,2.1437,3.0531,0.1289,0.3823,0.2445,0.0427
GRID_04419,다사54005325,종로구,소격동,160.1,False,4.7733,1.0111,3.0577,0.1612,0.1803,0.17,0.0334
GRID_04420,다사54005350,종로구,소격동,57.3,False,5.589,0.3621,3.2056,0.1888,0.0646,0.1322,0.0325
GRID_04421,다사54005375,종로구,팔판동,20.9,False,4.6814,0.0,2.5467,0.1581,0.0,0.086,0.0279
GRID_04422,다사54005400,종로구,삼청동,345.3,False,3.948,0.0,2.1477,0.1334,0.0,0.0726,0.0124
GRID_04423,다사54005425,종로구,삼청동,18.6,False,2.2091,0.0,1.2017,0.0746,0.0,0.0406,0.0136
GRID_04424,다사54005450,종로구,삼청동,69.4,False,0.6348,0.0,0.3453,0.0214,0.0,0.0117,0.0027
GRID_04425,다사54005475,종로구,삼청동,8.2,False,0.0,0.0,0.0,0.0,0.0,0.0,0.0
GRID_04426,다사54005500,종로구,삼청동,0.0,True,0.0,0.0,0.0,0.0,0.0,0.0,0.0
GRID_04427,다사54005525,성북구,성북동,0.0,True,0.0,0.0,0.0,0.0,0.0,0.0,0.0
GRID_04428,다사54005550,성북구,성북동,0.0,True,0.0,0.0,0.0,0.0,0.0,0.0,0.0
GRID_04429,다사54005575,성북구,성북동,3216.7,False,0.0,0.0,0.0,0.0,0.0,0.0,0.0
GRID_04430,다사54005600,종로구,평창동,0.0,True,0.0,0.0,0.0,0.0,0.0,0.0,0.0
GRID_04431,다사54005625,종로구,평창동,0.0,True,0.0,0.0,0.0,0.0,0.0,0.0,0.0
GRID_04432,다사54005650,종로구,평창동,0.0,True,0.0515,0.0,0.028,0.0,0.0,0.0,0.0
GRID_04433,다사54005675,종로구,평창동,39.7,False,1.3059,0.0,0.7104,0.0441,0.0,0.024,0.0065
GRID_04434,다사54005700,종로구,평창동,72.4,False,2.6424,0.0,1.4375,0.0893,0.0,0.0486,0.0113
GRID_04435,다사54005725,종로구,평창동,125.1,False,3.4028,0.0,1.8511,0.115,0.0,0.0625,0.0129
GRID_04436,다사54005750,종로구,평창동,47.0,False,2.3985,0.0,1.3048,0.081,0.0,0.0441,0.0114
GRID_04437,다사54005775,종로구,평창동,0.0,True,0.4674,0.0,0.2543,0.0,0.0,0.0,0.0
GRID_04438,다사54005800,종로구,평창동,0.0,True,0.0,0.0,0.0,0.0,0.0,0.0,0.0
GRID_04439,다사54005825,종로구,평창동,0.0,True,0.0,0.0,0.0,0.0,0.0,0.0,0.0
GRID_04440,다사54005850,종로구,평창동,19.7,False,0.0,0.0,0.0,0.0,0.0,0.0,0.0
GRID_04441,다사54005875,성북구,정릉동,0.0,True,0.0,0.0,0.0,0.0,0.0,0.0,0.0
GRID_04442,다사54005900,성북구,정릉동,0.0,True,0.0,0.0,0.0,0.0,0.0,0.0,0.0
GRID_04443,다사54005925,성북구,정릉동,0.0,True,0.0,0.0,0.0,0.0,0.0,0.0,0.0
GRID_04444,다사54005950,성북구,정릉동,0.0,True,0.0,0.0,0.0,0.0,0.0,0.0,0.0
GRID_04445,다사54006150,강북구,우이동,0.0,True,0.0,0.0,0.0,0.0,0.0,0.0,0.0
GRID_04446,다사54006175,강북구,우이동,0.0,True,0.0,0.0,0.0,0.0,0.0,0.0,0.0
GRID_04447,다사54006200,강북구,우이동,0.0,True,0.0,0.0,0.0,0.0,0.0,0.0,0.0
GRID_04448,다사54253975,관악구,남현동,0.0,True,0.0,0.0,0.0,0.0,0.0,0.0,0.0
GRID_04449,다사54254000,관악구,남현동,0.0,True,0.0,0.0406,0.0185,0.0,0.0,0.0,0.0
GRID_04450,다사54254025,관악구,남현동,0.0,True,0.0,0.0933,0.0426,0.0,0.0,0.0,0.0
GRID_04451,다사54254050,관악구,남현동,8.6,False,0.084,0.1144,0.0979,0.0028,0.0204,0.0108,0.0048
GRID_04452,다사54254075,관악구,남현동,19.3,False,0.7171,0.098,0.4348,0.0242,0.0175,0.0211,0.007
GRID_04453,다사54254100,관악구,남현동,62.9,False,0.0845,0.0486,0.0681,0.0029,0.0087,0.0055,0.0013
GRID_04454,다사54254125,관악구,남현동,271.6,False,1.1626,0.4271,0.8272,0.0393,0.0762,0.0561,0.01
GRID_04455,다사54254150,서초구,방배동,25.6,False,4.1233,1.7434,3.038,0.1393,0.3109,0.2176,0.0663
GRID_04456,다사54254175,서초구,방배동,857.8,False,11.2026,2.6255,7.2914,0.3784,0.4682,0.4194,0.0621
GRID_04457,다사54254200,서초구,방배동,2508.1,False,12.5707,2.8401,8.1335,0.4247,0.5065,0.462,0.059
GRID_04458,다사54254225,서초구,방배동,1844.7,False,6.3178,2.6483,4.6445,0.2134,0.4723,0.3315,0.0441
GRID_04459,다사54254250,서초구,방배동,192.8,False,4.0612,2.4942,3.3466,0.1372,0.4448,0.2775,0.0527
GRID_04460,다사54254275,서초구,방배동,511.7,False,8.5104,1.9015,5.4968,0.2875,0.3391,0.311,0.0498
GRID_04461,다사54254300,서초구,방배동,370.4,False,10.4385,2.0605,6.6181,0.3526,0.3675,0.3594,0.0607
GRID_04462,다사54254325,서초구,방배동,970.7,False,8.3461,1.6989,5.315,0.2819,0.303,0.2915,0.0424
GRID_04463,다사54254350,서초구,방배동,856.3,False,5.0923,0.9155,3.1877,0.172,0.1633,0.168,0.0249
GRID_04464,다사54254375,서초구,방배동,2971.7,False,5.468,0.0807,3.0113,0.1847,0.0144,0.107,0.0134
GRID_04465,다사54254400,서초구,방배동,1684.7,False,6.8058,0.0322,3.717,0.2299,0.0057,0.1277,0.0172
GRID_04466,다사54254425,서초구,방배동,869.3,False,5.5735,0.2136,3.1294,0.1883,0.0381,0.1198,0.0177
GRID_04467,다사54254450,동작구,동작동,80.2,False,1.6979,0.4374,1.1232,0.0574,0.078,0.0668,0.0152
GRID_04468,다사54254475,서초구,반포동,47.0,False,0.0,0.5305,0.2419,0.0,0.0946,0.0431,0.0111
GRID_04469,다사54254500,서초구,반포동,7.9,False,0.3763,0.4674,0.4179,0.0127,0.0834,0.0449,0.0206
GRID_04470,다사54254525,용산구,용산동6가,262.9,False,0.5949,0.2653,0.4446,0.0201,0.0473,0.0325,0.0058
GRID_04471,다사54254550,용산구,용산동6가,699.5,False,0.0,0.0319,0.0145,0.0,0.0057,0.0026,0.0004
GRID_04472,다사54254575,용산구,용산동6가,0.0,True,0.0,0.0,0.0,0.0,0.0,0.0,0.0
GRID_04473,다사54254600,용산구,용산동6가,185.1,False,0.0,0.0,0.0,0.0,0.0,0.0,0.0
GRID_04474,다사54254625,용산구,용산동6가,37.8,False,1.2453,0.0709,0.7098,0.0421,0.0126,0.0287,0.0078
GRID_04475,다사54254650,용산구,용산동6가,1643.8,False,2.6884,0.1235,1.5188,0.0908,0.022,0.0595,0.008
GRID_04476,다사54254675,용산구,용산동6가,226.1,False,1.5413,0.1364,0.9006,0.0521,0.0243,0.0394,0.0073
GRID_04477,다사54254700,용산구,용산동6가,0.0,True,0.1416,0.1169,0.1303,0.0,0.0,0.0,0.0
GRID_04478,다사54254725,용산구,용산동6가,42.8,False,0.0,0.0404,0.0184,0.0,0.0072,0.0033,0.0009
GRID_04479,다사54254750,용산구,용산동4가,0.0,True,0.0,0.0,0.0,0.0,0.0,0.0,0.0
GRID_04480,다사54254775,용산구,용산동4가,0.0,True,0.0,0.1341,0.0612,0.0,0.0,0.0,0.0
GRID_04481,다사54254800,용산구,용산동4가,8.2,False,0.0,0.356,0.1623,0.0,0.0635,0.029,0.013
GRID_04482,다사54254825,용산구,용산동4가,0.0,True,2.1304,0.4834,1.3794,0.0,0.0,0.0,0.0
GRID_04483,다사54254850,용산구,용산동2가,120.6,False,3.0725,0.4818,1.8912,0.1038,0.0859,0.0956,0.0199
GRID_04484,다사54254875,용산구,용산동2가,0.0,True,1.6045,0.3517,1.0332,0.0,0.0,0.0,0.0
GRID_04485,다사54254900,용산구,용산동2가,60.7,False,0.9771,0.1282,0.59,0.033,0.0229,0.0284,0.0069
GRID_04486,다사54254925,용산구,용산동2가,1078.8,False,3.5561,0.0,1.9345,0.1201,0.0,0.0654,0.0094
GRID_04487,다사54254950,용산구,용산동2가,2326.6,False,7.6922,0.0,4.1846,0.2599,0.0,0.1414,0.0182
GRID_04488,다사54254975,용산구,후암동,766.7,False,6.8136,0.0,3.7066,0.2302,0.0,0.1252,0.0188
GRID_04489,다사54255000,용산구,후암동,588.6,False,2.0668,0.0,1.1243,0.0698,0.0,0.038,0.006
GRID_04490,다사54255025,용산구,후암동,164.3,False,1.7441,0.0,0.9488,0.0589,0.0,0.0321,0.0063
GRID_04491,다사54255050,중구,회현동1가,24.5,False,1.3356,0.2965,0.8618,0.0451,0.0529,0.0487,0.015
GRID_04492,다사54255075,중구,회현동1가,255.2,False,1.6409,1.3497,1.5081,0.0554,0.2407,0.1399,0.0252
GRID_04493,다사54255100,중구,회현동2가,262.0,False,3.4677,2.0898,2.8394,0.1171,0.3727,0.2337,0.0419
GRID_04494,다사54255125,중구,회현동2가,2741.8,False,6.2231,2.9425,4.7272,0.2102,0.5248,0.3537,0.0447
GRID_04495,다사54255150,중구,명동2가,1645.4,False,5.3986,3.6721,4.6113,0.1824,0.6549,0.3978,0.0537
GRID_04496,다사54255175,중구,을지로2가,859.8,False,5.2241,4.2111,4.7621,0.1765,0.751,0.4385,0.0649
GRID_04497,다사54255200,중구,삼각동,887.6,False,6.6186,4.1276,5.4827,0.2236,0.7362,0.4573,0.0674
GRID_04498,다사54255225,종로구,관철동,818.7,False,8.7676,4.2471,6.7063,0.2962,0.7575,0.5065,0.0755
GRID_04499,다사54255250,종로구,공평동,658.1,False,6.5486,4.0484,5.4085,0.2212,0.722,0.4496,0.0693
GRID_04500,다사54255275,종로구,견지동,1441.0,False,7.6603,3.0763,5.57,0.2588,0.5487,0.391,0.0537
GRID_04501,다사54255300,종로구,안국동,905.2,False,9.9195,1.8245,6.2282,0.3351,0.3254,0.3307,0.0486
GRID_04502,다사54255325,종로구,안국동,730.8,False,7.8052,1.0987,4.747,0.2637,0.196,0.2328,0.0353
GRID_04503,다사54255350,종로구,화동,42.3,False,5.2615,0.6791,3.1719,0.1777,0.1211,0.1519,0.0403
GRID_04504,다사54255375,종로구,가회동,691.9,False,6.2401,0.0939,3.4374,0.2108,0.0167,0.1223,0.0187
GRID_04505,다사54255400,종로구,삼청동,53.5,False,6.4148,0.0,3.4897,0.2167,0.0,0.1179,0.0295
GRID_04506,다사54255425,종로구,삼청동,13.1,False,4.2136,0.0,2.2922,0.1423,0.0,0.0774,0.0293
GRID_04507,다사54255450,종로구,삼청동,40.9,False,0.8183,0.0,0.4452,0.0276,0.0,0.015,0.004
GRID_04508,다사54255475,종로구,삼청동,41.2,False,0.0,0.0,0.0,0.0,0.0,0.0,0.0
GRID_04509,다사54255500,종로구,삼청동,0.0,True,0.0,0.0,0.0,0.0,0.0,0.0,0.0
GRID_04510,다사54255525,성북구,성북동,16.4,False,0.0,0.0,0.0,0.0,0.0,0.0,0.0
GRID_04511,다사54255550,성북구,성북동,0.0,True,0.0,0.0,0.0,0.0,0.0,0.0,0.0
GRID_04512,다사54255575,성북구,성북동,5.9,False,0.0,0.0,0.0,0.0,0.0,0.0,0.0
GRID_04513,다사54255600,종로구,평창동,210.9,False,0.0,0.0,0.0,0.0,0.0,0.0,0.0
GRID_04514,다사54255625,종로구,평창동,6.2,False,0.0,0.0,0.0,0.0,0.0,0.0,0.0
GRID_04515,다사54255650,종로구,평창동,4.5,False,0.0,0.0,0.0,0.0,0.0,0.0,0.0
GRID_04516,다사54255675,종로구,평창동,0.0,True,0.2155,0.0,0.1172,0.0,0.0,0.0,0.0
GRID_04517,다사54255700,종로구,평창동,50.2,False,0.7046,0.0,0.3833,0.0238,0.0,0.0129,0.0033
GRID_04518,다사54255725,종로구,평창동,7.9,False,0.7915,0.0,0.4306,0.0267,0.0,0.0145,0.0067
GRID_04519,다사54255750,종로구,평창동,0.0,True,0.2558,0.0,0.1392,0.0,0.0,0.0,0.0
GRID_04520,다사54255775,종로구,평창동,0.0,True,0.0,0.0,0.0,0.0,0.0,0.0,0.0
GRID_04521,다사54255800,종로구,평창동,0.0,True,0.0,0.0,0.0,0.0,0.0,0.0,0.0
GRID_04522,다사54255825,성북구,정릉동,0.0,True,0.0,0.0,0.0,0.0,0.0,0.0,0.0
GRID_04523,다사54255850,성북구,정릉동,0.0,True,0.0,0.0,0.0,0.0,0.0,0.0,0.0
GRID_04524,다사54255875,성북구,정릉동,0.0,True,0.0,0.0,0.0,0.0,0.0,0.0,0.0
GRID_04525,다사54255900,성북구,정릉동,0.0,True,0.0,0.0,0.0,0.0,0.0,0.0,0.0
GRID_04526,다사54255925,성북구,정릉동,0.0,True,0.0,0.0,0.0,0.0,0.0,0.0,0.0
GRID_04527,다사54255950,성북구,정릉동,0.0,True,0.0,0.0,0.0,0.0,0.0,0.0,0.0
GRID_04528,다사54255975,성북구,정릉동,0.0,True,0.0,0.0,0.0,0.0,0.0,0.0,0.0
GRID_04529,다사54256025,강북구,우이동,0.0,True,0.0,0.0,0.0,0.0,0.0,0.0,0.0
GRID_04530,다사54256050,강북구,우이동,0.0,True,0.0,0.0,0.0,0.0,0.0,0.0,0.0
GRID_04531,다사54256100,강북구,우이동,0.0,True,0.0,0.0,0.0,0.0,0.0,0.0,0.0
GRID_04532,다사54256125,강북구,우이동,0.0,True,0.0,0.0,0.0,0.0,0.0,0.0,0.0
GRID_04533,다사54256150,강북구,우이동,0.0,True,0.0,0.0,0.0,0.0,0.0,0.0,0.0
GRID_04534,다사54256175,강북구,우이동,0.0,True,0.0,0.0,0.0,0.0,0.0,0.0,0.0
GRID_04535,다사54256200,강북구,우이동,0.0,True,0.0,0.0,0.0,0.0,0.0,0.0,0.0
GRID_04536,다사54503975,관악구,남현동,0.0,True,0.0,0.0032,0.0014,0.0,0.0,0.0,0.0
GRID_04537,다사54504000,관악구,남현동,183.4,False,0.0,0.0835,0.0381,0.0,0.0149,0.0068,0.0013
GRID_04538,다사54504025,관악구,남현동,68.9,False,0.0,0.1434,0.0654,0.0,0.0256,0.0117,0.0027
GRID_04539,다사54504050,관악구,남현동,159.1,False,2.0545,0.1673,1.194,0.0694,0.0298,0.0514,0.0101
GRID_04540,다사54504075,관악구,남현동,350.7,False,3.0984,0.1487,1.7533,0.1047,0.0265,0.069,0.0118
GRID_04541,다사54504100,서초구,방배동,533.9,False,1.2272,0.0926,0.7098,0.0415,0.0165,0.0301,0.0048
GRID_04542,다사54504125,서초구,방배동,250.0,False,0.143,0.0138,0.0841,0.0048,0.0025,0.0038,0.0007
GRID_04543,다사54504150,서초구,방배동,0.0,True,1.0613,0.935,1.0037,0.0,0.0,0.0,0.0
GRID_04544,다사54504175,서초구,방배동,1028.9,False,7.0721,1.7086,4.6264,0.2389,0.3047,0.2689,0.0388
GRID_04545,다사54504200,서초구,방배동,697.2,False,10.5947,1.8969,6.6285,0.3579,0.3383,0.349,0.0533
GRID_04546,다사54504225,서초구,방배동,1309.3,False,4.9701,1.4837,3.3803,0.1679,0.2646,0.212,0.0295
GRID_04547,다사54504250,서초구,방배동,2610.0,False,1.3798,1.2087,1.3018,0.0466,0.2156,0.1237,0.0157
GRID_04548,다사54504275,서초구,방배동,1937.4,False,4.9357,1.4297,3.337,0.1667,0.255,0.207,0.0273
GRID_04549,다사54504300,서초구,방배동,718.5,False,7.4666,1.7453,4.8576,0.2522,0.3113,0.2791,0.0424
GRID_04550,다사54504325,서초구,방배동,2288.8,False,5.0278,1.4413,3.3924,0.1698,0.257,0.2096,0.0271
GRID_04551,다사54504350,서초구,방배동,578.5,False,4.646,0.6008,2.8014,0.1569,0.1071,0.1342,0.0211
GRID_04552,다사54504375,서초구,방배동,2495.3,False,5.3139,0.0,2.8908,0.1795,0.0,0.0977,0.0125
GRID_04553,다사54504400,서초구,방배동,2493.3,False,7.3593,0.0694,4.0351,0.2486,0.0124,0.1409,0.018
GRID_04554,다사54504425,서초구,방배동,3440.5,False,7.1325,0.1969,3.9698,0.2409,0.0351,0.1471,0.0181
GRID_04555,다사54504450,서초구,반포동,258.0,False,2.7011,0.3393,1.6241,0.0912,0.0605,0.0772,0.0139
GRID_04556,다사54504475,서초구,반포동,386.3,False,1.2703,0.4078,0.877,0.0429,0.0727,0.0565,0.0095
GRID_04557,다사54504500,서초구,반포동,301.1,False,0.2853,0.3426,0.3114,0.0096,0.0611,0.0331,0.0058
GRID_04558,다사54504525,서초구,반포동,51.7,False,0.0,0.1715,0.0782,0.0,0.0306,0.0139,0.0035
GRID_04559,다사54504550,용산구,용산동6가,181.6,False,0.0,0.0,0.0,0.0,0.0,0.0,0.0
GRID_04560,다사54504575,용산구,용산동6가,0.0,True,0.0,0.0,0.0,0.0,0.0,0.0,0.0
GRID_04561,다사54504600,용산구,용산동6가,0.0,True,0.0,0.0318,0.0145,0.0,0.0,0.0,0.0
GRID_04562,다사54504625,용산구,용산동6가,71.7,False,1.0969,0.1202,0.6515,0.0371,0.0214,0.0299,0.007
GRID_04563,다사54504650,용산구,서빙고동,2747.6,False,2.5976,0.1794,1.4949,0.0877,0.032,0.0623,0.0079
GRID_04564,다사54504675,용산구,용산동6가,214.0,False,3.3266,0.1939,1.8981,0.1124,0.0346,0.0769,0.0143
GRID_04565,다사54504700,용산구,용산동6가,142.7,False,0.6315,0.1595,0.4163,0.0213,0.0284,0.0246,0.0049
GRID_04566,다사54504725,용산구,용산동6가,171.5,False,0.0,0.0858,0.0391,0.0,0.0153,0.007,0.0014
GRID_04567,다사54504750,용산구,용산동6가,45.7,False,0.0,0.0,0.0,0.0,0.0,0.0,0.0
GRID_04568,다사54504775,용산구,용산동4가,27.3,False,0.0,0.1965,0.0896,0.0,0.035,0.016,0.0048
GRID_04569,다사54504800,용산구,용산동4가,0.0,True,0.0349,0.4763,0.2361,0.0,0.0,0.0,0.0
GRID_04570,다사54504825,용산구,용산동4가,38.1,False,3.4964,0.7668,2.2517,0.1181,0.1368,0.1266,0.0345
GRID_04571,다사54504850,용산구,용산동2가,172.6,False,5.7061,0.7453,3.444,0.1928,0.1329,0.1655,0.0321
GRID_04572,다사54504875,용산구,용산동2가,1306.4,False,6.5428,0.4271,3.7541,0.221,0.0762,0.155,0.0216
GRID_04573,다사54504900,용산구,용산동2가,540.8,False,6.277,0.1902,3.5014,0.212,0.0339,0.1308,0.0208
GRID_04574,다사54504925,용산구,용산동2가,1808.4,False,5.3859,0.0,2.9299,0.1819,0.0,0.099,0.0132
GRID_04575,다사54504950,용산구,용산동2가,2133.7,False,6.433,0.0,3.4996,0.2173,0.0,0.1182,0.0154
GRID_04576,다사54504975,용산구,용산동2가,147.0,False,3.9154,0.0,2.13,0.1323,0.0,0.072,0.0144
GRID_04577,다사54505000,용산구,후암동,55.1,False,1.4907,0.0,0.8109,0.0504,0.0,0.0274,0.0068
GRID_04578,다사54505025,용산구,후암동,170.9,False,0.0723,0.0,0.0393,0.0024,0.0,0.0013,0.0003
GRID_04579,다사54505050,중구,예장동,6.4,False,0.1157,0.0269,0.0752,0.0039,0.0048,0.0043,0.0022
GRID_04580,다사54505075,중구,예장동,247.6,False,0.3663,0.9209,0.6192,0.0124,0.1642,0.0816,0.0148
GRID_04581,다사54505100,중구,남산동2가,460.0,False,3.0901,1.7891,2.4969,0.1044,0.3191,0.2023,0.033
GRID_04582,다사54505125,중구,남산동2가,739.4,False,5.22,2.642,4.0444,0.1763,0.4712,0.3108,0.047
GRID_04583,다사54505150,중구,명동2가,888.8,False,4.9354,3.4289,4.2484,0.1667,0.6115,0.3696,0.0544
GRID_04584,다사54505175,중구,을지로2가,837.6,False,4.0552,3.9623,4.0128,0.137,0.7067,0.3968,0.0589
GRID_04585,다사54505200,중구,장교동,312.6,False,6.4226,4.6768,5.6265,0.217,0.8341,0.4984,0.0867
GRID_04586,다사54505225,종로구,관철동,2546.3,False,9.2788,4.8569,7.2624,0.3135,0.8662,0.5655,0.0721
GRID_04587,다사54505250,종로구,인사동,1155.6,False,8.4493,4.3399,6.5754,0.2854,0.774,0.5082,0.0721
GRID_04588,다사54505275,종로구,경운동,1970.6,False,9.3959,3.5848,6.7461,0.3174,0.6393,0.4642,0.0612
GRID_04589,다사54505300,종로구,경운동,395.5,False,14.19,2.1467,8.6982,0.4794,0.3829,0.4354,0.0728
GRID_04590,다사54505325,종로구,재동,930.4,False,10.9773,1.2406,6.5374,0.3708,0.2213,0.3026,0.0443
GRID_04591,다사54505350,종로구,계동,1302.5,False,6.1856,0.7491,3.7065,0.209,0.1336,0.1746,0.0243
GRID_04592,다사54505375,종로구,가회동,1071.1,False,5.852,0.149,3.2514,0.1977,0.0266,0.1197,0.0171
GRID_04593,다사54505400,종로구,계동,12.9,False,5.5143,0.0,2.9998,0.1863,0.0,0.1013,0.0385
GRID_04594,다사54505425,종로구,삼청동,449.4,False,3.3442,0.0,1.8192,0.113,0.0,0.0615,0.0101
GRID_04595,다사54505450,종로구,삼청동,0.0,True,1.1405,0.0,0.6204,0.0,0.0,0.0,0.0
GRID_04596,다사54505475,종로구,삼청동,0.0,True,0.0,0.0,0.0,0.0,0.0,0.0,0.0
GRID_04597,다사54505500,성북구,성북동,0.0,True,0.0,0.0,0.0,0.0,0.0,0.0,0.0
GRID_04598,다사54505525,성북구,성북동,230.0,False,0.0,0.0,0.0,0.0,0.0,0.0,0.0
GRID_04599,다사54505550,성북구,성북동,62.0,False,0.0,0.0,0.0,0.0,0.0,0.0,0.0
GRID_04600,다사54505575,성북구,성북동,0.0,True,0.1423,0.0,0.0774,0.0,0.0,0.0,0.0
GRID_04601,다사54505600,성북구,성북동,4.0,False,0.0,0.0,0.0,0.0,0.0,0.0,0.0
GRID_04602,다사54505625,종로구,평창동,9.8,False,0.0,0.0,0.0,0.0,0.0,0.0,0.0
GRID_04603,다사54505650,종로구,평창동,0.0,True,0.0,0.0,0.0,0.0,0.0,0.0,0.0
GRID_04604,다사54505675,성북구,정릉동,0.0,True,0.0,0.0,0.0,0.0,0.0,0.0,0.0
GRID_04605,다사54505700,종로구,평창동,40.2,False,0.0666,0.0,0.0362,0.0022,0.0,0.0012,0.0003
GRID_04606,다사54505725,종로구,평창동,7.7,False,0.0,0.0,0.0,0.0,0.0,0.0,0.0
GRID_04607,다사54505750,성북구,정릉동,9.6,False,0.0,0.0,0.0,0.0,0.0,0.0,0.0
GRID_04608,다사54505775,성북구,정릉동,8.0,False,0.0,0.0,0.0,0.0,0.0,0.0,0.0
GRID_04609,다사54505800,성북구,정릉동,0.0,True,0.0,0.0,0.0,0.0,0.0,0.0,0.0
GRID_04610,다사54505825,성북구,정릉동,0.0,True,0.0,0.0,0.0,0.0,0.0,0.0,0.0
GRID_04611,다사54505850,성북구,정릉동,13.1,False,0.0,0.0,0.0,0.0,0.0,0.0,0.0
GRID_04612,다사54505875,성북구,정릉동,0.0,True,0.0,0.0,0.0,0.0,0.0,0.0,0.0
GRID_04613,다사54505900,성북구,정릉동,0.0,True,0.0,0.0,0.0,0.0,0.0,0.0,0.0
GRID_04614,다사54505925,성북구,정릉동,0.0,True,0.0,0.0,0.0,0.0,0.0,0.0,0.0
GRID_04615,다사54505950,성북구,정릉동,0.0,True,0.0,0.0,0.0,0.0,0.0,0.0,0.0
GRID_04616,다사54505975,강북구,수유동,0.0,True,0.0,0.0,0.0,0.0,0.0,0.0,0.0
GRID_04617,다사54506000,강북구,수유동,0.0,True,0.0,0.0,0.0,0.0,0.0,0.0,0.0
GRID_04618,다사54506025,강북구,수유동,0.0,True,0.0,0.0,0.0,0.0,0.0,0.0,0.0
GRID_04619,다사54506050,강북구,우이동,0.0,True,0.0,0.0,0.0,0.0,0.0,0.0,0.0
GRID_04620,다사54506075,강북구,우이동,0.0,True,0.0,0.0,0.0,0.0,0.0,0.0,0.0
GRID_04621,다사54506100,강북구,우이동,0.0,True,0.0,0.0,0.0,0.0,0.0,0.0,0.0
GRID_04622,다사54506125,강북구,우이동,0.0,True,0.0,0.0,0.0,0.0,0.0,0.0,0.0
GRID_04623,다사54506150,강북구,우이동,0.0,True,0.0,0.0,0.0,0.0,0.0,0.0,0.0
GRID_04624,다사54506175,강북구,우이동,0.0,True,0.0,0.0,0.0,0.0,0.0,0.0,0.0
GRID_04625,다사54506200,강북구,우이동,0.0,True,0.0,0.0,0.0,0.0,0.0,0.0,0.0
GRID_04626,다사54506225,강북구,우이동,0.0,True,0.0,0.0,0.0,0.0,0.0,0.0,0.0
GRID_04627,다사54753975,서초구,방배동,0.0,True,0.0,0.0113,0.0052,0.0,0.0,0.0,0.0
GRID_04628,다사54754000,서초구,방배동,0.0,True,0.0,0.094,0.0429,0.0,0.0,0.0,0.0
GRID_04629,다사54754025,서초구,방배동,478.9,False,0.0,0.1556,0.0709,0.0,0.0277,0.0127,0.002
GRID_04630,다사54754050,서초구,방배동,26.8,False,1.6896,0.1802,1.0013,0.0571,0.0321,0.0457,0.0137
GRID_04631,다사54754075,서초구,방배동,1085.0,False,2.6826,0.161,1.5327,0.0906,0.0287,0.0624,0.0089
GRID_04632,다사54754100,서초구,방배동,54.4,False,0.9067,0.1033,0.5403,0.0306,0.0184,0.0251,0.0062
GRID_04633,다사54754125,서초구,방배동,1029.6,False,0.0,0.0223,0.0102,0.0,0.004,0.0018,0.0003
GRID_04634,다사54754150,서초구,방배동,13.2,False,3.5696,0.0,1.9419,0.1206,0.0,0.0656,0.0247
GRID_04635,다사54754175,서초구,방배동,11.4,False,8.0226,0.3713,4.5336,0.271,0.0662,0.1776,0.0706
GRID_04636,다사54754200,서초구,방배동,48.1,False,8.8479,0.5211,5.0509,0.2989,0.0929,0.205,0.0526
GRID_04637,다사54754225,서초구,방배동,728.5,False,5.7709,0.3041,3.278,0.1949,0.0542,0.1308,0.0198
GRID_04638,다사54754250,서초구,방배동,1129.6,False,4.2027,0.3164,2.4306,0.142,0.0564,0.103,0.0146
GRID_04639,다사54754275,서초구,방배동,637.1,False,7.2523,0.8911,4.3516,0.245,0.1589,0.2057,0.0319
GRID_04640,다사54754300,서초구,방배동,590.2,False,7.3783,1.1346,4.5312,0.2493,0.2023,0.2279,0.0357
GRID_04641,다사54754325,서초구,방배동,2104.0,False,5.6731,0.8972,3.4953,0.1916,0.16,0.1772,0.0232
GRID_04642,다사54754350,서초구,방배동,4033.2,False,6.4124,0.5066,3.7194,0.2166,0.0904,0.159,0.0192
GRID_04643,다사54754375,서초구,방배동,364.4,False,8.0102,0.1818,4.4405,0.2706,0.0324,0.162,0.0275
GRID_04644,다사54754400,서초구,방배동,2163.4,False,7.5414,0.0562,4.1282,0.2548,0.01,0.1432,0.0186
GRID_04645,다사54754425,서초구,방배동,112.8,False,7.2107,0.1806,4.0049,0.2436,0.0322,0.1472,0.0311
GRID_04646,다사54754450,서초구,반포동,746.7,False,4.8315,0.3235,2.7759,0.1632,0.0577,0.1151,0.0174
GRID_04647,다사54754475,서초구,반포동,339.4,False,2.1308,0.4008,1.3419,0.072,0.0715,0.0718,0.0123
GRID_04648,다사54754500,서초구,반포동,4.1,False,0.9659,0.3517,0.6858,0.0326,0.0627,0.0464,0.0285
GRID_04649,다사54754525,서초구,반포동,432.5,False,0.0,0.1895,0.0864,0.0,0.0338,0.0154,0.0025
GRID_04650,다사54754550,서초구,반포동,0.0,True,0.0,0.0,0.0,0.0,0.0,0.0,0.0
GRID_04651,다사54754575,서초구,반포동,0.0,True,0.0,0.0,0.0,0.0,0.0,0.0,0.0
GRID_04652,다사54754600,용산구,용산동6가,0.0,True,0.0,0.0392,0.0179,0.0,0.0,0.0,0.0
GRID_04653,다사54754625,용산구,서빙고동,27.4,False,0.0,0.1294,0.059,0.0,0.0231,0.0105,0.0031
GRID_04654,다사54754650,용산구,서빙고동,650.5,False,2.8623,0.19,1.6437,0.0967,0.0339,0.068,0.0105
GRID_04655,다사54754675,용산구,서빙고동,22.4,False,7.0851,0.2047,3.9477,0.2393,0.0365,0.1469,0.0466
GRID_04656,다사54754700,용산구,용산동6가,423.3,False,5.9165,0.1696,3.296,0.1999,0.0303,0.1225,0.0203
GRID_04657,다사54754725,용산구,용산동6가,4.8,False,2.1216,0.0943,1.1972,0.0717,0.0168,0.0467,0.0265
GRID_04658,다사54754750,용산구,용산동6가,31.0,False,1.418,0.0,0.7714,0.0479,0.0,0.0261,0.0075
GRID_04659,다사54754775,용산구,용산동4가,0.0,True,2.1408,0.2664,1.2861,0.0,0.0,0.0,0.0
GRID_04660,다사54754800,용산구,용산동4가,318.5,False,2.7371,0.8534,1.8781,0.0925,0.1522,0.1197,0.0208
GRID_04661,다사54754825,용산구,이태원동,470.7,False,3.4627,1.1777,2.4208,0.117,0.21,0.1594,0.0259
GRID_04662,다사54754850,용산구,이태원동,361.8,False,3.9618,1.1513,2.6802,0.1338,0.2053,0.1664,0.0282
GRID_04663,다사54754875,용산구,이태원동,552.2,False,6.0271,0.7814,3.6351,0.2036,0.1394,0.1743,0.0276
GRID_04664,다사54754900,용산구,이태원동,1194.6,False,6.5359,0.1677,3.632,0.2208,0.0299,0.1338,0.0189
GRID_04665,다사54754925,용산구,이태원동,867.1,False,5.0307,0.0,2.7367,0.1699,0.0,0.0924,0.0137
GRID_04666,다사54754950,용산구,용산동2가,18.3,False,3.8492,0.0,2.094,0.13,0.0,0.0707,0.0239
GRID_04667,다사54754975,용산구,용산동2가,65.4,False,1.2618,0.0,0.6864,0.0426,0.0,0.0232,0.0055
GRID_04668,다사54755000,용산구,용산동2가,9.3,False,0.7033,0.0,0.3826,0.0238,0.0,0.0129,0.0055
GRID_04669,다사54755025,중구,예장동,237.5,False,1.0113,0.0,0.5501,0.0342,0.0,0.0186,0.0034
GRID_04670,다사54755050,중구,예장동,0.0,True,0.2511,0.0,0.1366,0.0,0.0,0.0,0.0
GRID_04671,다사54755075,중구,예장동,79.1,False,0.1967,0.9347,0.5332,0.0066,0.1667,0.0796,0.0182
GRID_04672,다사54755100,중구,예장동,298.4,False,1.0723,2.1455,1.5617,0.0362,0.3827,0.1942,0.0341
GRID_04673,다사54755125,중구,주자동,831.7,False,3.8474,3.0651,3.4907,0.13,0.5467,0.32,0.0476
GRID_04674,다사54755150,중구,저동1가,1232.6,False,3.5379,4.0446,3.769,0.1195,0.7213,0.3939,0.0553
GRID_04675,다사54755175,중구,저동2가,498.7,False,5.4115,4.369,4.9361,0.1828,0.7792,0.4548,0.0732
GRID_04676,다사54755200,중구,수표동,513.7,False,6.6722,4.8362,5.835,0.2254,0.8625,0.5159,0.0826
GRID_04677,다사54755225,종로구,관수동,2323.3,False,7.1868,5.0953,6.2331,0.2428,0.9087,0.5465,0.0705
GRID_04678,다사54755250,종로구,낙원동,3640.7,False,6.2057,4.7151,5.526,0.2096,0.8409,0.4975,0.0607
GRID_04679,다사54755275,종로구,익선동,77.8,False,5.1436,3.7432,4.505,0.1738,0.6676,0.3989,0.0914
GRID_04680,다사54755300,종로구,운니동,683.0,False,10.0156,2.4291,6.5562,0.3383,0.4332,0.3816,0.0585
GRID_04681,다사54755325,종로구,원서동,1071.3,False,7.7591,1.1896,4.7634,0.2621,0.2122,0.2393,0.0343
GRID_04682,다사54755350,종로구,원서동,20.5,False,3.5446,0.5526,2.1802,0.1197,0.0986,0.1101,0.0359
GRID_04683,다사54755375,종로구,원서동,37.8,False,3.4871,0.0,1.897,0.1178,0.0,0.0641,0.0175
GRID_04684,다사54755400,종로구,와룡동,37.6,False,2.1796,0.0,1.1857,0.0736,0.0,0.0401,0.011
GRID_04685,다사54755425,종로구,명륜3가,31.5,False,2.6178,0.0,1.4241,0.0884,0.0,0.0481,0.0138
GRID_04686,다사54755450,종로구,원서동,20.3,False,1.8682,0.0,1.0163,0.0631,0.0,0.0343,0.0112
GRID_04687,다사54755475,성북구,성북동,30.3,False,1.2436,0.0,0.6765,0.042,0.0,0.0229,0.0066
GRID_04688,다사54755500,성북구,성북동,20.5,False,1.0416,0.0,0.5666,0.0352,0.0,0.0191,0.0062
GRID_04689,다사54755525,성북구,성북동,155.6,False,0.2495,0.0,0.1357,0.0084,0.0,0.0046,0.0009
GRID_04690,다사54755550,성북구,성북동,7.1,False,0.9361,0.0,0.5092,0.0316,0.0,0.0172,0.0082
GRID_04691,다사54755575,성북구,성북동,70.7,False,1.0355,0.0,0.5633,0.035,0.0,0.019,0.0045
GRID_04692,다사54755600,성북구,성북동,9.0,False,0.2684,0.0,0.146,0.0091,0.0,0.0049,0.0021
GRID_04693,다사54755625,성북구,정릉동,27.5,False,0.0,0.0,0.0,0.0,0.0,0.0,0.0
GRID_04694,다사54755650,성북구,정릉동,0.0,True,0.0,0.0,0.0,0.0,0.0,0.0,0.0
GRID_04695,다사54755675,성북구,정릉동,12.5,False,0.0,0.0,0.0,0.0,0.0,0.0,0.0
GRID_04696,다사54755700,성북구,정릉동,119.1,False,0.0,0.0,0.0,0.0,0.0,0.0,0.0
GRID_04697,다사54755725,성북구,정릉동,21.5,False,0.0,0.0,0.0,0.0,0.0,0.0,0.0
GRID_04698,다사54755750,성북구,정릉동,7.7,False,0.0,0.0,0.0,0.0,0.0,0.0,0.0
GRID_04699,다사54755775,성북구,정릉동,4.5,False,0.0,0.0,0.0,0.0,0.0,0.0,0.0
GRID_04700,다사54755800,성북구,정릉동,0.0,True,0.0,0.0,0.0,0.0,0.0,0.0,0.0
GRID_04701,다사54755825,성북구,정릉동,8.9,False,0.0,0.0,0.0,0.0,0.0,0.0,0.0
GRID_04702,다사54755850,성북구,정릉동,5.3,False,0.0,0.0,0.0,0.0,0.0,0.0,0.0
GRID_04703,다사54755875,성북구,정릉동,0.0,True,0.0,0.0,0.0,0.0,0.0,0.0,0.0
GRID_04704,다사54755900,성북구,정릉동,0.0,True,0.0,0.0,0.0,0.0,0.0,0.0,0.0
GRID_04705,다사54755925,성북구,정릉동,0.0,True,0.0,0.0,0.0,0.0,0.0,0.0,0.0
GRID_04706,다사54755950,강북구,수유동,0.0,True,0.0,0.0,0.0,0.0,0.0,0.0,0.0
GRID_04707,다사54755975,강북구,수유동,0.0,True,0.0,0.0,0.0,0.0,0.0,0.0,0.0
GRID_04708,다사54756000,강북구,수유동,0.0,True,0.0,0.0,0.0,0.0,0.0,0.0,0.0
GRID_04709,다사54756025,강북구,수유동,0.0,True,0.0,0.0,0.0,0.0,0.0,0.0,0.0
GRID_04710,다사54756050,강북구,우이동,0.0,True,0.0,0.0,0.0,0.0,0.0,0.0,0.0
GRID_04711,다사54756075,강북구,우이동,0.0,True,0.0,0.0,0.0,0.0,0.0,0.0,0.0
GRID_04712,다사54756100,강북구,우이동,0.0,True,0.0,0.0,0.0,0.0,0.0,0.0,0.0
GRID_04713,다사54756125,강북구,우이동,0.0,True,0.0,0.0,0.0,0.0,0.0,0.0,0.0
GRID_04714,다사54756150,강북구,우이동,0.0,True,0.0,0.0,0.0,0.0,0.0,0.0,0.0
GRID_04715,다사54756175,강북구,우이동,18.8,False,0.0,0.0,0.0,0.0,0.0,0.0,0.0
GRID_04716,다사54756200,강북구,우이동,0.0,True,0.0,0.0,0.0,0.0,0.0,0.0,0.0
GRID_04717,다사54756225,강북구,우이동,0.0,True,0.0,0.0,0.0,0.0,0.0,0.0,0.0
GRID_04718,다사54756250,강북구,우이동,0.0,True,0.0,0.0,0.0,0.0,0.0,0.0,0.0
GRID_04719,다사54756275,강북구,우이동,0.0,True,0.0,0.0,0.0,0.0,0.0,0.0,0.0
GRID_04720,다사55004000,서초구,방배동,0.0,True,0.0,0.069,0.0315,0.0,0.0,0.0,0.0
GRID_04721,다사55004025,서초구,방배동,0.0,True,0.0,0.1264,0.0577,0.0,0.0,0.0,0.0
GRID_04722,다사55004050,서초구,방배동,45.9,False,0.0,0.1494,0.0681,0.0,0.0266,0.0121,0.0032
GRID_04723,다사55004075,서초구,방배동,35.3,False,0.0305,0.1315,0.0765,0.001,0.0235,0.0113,0.0031
GRID_04724,다사55004100,서초구,방배동,43.4,False,0.0,0.0777,0.0354,0.0,0.0139,0.0063,0.0017
GRID_04725,다사55004125,서초구,방배동,127.0,False,0.127,0.0021,0.07,0.0043,0.0004,0.0025,0.0005
GRID_04726,다사55004150,서초구,방배동,67.1,False,4.8369,0.0,2.6313,0.1634,0.0,0.0889,0.0211
GRID_04727,다사55004175,서초구,방배동,2957.9,False,6.2392,0.0,3.3941,0.2108,0.0,0.1147,0.0143
GRID_04728,다사55004200,서초구,방배동,22.2,False,3.4451,0.3346,2.0267,0.1164,0.0597,0.0905,0.0288
GRID_04729,다사55004225,서초구,방배동,344.7,False,5.2501,0.629,3.1429,0.1774,0.1122,0.1476,0.0253
GRID_04730,다사55004250,서초구,방배동,450.1,False,6.4655,0.96,3.955,0.2184,0.1712,0.1969,0.0322
GRID_04731,다사55004275,서초구,방배동,772.7,False,7.1043,1.1792,4.4025,0.24,0.2103,0.2265,0.034
GRID_04732,다사55004300,서초구,방배동,1221.8,False,12.6101,1.0584,7.3425,0.426,0.1888,0.3178,0.0447
GRID_04733,다사55004325,서초구,방배동,2840.8,False,10.0362,0.8746,5.8586,0.339,0.156,0.2556,0.0321
GRID_04734,다사55004350,서초구,방배동,28.0,False,5.6565,0.6813,3.3878,0.1911,0.1215,0.1594,0.0473
GRID_04735,다사55004375,서초구,방배동,1949.2,False,6.8678,0.3269,3.8851,0.232,0.0583,0.1528,0.0202
GRID_04736,다사55004400,서초구,방배동,614.7,False,5.141,0.0,2.7967,0.1737,0.0,0.0945,0.0147
GRID_04737,다사55004425,서초구,반포동,12.2,False,4.8718,0.1526,2.7198,0.1646,0.0272,0.1019,0.0395
GRID_04738,다사55004450,서초구,반포동,192.0,False,4.3734,0.3458,2.5368,0.1477,0.0617,0.1085,0.0206
GRID_04739,다사55004475,서초구,반포동,468.4,False,2.8107,0.4335,1.7267,0.095,0.0773,0.0869,0.0141
GRID_04740,다사55004500,서초구,반포동,1502.1,False,1.7046,0.3918,1.106,0.0576,0.0699,0.0632,0.0086
GRID_04741,다사55004525,서초구,반포동,717.3,False,0.0,0.2323,0.1059,0.0,0.0414,0.0189,0.0029
GRID_04742,다사55004550,서초구,반포동,44.3,False,0.0,0.0725,0.0331,0.0,0.0129,0.0059,0.0015
GRID_04743,다사55004575,서초구,반포동,0.0,True,0.0,0.0,0.0,0.0,0.0,0.0,0.0
GRID_04744,다사55004600,서초구,반포동,0.0,True,0.0,0.0126,0.0057,0.0,0.0,0.0,0.0
GRID_04745,다사55004625,용산구,서빙고동,0.0,True,0.0,0.0962,0.0439,0.0,0.0,0.0,0.0
GRID_04746,다사55004650,용산구,서빙고동,186.7,False,1.6742,0.1522,0.9802,0.0566,0.0271,0.0431,0.0082
GRID_04747,다사55004675,용산구,서빙고동,986.1,False,6.1497,0.1659,3.4211,0.2077,0.0296,0.1265,0.0183
GRID_04748,다사55004700,용산구,서빙고동,29.2,False,5.4524,0.1334,3.0269,0.1842,0.0238,0.111,0.0326
GRID_04749,다사55004725,용산구,서빙고동,248.6,False,2.8381,0.0637,1.573,0.0959,0.0114,0.0573,0.0104
GRID_04750,다사55004750,용산구,동빙고동,140.2,False,3.2882,0.0,1.7888,0.1111,0.0,0.0604,0.0122
GRID_04751,다사55004775,용산구,이태원동,335.5,False,4.5845,0.3697,2.6626,0.1549,0.0659,0.1143,0.0196
GRID_04752,다사55004800,용산구,이태원동,171.6,False,6.263,0.9761,3.8522,0.2116,0.1741,0.1945,0.0378
GRID_04753,다사55004825,용산구,이태원동,4121.9,False,8.3762,1.3098,5.154,0.283,0.2336,0.2605,0.0313
GRID_04754,다사55004850,용산구,이태원동,1411.7,False,4.1913,1.2803,2.8639,0.1416,0.2283,0.1811,0.025
GRID_04755,다사55004875,용산구,이태원동,32.8,False,2.7952,0.8957,1.929,0.0944,0.1597,0.1242,0.0353
GRID_04756,다사55004900,용산구,이태원동,1061.8,False,4.8208,0.2594,2.7408,0.1629,0.0463,0.1097,0.0157
GRID_04757,다사55004925,용산구,이태원동,97.7,False,2.9392,0.0,1.5989,0.0993,0.0,0.054,0.0118
GRID_04758,다사55004950,용산구,이태원동,65.8,False,1.6117,0.0,0.8768,0.0544,0.0,0.0296,0.007
GRID_04759,다사55004975,용산구,이태원동,119.7,False,0.4428,0.0,0.2409,0.015,0.0,0.0081,0.0017
GRID_04760,다사55005000,용산구,용산동2가,14.0,False,0.901,0.0,0.4901,0.0304,0.0,0.0166,0.0061
GRID_04761,다사55005025,중구,예장동,18.8,False,1.2306,0.0,0.6694,0.0416,0.0,0.0226,0.0076
GRID_04762,다사55005050,중구,예장동,48.2,False,0.4333,0.0,0.2357,0.0146,0.0,0.008,0.002
GRID_04763,다사55005075,중구,예장동,131.8,False,0.4682,0.9447,0.6855,0.0158,0.1685,0.0854,0.0175
GRID_04764,다사55005100,중구,예장동,20.8,False,2.047,2.164,2.1003,0.0691,0.3859,0.2136,0.0693
GRID_04765,다사55005125,중구,필동1가,476.3,False,5.8231,3.2834,4.665,0.1967,0.5856,0.374,0.0606
GRID_04766,다사55005150,중구,충무로3가,998.0,False,4.5296,4.1,4.3337,0.153,0.7312,0.4167,0.0603
GRID_04767,다사55005175,중구,초동,1010.0,False,3.5973,4.5619,4.0372,0.1215,0.8136,0.4371,0.0632
GRID_04768,다사55005200,중구,을지로3가,541.9,False,5.2815,4.8142,5.0684,0.1784,0.8586,0.4886,0.0776
GRID_04769,다사55005225,종로구,관수동,1815.6,False,5.9738,4.8794,5.4747,0.2018,0.8702,0.5066,0.0675
GRID_04770,다사55005250,종로구,묘동,1716.5,False,3.7387,4.1038,3.9052,0.1263,0.7319,0.4025,0.054
GRID_04771,다사55005275,종로구,권농동,1291.8,False,1.87,3.1572,2.457,0.0632,0.5631,0.2911,0.0406
GRID_04772,다사55005300,종로구,훈정동,762.5,False,4.9371,2.1293,3.6567,0.1668,0.3798,0.2639,0.0398
GRID_04773,다사55005325,종로구,와룡동,218.0,False,4.008,0.7474,2.5212,0.1354,0.1333,0.1344,0.0249
GRID_04774,다사55005350,종로구,와룡동,74.7,False,0.9278,0.1435,0.5702,0.0313,0.0256,0.0287,0.0066
GRID_04775,다사55005375,종로구,와룡동,54.3,False,0.9871,0.0,0.537,0.0333,0.0,0.0181,0.0045
GRID_04776,다사55005400,종로구,와룡동,0.0,True,1.3489,0.0,0.7338,0.0,0.0,0.0,0.0
GRID_04777,다사55005425,종로구,명륜3가,134.3,False,4.6136,0.0,2.5098,0.1559,0.0,0.0848,0.0173
GRID_04778,다사55005450,종로구,명륜3가,916.5,False,5.7149,0.0,3.1089,0.1931,0.0,0.105,0.0154
GRID_04779,다사55005475,성북구,성북동,2525.5,False,5.287,0.0,2.8761,0.1786,0.0,0.0972,0.0124
GRID_04780,다사55005500,성북구,성북동,35.3,False,4.3906,0.0,2.3885,0.1483,0.0,0.0807,0.0225
GRID_04781,다사55005525,성북구,성북동,498.3,False,2.7317,0.0,1.4861,0.0923,0.0,0.0502,0.0081
GRID_04782,다사55005550,성북구,성북동,13.9,False,2.6173,0.0,1.4238,0.0884,0.0,0.0481,0.0178
GRID_04783,다사55005575,성북구,성북동,35.8,False,1.5892,0.0,0.8645,0.0537,0.0,0.0292,0.0081
GRID_04784,다사55005600,성북구,성북동,10.9,False,0.2218,0.0,0.1207,0.0075,0.0,0.0041,0.0016
GRID_04785,다사55005625,성북구,정릉동,0.0,True,0.0,0.0,0.0,0.0,0.0,0.0,0.0
GRID_04786,다사55005650,성북구,정릉동,28.3,False,0.0712,0.0,0.0387,0.0024,0.0,0.0013,0.0004
GRID_04787,다사55005675,성북구,정릉동,43.5,False,1.1409,0.0,0.6207,0.0385,0.0,0.021,0.0055
GRID_04788,다사55005700,성북구,정릉동,123.4,False,0.8073,0.0,0.4392,0.0273,0.0,0.0148,0.0031
GRID_04789,다사55005725,성북구,정릉동,4.7,False,0.0,0.0,0.0,0.0,0.0,0.0,0.0
GRID_04790,다사55005750,성북구,정릉동,0.0,True,0.0,0.0,0.0,0.0,0.0,0.0,0.0
GRID_04791,다사55005775,성북구,정릉동,0.0,True,0.0,0.0,0.0,0.0,0.0,0.0,0.0
GRID_04792,다사55005800,성북구,정릉동,6.6,False,0.0,0.0,0.0,0.0,0.0,0.0,0.0
GRID_04793,다사55005825,성북구,정릉동,7.7,False,0.0,0.0,0.0,0.0,0.0,0.0,0.0
GRID_04794,다사55005850,성북구,정릉동,0.0,True,0.0,0.0,0.0,0.0,0.0,0.0,0.0
GRID_04795,다사55005875,성북구,정릉동,0.0,True,0.0,0.0,0.0,0.0,0.0,0.0,0.0
GRID_04796,다사55005900,성북구,정릉동,0.0,True,0.0,0.0,0.0,0.0,0.0,0.0,0.0
GRID_04797,다사55005925,강북구,수유동,75.7,False,0.0,0.0,0.0,0.0,0.0,0.0,0.0
GRID_04798,다사55005950,강북구,수유동,0.0,True,0.0,0.0,0.0,0.0,0.0,0.0,0.0
GRID_04799,다사55005975,강북구,수유동,0.0,True,0.0,0.0,0.0,0.0,0.0,0.0,0.0
GRID_04800,다사55006000,강북구,수유동,0.0,True,0.0,0.0,0.0,0.0,0.0,0.0,0.0
GRID_04801,다사55006025,강북구,수유동,0.0,True,0.0,0.0,0.0,0.0,0.0,0.0,0.0
GRID_04802,다사55006050,강북구,수유동,0.0,True,0.0,0.0,0.0,0.0,0.0,0.0,0.0
GRID_04803,다사55006075,강북구,우이동,0.0,True,0.0,0.0,0.0,0.0,0.0,0.0,0.0
GRID_04804,다사55006100,강북구,우이동,0.0,True,0.0,0.0,0.0,0.0,0.0,0.0,0.0
GRID_04805,다사55006125,강북구,우이동,0.0,True,0.0,0.0,0.0,0.0,0.0,0.0,0.0
GRID_04806,다사55006150,강북구,우이동,0.0,True,0.0,0.0,0.0,0.0,0.0,0.0,0.0
GRID_04807,다사55006175,강북구,우이동,20.2,False,0.0,0.0,0.0,0.0,0.0,0.0,0.0
GRID_04808,다사55006200,강북구,우이동,415.8,False,0.0,0.0,0.0,0.0,0.0,0.0,0.0
GRID_04809,다사55006225,강북구,우이동,0.0,True,0.0,0.0,0.0,0.0,0.0,0.0,0.0
GRID_04810,다사55006250,강북구,우이동,0.0,True,0.0,0.0,0.0,0.0,0.0,0.0,0.0
GRID_04811,다사55006275,강북구,우이동,0.0,True,0.0,0.0,0.0,0.0,0.0,0.0,0.0
GRID_04812,다사55006300,강북구,우이동,0.0,True,0.0,0.0,0.0,0.0,0.0,0.0,0.0
GRID_04813,다사55006450,강북구,우이동,0.0,True,0.0,0.0,0.0,0.0,0.0,0.0,0.0
GRID_04814,다사55254025,서초구,방배동,0.0,True,0.0,0.064,0.0292,0.0,0.0,0.0,0.0
GRID_04815,다사55254050,서초구,방배동,0.0,True,0.0,0.0835,0.0381,0.0,0.0,0.0,0.0
GRID_04816,다사55254075,서초구,방배동,0.0,True,0.0,0.0683,0.0312,0.0,0.0,0.0,0.0
GRID_04817,다사55254100,서초구,방배동,11.3,False,0.0,0.0228,0.0104,0.0,0.0041,0.0019,0.0007
GRID_04818,다사55254125,서초구,방배동,64.3,False,0.0991,0.0,0.0539,0.0033,0.0,0.0018,0.0004
GRID_04819,다사55254150,서초구,방배동,168.6,False,2.2286,0.0,1.2124,0.0753,0.0,0.041,0.008
GRID_04820,다사55254175,서초구,방배동,139.7,False,2.4017,0.1361,1.3686,0.0811,0.0243,0.0552,0.0112
GRID_04821,다사55254200,서초구,방배동,328.1,False,0.7344,0.6263,0.6851,0.0248,0.1117,0.0644,0.0111
GRID_04822,다사55254225,서초구,방배동,836.0,False,11.2975,0.9614,6.5842,0.3816,0.1715,0.2858,0.0425
GRID_04823,다사55254250,서초구,방배동,3821.3,False,16.4035,1.2868,9.5103,0.5541,0.2295,0.4061,0.0492
GRID_04824,다사55254275,서초구,방배동,1719.6,False,8.6925,1.4807,5.4039,0.2936,0.2641,0.2802,0.0376
GRID_04825,다사55254300,서초구,방배동,1837.5,False,11.9983,1.3093,7.1241,0.4053,0.2335,0.327,0.0435
GRID_04826,다사55254325,서초구,방배동,42.4,False,11.6469,0.8516,6.7242,0.3934,0.1519,0.2833,0.0751
GRID_04827,다사55254350,서초구,방배동,3561.5,False,4.0726,0.6603,2.5166,0.1376,0.1178,0.1285,0.0157
GRID_04828,다사55254375,서초구,방배동,75.9,False,2.9535,0.3094,1.7478,0.0998,0.0552,0.0794,0.0183
GRID_04829,다사55254400,서초구,반포동,27.6,False,3.3816,0.0,1.8396,0.1142,0.0,0.0621,0.0185
GRID_04830,다사55254425,서초구,반포동,208.1,False,4.1591,0.0891,2.3032,0.1405,0.0159,0.0837,0.0157
GRID_04831,다사55254450,서초구,반포동,126.5,False,4.2793,0.2723,2.4521,0.1446,0.0486,0.1008,0.0208
GRID_04832,다사55254475,서초구,반포동,2252.0,False,5.4699,0.3633,3.1413,0.1848,0.0648,0.1301,0.0168
GRID_04833,다사55254500,서초구,반포동,1246.9,False,4.4603,0.3319,2.5778,0.1507,0.0592,0.109,0.0153
GRID_04834,다사55254525,서초구,반포동,3686.7,False,0.5137,0.2421,0.3898,0.0174,0.0432,0.0291,0.0035
GRID_04835,다사55254550,서초구,반포동,4.0,False,0.0,0.1176,0.0536,0.0,0.021,0.0096,0.0059
GRID_04836,다사55254575,서초구,반포동,267.8,False,0.4295,0.0,0.2336,0.0145,0.0,0.0079,0.0014
GRID_04837,다사55254600,서초구,반포동,170.2,False,0.4902,0.0,0.2667,0.0166,0.0,0.009,0.0018
GRID_04838,다사55254625,서초구,반포동,52.5,False,0.0262,0.0295,0.0277,0.0009,0.0053,0.0029,0.0007
GRID_04839,다사55254650,용산구,서빙고동,49.2,False,0.5298,0.0765,0.3231,0.0179,0.0137,0.016,0.0041
GRID_04840,다사55254675,용산구,서빙고동,142.3,False,2.0963,0.088,1.1805,0.0708,0.0157,0.0457,0.0092
GRID_04841,다사55254700,용산구,동빙고동,2011.2,False,1.8041,0.0607,1.0091,0.0609,0.0108,0.0381,0.005
GRID_04842,다사55254725,용산구,동빙고동,2651.2,False,1.0028,0.0022,0.5465,0.0339,0.0004,0.0186,0.0024
GRID_04843,다사55254750,용산구,동빙고동,9.5,False,1.7387,0.0,0.9459,0.0587,0.0,0.032,0.0136
GRID_04844,다사55254775,용산구,이태원동,131.6,False,4.921,0.4076,2.8629,0.1662,0.0727,0.1236,0.0253
GRID_04845,다사55254800,용산구,이태원동,1090.9,False,8.507,0.8284,5.0056,0.2874,0.1477,0.2237,0.032
GRID_04846,다사55254825,용산구,이태원동,1305.0,False,10.6508,1.1277,6.3083,0.3598,0.2011,0.2874,0.0401
GRID_04847,다사55254850,용산구,이태원동,1107.1,False,6.447,1.1728,4.042,0.2178,0.2092,0.2139,0.0305
GRID_04848,다사55254875,용산구,한남동,627.6,False,3.0358,0.943,2.0815,0.1026,0.1682,0.1325,0.0206
GRID_04849,다사55254900,용산구,이태원동,2552.6,False,7.5077,0.5104,4.3169,0.2536,0.091,0.1795,0.0229
GRID_04850,다사55254925,용산구,이태원동,252.2,False,4.5731,0.1221,2.5435,0.1545,0.0218,0.094,0.017
GRID_04851,다사55254950,용산구,이태원동,21.4,False,0.7071,0.0,0.3846,0.0239,0.0,0.013,0.0042
GRID_04852,다사55254975,용산구,이태원동,15.1,False,0.0,0.0,0.0,0.0,0.0,0.0,0.0
GRID_04853,다사55255000,중구,장충동2가,57.8,False,0.116,0.0,0.0631,0.0039,0.0,0.0021,0.0005
GRID_04854,다사55255025,중구,장충동2가,118.1,False,0.376,0.0,0.2045,0.0127,0.0,0.0069,0.0014
GRID_04855,다사55255050,중구,필동2가,141.7,False,0.0,0.0,0.0,0.0,0.0,0.0,0.0
GRID_04856,다사55255075,중구,필동2가,866.5,False,0.271,0.8265,0.5243,0.0092,0.1474,0.0722,0.0107
GRID_04857,다사55255100,중구,필동2가,383.0,False,1.1951,1.5799,1.3706,0.0404,0.2818,0.1505,0.0253
GRID_04858,다사55255125,중구,필동2가,640.5,False,5.8155,2.6366,4.3659,0.1965,0.4702,0.3213,0.0497
GRID_04859,다사55255150,중구,충무로4가,349.6,False,5.1541,3.7266,4.5031,0.1741,0.6646,0.3978,0.0679
GRID_04860,다사55255175,중구,인현동1가,424.2,False,2.1644,4.3359,3.1546,0.0731,0.7733,0.3924,0.0648
GRID_04861,다사55255200,중구,산림동,470.1,False,4.5331,4.878,4.6904,0.1531,0.87,0.48,0.078
GRID_04862,다사55255225,종로구,장사동,993.1,False,6.837,4.9692,5.9853,0.231,0.8863,0.5298,0.0768
GRID_04863,다사55255250,종로구,훈정동,252.4,False,4.218,4.0738,4.1523,0.1425,0.7266,0.4088,0.0739
GRID_04864,다사55255275,종로구,훈정동,62.0,False,1.5946,2.3637,1.9453,0.0539,0.4216,0.2215,0.0535
GRID_04865,다사55255300,종로구,훈정동,125.2,False,4.1002,1.0956,2.7301,0.1385,0.1954,0.1645,0.034
GRID_04866,다사55255325,종로구,와룡동,156.7,False,5.0344,0.1852,2.8232,0.1701,0.033,0.1076,0.0213
GRID_04867,다사55255350,종로구,와룡동,0.0,True,1.9652,0.4606,1.2791,0.0,0.0,0.0,0.0
GRID_04868,다사55255375,종로구,와룡동,54.2,False,0.6507,0.4942,0.5793,0.022,0.0881,0.0522,0.013
GRID_04869,다사55255400,종로구,명륜3가,637.8,False,2.901,0.2331,1.6844,0.098,0.0416,0.0723,0.0112
GRID_04870,다사55255425,종로구,명륜3가,2415.0,False,7.8084,0.0,4.2478,0.2638,0.0,0.1435,0.0184
GRID_04871,다사55255450,종로구,명륜3가,15.3,False,8.3834,0.0,4.5606,0.2832,0.0,0.1541,0.0552
GRID_04872,다사55255475,성북구,성북동,13.9,False,9.0401,0.0,4.9178,0.3054,0.0,0.1661,0.0615
GRID_04873,다사55255500,성북구,성북동,6.4,False,9.4692,0.0,5.1512,0.3199,0.0,0.174,0.0869
GRID_04874,다사55255525,성북구,성북동,24.5,False,5.5668,0.0,3.0283,0.1881,0.0,0.1023,0.0316
GRID_04875,다사55255550,성북구,성북동,13.0,False,2.969,0.0,1.6151,0.1003,0.0,0.0546,0.0207
GRID_04876,다사55255575,성북구,성북동,120.5,False,0.8283,0.0,0.4506,0.028,0.0,0.0152,0.0032
GRID_04877,다사55255600,성북구,정릉동,11.3,False,0.0,0.0,0.0,0.0,0.0,0.0,0.0
GRID_04878,다사55255625,성북구,정릉동,99.0,False,0.0,0.0,0.0,0.0,0.0,0.0,0.0
GRID_04879,다사55255650,성북구,정릉동,64.8,False,0.5895,0.0,0.3207,0.0199,0.0,0.0108,0.0026
GRID_04880,다사55255675,성북구,정릉동,344.9,False,1.9467,0.0,1.059,0.0658,0.0,0.0358,0.0061
GRID_04881,다사55255700,성북구,정릉동,1476.6,False,1.7229,0.0,0.9373,0.0582,0.0,0.0317,0.0043
GRID_04882,다사55255725,성북구,정릉동,8.9,False,0.2626,0.0,0.1429,0.0089,0.0,0.0048,0.0021
GRID_04883,다사55255750,성북구,정릉동,0.0,True,0.0,0.0,0.0,0.0,0.0,0.0,0.0
GRID_04884,다사55255775,성북구,정릉동,12.5,False,0.0,0.0,0.0,0.0,0.0,0.0,0.0
GRID_04885,다사55255800,성북구,정릉동,58.1,False,0.0,0.0,0.0,0.0,0.0,0.0,0.0
GRID_04886,다사55255825,성북구,정릉동,6.3,False,0.0,0.0,0.0,0.0,0.0,0.0,0.0
GRID_04887,다사55255850,성북구,정릉동,25.6,False,0.0,0.0,0.0,0.0,0.0,0.0,0.0
GRID_04888,다사55255875,성북구,정릉동,0.0,True,0.0,0.0,0.0,0.0,0.0,0.0,0.0
GRID_04889,다사55255900,성북구,정릉동,0.0,True,0.0,0.0,0.0,0.0,0.0,0.0,0.0
GRID_04890,다사55255925,강북구,수유동,0.0,True,0.0,0.0,0.0,0.0,0.0,0.0,0.0
GRID_04891,다사55255950,강북구,수유동,0.0,True,0.0,0.0,0.0,0.0,0.0,0.0,0.0
GRID_04892,다사55255975,강북구,수유동,0.0,True,0.0,0.0,0.0,0.0,0.0,0.0,0.0
GRID_04893,다사55256000,강북구,수유동,0.0,True,0.0,0.0,0.0,0.0,0.0,0.0,0.0
GRID_04894,다사55256025,강북구,수유동,0.0,True,0.0,0.0,0.0,0.0,0.0,0.0,0.0
GRID_04895,다사55256050,강북구,수유동,0.0,True,0.0,0.0,0.0,0.0,0.0,0.0,0.0
GRID_04896,다사55256075,강북구,수유동,0.0,True,0.0,0.0,0.0,0.0,0.0,0.0,0.0
GRID_04897,다사55256100,강북구,우이동,0.0,True,0.0,0.0,0.0,0.0,0.0,0.0,0.0
GRID_04898,다사55256125,강북구,우이동,0.0,True,0.0,0.0,0.0,0.0,0.0,0.0,0.0
GRID_04899,다사55256150,강북구,우이동,0.0,True,0.0,0.0,0.0,0.0,0.0,0.0,0.0
GRID_04900,다사55256175,강북구,우이동,18.4,False,0.0,0.0,0.0,0.0,0.0,0.0,0.0
GRID_04901,다사55256200,강북구,우이동,0.0,True,0.0,0.0,0.0,0.0,0.0,0.0,0.0
GRID_04902,다사55256225,강북구,우이동,0.0,True,0.0,0.0,0.0,0.0,0.0,0.0,0.0
GRID_04903,다사55256250,강북구,우이동,0.0,True,0.0,0.0,0.0,0.0,0.0,0.0,0.0
GRID_04904,다사55256275,강북구,우이동,0.0,True,0.0,0.0,0.0,0.0,0.0,0.0,0.0
GRID_04905,다사55256300,강북구,우이동,0.0,True,0.0,0.0,0.0,0.0,0.0,0.0,0.0
GRID_04906,다사55256325,강북구,우이동,0.0,True,0.0,0.0,0.0,0.0,0.0,0.0,0.0
GRID_04907,다사55256350,강북구,우이동,0.0,True,0.0,0.0,0.0,0.0,0.0,0.0,0.0
GRID_04908,다사55256375,강북구,우이동,0.0,True,0.0,0.0,0.0,0.0,0.0,0.0,0.0
GRID_04909,다사55256400,강북구,우이동,0.0,True,0.0,0.0,0.0,0.0,0.0,0.0,0.0
GRID_04910,다사55256425,강북구,우이동,0.0,True,0.0,0.0,0.0,0.0,0.0,0.0,0.0
GRID_04911,다사55256450,강북구,우이동,0.0,True,0.0,0.0,0.0,0.0,0.0,0.0,0.0
GRID_04912,다사55256475,강북구,우이동,0.0,True,0.0,0.0,0.0,0.0,0.0,0.0,0.0
GRID_04913,다사55504025,서초구,방배동,0.0,True,0.0,0.0,0.0,0.0,0.0,0.0,0.0
GRID_04914,다사55504050,서초구,방배동,0.0,True,0.0,0.0,0.0,0.0,0.0,0.0,0.0
GRID_04915,다사55504075,서초구,방배동,0.0,True,0.0,0.0,0.0,0.0,0.0,0.0,0.0
GRID_04916,다사55504100,서초구,방배동,59.8,False,0.0,0.0,0.0,0.0,0.0,0.0,0.0
GRID_04917,다사55504125,서초구,방배동,232.5,False,0.0349,0.0,0.019,0.0012,0.0,0.0006,0.0001
GRID_04918,다사55504150,서초구,방배동,34.8,False,0.8234,0.0,0.4479,0.0278,0.0,0.0151,0.0042
GRID_04919,다사55504175,서초구,방배동,82.0,False,2.1944,0.1978,1.284,0.0741,0.0353,0.0564,0.0128
GRID_04920,다사55504200,서초구,방배동,116.9,False,4.4077,0.7039,2.7188,0.1489,0.1255,0.1382,0.029
GRID_04921,다사55504225,서초구,방배동,10.9,False,15.0359,1.0498,8.6582,0.5079,0.1872,0.3617,0.146
GRID_04922,다사55504250,서초구,방배동,867.3,False,18.3387,1.2107,10.5283,0.6195,0.2159,0.4355,0.0644
GRID_04923,다사55504275,서초구,방배동,1550.2,False,8.0212,1.3609,4.9841,0.271,0.2427,0.2581,0.0351
GRID_04924,다사55504300,서초구,방배동,2809.8,False,4.3052,1.1536,2.8681,0.1454,0.2057,0.1729,0.0218
GRID_04925,다사55504325,서초구,방배동,530.6,False,4.1035,0.6388,2.5236,0.1386,0.1139,0.1274,0.0203
GRID_04926,다사55504350,서초구,방배동,395.0,False,1.2024,0.4493,0.859,0.0406,0.0801,0.0586,0.0098
GRID_04927,다사55504375,서초구,방배동,817.3,False,1.5969,0.1343,0.9299,0.0539,0.024,0.0403,0.006
GRID_04928,다사55504400,서초구,반포동,1163.0,False,3.4593,0.0,1.8818,0.1169,0.0,0.0636,0.009
GRID_04929,다사55504425,서초구,반포동,3197.3,False,4.3448,0.0771,2.3988,0.1468,0.0138,0.0861,0.0107
GRID_04930,다사55504450,서초구,반포동,675.9,False,3.628,0.3748,2.1445,0.1226,0.0668,0.0971,0.0149
GRID_04931,다사55504475,서초구,반포동,1599.8,False,4.8833,1.2672,3.2344,0.165,0.226,0.1928,0.0261
GRID_04932,다사55504500,서초구,반포동,2348.9,False,5.0462,1.8007,3.5663,0.1705,0.3212,0.2392,0.0308
GRID_04933,다사55504525,서초구,반포동,2166.4,False,2.1414,1.4866,1.8428,0.0723,0.2651,0.1602,0.0209
GRID_04934,다사55504550,서초구,반포동,1971.7,False,0.6652,0.6277,0.6481,0.0225,0.1119,0.0633,0.0083
GRID_04935,다사55504575,서초구,반포동,317.5,False,0.7339,0.0,0.3992,0.0248,0.0,0.0135,0.0023
GRID_04936,다사55504600,서초구,반포동,491.7,False,0.7926,0.0,0.4312,0.0268,0.0,0.0146,0.0023
GRID_04937,다사55504625,서초구,반포동,8.1,False,0.1482,0.0,0.0806,0.005,0.0,0.0027,0.0012
GRID_04938,다사55504650,용산구,동빙고동,0.0,True,0.256,0.0,0.1393,0.0,0.0,0.0,0.0
GRID_04939,다사55504675,용산구,동빙고동,17.2,False,1.6106,0.0,0.8761,0.0544,0.0,0.0296,0.0102
GRID_04940,다사55504700,용산구,주성동,789.0,False,1.4072,0.0,0.7655,0.0475,0.0,0.0259,0.0039
GRID_04941,다사55504725,용산구,주성동,26.5,False,0.616,0.0,0.3351,0.0208,0.0,0.0113,0.0034
GRID_04942,다사55504750,용산구,보광동,1461.0,False,2.1772,0.0,1.1844,0.0735,0.0,0.04,0.0055
GRID_04943,다사55504775,용산구,보광동,1097.9,False,4.76,0.2681,2.7117,0.1608,0.0478,0.1093,0.0156
GRID_04944,다사55504800,용산구,보광동,246.7,False,5.2914,0.6605,3.1797,0.1788,0.1178,0.151,0.0274
GRID_04945,다사55504825,용산구,한남동,773.0,False,7.2453,0.9246,4.3631,0.2448,0.1649,0.2083,0.0313
GRID_04946,다사55504850,용산구,한남동,1811.2,False,4.8298,1.124,3.14,0.1632,0.2005,0.1802,0.024
GRID_04947,다사55504875,용산구,한남동,162.9,False,3.5259,1.0088,2.3781,0.1191,0.1799,0.1468,0.0288
GRID_04948,다사55504900,용산구,한남동,559.5,False,6.6364,0.6099,3.8883,0.2242,0.1088,0.1716,0.0271
GRID_04949,다사55504925,용산구,이태원동,0.0,True,3.7575,0.3357,2.1971,0.0,0.0,0.0,0.0
GRID_04950,다사55504950,용산구,한남동,21.7,False,0.1538,0.1304,0.1431,0.0052,0.0233,0.0134,0.0043
GRID_04951,다사55504975,용산구,한남동,85.1,False,0.0,0.0,0.0,0.0,0.0,0.0,0.0
GRID_04952,다사55505000,중구,장충동2가,66.9,False,0.4391,0.0,0.2389,0.0148,0.0,0.0081,0.0019
GRID_04953,다사55505025,중구,장충동2가,43.1,False,0.7749,0.0,0.4215,0.0262,0.0,0.0142,0.0038
GRID_04954,다사55505050,중구,장충동2가,99.0,False,0.0842,0.0,0.0458,0.0028,0.0,0.0015,0.0003
GRID_04955,다사55505075,중구,장충동2가,365.3,False,0.0,0.5967,0.2721,0.0,0.1064,0.0485,0.0082
GRID_04956,다사55505100,중구,장충동2가,458.8,False,0.0,1.3937,0.6355,0.0,0.2486,0.1133,0.0185
GRID_04957,다사55505125,중구,필동3가,793.3,False,2.5661,1.9561,2.288,0.0867,0.3489,0.2062,0.0309
GRID_04958,다사55505150,중구,충무로4가,558.0,False,3.2346,3.1001,3.1733,0.1093,0.5529,0.3116,0.0493
GRID_04959,다사55505175,중구,인현동2가,765.4,False,3.4811,3.6246,3.5465,0.1176,0.6464,0.3587,0.054
GRID_04960,다사55505200,중구,산림동,397.0,False,5.8569,3.9299,4.9782,0.1979,0.7009,0.4272,0.0714
GRID_04961,다사55505225,종로구,예지동,63.3,False,9.4203,4.0191,6.9574,0.3182,0.7168,0.5,0.1201
GRID_04962,다사55505250,종로구,인의동,633.5,False,6.7288,3.1593,5.1011,0.2273,0.5635,0.3806,0.059
GRID_04963,다사55505275,종로구,인의동,894.3,False,3.8819,1.7931,2.9294,0.1311,0.3198,0.2172,0.0319
GRID_04964,다사55505300,종로구,원남동,550.4,False,8.9057,0.5398,5.0908,0.3008,0.0963,0.2076,0.0329
GRID_04965,다사55505325,종로구,연건동,674.7,False,9.2667,0.7638,5.3894,0.313,0.1362,0.2324,0.0357
GRID_04966,다사55505350,종로구,연건동,512.5,False,5.1159,1.1541,3.3093,0.1728,0.2058,0.1879,0.0301
GRID_04967,다사55505375,종로구,명륜3가,99.1,False,3.0574,1.1952,2.2082,0.1033,0.2132,0.1534,0.0333
GRID_04968,다사55505400,종로구,명륜2가,2746.1,False,4.9038,0.8758,3.067,0.1657,0.1562,0.1613,0.0204
GRID_04969,다사55505425,종로구,명륜1가,14.4,False,8.2243,0.3109,4.6158,0.2778,0.0554,0.1764,0.0645
GRID_04970,다사55505450,종로구,명륜1가,1460.9,False,6.8961,0.0008,3.7519,0.233,0.0001,0.1268,0.0174
GRID_04971,다사55505475,종로구,명륜1가,8.0,False,7.4558,0.0,4.056,0.2519,0.0,0.137,0.0624
GRID_04972,다사55505500,성북구,성북동,107.4,False,9.8983,0.0,5.3847,0.3344,0.0,0.1819,0.0388
GRID_04973,다사55505525,성북구,성북동,474.6,False,5.2285,0.0,2.8443,0.1766,0.0,0.0961,0.0156
GRID_04974,다사55505550,성북구,성북동,11.2,False,1.7457,0.0,0.9497,0.059,0.0,0.0321,0.0128
GRID_04975,다사55505575,성북구,성북동,192.6,False,0.0,0.0,0.0,0.0,0.0,0.0,0.0
GRID_04976,다사55505600,성북구,정릉동,71.9,False,0.0,0.0,0.0,0.0,0.0,0.0,0.0
GRID_04977,다사55505625,성북구,정릉동,1627.1,False,0.0536,0.0,0.0292,0.0018,0.0,0.001,0.0001
GRID_04978,다사55505650,성북구,정릉동,459.6,False,1.227,0.0,0.6675,0.0414,0.0,0.0225,0.0037
GRID_04979,다사55505675,성북구,정릉동,55.4,False,3.3369,0.0,1.8153,0.1127,0.0,0.0613,0.0152
GRID_04980,다사55505700,성북구,정릉동,857.7,False,3.2301,0.0,1.7572,0.1091,0.0,0.0594,0.0088
GRID_04981,다사55505725,성북구,정릉동,0.0,True,2.6439,0.0,1.4383,0.0,0.0,0.0,0.0
GRID_04982,다사55505750,성북구,정릉동,0.0,True,1.8558,0.0,1.0095,0.0,0.0,0.0,0.0
GRID_04983,다사55505775,성북구,정릉동,1696.7,False,0.8551,0.0,0.4651,0.0289,0.0,0.0157,0.0021
GRID_04984,다사55505800,성북구,정릉동,0.0,True,0.0,0.0,0.0,0.0,0.0,0.0,0.0
GRID_04985,다사55505825,성북구,정릉동,0.0,True,0.0,0.0,0.0,0.0,0.0,0.0,0.0
GRID_04986,다사55505850,성북구,정릉동,0.0,True,0.0,0.0,0.0,0.0,0.0,0.0,0.0
GRID_04987,다사55505875,성북구,정릉동,0.0,True,0.0,0.0,0.0,0.0,0.0,0.0,0.0
GRID_04988,다사55505900,강북구,수유동,0.0,True,0.0,0.0,0.0,0.0,0.0,0.0,0.0
GRID_04989,다사55505925,강북구,수유동,0.0,True,0.0,0.0,0.0,0.0,0.0,0.0,0.0
GRID_04990,다사55505950,강북구,수유동,0.0,True,0.0,0.0,0.0,0.0,0.0,0.0,0.0
GRID_04991,다사55505975,강북구,수유동,0.0,True,0.0,0.0,0.0,0.0,0.0,0.0,0.0
GRID_04992,다사55506000,강북구,수유동,0.0,True,0.0,0.0,0.0,0.0,0.0,0.0,0.0
GRID_04993,다사55506025,강북구,수유동,7.9,False,0.0,0.0,0.0,0.0,0.0,0.0,0.0
GRID_04994,다사55506050,강북구,수유동,5.3,False,0.0,0.0,0.0,0.0,0.0,0.0,0.0
GRID_04995,다사55506075,강북구,수유동,0.0,True,0.0,0.0,0.0,0.0,0.0,0.0,0.0
GRID_04996,다사55506100,강북구,수유동,0.0,True,0.0,0.0,0.0,0.0,0.0,0.0,0.0
GRID_04997,다사55506125,강북구,우이동,0.0,True,0.0,0.0,0.0,0.0,0.0,0.0,0.0
GRID_04998,다사55506150,강북구,우이동,0.0,True,0.0,0.0,0.0,0.0,0.0,0.0,0.0
GRID_04999,다사55506175,강북구,우이동,24.3,False,0.0,0.0,0.0,0.0,0.0,0.0,0.0
GRID_05000,다사55506200,강북구,우이동,0.0,True,0.0,0.0,0.0,0.0,0.0,0.0,0.0
GRID_05001,다사55506225,강북구,우이동,0.0,True,0.0,0.0,0.0,0.0,0.0,0.0,0.0
GRID_05002,다사55506250,강북구,우이동,0.0,True,0.0,0.0,0.0,0.0,0.0,0.0,0.0
GRID_05003,다사55506275,강북구,우이동,0.0,True,0.0,0.0,0.0,0.0,0.0,0.0,0.0
GRID_05004,다사55506300,강북구,우이동,0.0,True,0.0,0.0,0.0,0.0,0.0,0.0,0.0
GRID_05005,다사55506325,강북구,우이동,0.0,True,0.0,0.0,0.0,0.0,0.0,0.0,0.0
GRID_05006,다사55506350,강북구,우이동,0.0,True,0.0,0.0,0.0,0.0,0.0,0.0,0.0
GRID_05007,다사55506375,강북구,우이동,0.0,True,0.0,0.0,0.0,0.0,0.0,0.0,0.0
GRID_05008,다사55506400,강북구,우이동,0.0,True,0.0,0.0,0.0,0.0,0.0,0.0,0.0
GRID_05009,다사55506425,강북구,우이동,0.0,True,0.0,0.0,0.0,0.0,0.0,0.0,0.0
GRID_05010,다사55506450,강북구,우이동,0.0,True,0.0,0.0,0.0,0.0,0.0,0.0,0.0
GRID_05011,다사55506475,강북구,우이동,0.0,True,0.0,0.0,0.0,0.0,0.0,0.0,0.0
GRID_05012,다사55506500,강북구,우이동,0.0,True,0.0,0.0,0.0,0.0,0.0,0.0,0.0
GRID_05013,다사55754075,서초구,방배동,0.0,True,0.0,0.0,0.0,0.0,0.0,0.0,0.0
GRID_05014,다사55754100,서초구,방배동,65.9,False,0.0,0.0,0.0,0.0,0.0,0.0,0.0
GRID_05015,다사55754125,서초구,방배동,0.0,True,0.0,0.0,0.0,0.0,0.0,0.0,0.0
GRID_05016,다사55754150,서초구,방배동,0.0,True,1.2517,0.0,0.6809,0.0,0.0,0.0,0.0
GRID_05017,다사55754175,서초구,방배동,1900.3,False,3.8334,0.0719,2.1182,0.1295,0.0128,0.0763,0.0101
GRID_05018,다사55754200,서초구,방배동,4691.8,False,5.8996,0.5457,3.4583,0.1993,0.0973,0.1528,0.0181
GRID_05019,다사55754225,서초구,방배동,263.9,False,7.5071,0.8696,4.4804,0.2536,0.1551,0.2087,0.0374
GRID_05020,다사55754250,서초구,방배동,618.1,False,9.6581,0.958,5.6909,0.3263,0.1709,0.2554,0.0397
GRID_05021,다사55754275,서초구,서초동,0.0,True,3.5945,0.8513,2.3436,0.0,0.0,0.0,0.0
GRID_05022,다사55754300,서초구,방배동,6.7,False,0.6302,0.6324,0.6312,0.0213,0.1128,0.063,0.0309
GRID_05023,다사55754325,서초구,서초동,0.0,True,1.3643,0.4205,0.934,0.0,0.0,0.0,0.0
GRID_05024,다사55754350,서초구,서초동,16.0,False,0.5005,0.4815,0.4918,0.0169,0.0859,0.0484,0.0171
GRID_05025,다사55754375,서초구,반포동,1090.5,False,0.1272,0.3686,0.2373,0.0043,0.0657,0.0323,0.0046
GRID_05026,다사55754400,서초구,반포동,555.2,False,1.4042,0.1543,0.8343,0.0474,0.0275,0.0384,0.0061
GRID_05027,다사55754425,서초구,반포동,2432.6,False,2.5644,0.1721,1.4735,0.0866,0.0307,0.0611,0.0078
GRID_05028,다사55754450,서초구,반포동,548.9,False,2.1254,1.332,1.7636,0.0718,0.2376,0.1474,0.0234
GRID_05029,다사55754475,서초구,반포동,2079.2,False,2.2577,2.7972,2.5037,0.0763,0.4989,0.269,0.0352
GRID_05030,다사55754500,서초구,반포동,2960.5,False,7.8302,3.4347,5.8259,0.2645,0.6126,0.4232,0.0529
GRID_05031,다사55754525,서초구,잠원동,1234.8,False,7.8878,3.0727,5.6921,0.2665,0.548,0.3948,0.0555
GRID_05032,다사55754550,서초구,잠원동,1270.2,False,1.3151,1.8094,1.5405,0.0444,0.3227,0.1713,0.024
GRID_05033,다사55754575,서초구,잠원동,149.4,False,0.4078,0.4575,0.4305,0.0138,0.0816,0.0447,0.0089
GRID_05034,다사55754600,서초구,잠원동,0.0,True,0.3385,0.0,0.1841,0.0,0.0,0.0,0.0
GRID_05035,다사55754625,서초구,잠원동,0.0,True,0.0,0.0,0.0,0.0,0.0,0.0,0.0
GRID_05036,다사55754650,서초구,잠원동,0.0,True,0.0,0.0,0.0,0.0,0.0,0.0,0.0
GRID_05037,다사55754675,용산구,주성동,5.0,False,0.3192,0.0,0.1736,0.0108,0.0,0.0059,0.0033
GRID_05038,다사55754700,용산구,주성동,6.6,False,0.452,0.0,0.2459,0.0153,0.0,0.0083,0.0041
GRID_05039,다사55754725,용산구,보광동,394.3,False,1.0538,0.0,0.5733,0.0356,0.0,0.0194,0.0032
GRID_05040,다사55754750,용산구,보광동,40.8,False,2.3235,0.0,1.264,0.0785,0.0,0.0427,0.0114
GRID_05041,다사55754775,용산구,보광동,242.9,False,2.0548,0.0308,1.1318,0.0694,0.0055,0.0403,0.0073
GRID_05042,다사55754800,용산구,보광동,266.5,False,1.1356,0.3101,0.7592,0.0384,0.0553,0.0461,0.0082
GRID_05043,다사55754825,용산구,한남동,548.0,False,1.9689,0.6243,1.3558,0.0665,0.1113,0.087,0.0138
GRID_05044,다사55754850,용산구,한남동,1040.2,False,3.0375,0.8492,2.0397,0.1026,0.1515,0.1249,0.018
GRID_05045,다사55754875,용산구,한남동,30.6,False,2.4976,0.7872,1.7176,0.0844,0.1404,0.1099,0.0318
GRID_05046,다사55754900,용산구,한남동,109.2,False,5.8099,0.5702,3.4206,0.1963,0.1017,0.1531,0.0326
GRID_05047,다사55754925,용산구,한남동,113.0,False,4.2645,0.4533,2.5266,0.1441,0.0809,0.1152,0.0243
GRID_05048,다사55754950,용산구,한남동,747.2,False,1.1541,0.2818,0.7564,0.039,0.0503,0.0441,0.0067
GRID_05049,다사55754975,용산구,한남동,19.1,False,0.4403,0.0882,0.2798,0.0149,0.0157,0.0153,0.0051
GRID_05050,다사55755000,용산구,한남동,94.6,False,0.8998,0.0827,0.5272,0.0304,0.0147,0.0233,0.0051
GRID_05051,다사55755025,중구,장충동2가,527.3,False,1.3246,0.0383,0.738,0.0447,0.0068,0.0275,0.0044
GRID_05052,다사55755050,중구,장충동2가,97.9,False,0.5113,0.1124,0.3294,0.0173,0.02,0.0185,0.004
GRID_05053,다사55755075,중구,장충동2가,25.6,False,0.0,0.394,0.1796,0.0,0.0703,0.032,0.0098
GRID_05054,다사55755100,중구,장충동2가,498.2,False,1.4213,1.0919,1.2711,0.048,0.1947,0.1149,0.0185
GRID_05055,다사55755125,중구,묵정동,132.6,False,2.7266,1.8319,2.3187,0.0921,0.3267,0.1991,0.0407
GRID_05056,다사55755150,중구,충무로5가,803.7,False,3.323,2.5016,2.9485,0.1123,0.4462,0.2645,0.0395
GRID_05057,다사55755175,중구,오장동,178.4,False,5.5852,2.9377,4.3779,0.1887,0.5239,0.3415,0.0658
GRID_05058,다사55755200,중구,주교동,852.4,False,8.4735,2.9398,5.9502,0.2862,0.5243,0.3948,0.0585
GRID_05059,다사55755225,종로구,예지동,721.5,False,12.8126,2.5442,8.1302,0.4328,0.4538,0.4424,0.0672
GRID_05060,다사55755250,종로구,연지동,733.2,False,10.7618,1.9188,6.7294,0.3636,0.3422,0.3538,0.0536
GRID_05061,다사55755275,종로구,연지동,838.3,False,8.6847,0.9665,5.1652,0.2934,0.1724,0.2382,0.0354
GRID_05062,다사55755300,종로구,연건동,5767.0,False,11.7191,0.8633,6.7689,0.3959,0.154,0.2856,0.033
GRID_05063,다사55755325,종로구,연건동,625.3,False,9.9894,1.1373,5.9528,0.3375,0.2028,0.2761,0.0429
GRID_05064,다사55755350,종로구,연건동,925.3,False,7.0575,1.5703,4.5553,0.2384,0.2801,0.2574,0.0377
GRID_05065,다사55755375,종로구,명륜4가,2108.5,False,8.8978,1.6421,5.5892,0.3006,0.2929,0.2971,0.0388
GRID_05066,다사55755400,종로구,명륜2가,16.4,False,9.7295,1.5906,6.0182,0.3287,0.2837,0.3082,0.1079
GRID_05067,다사55755425,종로구,혜화동,2067.6,False,7.2288,1.0875,4.4284,0.2442,0.194,0.2213,0.029
GRID_05068,다사55755450,종로구,혜화동,737.3,False,3.8689,0.4488,2.3094,0.1307,0.08,0.1076,0.0163
GRID_05069,다사55755475,종로구,혜화동,616.3,False,3.6442,0.233,2.0887,0.1231,0.0416,0.0859,0.0134
GRID_05070,다사55755500,성북구,성북동,458.3,False,4.3006,0.0,2.3395,0.1453,0.0,0.079,0.0129
GRID_05071,다사55755525,성북구,성북동,12.1,False,2.3543,0.0,1.2808,0.0795,0.0,0.0433,0.0168
GRID_05072,다사55755550,성북구,성북동,208.3,False,0.2641,0.0,0.1437,0.0089,0.0,0.0049,0.0009
GRID_05073,다사55755575,성북구,성북동,24.0,False,0.0934,0.0,0.0508,0.0032,0.0,0.0017,0.0005
GRID_05074,다사55755600,성북구,정릉동,7.4,False,0.0,0.0,0.0,0.0,0.0,0.0,0.0
GRID_05075,다사55755625,성북구,정릉동,364.7,False,0.5828,0.0,0.3171,0.0197,0.0,0.0107,0.0018
GRID_05076,다사55755650,성북구,정릉동,480.6,False,2.6665,0.0,1.4506,0.0901,0.0,0.049,0.0079
GRID_05077,다사55755675,성북구,정릉동,273.6,False,3.7266,0.039,2.045,0.1259,0.007,0.0717,0.0128
GRID_05078,다사55755700,성북구,정릉동,88.7,False,4.4683,0.0587,2.4575,0.1509,0.0105,0.0869,0.0193
GRID_05079,다사55755725,성북구,정릉동,306.4,False,5.423,0.0124,2.9558,0.1832,0.0022,0.1007,0.0176
GRID_05080,다사55755750,성북구,정릉동,309.9,False,4.9233,0.0,2.6783,0.1663,0.0,0.0905,0.0158
GRID_05081,다사55755775,성북구,정릉동,13.3,False,1.6333,0.0,0.8885,0.0552,0.0,0.03,0.0113
GRID_05082,다사55755800,성북구,정릉동,16.9,False,0.0,0.0,0.0,0.0,0.0,0.0,0.0
GRID_05083,다사55755825,성북구,정릉동,0.0,True,0.0,0.0,0.0,0.0,0.0,0.0,0.0
GRID_05084,다사55755850,강북구,수유동,0.0,True,0.0,0.0,0.0,0.0,0.0,0.0,0.0
GRID_05085,다사55755875,강북구,수유동,13.6,False,0.0,0.0,0.0,0.0,0.0,0.0,0.0
GRID_05086,다사55755900,강북구,수유동,4.7,False,0.0,0.0,0.0,0.0,0.0,0.0,0.0
GRID_05087,다사55755925,강북구,수유동,12.9,False,0.0,0.0,0.0,0.0,0.0,0.0,0.0
GRID_05088,다사55755950,강북구,수유동,9.9,False,0.0,0.0,0.0,0.0,0.0,0.0,0.0
GRID_05089,다사55755975,강북구,수유동,12.8,False,0.0,0.0,0.0,0.0,0.0,0.0,0.0
GRID_05090,다사55756000,강북구,수유동,58.2,False,0.3181,0.0,0.173,0.0107,0.0,0.0058,0.0014
GRID_05091,다사55756025,강북구,수유동,5.4,False,1.072,0.0,0.5831,0.0362,0.0,0.0197,0.0106
GRID_05092,다사55756050,강북구,수유동,8.1,False,0.9729,0.0,0.5292,0.0329,0.0,0.0179,0.0081
GRID_05093,다사55756075,강북구,수유동,14.7,False,0.0,0.0,0.0,0.0,0.0,0.0,0.0
GRID_05094,다사55756100,강북구,수유동,0.0,True,0.0,0.0,0.0,0.0,0.0,0.0,0.0
GRID_05095,다사55756125,강북구,우이동,0.0,True,0.0,0.0,0.0,0.0,0.0,0.0,0.0
GRID_05096,다사55756150,강북구,우이동,0.0,True,0.0,0.0,0.0,0.0,0.0,0.0,0.0
GRID_05097,다사55756175,강북구,우이동,54.7,False,0.0,0.0,0.0,0.0,0.0,0.0,0.0
GRID_05098,다사55756200,강북구,우이동,14.3,False,0.0,0.0,0.0,0.0,0.0,0.0,0.0
GRID_05099,다사55756225,강북구,우이동,0.0,True,0.0,0.0,0.0,0.0,0.0,0.0,0.0
GRID_05100,다사55756250,강북구,우이동,0.0,True,0.0,0.0,0.0,0.0,0.0,0.0,0.0
GRID_05101,다사55756275,강북구,우이동,0.0,True,0.0,0.0,0.0,0.0,0.0,0.0,0.0
GRID_05102,다사55756300,강북구,우이동,7.0,False,0.0,0.0,0.0,0.0,0.0,0.0,0.0
GRID_05103,다사55756325,강북구,우이동,0.0,True,0.0,0.0,0.0,0.0,0.0,0.0,0.0
GRID_05104,다사55756350,강북구,우이동,8.0,False,0.0,0.0,0.0,0.0,0.0,0.0,0.0
GRID_05105,다사55756375,강북구,우이동,0.0,True,0.0,0.0,0.0,0.0,0.0,0.0,0.0
GRID_05106,다사55756400,강북구,우이동,0.0,True,0.0,0.0,0.0,0.0,0.0,0.0,0.0
GRID_05107,다사55756425,강북구,우이동,0.0,True,0.0,0.0,0.0,0.0,0.0,0.0,0.0
GRID_05108,다사55756450,강북구,우이동,11.0,False,0.0,0.0,0.0,0.0,0.0,0.0,0.0
GRID_05109,다사55756475,강북구,우이동,9.8,False,0.0,0.0,0.0,0.0,0.0,0.0,0.0
GRID_05110,다사55756500,강북구,우이동,0.0,True,0.0,0.0,0.0,0.0,0.0,0.0,0.0
GRID_05111,다사56004050,서초구,우면동,0.0,True,0.0,0.0,0.0,0.0,0.0,0.0,0.0
GRID_05112,다사56004075,서초구,우면동,0.0,True,0.0,0.0,0.0,0.0,0.0,0.0,0.0
GRID_05113,다사56004100,서초구,방배동,32.5,False,0.0,0.0,0.0,0.0,0.0,0.0,0.0
GRID_05114,다사56004125,서초구,방배동,0.0,True,0.0,0.0,0.0,0.0,0.0,0.0,0.0
GRID_05115,다사56004150,서초구,방배동,0.0,True,0.4922,0.0,0.2677,0.0,0.0,0.0,0.0
GRID_05116,다사56004175,서초구,방배동,7.5,False,1.8758,0.0,1.0204,0.0634,0.0,0.0345,0.0161
GRID_05117,다사56004200,서초구,방배동,63.4,False,3.6368,0.1954,2.0675,0.1229,0.0348,0.0827,0.0199
GRID_05118,다사56004225,서초구,방배동,651.7,False,4.2428,0.4704,2.5226,0.1433,0.0839,0.1162,0.0179
GRID_05119,다사56004250,서초구,방배동,2229.9,False,10.3482,0.5455,5.8782,0.3496,0.0973,0.2345,0.0304
GRID_05120,다사56004275,서초구,서초동,51.6,False,8.9064,0.3998,5.0274,0.3009,0.0713,0.1962,0.0495
GRID_05121,다사56004300,서초구,서초동,2167.4,False,2.8048,0.2562,1.6426,0.0948,0.0457,0.0724,0.0094
GRID_05122,다사56004325,서초구,서초동,20.3,False,3.7407,0.6143,2.3151,0.1264,0.1096,0.1187,0.0388
GRID_05123,다사56004350,서초구,서초동,263.8,False,4.516,0.8585,2.8482,0.1526,0.1531,0.1528,0.0274
GRID_05124,다사56004375,서초구,서초동,47.4,False,2.6406,0.8491,1.8236,0.0892,0.1514,0.1176,0.0303
GRID_05125,다사56004400,서초구,서초동,46.7,False,2.5568,0.5885,1.6593,0.0864,0.105,0.0948,0.0245
GRID_05126,다사56004425,서초구,반포동,339.7,False,2.6595,0.5601,1.7022,0.0898,0.0999,0.0944,0.0162
GRID_05127,다사56004450,서초구,반포동,646.6,False,2.6873,1.9775,2.3636,0.0908,0.3527,0.2102,0.0325
GRID_05128,다사56004475,서초구,반포동,1796.9,False,3.7678,3.5581,3.6722,0.1273,0.6346,0.3586,0.0479
GRID_05129,다사56004500,서초구,반포동,11576.0,False,12.2306,4.2499,8.5914,0.4132,0.758,0.5704,0.061
GRID_05130,다사56004525,서초구,잠원동,2160.3,False,12.3005,3.9238,8.4807,0.4155,0.6998,0.5452,0.071
GRID_05131,다사56004550,서초구,잠원동,2143.3,False,3.2893,2.6488,2.9973,0.1111,0.4724,0.2759,0.036
GRID_05132,다사56004575,서초구,잠원동,1067.2,False,1.4839,1.0012,1.2638,0.0501,0.1786,0.1087,0.0156
GRID_05133,다사56004600,서초구,잠원동,352.5,False,1.2372,0.1092,0.7228,0.0418,0.0195,0.0316,0.0054
GRID_05134,다사56004625,서초구,잠원동,0.0,True,0.0883,0.0459,0.069,0.0,0.0,0.0,0.0
GRID_05135,다사56004650,서초구,잠원동,0.0,True,0.0,0.0,0.0,0.0,0.0,0.0,0.0
GRID_05136,다사56004675,서초구,잠원동,0.0,True,0.0,0.0,0.0,0.0,0.0,0.0,0.0
GRID_05137,다사56004700,용산구,보광동,0.0,True,0.2098,0.0,0.1141,0.0,0.0,0.0,0.0
GRID_05138,다사56004725,용산구,보광동,351.8,False,0.7199,0.0487,0.4138,0.0243,0.0087,0.0172,0.0029
GRID_05139,다사56004750,용산구,보광동,285.7,False,1.1814,0.1572,0.7144,0.0399,0.028,0.0345,0.0061
GRID_05140,다사56004775,용산구,보광동,687.7,False,0.8668,0.2034,0.5643,0.0293,0.0363,0.0325,0.005
GRID_05141,다사56004800,용산구,한남동,379.2,False,2.0586,0.1745,1.1994,0.0695,0.0311,0.052,0.0088
GRID_05142,다사56004825,용산구,한남동,1773.6,False,1.8749,0.2141,1.1176,0.0633,0.0382,0.0519,0.0069
GRID_05143,다사56004850,용산구,한남동,845.3,False,2.8283,0.3814,1.7125,0.0955,0.068,0.083,0.0123
GRID_05144,다사56004875,용산구,한남동,1058.2,False,2.6026,0.5364,1.6604,0.0879,0.0957,0.0914,0.0131
GRID_05145,다사56004900,용산구,한남동,820.0,False,5.0077,0.559,2.9791,0.1692,0.0997,0.1375,0.0205
GRID_05146,다사56004925,용산구,한남동,430.9,False,4.8661,0.4945,2.8727,0.1644,0.0882,0.1296,0.0214
GRID_05147,다사56004950,용산구,한남동,201.3,False,1.4436,0.3503,0.9451,0.0488,0.0625,0.055,0.0104
GRID_05148,다사56004975,용산구,한남동,17.1,False,1.3861,0.1721,0.8325,0.0468,0.0307,0.0395,0.0136
GRID_05149,다사56005000,용산구,한남동,21.9,False,1.0314,0.1656,0.6366,0.0348,0.0295,0.0324,0.0104
GRID_05150,다사56005025,중구,장충동2가,559.4,False,0.6929,0.3363,0.5303,0.0234,0.06,0.0401,0.0063
GRID_05151,다사56005050,중구,장충동2가,353.6,False,0.2336,0.7329,0.4613,0.0079,0.1307,0.0639,0.0109
GRID_05152,다사56005075,중구,장충동2가,389.4,False,1.1168,0.9542,1.0426,0.0377,0.1702,0.0981,0.0164
GRID_05153,다사56005100,중구,장충동2가,255.1,False,4.4318,0.9887,2.8617,0.1497,0.1763,0.1619,0.0292
GRID_05154,다사56005125,중구,장충동2가,762.4,False,4.9537,1.6348,3.4403,0.1673,0.2916,0.224,0.0337
GRID_05155,다사56005150,중구,쌍림동,320.9,False,4.7838,2.59,3.7834,0.1616,0.4619,0.2985,0.0517
GRID_05156,다사56005175,중구,광희동1가,1438.9,False,6.6619,3.2231,5.0938,0.225,0.5748,0.3846,0.0529
GRID_05157,다사56005200,중구,을지로5가,214.7,False,7.2871,3.6714,5.6383,0.2462,0.6548,0.4325,0.0805
GRID_05158,다사56005225,종로구,종로5가,117.5,False,10.0069,3.3608,6.9763,0.338,0.5994,0.4572,0.0958
GRID_05159,다사56005250,종로구,효제동,737.6,False,10.0049,2.2311,6.46,0.338,0.3979,0.3653,0.0553
GRID_05160,다사56005275,종로구,효제동,984.1,False,9.5933,1.409,5.8613,0.3241,0.2513,0.2909,0.0422
GRID_05161,다사56005300,종로구,이화동,908.5,False,9.5818,0.8924,5.6194,0.3237,0.1592,0.2487,0.0365
GRID_05162,다사56005325,종로구,동숭동,958.6,False,6.1683,1.1613,3.8851,0.2084,0.2071,0.2078,0.0303
GRID_05163,다사56005350,종로구,동숭동,2977.1,False,5.1678,1.597,3.5395,0.1746,0.2848,0.2249,0.0281
GRID_05164,다사56005375,종로구,동숭동,2635.0,False,6.4714,1.9372,4.4038,0.2186,0.3455,0.2765,0.0351
GRID_05165,다사56005400,종로구,혜화동,113.5,False,6.4077,1.9355,4.3684,0.2165,0.3452,0.2752,0.058
GRID_05166,다사56005425,종로구,혜화동,1259.6,False,7.1289,1.4549,4.5416,0.2408,0.2595,0.2493,0.0349
GRID_05167,다사56005450,성북구,성북동1가,1054.4,False,6.1838,0.7895,3.724,0.2089,0.1408,0.1778,0.0255
GRID_05168,다사56005475,성북구,성북동,1499.8,False,2.9592,0.5366,1.8545,0.1,0.0957,0.098,0.0134
GRID_05169,다사56005500,성북구,성북동,19.9,False,0.9483,0.1397,0.5796,0.032,0.0249,0.0288,0.0095
GRID_05170,다사56005525,성북구,성북동,194.6,False,1.8274,0.0,0.9941,0.0617,0.0,0.0336,0.0064
GRID_05171,다사56005550,성북구,정릉동,72.9,False,2.903,0.0,1.5792,0.0981,0.0,0.0533,0.0124
GRID_05172,다사56005575,성북구,정릉동,4.9,False,1.1091,0.0,0.6033,0.0375,0.0,0.0204,0.0115
GRID_05173,다사56005600,성북구,정릉동,6.6,False,0.0,0.0,0.0,0.0,0.0,0.0,0.0
GRID_05174,다사56005625,성북구,정릉동,526.0,False,1.1522,0.0,0.6268,0.0389,0.0,0.0212,0.0034
GRID_05175,다사56005650,성북구,정릉동,723.4,False,4.0133,0.1158,2.236,0.1356,0.0206,0.0832,0.0126
GRID_05176,다사56005675,성북구,정릉동,14.8,False,5.5376,0.2171,3.1115,0.1871,0.0387,0.1194,0.0433
GRID_05177,다사56005700,성북구,정릉동,591.4,False,4.0605,0.2421,2.3193,0.1372,0.0432,0.0943,0.0148
GRID_05178,다사56005725,성북구,정릉동,180.8,False,4.2977,0.1836,2.4217,0.1452,0.0327,0.0939,0.018
GRID_05179,다사56005750,성북구,정릉동,4056.2,False,3.6428,0.0578,2.008,0.1231,0.0103,0.0716,0.0086
GRID_05180,다사56005775,성북구,정릉동,1395.8,False,1.9803,0.0,1.0773,0.0669,0.0,0.0364,0.005
GRID_05181,다사56005800,성북구,정릉동,128.2,False,0.2189,0.0,0.1191,0.0074,0.0,0.004,0.0008
GRID_05182,다사56005825,성북구,정릉동,0.0,True,0.0,0.0,0.0,0.0,0.0,0.0,0.0
GRID_05183,다사56005850,강북구,수유동,0.0,True,0.0,0.0,0.0,0.0,0.0,0.0,0.0
GRID_05184,다사56005875,강북구,수유동,58.0,False,0.0,0.0,0.0,0.0,0.0,0.0,0.0
GRID_05185,다사56005900,강북구,수유동,0.0,True,0.0,0.0,0.0,0.0,0.0,0.0,0.0
GRID_05186,다사56005925,강북구,수유동,0.0,True,0.0,0.0,0.0,0.0,0.0,0.0,0.0
GRID_05187,다사56005950,강북구,수유동,150.0,False,0.0,0.0,0.0,0.0,0.0,0.0,0.0
GRID_05188,다사56005975,강북구,수유동,14.0,False,0.2035,0.0,0.1107,0.0069,0.0,0.0037,0.0014
GRID_05189,다사56006000,강북구,수유동,30.7,False,0.6879,0.0,0.3742,0.0232,0.0,0.0126,0.0037
GRID_05190,다사56006025,강북구,수유동,213.8,False,2.4816,0.0,1.35,0.0838,0.0,0.0456,0.0085
GRID_05191,다사56006050,강북구,수유동,76.4,False,2.8541,0.0,1.5526,0.0964,0.0,0.0525,0.0121
GRID_05192,다사56006075,강북구,수유동,10.4,False,1.1461,0.0,0.6235,0.0387,0.0,0.0211,0.0087
GRID_05193,다사56006100,강북구,수유동,18.4,False,0.0,0.0,0.0,0.0,0.0,0.0,0.0
GRID_05194,다사56006125,강북구,우이동,44.9,False,0.0,0.0,0.0,0.0,0.0,0.0,0.0
GRID_05195,다사56006150,강북구,우이동,0.0,True,0.0,0.0,0.0,0.0,0.0,0.0,0.0
GRID_05196,다사56006175,강북구,우이동,0.0,True,0.0,0.0,0.0,0.0,0.0,0.0,0.0
GRID_05197,다사56006200,강북구,우이동,16.4,False,0.0,0.0,0.0,0.0,0.0,0.0,0.0
GRID_05198,다사56006225,강북구,우이동,17.5,False,0.0,0.0,0.0,0.0,0.0,0.0,0.0
GRID_05199,다사56006250,강북구,우이동,0.0,True,0.0,0.0,0.0,0.0,0.0,0.0,0.0
GRID_05200,다사56006275,강북구,우이동,4.7,False,0.0,0.0,0.0,0.0,0.0,0.0,0.0
GRID_05201,다사56006300,강북구,우이동,0.0,True,0.0,0.0,0.0,0.0,0.0,0.0,0.0
GRID_05202,다사56006325,강북구,우이동,0.0,True,0.0,0.0,0.0,0.0,0.0,0.0,0.0
GRID_05203,다사56006350,강북구,우이동,10.9,False,0.0,0.0,0.0,0.0,0.0,0.0,0.0
GRID_05204,다사56006375,강북구,우이동,90.9,False,0.0,0.0,0.0,0.0,0.0,0.0,0.0
GRID_05205,다사56006400,강북구,우이동,12.6,False,0.0,0.0,0.0,0.0,0.0,0.0,0.0
GRID_05206,다사56006425,강북구,우이동,19.1,False,0.0,0.0,0.0,0.0,0.0,0.0,0.0
GRID_05207,다사56006450,강북구,우이동,9.7,False,0.0,0.0,0.0,0.0,0.0,0.0,0.0
GRID_05208,다사56006475,강북구,우이동,0.0,True,0.0,0.0,0.0,0.0,0.0,0.0,0.0
GRID_05209,다사56006500,강북구,우이동,0.0,True,0.0,0.0,0.0,0.0,0.0,0.0,0.0
GRID_05210,다사56254000,서초구,우면동,0.0,True,0.0,0.0,0.0,0.0,0.0,0.0,0.0
GRID_05211,다사56254025,서초구,우면동,0.0,True,0.0,0.0,0.0,0.0,0.0,0.0,0.0
GRID_05212,다사56254050,서초구,우면동,8.8,False,0.0,0.0,0.0,0.0,0.0,0.0,0.0
GRID_05213,다사56254075,서초구,우면동,59.4,False,0.0,0.0,0.0,0.0,0.0,0.0,0.0
GRID_05214,다사56254100,서초구,우면동,12.7,False,0.0,0.0,0.0,0.0,0.0,0.0,0.0
GRID_05215,다사56254125,서초구,우면동,86.3,False,0.0,0.0,0.0,0.0,0.0,0.0,0.0
GRID_05216,다사56254150,서초구,방배동,0.0,True,0.0,0.0,0.0,0.0,0.0,0.0,0.0
GRID_05217,다사56254175,서초구,방배동,0.0,True,1.453,0.0,0.7905,0.0,0.0,0.0,0.0
GRID_05218,다사56254200,서초구,방배동,242.4,False,4.3939,0.0,2.3903,0.1484,0.0,0.0807,0.0147
GRID_05219,다사56254225,서초구,서초동,2356.8,False,5.6782,0.0,3.0889,0.1918,0.0,0.1043,0.0134
GRID_05220,다사56254250,서초구,서초동,457.5,False,8.6502,0.0117,4.711,0.2922,0.0021,0.1599,0.0261
GRID_05221,다사56254275,서초구,서초동,782.6,False,7.2005,0.0,3.9171,0.2432,0.0,0.1323,0.0199
GRID_05222,다사56254300,서초구,서초동,2359.3,False,2.4269,0.392,1.499,0.082,0.0699,0.0765,0.0098
GRID_05223,다사56254325,서초구,서초동,1216.4,False,6.115,0.868,3.7224,0.2066,0.1548,0.183,0.0258
GRID_05224,다사56254350,서초구,서초동,2920.4,False,10.4386,1.4179,6.3251,0.3526,0.2529,0.3071,0.0385
GRID_05225,다사56254375,서초구,서초동,249.0,False,8.7863,1.6871,5.549,0.2968,0.3009,0.2987,0.0541
GRID_05226,다사56254400,서초구,서초동,76.3,False,4.145,1.2485,2.8242,0.14,0.2227,0.1777,0.0409
GRID_05227,다사56254425,서초구,반포동,92.7,False,2.7539,0.7709,1.8496,0.093,0.1375,0.1133,0.025
GRID_05228,다사56254450,서초구,반포동,820.3,False,1.8147,1.9142,1.86,0.0613,0.3414,0.189,0.0282
GRID_05229,다사56254475,서초구,반포동,27.6,False,3.1404,3.4244,3.2699,0.1061,0.6107,0.3362,0.1003
GRID_05230,다사56254500,서초구,반포동,3980.4,False,9.2394,4.2724,6.9744,0.3121,0.762,0.5173,0.0624
GRID_05231,다사56254525,서초구,잠원동,2193.3,False,10.6589,4.041,7.6411,0.3601,0.7207,0.5245,0.0682
GRID_05232,다사56254550,서초구,잠원동,2523.1,False,5.3787,2.9756,4.2829,0.1817,0.5307,0.3408,0.0435
GRID_05233,다사56254575,서초구,잠원동,1936.6,False,5.2087,1.3445,3.4466,0.176,0.2398,0.2051,0.0271
GRID_05234,다사56254600,서초구,잠원동,2832.0,False,3.5469,0.3686,2.0976,0.1198,0.0657,0.0952,0.012
GRID_05235,다사56254625,서초구,잠원동,50.7,False,0.6333,0.2381,0.4531,0.0214,0.0425,0.031,0.0079
GRID_05236,다사56254650,서초구,잠원동,9.4,False,0.1167,0.0802,0.1,0.0039,0.0143,0.0087,0.0037
GRID_05237,다사56254675,서초구,잠원동,0.0,True,0.0,0.0,0.0,0.0,0.0,0.0,0.0
GRID_05238,다사56254700,서초구,잠원동,0.0,True,0.0,0.0,0.0,0.0,0.0,0.0,0.0
GRID_05239,다사56254725,용산구,보광동,0.0,True,0.1713,0.1508,0.1619,0.0,0.0,0.0,0.0
GRID_05240,다사56254750,용산구,한남동,37.8,False,0.7337,0.2768,0.5254,0.0248,0.0494,0.036,0.0098
GRID_05241,다사56254775,용산구,한남동,102.7,False,4.5578,0.3304,2.6301,0.154,0.0589,0.1106,0.0238
GRID_05242,다사56254800,용산구,한남동,8.0,False,7.8223,0.2969,4.3907,0.2642,0.053,0.1679,0.0764
GRID_05243,다사56254825,용산구,한남동,1314.2,False,7.6308,0.2164,4.2498,0.2578,0.0386,0.1578,0.022
GRID_05244,다사56254850,용산구,한남동,199.7,False,4.4396,0.2777,2.5418,0.15,0.0495,0.1042,0.0196
GRID_05245,다사56254875,용산구,한남동,446.3,False,1.5363,0.3917,1.0144,0.0519,0.0699,0.0601,0.0098
GRID_05246,다사56254900,용산구,한남동,12.8,False,1.3673,0.4121,0.9317,0.0462,0.0735,0.0586,0.0223
GRID_05247,다사56254925,용산구,한남동,37.9,False,1.0509,0.3922,0.7505,0.0355,0.0699,0.0512,0.014
GRID_05248,다사56254950,용산구,한남동,194.2,False,0.7737,0.2769,0.5471,0.0261,0.0494,0.0367,0.007
GRID_05249,다사56254975,중구,신당동,1146.1,False,1.9791,0.2153,1.1748,0.0669,0.0384,0.0539,0.0076
GRID_05250,다사56255000,중구,신당동,2588.5,False,2.8795,0.4922,1.7909,0.0973,0.0878,0.0929,0.0118
GRID_05251,다사56255025,중구,신당동,2835.2,False,1.8235,0.8664,1.3871,0.0616,0.1545,0.104,0.0131
GRID_05252,다사56255050,중구,신당동,2236.1,False,1.2983,1.3479,1.3209,0.0439,0.2404,0.1335,0.0173
GRID_05253,다사56255075,중구,장충동2가,803.1,False,3.4483,1.5366,2.5766,0.1165,0.2741,0.1883,0.0282
GRID_05254,다사56255100,중구,장충동2가,709.6,False,4.7375,1.7402,3.3707,0.16,0.3104,0.2286,0.0348
GRID_05255,다사56255125,중구,장충동1가,1056.2,False,3.8956,2.4206,3.223,0.1316,0.4317,0.2684,0.0386
GRID_05256,다사56255150,중구,쌍림동,875.5,False,5.4362,2.9529,4.3038,0.1836,0.5267,0.3401,0.0502
GRID_05257,다사56255175,중구,광희동1가,2007.0,False,9.5337,3.3638,6.7202,0.3221,0.5999,0.4488,0.059
GRID_05258,다사56255200,중구,을지로6가,1251.1,False,8.3619,4.1683,6.4496,0.2825,0.7434,0.4927,0.0691
GRID_05259,다사56255225,종로구,종로5가,625.7,False,5.7678,3.9562,4.9417,0.1948,0.7056,0.4277,0.0664
GRID_05260,다사56255250,종로구,종로6가,38.2,False,5.701,2.7733,4.366,0.1926,0.4946,0.3303,0.09
GRID_05261,다사56255275,종로구,충신동,690.6,False,4.7062,1.9854,3.4655,0.159,0.3541,0.248,0.0379
GRID_05262,다사56255300,종로구,이화동,792.9,False,3.4109,0.9087,2.2699,0.1152,0.1621,0.1366,0.0205
GRID_05263,다사56255325,종로구,동숭동,714.2,False,1.0603,0.8292,0.9549,0.0358,0.1479,0.0869,0.0132
GRID_05264,다사56255350,종로구,동숭동,10.6,False,1.0563,1.2269,1.1341,0.0357,0.2188,0.1192,0.0486
GRID_05265,다사56255375,종로구,동숭동,34.9,False,0.3517,1.678,0.9565,0.0119,0.2993,0.1429,0.0399
GRID_05266,다사56255400,종로구,혜화동,8.9,False,1.456,1.7298,1.5809,0.0492,0.3085,0.1674,0.073
GRID_05267,다사56255425,성북구,삼선동1가,578.9,False,9.7038,1.3185,5.8801,0.3278,0.2351,0.2856,0.0449
GRID_05268,다사56255450,성북구,동소문동1가,1305.4,False,10.9073,0.9356,6.3602,0.3685,0.1669,0.2765,0.0385
GRID_05269,다사56255475,성북구,성북동,2311.4,False,5.3814,0.6668,3.2315,0.1818,0.1189,0.1531,0.0198
GRID_05270,다사56255500,성북구,성북동,244.9,False,3.6065,0.2449,2.0736,0.1218,0.0437,0.0862,0.0157
GRID_05271,다사56255525,성북구,돈암동,218.9,False,4.5412,0.0,2.4704,0.1534,0.0,0.0835,0.0155
GRID_05272,다사56255550,성북구,정릉동,1580.3,False,5.3916,0.0,2.933,0.1821,0.0,0.0991,0.0135
GRID_05273,다사56255575,성북구,정릉동,10.8,False,2.6068,0.0573,1.4442,0.0881,0.0102,0.0526,0.0213
GRID_05274,다사56255600,성북구,정릉동,6.8,False,3.091,0.0742,1.7153,0.1044,0.0132,0.0628,0.0306
GRID_05275,다사56255625,성북구,정릉동,56.9,False,4.4216,0.0912,2.4469,0.1494,0.0163,0.0887,0.0218
GRID_05276,다사56255650,성북구,정릉동,18.3,False,6.6836,0.2257,3.7388,0.2258,0.0403,0.1412,0.0477
GRID_05277,다사56255675,성북구,정릉동,2720.2,False,9.051,0.3419,5.0797,0.3058,0.061,0.1941,0.0245
GRID_05278,다사56255700,성북구,정릉동,22.1,False,8.1845,0.3705,4.6213,0.2765,0.0661,0.1805,0.0575
GRID_05279,다사56255725,성북구,정릉동,163.2,False,4.8345,0.3034,2.7684,0.1633,0.0541,0.1135,0.0223
GRID_05280,다사56255750,성북구,정릉동,17.2,False,4.9508,0.1692,2.7704,0.1672,0.0302,0.1047,0.0361
GRID_05281,다사56255775,성북구,정릉동,40.2,False,4.6768,0.0657,2.5741,0.158,0.0117,0.0913,0.0246
GRID_05282,다사56255800,성북구,정릉동,35.6,False,1.7419,0.0599,0.9749,0.0588,0.0107,0.0369,0.0102
GRID_05283,다사56255825,성북구,정릉동,0.0,True,0.0,0.0,0.0,0.0,0.0,0.0,0.0
GRID_05284,다사56255850,강북구,수유동,0.0,True,0.0,0.0,0.0,0.0,0.0,0.0,0.0
GRID_05285,다사56255875,강북구,수유동,26.5,False,0.0,0.0,0.0,0.0,0.0,0.0,0.0
GRID_05286,다사56255900,강북구,수유동,0.0,True,0.0,0.0,0.0,0.0,0.0,0.0,0.0
GRID_05287,다사56255925,강북구,수유동,0.0,True,0.0,0.0,0.0,0.0,0.0,0.0,0.0
GRID_05288,다사56255950,강북구,수유동,17.2,False,0.8893,0.0,0.4838,0.03,0.0,0.0163,0.0056
GRID_05289,다사56255975,강북구,수유동,8.2,False,3.521,0.0,1.9154,0.1189,0.0,0.0647,0.0292
GRID_05290,다사56256000,강북구,수유동,24.6,False,2.1753,0.0,1.1834,0.0735,0.0,0.04,0.0123
GRID_05291,다사56256025,강북구,수유동,569.9,False,1.4971,0.0,0.8144,0.0506,0.0,0.0275,0.0043
GRID_05292,다사56256050,강북구,수유동,1210.6,False,4.344,0.0,2.3631,0.1467,0.0,0.0798,0.0112
GRID_05293,다사56256075,강북구,수유동,10.6,False,4.6918,0.0,2.5523,0.1585,0.0,0.0862,0.0352
GRID_05294,다사56256100,강북구,수유동,19.7,False,1.1991,0.0343,0.6679,0.0405,0.0061,0.0248,0.0082
GRID_05295,다사56256125,강북구,우이동,77.4,False,0.0,0.0298,0.0136,0.0,0.0053,0.0024,0.0006
GRID_05296,다사56256150,강북구,우이동,0.0,True,0.0,0.0137,0.0063,0.0,0.0,0.0,0.0
GRID_05297,다사56256175,강북구,우이동,0.0,True,0.0,0.0397,0.0181,0.0,0.0,0.0,0.0
GRID_05298,다사56256200,강북구,우이동,0.0,True,0.0,0.0327,0.0149,0.0,0.0,0.0,0.0
GRID_05299,다사56256225,강북구,우이동,31.8,False,0.0,0.0384,0.0175,0.0,0.0068,0.0031,0.0009
GRID_05300,다사56256250,강북구,우이동,89.4,False,0.0,0.0792,0.0361,0.0,0.0141,0.0064,0.0014
GRID_05301,다사56256275,강북구,우이동,51.2,False,0.0,0.0716,0.0326,0.0,0.0128,0.0058,0.0015
GRID_05302,다사56256300,강북구,우이동,7.7,False,0.0,0.0177,0.0081,0.0,0.0032,0.0014,0.0007
GRID_05303,다사56256325,강북구,우이동,5.6,False,0.0,0.0,0.0,0.0,0.0,0.0,0.0
GRID_05304,다사56256350,강북구,우이동,64.1,False,0.0,0.0,0.0,0.0,0.0,0.0,0.0
GRID_05305,다사56256375,강북구,우이동,390.0,False,0.0,0.0,0.0,0.0,0.0,0.0,0.0
GRID_05306,다사56256400,강북구,우이동,15.9,False,0.0,0.0,0.0,0.0,0.0,0.0,0.0
GRID_05307,다사56256425,강북구,우이동,0.0,True,0.0,0.0,0.0,0.0,0.0,0.0,0.0
GRID_05308,다사56256450,강북구,우이동,0.0,True,0.0,0.0,0.0,0.0,0.0,0.0,0.0
GRID_05309,다사56256475,강북구,우이동,0.0,True,0.0,0.0,0.0,0.0,0.0,0.0,0.0
GRID_05310,다사56256500,강북구,우이동,0.0,True,0.0,0.0,0.0,0.0,0.0,0.0,0.0
GRID_05311,다사56503950,서초구,우면동,6.2,False,0.0,0.0818,0.0373,0.0,0.0146,0.0066,0.0034
GRID_05312,다사56503975,서초구,우면동,0.0,True,0.163,0.0,0.0887,0.0,0.0,0.0,0.0
GRID_05313,다사56504000,서초구,우면동,0.0,True,0.0788,0.0,0.0429,0.0,0.0,0.0,0.0
GRID_05314,다사56504025,서초구,우면동,0.0,True,0.0,0.0,0.0,0.0,0.0,0.0,0.0
GRID_05315,다사56504050,서초구,우면동,9.6,False,0.0,0.0,0.0,0.0,0.0,0.0,0.0
GRID_05316,다사56504075,서초구,우면동,68.5,False,0.0,0.0,0.0,0.0,0.0,0.0,0.0
GRID_05317,다사56504100,서초구,우면동,0.0,True,0.0,0.0,0.0,0.0,0.0,0.0,0.0
GRID_05318,다사56504125,서초구,우면동,0.0,True,0.0,0.0,0.0,0.0,0.0,0.0,0.0
GRID_05319,다사56504150,서초구,방배동,0.0,True,0.0,0.0,0.0,0.0,0.0,0.0,0.0
GRID_05320,다사56504175,서초구,서초동,0.0,True,0.6292,0.0,0.3423,0.0,0.0,0.0,0.0
GRID_05321,다사56504200,서초구,서초동,211.4,False,3.4199,0.0,1.8604,0.1155,0.0,0.0628,0.0117
GRID_05322,다사56504225,서초구,서초동,2004.3,False,3.7834,0.0,2.0582,0.1278,0.0,0.0695,0.0091
GRID_05323,다사56504250,서초구,서초동,789.1,False,3.6717,0.3102,2.1388,0.124,0.0553,0.0927,0.0139
GRID_05324,다사56504275,서초구,서초동,2000.9,False,3.3915,0.557,2.099,0.1146,0.0993,0.1076,0.0142
GRID_05325,다사56504300,서초구,서초동,1173.2,False,3.1524,0.9186,2.1338,0.1065,0.1638,0.1326,0.0188
GRID_05326,다사56504325,서초구,서초동,1863.6,False,4.403,1.6235,3.1355,0.1487,0.2895,0.2129,0.0283
GRID_05327,다사56504350,서초구,서초동,1486.8,False,7.7763,2.4544,5.3495,0.2627,0.4377,0.3425,0.0469
GRID_05328,다사56504375,서초구,서초동,313.2,False,6.3644,2.7932,4.736,0.215,0.4982,0.3441,0.0598
GRID_05329,다사56504400,서초구,서초동,91.8,False,2.5793,2.3195,2.4608,0.0871,0.4137,0.236,0.0521
GRID_05330,다사56504425,서초구,반포동,65.0,False,1.7541,1.3346,1.5628,0.0593,0.238,0.1408,0.0336
GRID_05331,다사56504450,서초구,반포동,1963.0,False,2.298,1.101,1.7522,0.0776,0.1964,0.1318,0.0174
GRID_05332,다사56504475,서초구,반포동,1869.3,False,4.3342,2.6008,3.5438,0.1464,0.4638,0.2912,0.0386
GRID_05333,다사56504500,서초구,반포동,1130.3,False,4.2669,3.4336,3.8869,0.1441,0.6124,0.3577,0.0509
GRID_05334,다사56504525,서초구,반포동,1555.2,False,6.4048,3.3213,4.9987,0.2164,0.5923,0.3878,0.0528
GRID_05335,다사56504550,서초구,잠원동,3004.8,False,6.8555,2.3407,4.7968,0.2316,0.4175,0.3163,0.0395
GRID_05336,다사56504575,서초구,잠원동,594.9,False,6.4591,1.0601,3.9972,0.2182,0.1891,0.2049,0.0321
GRID_05337,다사56504600,서초구,잠원동,811.0,False,5.133,0.6236,3.0767,0.1734,0.1112,0.145,0.0216
GRID_05338,다사56504625,서초구,잠원동,1367.9,False,1.3716,0.3626,0.9115,0.0463,0.0647,0.0547,0.0076
GRID_05339,다사56504650,서초구,잠원동,397.9,False,0.5585,0.1848,0.3881,0.0189,0.033,0.0253,0.0042
GRID_05340,다사56504675,서초구,잠원동,515.6,False,0.0165,0.0,0.009,0.0006,0.0,0.0003,0.0
GRID_05341,다사56504700,서초구,잠원동,0.0,True,0.0,0.0149,0.0068,0.0,0.0,0.0,0.0
GRID_05342,다사56504725,서초구,잠원동,0.0,True,0.0,0.1898,0.0866,0.0,0.0,0.0,0.0
GRID_05343,다사56504750,용산구,한남동,0.0,True,0.2194,0.3225,0.2664,0.0,0.0,0.0,0.0
GRID_05344,다사56504775,용산구,한남동,430.5,False,3.2573,0.379,1.9448,0.11,0.0676,0.0907,0.0149
GRID_05345,다사56504800,용산구,한남동,729.7,False,6.9726,0.3437,3.9498,0.2355,0.0613,0.1561,0.0237
GRID_05346,다사56504825,용산구,한남동,2573.0,False,6.091,0.2264,3.4167,0.2058,0.0404,0.1303,0.0166
GRID_05347,다사56504850,용산구,한남동,644.0,False,3.7965,0.0963,2.1092,0.1283,0.0172,0.0776,0.012
GRID_05348,다사56504875,용산구,한남동,521.8,False,1.0159,0.1522,0.6221,0.0343,0.0272,0.0311,0.005
GRID_05349,다사56504900,용산구,한남동,168.2,False,2.6138,0.2167,1.5207,0.0883,0.0386,0.0657,0.0128
GRID_05350,다사56504925,성동구,옥수동,444.2,False,3.5005,0.2116,2.0008,0.1183,0.0377,0.0815,0.0134
GRID_05351,다사56504950,성동구,옥수동,0.0,True,0.8934,0.2826,0.6149,0.0,0.0,0.0,0.0
GRID_05352,다사56504975,중구,신당동,2015.9,False,1.376,0.4297,0.9444,0.0465,0.0766,0.0602,0.0079
GRID_05353,다사56505000,중구,신당동,414.5,False,3.0959,0.9285,2.1076,0.1046,0.1656,0.1324,0.022
GRID_05354,다사56505025,중구,신당동,1936.6,False,7.3434,1.2273,4.5545,0.2481,0.2189,0.2348,0.031
GRID_05355,다사56505050,중구,신당동,1104.7,False,10.3395,1.5514,6.3321,0.3493,0.2767,0.3162,0.0451
GRID_05356,다사56505075,중구,신당동,25.1,False,7.5269,1.9305,4.9749,0.2543,0.3443,0.2953,0.0905
GRID_05357,다사56505100,중구,신당동,2193.1,False,4.3502,2.0852,3.3174,0.147,0.3719,0.2495,0.0324
GRID_05358,다사56505125,중구,장충동1가,641.6,False,0.9569,2.7859,1.7909,0.0323,0.4969,0.2441,0.0378
GRID_05359,다사56505150,중구,장충동1가,446.8,False,4.7202,3.2148,4.0338,0.1595,0.5734,0.3482,0.057
GRID_05360,다사56505175,중구,을지로7가,1213.8,False,10.9665,3.6053,7.6097,0.3705,0.643,0.4947,0.0697
GRID_05361,다사56505200,중구,을지로6가,1888.3,False,11.4773,4.1578,8.1396,0.3877,0.7415,0.5491,0.0728
GRID_05362,다사56505225,중구,을지로6가,904.2,False,6.9593,4.1609,5.6832,0.2351,0.7421,0.4663,0.0685
GRID_05363,다사56505250,종로구,종로6가,369.0,False,4.4401,3.2835,3.9127,0.15,0.5856,0.3486,0.059
GRID_05364,다사56505275,종로구,창신동,190.1,False,2.0578,2.3482,2.1902,0.0695,0.4188,0.2288,0.0436
GRID_05365,다사56505300,종로구,창신동,1575.2,False,0.7519,1.0671,0.8956,0.0254,0.1903,0.1006,0.0137
GRID_05366,다사56505325,종로구,창신동,1590.8,False,2.1731,0.3508,1.3421,0.0734,0.0626,0.0685,0.0093
GRID_05367,다사56505350,성북구,삼선동1가,207.5,False,3.6738,0.6745,2.3061,0.1241,0.1203,0.1224,0.0229
GRID_05368,다사56505375,성북구,삼선동1가,612.4,False,2.7534,0.991,1.9497,0.093,0.1767,0.1312,0.0204
GRID_05369,다사56505400,성북구,삼선동1가,1658.5,False,5.3652,1.0287,3.3878,0.1812,0.1835,0.1823,0.0246
GRID_05370,다사56505425,성북구,삼선동1가,1134.5,False,13.1828,0.8893,7.577,0.4453,0.1586,0.3146,0.0447
GRID_05371,다사56505450,성북구,동소문동1가,1663.5,False,12.3916,1.0936,7.2397,0.4186,0.195,0.3167,0.0427
GRID_05372,다사56505475,성북구,돈암동,15.0,False,8.0733,1.0636,4.8769,0.2727,0.1897,0.2349,0.0847
GRID_05373,다사56505500,성북구,돈암동,634.3,False,11.066,0.5098,6.2523,0.3738,0.0909,0.2448,0.0379
GRID_05374,다사56505525,성북구,돈암동,1097.9,False,9.8365,0.0,5.351,0.3323,0.0,0.1808,0.0258
GRID_05375,다사56505550,성북구,정릉동,1616.0,False,6.744,0.105,3.7166,0.2278,0.0187,0.1325,0.0179
GRID_05376,다사56505575,성북구,정릉동,591.2,False,8.1467,0.185,4.5162,0.2752,0.033,0.1648,0.0258
GRID_05377,다사56505600,성북구,정릉동,2767.3,False,10.3457,0.2059,5.7219,0.3495,0.0367,0.2069,0.0261
GRID_05378,다사56505625,성북구,정릉동,1432.8,False,8.763,0.2417,4.8773,0.296,0.0431,0.1807,0.0249
GRID_05379,다사56505650,성북구,정릉동,1804.4,False,6.7859,0.3248,3.8397,0.2292,0.0579,0.1511,0.0202
GRID_05380,다사56505675,성북구,정릉동,3939.6,False,9.6255,0.3806,5.4098,0.3252,0.0679,0.2078,0.0251
GRID_05381,다사56505700,성북구,정릉동,1538.3,False,9.9668,0.4103,5.609,0.3367,0.0732,0.2165,0.0295
GRID_05382,다사56505725,성북구,정릉동,4555.7,False,7.1406,0.3747,4.0553,0.2412,0.0668,0.1617,0.0192
GRID_05383,다사56505750,성북구,정릉동,4680.9,False,7.562,0.3529,4.2746,0.2555,0.0629,0.1677,0.0198
GRID_05384,다사56505775,강북구,미아동,811.4,False,7.8119,0.2321,4.3555,0.2639,0.0414,0.1624,0.0242
GRID_05385,다사56505800,강북구,미아동,99.2,False,2.9892,0.2248,1.7286,0.101,0.0401,0.0732,0.0159
GRID_05386,다사56505825,강북구,미아동,0.0,True,0.3174,0.1423,0.2375,0.0,0.0,0.0,0.0
GRID_05387,다사56505850,강북구,수유동,0.0,True,1.8662,0.0069,1.0184,0.0,0.0,0.0,0.0
GRID_05388,다사56505875,강북구,수유동,38.0,False,2.241,0.0,1.2191,0.0757,0.0,0.0412,0.0112
GRID_05389,다사56505900,강북구,수유동,0.0,True,0.1139,0.0,0.0619,0.0,0.0,0.0,0.0
GRID_05390,다사56505925,강북구,수유동,90.6,False,0.0,0.0,0.0,0.0,0.0,0.0,0.0
GRID_05391,다사56505950,강북구,수유동,15.3,False,3.8881,0.0,2.1151,0.1313,0.0,0.0715,0.0256
GRID_05392,다사56505975,강북구,수유동,590.0,False,7.9208,0.0,4.3089,0.2676,0.0,0.1456,0.0228
GRID_05393,다사56506000,강북구,수유동,360.8,False,4.4076,0.0148,2.4045,0.1489,0.0026,0.0822,0.014
GRID_05394,다사56506025,강북구,수유동,1044.3,False,1.6231,0.0318,0.8975,0.0548,0.0057,0.0324,0.0047
GRID_05395,다사56506050,강북구,수유동,618.9,False,5.6901,0.0192,3.1042,0.1922,0.0034,0.1061,0.0165
GRID_05396,다사56506075,강북구,수유동,1662.1,False,7.0764,0.1036,3.8968,0.2391,0.0185,0.1385,0.0187
GRID_05397,다사56506100,강북구,수유동,109.8,False,2.9745,0.1499,1.6865,0.1005,0.0267,0.0669,0.0142
GRID_05398,다사56506125,강북구,우이동,42.3,False,0.0319,0.1734,0.0964,0.0011,0.0309,0.0147,0.0039
GRID_05399,다사56506150,강북구,우이동,72.1,False,0.0,0.1821,0.0831,0.0,0.0325,0.0148,0.0035
GRID_05400,다사56506175,강북구,우이동,7.7,False,0.0,0.1263,0.0576,0.0,0.0225,0.0103,0.0047
GRID_05401,다사56506200,강북구,우이동,38.4,False,0.0,0.1672,0.0762,0.0,0.0298,0.0136,0.0037
GRID_05402,다사56506225,강북구,우이동,22.1,False,0.0,0.2155,0.0983,0.0,0.0384,0.0175,0.0056
GRID_05403,다사56506250,강북구,우이동,1077.7,False,0.5479,0.1953,0.3871,0.0185,0.0348,0.026,0.0037
GRID_05404,다사56506275,강북구,우이동,946.4,False,0.4959,0.186,0.3546,0.0168,0.0332,0.0242,0.0035
GRID_05405,다사56506300,강북구,우이동,44.2,False,0.0,0.1199,0.0547,0.0,0.0214,0.0098,0.0026
GRID_05406,다사56506325,강북구,우이동,723.6,False,0.0,0.0148,0.0067,0.0,0.0026,0.0012,0.0002
GRID_05407,다사56506350,강북구,우이동,121.6,False,0.0,0.0,0.0,0.0,0.0,0.0,0.0
GRID_05408,다사56506375,강북구,우이동,8.8,False,0.0,0.0,0.0,0.0,0.0,0.0,0.0
GRID_05409,다사56506400,강북구,우이동,0.0,True,0.0,0.0,0.0,0.0,0.0,0.0,0.0
GRID_05410,다사56506425,강북구,우이동,0.0,True,0.0,0.0,0.0,0.0,0.0,0.0,0.0
GRID_05411,다사56506450,강북구,우이동,0.0,True,0.0,0.0,0.0,0.0,0.0,0.0,0.0
GRID_05412,다사56506475,강북구,우이동,0.0,True,0.0,0.0,0.0,0.0,0.0,0.0,0.0
GRID_05413,다사56506500,강북구,우이동,0.0,True,0.0,0.0,0.0,0.0,0.0,0.0,0.0
GRID_05414,다사56506525,도봉구,도봉동,0.0,True,0.0,0.0,0.0,0.0,0.0,0.0,0.0
GRID_05415,다사56506550,도봉구,도봉동,0.0,True,0.0,0.0,0.0,0.0,0.0,0.0,0.0
GRID_05416,다사56506575,도봉구,도봉동,0.0,True,0.0,0.0,0.0,0.0,0.0,0.0,0.0
GRID_05417,다사56506600,도봉구,도봉동,0.0,True,0.0,0.0,0.0,0.0,0.0,0.0,0.0
GRID_05418,다사56753950,서초구,우면동,6.8,False,1.0069,0.0,0.5477,0.034,0.0,0.0185,0.009
GRID_05419,다사56753975,서초구,우면동,339.7,False,2.3189,0.0,1.2615,0.0783,0.0,0.0426,0.0073
GRID_05420,다사56754000,서초구,우면동,0.0,True,0.9516,0.0,0.5177,0.0,0.0,0.0,0.0
GRID_05421,다사56754025,서초구,우면동,17.0,False,0.0,0.0,0.0,0.0,0.0,0.0,0.0
GRID_05422,다사56754050,서초구,우면동,278.6,False,0.0,0.0,0.0,0.0,0.0,0.0,0.0
GRID_05423,다사56754075,서초구,우면동,14.4,False,0.0,0.0,0.0,0.0,0.0,0.0,0.0
GRID_05424,다사56754100,서초구,우면동,0.0,True,0.0,0.0,0.0,0.0,0.0,0.0,0.0
GRID_05425,다사56754125,서초구,우면동,0.0,True,0.0,0.0,0.0,0.0,0.0,0.0,0.0
GRID_05426,다사56754150,서초구,우면동,7.4,False,0.0,0.0,0.0,0.0,0.0,0.0,0.0
GRID_05427,다사56754175,서초구,서초동,28.4,False,0.0,0.0,0.0,0.0,0.0,0.0,0.0
GRID_05428,다사56754200,서초구,서초동,235.3,False,0.9795,0.0,0.5328,0.0331,0.0,0.018,0.0033
GRID_05429,다사56754225,서초구,서초동,44.8,False,3.9073,0.3141,2.2688,0.132,0.056,0.0973,0.0255
GRID_05430,다사56754250,서초구,서초동,1607.7,False,5.0983,0.8647,3.1678,0.1722,0.1542,0.164,0.0222
GRID_05431,다사56754275,서초구,서초동,1183.0,False,4.9902,1.1621,3.2446,0.1686,0.2073,0.1862,0.0263
GRID_05432,다사56754300,서초구,서초동,2524.0,False,6.1606,1.4263,4.0017,0.2081,0.2544,0.2292,0.0293
GRID_05433,다사56754325,서초구,서초동,3595.3,False,5.6182,2.4812,4.1877,0.1898,0.4425,0.305,0.0373
GRID_05434,다사56754350,서초구,서초동,1211.9,False,3.093,3.0291,3.0639,0.1045,0.5402,0.3032,0.0427
GRID_05435,다사56754375,서초구,서초동,1174.2,False,5.9578,3.2378,4.7175,0.2013,0.5775,0.3728,0.0527
GRID_05436,다사56754400,서초구,서초동,580.0,False,6.9689,2.769,5.0537,0.2354,0.4938,0.3533,0.0555
GRID_05437,다사56754425,서초구,서초동,1602.3,False,5.3657,1.582,3.6403,0.1813,0.2821,0.2273,0.0308
GRID_05438,다사56754450,서초구,반포동,1327.3,False,6.4008,0.6234,3.7663,0.2162,0.1112,0.1683,0.0234
GRID_05439,다사56754475,서초구,반포동,3695.7,False,7.111,1.0349,4.3403,0.2402,0.1846,0.2148,0.0262
GRID_05440,다사56754500,서초구,반포동,773.3,False,4.4107,1.7578,3.201,0.149,0.3135,0.224,0.0337
GRID_05441,다사56754525,서초구,반포동,2271.3,False,4.2622,1.7171,3.1016,0.144,0.3062,0.218,0.0282
GRID_05442,다사56754550,서초구,잠원동,2246.1,False,4.2003,1.135,2.8025,0.1419,0.2024,0.1695,0.022
GRID_05443,다사56754575,서초구,잠원동,6358.7,False,3.9884,0.8523,2.5583,0.1347,0.152,0.1426,0.0163
GRID_05444,다사56754600,서초구,잠원동,99.3,False,3.7478,0.7657,2.388,0.1266,0.1366,0.1311,0.0285
GRID_05445,다사56754625,서초구,잠원동,99.3,False,2.3814,0.8329,1.6753,0.0804,0.1485,0.1115,0.0242
GRID_05446,다사56754650,서초구,잠원동,957.9,False,1.671,0.549,1.1594,0.0564,0.0979,0.0754,0.011
GRID_05447,다사56754675,서초구,잠원동,98.3,False,0.9788,0.0,0.5325,0.0331,0.0,0.018,0.0039
GRID_05448,다사56754700,서초구,잠원동,23.3,False,0.3066,0.0,0.1668,0.0104,0.0,0.0056,0.0018
GRID_05449,다사56754725,강남구,신사동,0.0,True,0.1441,0.155,0.1491,0.0,0.0,0.0,0.0
GRID_05450,다사56754750,강남구,신사동,65.2,False,0.0515,0.2817,0.1565,0.0017,0.0502,0.0239,0.0057
GRID_05451,다사56754775,용산구,한남동,67.2,False,0.0,0.3357,0.1531,0.0,0.0599,0.0273,0.0065
GRID_05452,다사56754800,용산구,한남동,130.6,False,0.328,0.302,0.3161,0.0111,0.0539,0.0306,0.0063
GRID_05453,다사56754825,용산구,한남동,375.3,False,1.8022,0.19,1.067,0.0609,0.0339,0.0486,0.0082
GRID_05454,다사56754850,용산구,한남동,992.7,False,1.5135,0.0473,0.8449,0.0511,0.0084,0.0317,0.0046
GRID_05455,다사56754875,용산구,한남동,158.6,False,2.2423,0.272,1.3438,0.0757,0.0485,0.0633,0.0125
GRID_05456,다사56754900,성동구,옥수동,1931.8,False,6.6826,0.3977,3.8167,0.2257,0.0709,0.1551,0.0205
GRID_05457,다사56754925,성동구,옥수동,3048.7,False,9.9761,0.5228,5.6654,0.337,0.0932,0.2258,0.0282
GRID_05458,다사56754950,성동구,옥수동,642.3,False,6.6206,0.6271,3.8876,0.2237,0.1118,0.1727,0.0267
GRID_05459,다사56754975,성동구,옥수동,28.6,False,2.8034,0.634,1.8142,0.0947,0.1131,0.1031,0.0304
GRID_05460,다사56755000,중구,신당동,1104.6,False,3.8471,1.1225,2.6047,0.13,0.2002,0.162,0.0231
GRID_05461,다사56755025,중구,신당동,4757.5,False,10.2327,1.4039,6.2068,0.3457,0.2504,0.3022,0.0357
GRID_05462,다사56755050,중구,신당동,1779.6,False,13.5495,1.462,8.0376,0.4577,0.2608,0.3679,0.0492
GRID_05463,다사56755075,중구,신당동,1536.1,False,8.2869,1.8484,5.351,0.2799,0.3297,0.3026,0.0412
GRID_05464,다사56755100,중구,신당동,288.5,False,4.233,1.798,3.1226,0.143,0.3207,0.224,0.0395
GRID_05465,다사56755125,중구,신당동,451.3,False,1.9163,2.2914,2.0874,0.0647,0.4087,0.2216,0.0362
GRID_05466,다사56755150,중구,신당동,876.6,False,2.1773,2.8979,2.5059,0.0736,0.5168,0.2757,0.0407
GRID_05467,다사56755175,중구,신당동,334.3,False,5.4798,3.4976,4.5759,0.1851,0.6238,0.3851,0.0662
GRID_05468,다사56755200,중구,신당동,674.4,False,6.8027,4.0615,5.5527,0.2298,0.7244,0.4553,0.0699
GRID_05469,다사56755225,중구,신당동,1322.7,False,6.1377,4.0275,5.1755,0.2073,0.7183,0.4403,0.0613
GRID_05470,다사56755250,종로구,창신동,324.5,False,5.7749,3.3293,4.6597,0.1951,0.5938,0.3769,0.0651
GRID_05471,다사56755275,종로구,창신동,2042.8,False,2.8116,2.745,2.7812,0.095,0.4896,0.2749,0.0361
GRID_05472,다사56755300,종로구,창신동,443.0,False,0.5382,1.6582,1.0489,0.0182,0.2957,0.1447,0.0237
GRID_05473,다사56755325,종로구,창신동,716.4,False,3.412,0.3258,2.0047,0.1153,0.0581,0.0892,0.0136
GRID_05474,다사56755350,종로구,창신동,1069.0,False,6.1508,0.2217,3.4471,0.2078,0.0395,0.1311,0.0188
GRID_05475,다사56755375,성북구,삼선동2가,382.6,False,6.4393,0.403,3.6867,0.2175,0.0719,0.1511,0.0254
GRID_05476,다사56755400,성북구,삼선동3가,3424.2,False,7.7323,0.6741,4.5138,0.2612,0.1202,0.1969,0.0242
GRID_05477,다사56755425,성북구,삼선동3가,798.7,False,10.125,1.1818,6.0469,0.342,0.2108,0.2822,0.0422
GRID_05478,다사56755450,성북구,삼선동4가,556.3,False,9.071,1.7128,5.7157,0.3064,0.3055,0.306,0.0484
GRID_05479,다사56755475,성북구,동소문동4가,1013.7,False,6.7159,1.7718,4.4614,0.2269,0.316,0.2675,0.0386
GRID_05480,다사56755500,성북구,돈암동,3447.1,False,9.621,1.2671,5.8116,0.325,0.226,0.2799,0.0344
GRID_05481,다사56755525,성북구,돈암동,1189.2,False,10.6638,0.7099,6.1248,0.3602,0.1266,0.2537,0.0358
GRID_05482,다사56755550,성북구,돈암동,2961.2,False,9.2398,0.1769,5.1071,0.3121,0.0315,0.1842,0.023
GRID_05483,다사56755575,성북구,정릉동,1231.5,False,11.8722,0.2668,6.5801,0.4011,0.0476,0.2399,0.0337
GRID_05484,다사56755600,성북구,정릉동,314.7,False,12.973,0.2903,7.1897,0.4382,0.0518,0.262,0.0455
GRID_05485,다사56755625,성북구,정릉동,2934.8,False,7.4278,0.2797,4.1683,0.2509,0.0499,0.1592,0.0199
GRID_05486,다사56755650,성북구,정릉동,715.1,False,4.2429,0.3405,2.4634,0.1433,0.0607,0.1057,0.0161
GRID_05487,다사56755675,성북구,정릉동,351.7,False,6.8491,0.3224,3.8729,0.2314,0.0575,0.1521,0.0259
GRID_05488,다사56755700,성북구,정릉동,68.2,False,7.8713,0.3504,4.4418,0.2659,0.0625,0.1731,0.0409
GRID_05489,다사56755725,성북구,정릉동,1397.5,False,4.3742,0.4043,2.5639,0.1478,0.0721,0.1133,0.0156
GRID_05490,다사56755750,강북구,미아동,2332.0,False,5.2656,0.4085,3.0508,0.1779,0.0729,0.13,0.0168
GRID_05491,다사56755775,강북구,미아동,4498.6,False,5.312,0.3446,3.0469,0.1794,0.0615,0.1256,0.0149
GRID_05492,다사56755800,강북구,미아동,53.6,False,3.7656,0.3363,2.2018,0.1272,0.06,0.0966,0.0241
GRID_05493,다사56755825,강북구,미아동,544.1,False,6.8382,0.2793,3.8473,0.231,0.0498,0.1484,0.0235
GRID_05494,다사56755850,강북구,수유동,2161.1,False,11.1897,0.1528,6.1569,0.378,0.0272,0.2181,0.0284
GRID_05495,다사56755875,강북구,수유동,18.5,False,8.8887,0.0596,4.8626,0.3003,0.0106,0.1682,0.0566
GRID_05496,다사56755900,강북구,수유동,559.0,False,3.974,0.0804,2.1985,0.1342,0.0143,0.0796,0.0126
GRID_05497,다사56755925,강북구,수유동,352.6,False,3.7116,0.1029,2.066,0.1254,0.0184,0.0766,0.013
GRID_05498,다사56755950,강북구,수유동,3943.9,False,8.8145,0.1061,4.8435,0.2978,0.0189,0.1706,0.0206
GRID_05499,다사56755975,강북구,수유동,1994.2,False,10.8576,0.1352,5.9682,0.3668,0.0241,0.2105,0.0277
GRID_05500,다사56756000,강북구,수유동,738.0,False,6.7246,0.1468,3.7251,0.2272,0.0262,0.1355,0.0205
GRID_05501,다사56756025,강북구,수유동,1453.8,False,4.4909,0.1684,2.5198,0.1517,0.03,0.0962,0.0132
GRID_05502,다사56756050,강북구,수유동,850.4,False,4.3135,0.2093,2.442,0.1457,0.0373,0.0963,0.0143
GRID_05503,다사56756075,강북구,수유동,2193.6,False,5.6074,0.219,3.1503,0.1894,0.0391,0.1209,0.0157
GRID_05504,다사56756100,강북구,수유동,848.9,False,4.0975,0.231,2.3344,0.1384,0.0412,0.0941,0.0139
GRID_05505,다사56756125,강북구,우이동,159.3,False,1.466,0.2984,0.9336,0.0495,0.0532,0.0512,0.0101
GRID_05506,다사56756150,강북구,우이동,408.5,False,0.8936,0.3074,0.6263,0.0302,0.0548,0.0414,0.0069
GRID_05507,다사56756175,강북구,우이동,928.4,False,1.1514,0.2394,0.7355,0.0389,0.0427,0.0406,0.0059
GRID_05508,다사56756200,강북구,우이동,35.7,False,1.9888,0.2778,1.2086,0.0672,0.0495,0.0591,0.0164
GRID_05509,다사56756225,강북구,우이동,521.9,False,2.0988,0.3305,1.2925,0.0709,0.0589,0.0655,0.0105
GRID_05510,다사56756250,강북구,우이동,14.8,False,4.7759,0.3029,2.7362,0.1613,0.054,0.1124,0.0407
GRID_05511,다사56756275,강북구,우이동,7.6,False,3.316,0.2555,1.9204,0.112,0.0456,0.0817,0.038
GRID_05512,다사56756300,강북구,우이동,115.0,False,0.1717,0.182,0.1764,0.0058,0.0325,0.018,0.0038
GRID_05513,다사56756325,강북구,우이동,4.6,False,0.0,0.0651,0.0297,0.0,0.0116,0.0053,0.0031
GRID_05514,다사56756350,강북구,우이동,0.0,True,0.0,0.0,0.0,0.0,0.0,0.0,0.0
GRID_05515,다사56756375,강북구,우이동,0.0,True,0.0,0.0,0.0,0.0,0.0,0.0,0.0
GRID_05516,다사56756400,강북구,우이동,0.0,True,0.0,0.0,0.0,0.0,0.0,0.0,0.0
GRID_05517,다사56756425,강북구,우이동,0.0,True,0.0,0.0,0.0,0.0,0.0,0.0,0.0
GRID_05518,다사56756450,도봉구,도봉동,0.0,True,0.0,0.0,0.0,0.0,0.0,0.0,0.0
GRID_05519,다사56756475,도봉구,도봉동,7.7,False,0.0,0.0,0.0,0.0,0.0,0.0,0.0
GRID_05520,다사56756500,도봉구,도봉동,0.0,True,0.0,0.0,0.0,0.0,0.0,0.0,0.0
GRID_05521,다사56756525,도봉구,도봉동,0.0,True,0.0,0.0,0.0,0.0,0.0,0.0,0.0
GRID_05522,다사56756550,도봉구,도봉동,0.0,True,0.0,0.0,0.0,0.0,0.0,0.0,0.0
GRID_05523,다사56756575,도봉구,도봉동,0.0,True,0.0,0.0,0.0,0.0,0.0,0.0,0.0
GRID_05524,다사56756600,도봉구,도봉동,0.0,True,0.0,0.0,0.0,0.0,0.0,0.0,0.0
GRID_05525,다사56756625,도봉구,도봉동,0.0,True,0.0,0.0,0.0,0.0,0.0,0.0,0.0
GRID_05526,다사56756650,도봉구,도봉동,0.0,True,0.0,0.0,0.0,0.0,0.0,0.0,0.0
GRID_05527,다사57003950,서초구,우면동,9.8,False,2.1285,0.0,1.1579,0.0719,0.0,0.0391,0.0164
GRID_05528,다사57003975,서초구,우면동,1547.3,False,4.2148,0.0,2.2928,0.1424,0.0,0.0775,0.0105
GRID_05529,다사57004000,서초구,우면동,28.6,False,2.3992,0.0,1.3052,0.081,0.0,0.0441,0.013
GRID_05530,다사57004025,서초구,우면동,12.1,False,0.0341,0.0,0.0185,0.0012,0.0,0.0006,0.0002
GRID_05531,다사57004050,서초구,우면동,68.5,False,0.0,0.0,0.0,0.0,0.0,0.0,0.0
GRID_05532,다사57004075,서초구,우면동,0.0,True,0.0,0.0,0.0,0.0,0.0,0.0,0.0
GRID_05533,다사57004100,서초구,우면동,23.6,False,0.0,0.0,0.0,0.0,0.0,0.0,0.0
GRID_05534,다사57004125,서초구,우면동,29.4,False,0.0,0.0,0.0,0.0,0.0,0.0,0.0
GRID_05535,다사57004150,서초구,우면동,20.5,False,0.0,0.0,0.0,0.0,0.0,0.0,0.0
GRID_05536,다사57004175,서초구,서초동,0.0,True,0.0,0.0,0.0,0.0,0.0,0.0,0.0
GRID_05537,다사57004200,서초구,서초동,137.8,False,0.1,0.0,0.0544,0.0034,0.0,0.0018,0.0004
GRID_05538,다사57004225,서초구,서초동,622.4,False,2.7496,0.5656,1.7537,0.0929,0.1009,0.0965,0.015
GRID_05539,다사57004250,서초구,서초동,1152.2,False,6.1871,1.1673,3.898,0.209,0.2082,0.2086,0.0296
GRID_05540,다사57004275,서초구,서초동,2893.4,False,7.2348,1.4923,4.6162,0.2444,0.2662,0.2543,0.0319
GRID_05541,다사57004300,서초구,서초동,1076.7,False,8.7677,1.5868,5.4932,0.2962,0.283,0.2902,0.0416
GRID_05542,다사57004325,서초구,서초동,554.8,False,7.2534,2.4498,5.063,0.245,0.4369,0.3325,0.0526
GRID_05543,다사57004350,서초구,서초동,155.7,False,5.1227,2.9217,4.1191,0.1731,0.5211,0.3318,0.0656
GRID_05544,다사57004375,서초구,서초동,957.6,False,8.9874,2.9043,6.2135,0.3036,0.518,0.4014,0.0585
GRID_05545,다사57004400,서초구,서초동,1108.7,False,9.089,2.4788,6.0747,0.307,0.4421,0.3686,0.0526
GRID_05546,다사57004425,서초구,서초동,2408.7,False,3.9903,1.5869,2.8944,0.1348,0.283,0.2024,0.026
GRID_05547,다사57004450,서초구,서초동,420.9,False,4.5141,0.5659,2.7137,0.1525,0.1009,0.129,0.0213
GRID_05548,다사57004475,서초구,반포동,2224.9,False,5.7537,0.2864,3.2606,0.1944,0.0511,0.129,0.0167
GRID_05549,다사57004500,서초구,반포동,218.9,False,3.0199,0.513,1.8767,0.102,0.0915,0.0972,0.018
GRID_05550,다사57004525,서초구,반포동,1650.5,False,1.3358,0.8354,1.1076,0.0451,0.149,0.0925,0.0125
GRID_05551,다사57004550,서초구,반포동,860.4,False,1.367,1.5262,1.4396,0.0462,0.2722,0.1492,0.0221
GRID_05552,다사57004575,서초구,잠원동,1755.4,False,0.3769,1.9898,1.1124,0.0127,0.3549,0.1688,0.0226
GRID_05553,다사57004600,서초구,잠원동,3194.2,False,1.2442,2.5186,1.8254,0.042,0.4492,0.2277,0.0282
GRID_05554,다사57004625,서초구,잠원동,3064.1,False,1.2277,2.161,1.6533,0.0415,0.3854,0.1983,0.0247
GRID_05555,다사57004650,서초구,잠원동,5433.4,False,2.0572,1.7416,1.9133,0.0695,0.3106,0.1794,0.0209
GRID_05556,다사57004675,서초구,잠원동,1444.5,False,1.527,0.9236,1.2518,0.0516,0.1647,0.1032,0.0142
GRID_05557,다사57004700,서초구,잠원동,156.0,False,0.9369,0.0,0.5097,0.0316,0.0,0.0172,0.0034
GRID_05558,다사57004725,강남구,신사동,101.9,False,1.6667,0.0559,0.9322,0.0563,0.01,0.0352,0.0076
GRID_05559,다사57004750,강남구,신사동,122.7,False,2.1671,0.1657,1.2545,0.0732,0.0296,0.0533,0.0111
GRID_05560,다사57004775,강남구,압구정동,0.0,True,0.5959,0.2125,0.421,0.0,0.0,0.0,0.0
GRID_05561,다사57004800,강남구,압구정동,4.7,False,0.0,0.1833,0.0836,0.0,0.0327,0.0149,0.0086
GRID_05562,다사57004825,용산구,한남동,75.1,False,0.096,0.0862,0.0916,0.0032,0.0154,0.0088,0.002
GRID_05563,다사57004850,용산구,한남동,36.1,False,0.5344,0.2571,0.408,0.0181,0.0459,0.0307,0.0085
GRID_05564,다사57004875,용산구,한남동,952.7,False,1.7601,0.5546,1.2104,0.0595,0.0989,0.0775,0.0113
GRID_05565,다사57004900,성동구,옥수동,1119.9,False,6.6253,0.7013,3.9239,0.2238,0.1251,0.1788,0.0255
GRID_05566,다사57004925,성동구,옥수동,31.8,False,12.0357,0.892,6.9542,0.4066,0.1591,0.2937,0.0842
GRID_05567,다사57004950,성동구,옥수동,5609.4,False,9.875,0.9292,5.7957,0.3336,0.1657,0.257,0.0298
GRID_05568,다사57004975,성동구,옥수동,1287.6,False,8.7053,0.7712,5.0873,0.2941,0.1375,0.2227,0.0311
GRID_05569,다사57005000,성동구,옥수동,968.6,False,8.1438,0.9779,4.8762,0.2751,0.1744,0.2292,0.0333
GRID_05570,다사57005025,중구,신당동,35.0,False,6.4082,1.3585,4.1055,0.2165,0.2423,0.2282,0.0637
GRID_05571,다사57005050,중구,신당동,40.4,False,5.7695,1.4811,3.814,0.1949,0.2641,0.2265,0.0608
GRID_05572,다사57005075,중구,신당동,1856.6,False,3.776,1.5374,2.7552,0.1276,0.2742,0.1944,0.0258
GRID_05573,다사57005100,중구,신당동,13.5,False,2.9299,1.3169,2.1944,0.099,0.2349,0.1609,0.0602
GRID_05574,다사57005125,중구,신당동,537.7,False,3.5045,1.3811,2.5363,0.1184,0.2463,0.1767,0.0281
GRID_05575,다사57005150,중구,신당동,1433.6,False,2.5501,2.2809,2.4273,0.0861,0.4068,0.2324,0.032
GRID_05576,다사57005175,중구,흥인동,2343.4,False,2.7925,2.6281,2.7175,0.0943,0.4687,0.2651,0.0342
GRID_05577,다사57005200,중구,신당동,1446.5,False,5.4343,3.4767,4.5416,0.1836,0.6201,0.3826,0.0526
GRID_05578,다사57005225,종로구,창신동,1165.5,False,7.1498,3.6565,5.5569,0.2415,0.6521,0.4288,0.0607
GRID_05579,다사57005250,종로구,창신동,279.0,False,7.5214,3.1646,5.5347,0.2541,0.5644,0.3956,0.0702
GRID_05580,다사57005275,종로구,창신동,539.8,False,5.8385,2.6174,4.3696,0.1972,0.4668,0.3202,0.0509
GRID_05581,다사57005300,종로구,창신동,22.9,False,4.0266,1.6129,2.926,0.136,0.2877,0.2052,0.0646
GRID_05582,다사57005325,종로구,창신동,3312.1,False,6.6696,0.5914,3.8979,0.2253,0.1055,0.1707,0.0211
GRID_05583,다사57005350,종로구,창신동,1726.8,False,7.5784,0.5722,4.3836,0.256,0.1021,0.1858,0.0249
GRID_05584,다사57005375,성북구,삼선동2가,2107.0,False,5.8609,0.7653,3.5373,0.198,0.1365,0.1699,0.0222
GRID_05585,다사57005400,성북구,삼선동3가,1364.6,False,4.3654,0.7572,2.7201,0.1475,0.135,0.1418,0.0196
GRID_05586,다사57005425,성북구,삼선동5가,3047.5,False,5.3693,1.6703,3.6826,0.1814,0.2979,0.2345,0.0292
GRID_05587,다사57005450,성북구,삼선동4가,2351.0,False,7.7646,2.1036,5.1832,0.2623,0.3752,0.3138,0.0404
GRID_05588,다사57005475,성북구,동소문동6가,1592.5,False,9.0446,2.0939,5.8751,0.3055,0.3734,0.3365,0.0456
GRID_05589,다사57005500,성북구,동소문동7가,890.2,False,6.1172,1.8865,4.188,0.2066,0.3364,0.2658,0.0391
GRID_05590,다사57005525,성북구,동소문동7가,786.2,False,6.2143,1.2606,3.9554,0.2099,0.2248,0.2167,0.0325
GRID_05591,다사57005550,성북구,돈암동,2309.7,False,9.9974,0.4214,5.6307,0.3377,0.0752,0.218,0.0281
GRID_05592,다사57005575,성북구,정릉동,894.9,False,10.8471,0.2809,6.0289,0.3664,0.0501,0.2222,0.0327
GRID_05593,다사57005600,성북구,정릉동,929.8,False,8.4251,0.3048,4.7223,0.2846,0.0544,0.1796,0.0263
GRID_05594,다사57005625,성북구,정릉동,12.0,False,5.8314,0.2545,3.2883,0.197,0.0454,0.1279,0.0498
GRID_05595,다사57005650,성북구,정릉동,10.5,False,5.0978,0.2296,2.8779,0.1722,0.041,0.1124,0.046
GRID_05596,다사57005675,성북구,정릉동,954.8,False,6.0221,0.1839,3.3599,0.2034,0.0328,0.1256,0.0183
GRID_05597,다사57005700,성북구,정릉동,783.9,False,6.1348,0.2073,3.4319,0.2072,0.037,0.1296,0.0194
GRID_05598,다사57005725,성북구,정릉동,67.9,False,3.8845,0.2928,2.2467,0.1312,0.0522,0.0952,0.0225
GRID_05599,다사57005750,강북구,미아동,1764.7,False,4.1968,0.3481,2.4418,0.1418,0.0621,0.1054,0.0141
GRID_05600,다사57005775,강북구,미아동,3888.8,False,6.225,0.4467,3.5901,0.2103,0.0797,0.1507,0.0182
GRID_05601,다사57005800,강북구,미아동,34.1,False,4.6844,0.4905,2.772,0.1582,0.0875,0.126,0.0354
GRID_05602,다사57005825,강북구,미아동,2858.4,False,10.7453,0.4336,6.0432,0.363,0.0773,0.2327,0.0292
GRID_05603,다사57005850,강북구,미아동,28.8,False,15.3688,0.2548,8.4768,0.5192,0.0454,0.3032,0.0893
GRID_05604,다사57005875,강북구,수유동,1304.8,False,10.692,0.1695,5.8938,0.3612,0.0302,0.2103,0.0293
GRID_05605,다사57005900,강북구,수유동,2070.6,False,7.5579,0.2197,4.2117,0.2553,0.0392,0.1568,0.0205
GRID_05606,다사57005925,강북구,수유동,1959.7,False,9.4546,0.2075,5.2379,0.3194,0.037,0.1906,0.0251
GRID_05607,다사57005950,강북구,수유동,864.3,False,12.0124,0.2198,6.635,0.4058,0.0392,0.2386,0.0353
GRID_05608,다사57005975,강북구,수유동,772.2,False,7.5794,0.2983,4.2592,0.256,0.0532,0.1635,0.0246
GRID_05609,다사57006000,강북구,수유동,2810.3,False,7.0215,0.2975,3.9554,0.2372,0.0531,0.1532,0.0193
GRID_05610,다사57006025,강북구,수유동,1268.7,False,5.8772,0.2671,3.319,0.1985,0.0476,0.1297,0.0182
GRID_05611,다사57006050,강북구,수유동,1603.6,False,3.0615,0.3212,1.8119,0.1034,0.0573,0.0824,0.0112
GRID_05612,다사57006075,강북구,수유동,19.4,False,4.6316,0.3211,2.666,0.1565,0.0573,0.1112,0.0369
GRID_05613,다사57006100,강북구,수유동,2121.7,False,3.8973,0.2564,2.237,0.1317,0.0457,0.0925,0.0121
GRID_05614,다사57006125,도봉구,쌍문동,504.8,False,2.7709,0.3337,1.6595,0.0936,0.0595,0.0781,0.0125
GRID_05615,다사57006150,도봉구,쌍문동,1227.0,False,3.6712,0.3422,2.1532,0.124,0.061,0.0953,0.0134
GRID_05616,다사57006175,도봉구,쌍문동,2470.6,False,6.5218,0.271,3.6714,0.2203,0.0483,0.1419,0.0182
GRID_05617,다사57006200,도봉구,쌍문동,68.1,False,6.7951,0.2953,3.8312,0.2295,0.0527,0.1489,0.0352
GRID_05618,다사57006225,강북구,우이동,44.2,False,5.3977,0.3475,3.0948,0.1823,0.062,0.1275,0.0334
GRID_05619,다사57006250,강북구,우이동,2609.8,False,6.2406,0.3182,3.54,0.2108,0.0567,0.1406,0.0179
GRID_05620,다사57006275,강북구,우이동,24.1,False,3.7943,0.2614,2.1833,0.1282,0.0466,0.091,0.0282
GRID_05621,다사57006300,강북구,우이동,0.0,True,0.1124,0.1873,0.1465,0.0,0.0,0.0,0.0
GRID_05622,다사57006325,강북구,우이동,0.0,True,0.0,0.0693,0.0316,0.0,0.0,0.0,0.0
GRID_05623,다사57006350,강북구,우이동,0.0,True,0.0,0.0,0.0,0.0,0.0,0.0,0.0
GRID_05624,다사57006375,강북구,우이동,0.0,True,0.0,0.0,0.0,0.0,0.0,0.0,0.0
GRID_05625,다사57006400,강북구,우이동,0.0,True,0.0,0.0,0.0,0.0,0.0,0.0,0.0
GRID_05626,다사57006425,도봉구,도봉동,0.0,True,0.0,0.0,0.0,0.0,0.0,0.0,0.0
GRID_05627,다사57006450,도봉구,도봉동,0.0,True,0.0,0.0,0.0,0.0,0.0,0.0,0.0
GRID_05628,다사57006475,도봉구,도봉동,0.0,True,0.0,0.0,0.0,0.0,0.0,0.0,0.0
GRID_05629,다사57006500,도봉구,도봉동,0.0,True,0.0,0.0,0.0,0.0,0.0,0.0,0.0
GRID_05630,다사57006525,도봉구,도봉동,0.0,True,0.0,0.0,0.0,0.0,0.0,0.0,0.0
GRID_05631,다사57006550,도봉구,도봉동,0.0,True,0.0,0.0,0.0,0.0,0.0,0.0,0.0
GRID_05632,다사57006575,도봉구,도봉동,0.0,True,0.0,0.0,0.0,0.0,0.0,0.0,0.0
GRID_05633,다사57006600,도봉구,도봉동,0.0,True,0.0,0.0,0.0,0.0,0.0,0.0,0.0
GRID_05634,다사57006625,도봉구,도봉동,5.1,False,0.0,0.0,0.0,0.0,0.0,0.0,0.0
GRID_05635,다사57006650,도봉구,도봉동,0.0,True,0.0,0.0,0.0,0.0,0.0,0.0,0.0
GRID_05636,다사57006675,도봉구,도봉동,0.0,True,0.0,0.0,0.0,0.0,0.0,0.0,0.0
GRID_05637,다사57253950,서초구,우면동,4.3,False,1.8192,0.0,0.9897,0.0615,0.0,0.0334,0.02
GRID_05638,다사57253975,서초구,우면동,59.1,False,3.7493,0.0,2.0396,0.1267,0.0,0.0689,0.0168
GRID_05639,다사57254000,서초구,우면동,1568.0,False,1.5184,0.0,0.826,0.0513,0.0,0.0279,0.0038
GRID_05640,다사57254025,서초구,우면동,77.9,False,0.2455,0.0,0.1336,0.0083,0.0,0.0045,0.001
GRID_05641,다사57254050,서초구,우면동,63.4,False,0.0693,0.0,0.0377,0.0023,0.0,0.0013,0.0003
GRID_05642,다사57254075,서초구,우면동,11.2,False,0.0,0.0,0.0,0.0,0.0,0.0,0.0
GRID_05643,다사57254100,서초구,우면동,7.0,False,0.0,0.0,0.0,0.0,0.0,0.0,0.0
GRID_05644,다사57254125,서초구,우면동,0.0,True,0.0,0.0,0.0,0.0,0.0,0.0,0.0
GRID_05645,다사57254150,서초구,우면동,0.0,True,0.0,0.0,0.0,0.0,0.0,0.0,0.0
GRID_05646,다사57254175,서초구,우면동,0.0,True,0.0,0.0,0.0,0.0,0.0,0.0,0.0
GRID_05647,다사57254200,서초구,서초동,0.0,True,0.0,0.0,0.0,0.0,0.0,0.0,0.0
GRID_05648,다사57254225,서초구,서초동,87.8,False,1.3924,0.5394,1.0034,0.047,0.0962,0.0695,0.0155
GRID_05649,다사57254250,서초구,서초동,227.8,False,4.4489,1.1357,2.9381,0.1503,0.2026,0.1741,0.032
GRID_05650,다사57254275,서초구,서초동,2566.3,False,7.1589,1.4579,4.5592,0.2418,0.26,0.2501,0.0319
GRID_05651,다사57254300,서초구,서초동,1005.1,False,6.9329,1.4183,4.4182,0.2342,0.2529,0.2427,0.0351
GRID_05652,다사57254325,서초구,서초동,1235.1,False,5.8012,1.8666,4.007,0.196,0.3329,0.2584,0.0363
GRID_05653,다사57254350,서초구,서초동,1517.0,False,5.7267,2.0789,4.0633,0.1935,0.3708,0.2743,0.0374
GRID_05654,다사57254375,서초구,서초동,1310.6,False,6.2448,2.0667,4.3396,0.211,0.3686,0.2828,0.0394
GRID_05655,다사57254400,서초구,서초동,572.3,False,5.6933,1.8725,3.951,0.1923,0.334,0.2569,0.0404
GRID_05656,다사57254425,서초구,서초동,2246.9,False,2.1775,1.1768,1.7212,0.0736,0.2099,0.1357,0.0176
GRID_05657,다사57254450,서초구,서초동,908.9,False,2.196,0.3345,1.3471,0.0742,0.0597,0.0676,0.0099
GRID_05658,다사57254475,서초구,반포동,1536.9,False,4.0923,0.7261,2.5573,0.1382,0.1295,0.1343,0.0183
GRID_05659,다사57254500,서초구,반포동,2192.8,False,2.1627,1.1462,1.6992,0.0731,0.2044,0.133,0.0173
GRID_05660,다사57254525,서초구,반포동,4110.8,False,0.1653,1.9042,0.9582,0.0056,0.3396,0.1579,0.019
GRID_05661,다사57254550,서초구,반포동,1572.8,False,1.711,1.9926,1.8394,0.0578,0.3554,0.1935,0.0263
GRID_05662,다사57254575,서초구,잠원동,610.6,False,2.4272,3.1866,2.7735,0.082,0.5683,0.3038,0.0473
GRID_05663,다사57254600,서초구,잠원동,1631.4,False,3.2411,3.8391,3.5138,0.1095,0.6847,0.3718,0.0503
GRID_05664,다사57254625,서초구,잠원동,2515.4,False,5.4912,3.5835,4.6213,0.1855,0.6391,0.3923,0.0501
GRID_05665,다사57254650,서초구,잠원동,1195.0,False,4.177,2.4816,3.4039,0.1411,0.4426,0.2786,0.0393
GRID_05666,다사57254675,서초구,잠원동,44.5,False,1.3643,1.7002,1.5175,0.0461,0.3032,0.1633,0.0428
GRID_05667,다사57254700,강남구,압구정동,803.8,False,1.1736,0.4928,0.8632,0.0396,0.0879,0.0616,0.0092
GRID_05668,다사57254725,강남구,압구정동,14.9,False,2.8158,0.0,1.5318,0.0951,0.0,0.0517,0.0187
GRID_05669,다사57254750,강남구,압구정동,101.8,False,2.8892,0.0047,1.5739,0.0976,0.0008,0.0535,0.0115
GRID_05670,다사57254775,강남구,압구정동,10.1,False,1.1164,0.0414,0.6262,0.0377,0.0074,0.0239,0.0099
GRID_05671,다사57254800,강남구,압구정동,0.0,True,0.0,0.0185,0.0084,0.0,0.0,0.0,0.0
GRID_05672,다사57254825,강남구,압구정동,0.0,True,0.0,0.0378,0.0172,0.0,0.0,0.0,0.0
GRID_05673,다사57254850,성동구,옥수동,7.5,False,0.3439,0.3656,0.3538,0.0116,0.0652,0.0361,0.0168
GRID_05674,다사57254875,성동구,옥수동,90.4,False,1.3178,0.6822,1.0279,0.0445,0.1217,0.0797,0.0177
GRID_05675,다사57254900,성동구,옥수동,1461.3,False,4.2416,0.8373,2.6893,0.1433,0.1493,0.146,0.02
GRID_05676,다사57254925,성동구,옥수동,2735.9,False,6.4352,1.0168,3.9644,0.2174,0.1813,0.201,0.0254
GRID_05677,다사57254950,성동구,옥수동,1262.5,False,7.9569,1.0158,4.7917,0.2688,0.1812,0.2288,0.032
GRID_05678,다사57254975,성동구,금호동4가,556.6,False,14.3521,0.7754,8.1611,0.4848,0.1383,0.3268,0.0517
GRID_05679,다사57255000,성동구,금호동3가,2926.0,False,13.4908,0.7381,7.6756,0.4557,0.1316,0.3079,0.0386
GRID_05680,다사57255025,성동구,금호동2가,141.7,False,5.874,1.0141,3.6579,0.1984,0.1809,0.1904,0.0384
GRID_05681,다사57255050,성동구,금호동2가,1589.3,False,7.922,1.0361,4.782,0.2676,0.1848,0.2298,0.0312
GRID_05682,다사57255075,중구,신당동,2830.3,False,10.0825,1.0848,5.9795,0.3406,0.1935,0.2735,0.0344
GRID_05683,다사57255100,중구,신당동,2646.7,False,5.7159,0.8778,3.5097,0.1931,0.1565,0.1764,0.0224
GRID_05684,다사57255125,중구,신당동,262.2,False,2.3324,1.246,1.837,0.0788,0.2222,0.1442,0.0259
GRID_05685,다사57255150,중구,신당동,2201.1,False,2.5267,1.7069,2.1529,0.0854,0.3044,0.1852,0.0241
GRID_05686,다사57255175,중구,신당동,691.8,False,5.0434,1.8902,3.6056,0.1704,0.3371,0.2464,0.0377
GRID_05687,다사57255200,중구,흥인동,747.4,False,5.9037,2.2141,4.2212,0.1994,0.3949,0.2886,0.0436
GRID_05688,다사57255225,중구,흥인동,33.1,False,5.0075,2.6849,3.9484,0.1692,0.4788,0.3104,0.0879
GRID_05689,다사57255250,종로구,숭인동,3038.6,False,5.9615,2.5853,4.4219,0.2014,0.4611,0.3198,0.0399
GRID_05690,다사57255275,종로구,숭인동,1674.8,False,6.0086,2.3464,4.3387,0.203,0.4185,0.3012,0.0406
GRID_05691,다사57255300,종로구,숭인동,951.5,False,4.3778,1.7955,3.2003,0.1479,0.3202,0.2265,0.033
GRID_05692,다사57255325,종로구,숭인동,20.8,False,6.0164,1.0337,3.7443,0.2032,0.1844,0.1946,0.0632
GRID_05693,다사57255350,성북구,보문동6가,1777.2,False,6.2462,0.8464,3.7839,0.211,0.151,0.1836,0.0245
GRID_05694,다사57255375,성북구,보문동3가,38.3,False,3.9935,1.0286,2.6415,0.1349,0.1834,0.157,0.0428
GRID_05695,다사57255400,성북구,보문동3가,3049.5,False,4.3659,1.0875,2.871,0.1475,0.194,0.1687,0.021
GRID_05696,다사57255425,성북구,삼선동5가,846.0,False,5.5854,1.9077,3.9084,0.1887,0.3402,0.2578,0.0382
GRID_05697,다사57255450,성북구,동선동2가,818.8,False,9.7823,2.3504,6.3934,0.3305,0.4192,0.3709,0.0553
GRID_05698,다사57255475,성북구,동선동1가,1431.3,False,10.0842,2.2353,6.5051,0.3407,0.3987,0.3671,0.0505
GRID_05699,다사57255500,성북구,동선동4가,523.9,False,6.0643,2.0226,4.2213,0.2049,0.3607,0.2759,0.0441
GRID_05700,다사57255525,성북구,동선동5가,2862.0,False,4.1822,1.3392,2.8857,0.1413,0.2388,0.1858,0.0233
GRID_05701,다사57255550,성북구,정릉동,1761.6,False,7.3442,0.465,4.2073,0.2481,0.0829,0.1728,0.0231
GRID_05702,다사57255575,성북구,정릉동,3052.7,False,6.9998,0.3771,3.9799,0.2365,0.0673,0.1593,0.0199
GRID_05703,다사57255600,성북구,정릉동,23.5,False,3.4779,0.4898,2.1153,0.1175,0.0874,0.1037,0.0324
GRID_05704,다사57255625,성북구,정릉동,3669.5,False,3.172,0.3185,1.8708,0.1072,0.0568,0.0842,0.0103
GRID_05705,다사57255650,성북구,길음동,1655.4,False,4.73,0.0965,2.6171,0.1598,0.0172,0.0948,0.0128
GRID_05706,다사57255675,성북구,길음동,6285.8,False,7.0841,0.0,3.8537,0.2393,0.0,0.1302,0.0149
GRID_05707,다사57255700,성북구,길음동,18.1,False,6.0776,0.0179,3.3144,0.2053,0.0032,0.1131,0.0384
GRID_05708,다사57255725,강북구,미아동,651.1,False,4.4692,0.1001,2.4769,0.151,0.0179,0.0903,0.0139
GRID_05709,다사57255750,강북구,미아동,3965.6,False,5.35,0.3204,3.0565,0.1807,0.0571,0.1244,0.015
GRID_05710,다사57255775,강북구,미아동,1850.9,False,6.0312,0.4527,3.4874,0.2037,0.0807,0.1477,0.0196
GRID_05711,다사57255800,강북구,미아동,1963.4,False,4.9163,0.5287,2.9156,0.1661,0.0943,0.1333,0.0176
GRID_05712,다사57255825,강북구,미아동,1367.2,False,9.9415,0.4798,5.627,0.3358,0.0856,0.2217,0.0307
GRID_05713,다사57255850,강북구,미아동,2291.1,False,10.1158,0.3052,5.6422,0.3417,0.0544,0.2107,0.0272
GRID_05714,다사57255875,강북구,미아동,1858.3,False,6.8631,0.2368,3.8415,0.2318,0.0422,0.1454,0.0193
GRID_05715,다사57255900,강북구,수유동,3089.5,False,7.574,0.2897,4.2524,0.2559,0.0517,0.1628,0.0203
GRID_05716,다사57255925,강북구,수유동,2596.8,False,14.5878,0.2753,8.0613,0.4928,0.0491,0.2905,0.0369
GRID_05717,다사57255950,강북구,수유동,1802.5,False,11.8143,0.2843,6.5566,0.3991,0.0507,0.2402,0.032
GRID_05718,다사57255975,강북구,수유동,23.7,False,2.4952,0.4146,1.5465,0.0843,0.0739,0.0796,0.0248
GRID_05719,다사57256000,강북구,수유동,2272.5,False,4.9459,0.3624,2.8558,0.1671,0.0646,0.1204,0.0156
GRID_05720,다사57256025,강북구,수유동,3286.9,False,5.2239,0.3022,2.9796,0.1765,0.0539,0.1206,0.0149
GRID_05721,다사57256050,강북구,수유동,2143.8,False,3.6961,0.3257,2.1592,0.1249,0.0581,0.0944,0.0123
GRID_05722,다사57256075,강북구,수유동,17.9,False,3.8395,0.3148,2.2323,0.1297,0.0561,0.0962,0.0327
GRID_05723,다사57256100,강북구,수유동,1485.4,False,3.3254,0.2269,1.9125,0.1123,0.0405,0.0796,0.0109
GRID_05724,다사57256125,도봉구,쌍문동,467.0,False,3.3924,0.2696,1.9684,0.1146,0.0481,0.0843,0.0137
GRID_05725,다사57256150,도봉구,쌍문동,478.7,False,5.1412,0.2767,2.923,0.1737,0.0493,0.117,0.019
GRID_05726,다사57256175,도봉구,쌍문동,2330.3,False,8.1048,0.2091,4.5043,0.2738,0.0373,0.1659,0.0214
GRID_05727,다사57256200,도봉구,쌍문동,5.5,False,7.6579,0.2149,4.2639,0.2587,0.0383,0.1582,0.0845
GRID_05728,다사57256225,도봉구,쌍문동,1124.5,False,3.7594,0.2617,2.1645,0.127,0.0467,0.0904,0.0129
GRID_05729,다사57256250,강북구,우이동,37.6,False,1.8944,0.2335,1.137,0.064,0.0416,0.0538,0.0147
GRID_05730,다사57256275,도봉구,방학동,0.0,True,0.5106,0.202,0.3699,0.0,0.0,0.0,0.0
GRID_05731,다사57256300,도봉구,방학동,0.0,True,0.0,0.1342,0.0612,0.0,0.0,0.0,0.0
GRID_05732,다사57256325,강북구,우이동,0.0,True,0.0,0.0263,0.012,0.0,0.0,0.0,0.0
GRID_05733,다사57256350,강북구,우이동,0.0,True,0.0,0.0,0.0,0.0,0.0,0.0,0.0
GRID_05734,다사57256375,도봉구,도봉동,0.0,True,0.0,0.0,0.0,0.0,0.0,0.0,0.0
GRID_05735,다사57256400,도봉구,도봉동,0.0,True,0.0,0.0,0.0,0.0,0.0,0.0,0.0
GRID_05736,다사57256425,도봉구,도봉동,0.0,True,0.0,0.0,0.0,0.0,0.0,0.0,0.0
GRID_05737,다사57256450,도봉구,도봉동,0.0,True,0.0,0.0,0.0,0.0,0.0,0.0,0.0
GRID_05738,다사57256475,도봉구,도봉동,0.0,True,0.0,0.0,0.0,0.0,0.0,0.0,0.0
GRID_05739,다사57256500,도봉구,도봉동,0.0,True,0.0,0.0,0.0,0.0,0.0,0.0,0.0
GRID_05740,다사57256525,도봉구,도봉동,0.0,True,0.0,0.0,0.0,0.0,0.0,0.0,0.0
GRID_05741,다사57256550,도봉구,도봉동,0.0,True,0.0,0.0,0.0,0.0,0.0,0.0,0.0
GRID_05742,다사57256575,도봉구,도봉동,0.0,True,0.0,0.0,0.0,0.0,0.0,0.0,0.0
GRID_05743,다사57256600,도봉구,도봉동,0.0,True,0.0,0.0,0.0,0.0,0.0,0.0,0.0
GRID_05744,다사57256625,도봉구,도봉동,0.0,True,0.0,0.0,0.0,0.0,0.0,0.0,0.0
GRID_05745,다사57256650,도봉구,도봉동,0.0,True,0.0,0.0,0.0,0.0,0.0,0.0,0.0
GRID_05746,다사57256675,도봉구,도봉동,0.0,True,0.0,0.0,0.0,0.0,0.0,0.0,0.0
GRID_05747,다사57503950,서초구,우면동,0.0,True,1.0472,0.0,0.5697,0.0,0.0,0.0,0.0
GRID_05748,다사57503975,서초구,우면동,306.0,False,2.2937,0.0,1.2478,0.0775,0.0,0.0422,0.0074
GRID_05749,다사57504000,서초구,우면동,94.9,False,1.8734,0.0,1.0192,0.0633,0.0,0.0344,0.0075
GRID_05750,다사57504025,서초구,우면동,158.5,False,0.813,0.0,0.4423,0.0275,0.0,0.0149,0.0029
GRID_05751,다사57504050,서초구,우면동,1032.0,False,0.8892,0.0,0.4837,0.03,0.0,0.0163,0.0024
GRID_05752,다사57504075,서초구,우면동,277.0,False,0.2351,0.0,0.1279,0.0079,0.0,0.0043,0.0008
GRID_05753,다사57504100,서초구,우면동,73.4,False,0.0276,0.0,0.015,0.0009,0.0,0.0005,0.0001
GRID_05754,다사57504125,서초구,우면동,130.8,False,0.0,0.0,0.0,0.0,0.0,0.0,0.0
GRID_05755,다사57504150,서초구,우면동,42.0,False,0.0,0.0,0.0,0.0,0.0,0.0,0.0
GRID_05756,다사57504175,서초구,우면동,0.0,True,0.0,0.0,0.0,0.0,0.0,0.0,0.0
GRID_05757,다사57504200,서초구,서초동,0.0,True,0.0,0.0,0.0,0.0,0.0,0.0,0.0
GRID_05758,다사57504225,서초구,서초동,108.6,False,0.7198,0.2427,0.5023,0.0243,0.0433,0.033,0.007
GRID_05759,다사57504250,서초구,서초동,126.6,False,3.9677,0.7788,2.5136,0.134,0.1389,0.1363,0.0281
GRID_05760,다사57504275,서초구,서초동,1562.6,False,5.5895,1.0684,3.5279,0.1888,0.1906,0.1896,0.0258
GRID_05761,다사57504300,서초구,서초동,344.4,False,4.2203,1.0328,2.7668,0.1426,0.1842,0.1616,0.0276
GRID_05762,다사57504325,서초구,서초동,953.9,False,5.2391,0.7547,3.1943,0.177,0.1346,0.1577,0.023
GRID_05763,다사57504350,서초구,서초동,2258.3,False,6.1404,0.8983,3.75,0.2074,0.1602,0.1859,0.0241
GRID_05764,다사57504375,서초구,서초동,1840.2,False,4.5485,1.2213,3.0313,0.1537,0.2178,0.1829,0.0243
GRID_05765,다사57504400,서초구,서초동,1285.1,False,4.3355,1.9533,3.2492,0.1465,0.3484,0.2385,0.0333
GRID_05766,다사57504425,서초구,서초동,1724.0,False,4.2172,1.6729,3.057,0.1425,0.2983,0.2135,0.0287
GRID_05767,다사57504450,서초구,서초동,2344.8,False,5.5031,1.6503,3.7462,0.1859,0.2943,0.2353,0.0303
GRID_05768,다사57504475,서초구,서초동,1131.7,False,6.1244,1.7646,4.1363,0.2069,0.3147,0.2561,0.0364
GRID_05769,다사57504500,서초구,반포동,2137.4,False,4.5739,2.3539,3.5616,0.1545,0.4198,0.2755,0.0359
GRID_05770,다사57504525,서초구,반포동,709.8,False,4.4707,3.0788,3.836,0.151,0.5491,0.3325,0.0506
GRID_05771,다사57504550,서초구,반포동,3204.7,False,4.2939,2.9631,3.6871,0.1451,0.5285,0.3199,0.0396
GRID_05772,다사57504575,서초구,잠원동,529.1,False,5.5444,3.4719,4.5994,0.1873,0.6192,0.3842,0.0613
GRID_05773,다사57504600,강남구,논현동,334.9,False,5.5406,4.2753,4.9636,0.1872,0.7625,0.4495,0.0773
GRID_05774,다사57504625,강남구,논현동,708.4,False,8.1805,4.0666,6.3045,0.2763,0.7253,0.4811,0.0733
GRID_05775,다사57504650,강남구,신사동,2432.0,False,6.1677,2.8914,4.6737,0.2084,0.5157,0.3485,0.0447
GRID_05776,다사57504675,강남구,신사동,1107.3,False,1.711,1.9273,1.8097,0.0578,0.3437,0.1882,0.0268
GRID_05777,다사57504700,강남구,신사동,1209.6,False,2.5344,0.6758,1.6869,0.0856,0.1205,0.1015,0.0143
GRID_05778,다사57504725,강남구,압구정동,1980.3,False,2.8076,0.1297,1.5865,0.0948,0.0231,0.0621,0.0082
GRID_05779,다사57504750,강남구,압구정동,255.1,False,1.215,0.2648,0.7817,0.041,0.0472,0.0439,0.0079
GRID_05780,다사57504775,강남구,압구정동,90.3,False,0.1762,0.1478,0.1633,0.006,0.0264,0.0153,0.0034
GRID_05781,다사57504800,강남구,압구정동,0.0,True,0.0,0.0,0.0,0.0,0.0,0.0,0.0
GRID_05782,다사57504825,강남구,압구정동,0.0,True,0.0,0.0319,0.0145,0.0,0.0,0.0,0.0
GRID_05783,다사57504850,성동구,옥수동,40.6,False,0.1218,0.314,0.2095,0.0041,0.056,0.0278,0.0075
GRID_05784,다사57504875,성동구,옥수동,617.0,False,0.7004,0.6197,0.6636,0.0237,0.1105,0.0633,0.0098
GRID_05785,다사57504900,성동구,옥수동,165.1,False,1.4252,0.7686,1.1258,0.0481,0.1371,0.0887,0.0173
GRID_05786,다사57504925,성동구,옥수동,34.3,False,1.4841,0.8312,1.1864,0.0501,0.1482,0.0949,0.0266
GRID_05787,다사57504950,성동구,옥수동,597.8,False,4.542,0.8134,2.8417,0.1534,0.1451,0.1496,0.0234
GRID_05788,다사57504975,성동구,금호동4가,4640.4,False,14.39,0.5718,8.0889,0.4861,0.102,0.3109,0.0368
GRID_05789,다사57505000,성동구,금호동3가,130.9,False,14.2811,0.6361,8.059,0.4824,0.1135,0.3142,0.0644
GRID_05790,다사57505025,성동구,금호동3가,3559.3,False,7.3536,0.67,4.3059,0.2484,0.1195,0.1896,0.0232
GRID_05791,다사57505050,성동구,금호동2가,1141.1,False,12.619,0.5232,7.1033,0.4263,0.0933,0.2744,0.039
GRID_05792,다사57505075,성동구,금호동1가,419.4,False,12.8402,0.5397,7.2312,0.4338,0.0962,0.2799,0.0463
GRID_05793,다사57505100,중구,신당동,217.3,False,5.4728,0.5758,3.2398,0.1849,0.1027,0.1474,0.0274
GRID_05794,다사57505125,중구,신당동,901.0,False,1.6569,0.949,1.3341,0.056,0.1693,0.1076,0.0158
GRID_05795,다사57505150,중구,신당동,759.0,False,2.4285,1.3427,1.9334,0.082,0.2395,0.1538,0.0232
GRID_05796,다사57505175,중구,신당동,1020.1,False,6.4697,1.4412,4.1767,0.2186,0.257,0.2361,0.0341
GRID_05797,다사57505200,중구,황학동,2305.5,False,5.0327,1.635,3.4834,0.17,0.2916,0.2255,0.0291
GRID_05798,다사57505225,중구,황학동,2892.2,False,1.4811,1.8743,1.6604,0.05,0.3343,0.1797,0.0225
GRID_05799,다사57505250,종로구,숭인동,1861.2,False,4.3734,2.1688,3.3681,0.1477,0.3868,0.2568,0.0341
GRID_05800,다사57505275,종로구,숭인동,1238.1,False,6.5288,2.3506,4.6236,0.2206,0.4192,0.3111,0.0437
GRID_05801,다사57505300,종로구,숭인동,29.5,False,3.6701,2.1511,2.9774,0.124,0.3836,0.2424,0.0709
GRID_05802,다사57505325,성북구,보문동6가,1039.5,False,1.4226,1.4822,1.4498,0.0481,0.2644,0.1467,0.0211
GRID_05803,다사57505350,성북구,보문동5가,2576.5,False,4.6932,1.1379,3.072,0.1585,0.2029,0.1788,0.0228
GRID_05804,다사57505375,성북구,보문동5가,3185.8,False,6.1679,1.0189,3.8199,0.2084,0.1817,0.1962,0.0243
GRID_05805,다사57505400,성북구,보문동1가,515.6,False,7.8673,1.0157,4.7429,0.2658,0.1811,0.2272,0.0364
GRID_05806,다사57505425,성북구,안암동1가,1007.6,False,10.96,1.6458,6.7127,0.3702,0.2935,0.3353,0.0485
GRID_05807,다사57505450,성북구,동선동2가,678.3,False,7.1064,2.0249,4.7893,0.2401,0.3611,0.2953,0.0453
GRID_05808,다사57505475,성북구,동선동3가,2580.9,False,4.2054,1.8717,3.1413,0.1421,0.3338,0.2295,0.0292
GRID_05809,다사57505500,성북구,동선동3가,2892.3,False,1.8069,1.6375,1.7296,0.061,0.292,0.1664,0.0209
GRID_05810,다사57505525,성북구,동선동4가,0.0,True,3.8851,0.989,2.5645,0.0,0.0,0.0,0.0
GRID_05811,다사57505550,성북구,돈암동,118.3,False,6.1555,0.4496,3.5536,0.2079,0.0802,0.1497,0.0313
GRID_05812,다사57505575,성북구,정릉동,2774.3,False,4.3606,0.8122,2.7425,0.1473,0.1449,0.1462,0.0184
GRID_05813,다사57505600,성북구,길음동,5697.9,False,4.1548,0.9442,2.6908,0.1404,0.1684,0.1531,0.0177
GRID_05814,다사57505625,성북구,길음동,5065.5,False,3.4408,0.749,2.2133,0.1162,0.1336,0.1241,0.0146
GRID_05815,다사57505650,성북구,길음동,1614.6,False,3.4824,0.2804,2.0223,0.1176,0.05,0.0868,0.0118
GRID_05816,다사57505675,성북구,길음동,1411.7,False,5.3107,0.0,2.889,0.1794,0.0,0.0976,0.0135
GRID_05817,다사57505700,성북구,길음동,4654.3,False,6.749,0.0,3.6715,0.228,0.0,0.124,0.0147
GRID_05818,다사57505725,강북구,미아동,3791.3,False,5.6784,0.0286,3.102,0.1918,0.0051,0.1067,0.0129
GRID_05819,다사57505750,강북구,미아동,2987.3,False,5.9744,0.2236,3.352,0.2018,0.0399,0.128,0.016
GRID_05820,다사57505775,강북구,미아동,33.8,False,5.9953,0.3484,3.4203,0.2025,0.0621,0.1385,0.039
GRID_05821,다사57505800,강북구,미아동,2020.3,False,5.1346,0.458,3.0021,0.1735,0.0817,0.1316,0.0173
GRID_05822,다사57505825,강북구,미아동,420.7,False,8.4882,0.7282,4.9497,0.2867,0.1299,0.2152,0.0356
GRID_05823,다사57505850,강북구,미아동,919.1,False,7.0104,0.7535,4.1573,0.2368,0.1344,0.1901,0.0279
GRID_05824,다사57505875,강북구,미아동,1932.7,False,1.7223,0.6649,1.2401,0.0582,0.1186,0.0857,0.0113
GRID_05825,다사57505900,강북구,수유동,2169.7,False,4.9098,0.4696,2.885,0.1659,0.0837,0.1284,0.0167
GRID_05826,다사57505925,강북구,수유동,33.6,False,10.72,0.3162,5.9758,0.3621,0.0564,0.2227,0.0628
GRID_05827,다사57505950,강북구,수유동,1448.4,False,9.9769,0.8167,5.7999,0.337,0.1457,0.2498,0.0343
GRID_05828,다사57505975,강북구,수유동,57.3,False,2.3881,1.1503,1.8237,0.0807,0.2052,0.1374,0.0338
GRID_05829,다사57506000,강북구,수유동,1981.7,False,3.9393,1.0759,2.6336,0.1331,0.1919,0.1599,0.0211
GRID_05830,다사57506025,강북구,수유동,4126.6,False,6.6597,0.6496,3.9191,0.225,0.1159,0.1752,0.021
GRID_05831,다사57506050,강북구,수유동,1987.1,False,4.4085,0.2213,2.4991,0.1489,0.0395,0.099,0.013
GRID_05832,다사57506075,강북구,수유동,2174.1,False,2.3813,0.2018,1.3875,0.0804,0.036,0.0602,0.0078
GRID_05833,다사57506100,강북구,수유동,464.1,False,4.2731,0.1289,2.3833,0.1444,0.023,0.089,0.0145
GRID_05834,다사57506125,도봉구,쌍문동,460.3,False,5.6359,0.1237,3.1223,0.1904,0.0221,0.1136,0.0185
GRID_05835,다사57506150,도봉구,쌍문동,547.0,False,3.4258,0.129,1.9224,0.1157,0.023,0.0734,0.0116
GRID_05836,다사57506175,도봉구,쌍문동,321.3,False,3.2536,0.089,1.8106,0.1099,0.0159,0.067,0.0116
GRID_05837,다사57506200,도봉구,방학동,2548.6,False,3.4433,0.0811,1.9101,0.1163,0.0145,0.0699,0.0089
GRID_05838,다사57506225,도봉구,방학동,37.6,False,1.1965,0.0966,0.6949,0.0404,0.0172,0.0298,0.0082
GRID_05839,다사57506250,도봉구,방학동,350.0,False,0.6138,0.1014,0.3801,0.0207,0.0181,0.0195,0.0033
GRID_05840,다사57506275,도봉구,방학동,17.0,False,0.0,0.0935,0.0426,0.0,0.0167,0.0076,0.0026
GRID_05841,다사57506300,도봉구,방학동,0.0,True,0.0,0.0372,0.017,0.0,0.0,0.0,0.0
GRID_05842,다사57506325,도봉구,방학동,0.0,True,0.0,0.0,0.0,0.0,0.0,0.0,0.0
GRID_05843,다사57506350,도봉구,방학동,0.0,True,0.0,0.0,0.0,0.0,0.0,0.0,0.0
GRID_05844,다사57506375,도봉구,도봉동,0.0,True,0.0,0.0,0.0,0.0,0.0,0.0,0.0
GRID_05845,다사57506400,도봉구,도봉동,0.0,True,0.0,0.0,0.0,0.0,0.0,0.0,0.0
GRID_05846,다사57506425,도봉구,도봉동,0.0,True,0.0,0.0,0.0,0.0,0.0,0.0,0.0
GRID_05847,다사57506450,도봉구,도봉동,0.0,True,0.0,0.0,0.0,0.0,0.0,0.0,0.0
GRID_05848,다사57506475,도봉구,도봉동,0.0,True,0.0,0.0,0.0,0.0,0.0,0.0,0.0
GRID_05849,다사57506500,도봉구,도봉동,0.0,True,0.0,0.0,0.0,0.0,0.0,0.0,0.0
GRID_05850,다사57506525,도봉구,도봉동,9.2,False,0.0,0.0,0.0,0.0,0.0,0.0,0.0
GRID_05851,다사57506550,도봉구,도봉동,0.0,True,0.0,0.0,0.0,0.0,0.0,0.0,0.0
GRID_05852,다사57506575,도봉구,도봉동,0.0,True,0.0,0.0,0.0,0.0,0.0,0.0,0.0
GRID_05853,다사57506600,도봉구,도봉동,430.4,False,0.0,0.0,0.0,0.0,0.0,0.0,0.0
GRID_05854,다사57506625,도봉구,도봉동,8.9,False,0.0,0.0,0.0,0.0,0.0,0.0,0.0
GRID_05855,다사57506650,도봉구,도봉동,0.0,True,0.0,0.0,0.0,0.0,0.0,0.0,0.0
GRID_05856,다사57506675,도봉구,도봉동,0.0,True,0.0,0.0,0.0,0.0,0.0,0.0,0.0
GRID_05857,다사57753975,서초구,우면동,20.8,False,1.7394,0.0,0.9463,0.0588,0.0,0.032,0.0104
GRID_05858,다사57754000,서초구,우면동,2136.0,False,3.3335,0.0,1.8134,0.1126,0.0,0.0613,0.008
GRID_05859,다사57754025,서초구,우면동,1823.6,False,2.9408,0.0,1.5998,0.0993,0.0,0.054,0.0072
GRID_05860,다사57754050,서초구,우면동,292.7,False,2.2651,0.0,1.2322,0.0765,0.0,0.0416,0.0073
GRID_05861,다사57754075,서초구,우면동,408.7,False,1.7476,0.0,0.9507,0.059,0.0,0.0321,0.0053
GRID_05862,다사57754100,서초구,우면동,133.5,False,1.011,0.0,0.55,0.0342,0.0,0.0186,0.0038
GRID_05863,다사57754125,서초구,우면동,5235.5,False,1.6602,0.0,0.9031,0.0561,0.0,0.0305,0.0036
GRID_05864,다사57754150,서초구,우면동,665.6,False,0.675,0.0,0.3672,0.0228,0.0,0.0124,0.0019
GRID_05865,다사57754175,서초구,우면동,12.9,False,0.0,0.0,0.0,0.0,0.0,0.0,0.0
GRID_05866,다사57754200,서초구,양재동,4.4,False,0.0,0.0,0.0,0.0,0.0,0.0,0.0
GRID_05867,다사57754225,서초구,서초동,91.1,False,0.3357,0.0,0.1826,0.0113,0.0,0.0062,0.0014
GRID_05868,다사57754250,서초구,서초동,165.8,False,2.565,0.1925,1.4831,0.0866,0.0343,0.0628,0.0123
GRID_05869,다사57754275,서초구,서초동,1095.0,False,3.1793,0.4286,1.925,0.1074,0.0764,0.0933,0.0133
GRID_05870,다사57754300,서초구,서초동,1041.9,False,4.1488,0.3996,2.4391,0.1402,0.0713,0.1087,0.0156
GRID_05871,다사57754325,서초구,서초동,1101.9,False,4.951,0.1134,2.7451,0.1673,0.0202,0.1002,0.0143
GRID_05872,다사57754350,서초구,서초동,747.2,False,5.4253,0.1231,3.0075,0.1833,0.022,0.1097,0.0166
GRID_05873,다사57754375,서초구,서초동,290.2,False,4.9345,1.6973,3.4584,0.1667,0.3027,0.2287,0.0403
GRID_05874,다사57754400,서초구,서초동,447.9,False,4.8062,2.9861,3.9763,0.1624,0.5326,0.3312,0.0542
GRID_05875,다사57754425,서초구,서초동,1381.8,False,8.9637,3.4609,6.4544,0.3028,0.6172,0.4462,0.0617
GRID_05876,다사57754450,서초구,서초동,2790.7,False,16.1333,4.0778,10.636,0.545,0.7273,0.6281,0.0792
GRID_05877,다사57754475,서초구,서초동,3203.2,False,17.3261,3.541,11.0401,0.5853,0.6315,0.6064,0.0751
GRID_05878,다사57754500,서초구,반포동,267.3,False,11.8813,2.8859,7.7794,0.4014,0.5147,0.453,0.081
GRID_05879,다사57754525,서초구,반포동,1163.7,False,8.8629,3.5672,6.448,0.2994,0.6362,0.453,0.0642
GRID_05880,다사57754550,강남구,논현동,1643.8,False,5.3014,3.3914,4.4304,0.1791,0.6049,0.3732,0.0504
GRID_05881,다사57754575,강남구,논현동,1263.4,False,3.6039,3.3087,3.4693,0.1217,0.5901,0.3353,0.0469
GRID_05882,다사57754600,강남구,논현동,1695.3,False,2.5451,3.9053,3.1653,0.086,0.6965,0.3644,0.049
GRID_05883,다사57754625,강남구,논현동,651.5,False,2.9136,3.6451,3.2472,0.0984,0.6501,0.35,0.054
GRID_05884,다사57754650,강남구,신사동,370.6,False,3.7296,2.3927,3.12,0.126,0.4267,0.2631,0.0445
GRID_05885,다사57754675,강남구,신사동,1564.8,False,1.5442,1.5419,1.5432,0.0522,0.275,0.1538,0.0209
GRID_05886,다사57754700,강남구,신사동,774.7,False,1.9201,0.7004,1.3639,0.0649,0.1249,0.0922,0.0139
GRID_05887,다사57754725,강남구,압구정동,1369.7,False,2.1511,0.7748,1.5235,0.0727,0.1382,0.1025,0.0142
GRID_05888,다사57754750,강남구,압구정동,614.5,False,0.5383,0.9447,0.7236,0.0182,0.1685,0.0867,0.0135
GRID_05889,다사57754775,강남구,압구정동,658.2,False,0.0112,0.7976,0.3698,0.0004,0.1423,0.0651,0.01
GRID_05890,다사57754800,강남구,압구정동,177.6,False,0.0,0.3745,0.1708,0.0,0.0668,0.0305,0.0059
GRID_05891,다사57754825,강남구,압구정동,339.2,False,0.0,0.0,0.0,0.0,0.0,0.0,0.0
GRID_05892,다사57754850,성동구,옥수동,9.1,False,0.0,0.1341,0.0611,0.0,0.0239,0.0109,0.0047
GRID_05893,다사57754875,성동구,옥수동,0.0,True,0.0,0.3844,0.1753,0.0,0.0,0.0,0.0
GRID_05894,다사57754900,성동구,옥수동,0.0,True,0.102,0.5142,0.29,0.0,0.0,0.0,0.0
GRID_05895,다사57754925,성동구,금호동4가,47.1,False,1.0026,0.4706,0.76,0.0339,0.0839,0.0567,0.0146
GRID_05896,다사57754950,성동구,금호동4가,1927.9,False,3.6188,0.3561,2.131,0.1222,0.0635,0.0955,0.0126
GRID_05897,다사57754975,성동구,금호동4가,121.0,False,13.0001,0.1829,7.1555,0.4392,0.0326,0.2538,0.0528
GRID_05898,다사57755000,성동구,금호동3가,1055.0,False,12.0169,0.3409,6.6927,0.4059,0.0608,0.2486,0.0357
GRID_05899,다사57755025,성동구,금호동2가,4141.1,False,9.2217,0.3933,5.1959,0.3115,0.0701,0.2015,0.0242
GRID_05900,다사57755050,성동구,금호동1가,1997.8,False,16.9372,0.5712,9.4743,0.5722,0.1019,0.3577,0.0471
GRID_05901,다사57755075,성동구,금호동1가,55.1,False,13.0633,0.647,7.4015,0.4413,0.1154,0.2927,0.0727
GRID_05902,다사57755100,성동구,하왕십리동,2177.3,False,5.2808,0.51,3.1053,0.1784,0.091,0.1385,0.018
GRID_05903,다사57755125,중구,신당동,4856.6,False,5.0238,0.6593,3.0336,0.1697,0.1176,0.1459,0.0172
GRID_05904,다사57755150,중구,신당동,61.1,False,4.1717,1.0543,2.7502,0.1409,0.188,0.1624,0.0393
GRID_05905,다사57755175,중구,황학동,1714.5,False,6.9679,1.3185,4.3918,0.2354,0.2352,0.2353,0.0316
GRID_05906,다사57755200,중구,황학동,1125.5,False,5.6965,1.1001,3.6006,0.1924,0.1962,0.1942,0.0276
GRID_05907,다사57755225,중구,황학동,1906.5,False,3.6244,1.2787,2.5548,0.1224,0.2281,0.1706,0.0226
GRID_05908,다사57755250,종로구,숭인동,341.8,False,5.666,1.8142,3.9096,0.1914,0.3236,0.2517,0.0431
GRID_05909,다사57755275,종로구,숭인동,1547.7,False,12.6467,2.1963,7.8813,0.4272,0.3917,0.411,0.056
GRID_05910,다사57755300,종로구,숭인동,1461.1,False,11.154,1.9802,6.9707,0.3768,0.3532,0.366,0.0502
GRID_05911,다사57755325,성북구,보문동7가,287.8,False,3.5102,1.4894,2.5887,0.1186,0.2656,0.1856,0.0328
GRID_05912,다사57755350,성북구,보문동7가,802.6,False,3.375,1.1793,2.3738,0.114,0.2103,0.1579,0.0236
GRID_05913,다사57755375,성북구,안암동3가,2132.6,False,4.3153,1.0222,2.8137,0.1458,0.1823,0.1624,0.0212
GRID_05914,다사57755400,성북구,안암동2가,11.7,False,10.0208,1.2385,6.0161,0.3385,0.2209,0.2849,0.1121
GRID_05915,다사57755425,성북구,안암동2가,1812.3,False,11.3177,1.1965,6.7024,0.3823,0.2134,0.3053,0.0407
GRID_05916,다사57755450,성북구,돈암동,938.7,False,5.1289,1.2919,3.3792,0.1733,0.2304,0.1993,0.0291
GRID_05917,다사57755475,성북구,돈암동,79.7,False,1.7708,1.0037,1.421,0.0598,0.179,0.1142,0.026
GRID_05918,다사57755500,성북구,돈암동,886.9,False,3.5238,0.8369,2.2986,0.119,0.1493,0.1328,0.0196
GRID_05919,다사57755525,성북구,돈암동,3509.1,False,4.61,0.3975,2.6891,0.1557,0.0709,0.117,0.0143
GRID_05920,다사57755550,성북구,돈암동,3158.1,False,4.4256,0.6733,2.7145,0.1495,0.1201,0.1361,0.0169
GRID_05921,다사57755575,성북구,돈암동,1630.5,False,6.9709,1.0727,4.2814,0.2355,0.1913,0.2153,0.0291
GRID_05922,다사57755600,성북구,길음동,25.3,False,12.9437,1.2016,7.5893,0.4373,0.2143,0.3356,0.1026
GRID_05923,다사57755625,성북구,길음동,23.1,False,9.7538,1.0242,5.7731,0.3295,0.1827,0.2625,0.0825
GRID_05924,다사57755650,성북구,길음동,819.3,False,4.3185,0.5893,2.618,0.1459,0.1051,0.1273,0.019
GRID_05925,다사57755675,성북구,길음동,9.8,False,3.7085,0.2177,2.1167,0.1253,0.0388,0.0859,0.0361
GRID_05926,다사57755700,강북구,미아동,274.9,False,4.6196,0.4073,2.6988,0.1561,0.0726,0.118,0.021
GRID_05927,다사57755725,강북구,미아동,282.7,False,4.178,0.3753,2.444,0.1411,0.0669,0.1073,0.019
GRID_05928,다사57755750,강북구,미아동,3627.8,False,7.0687,0.1704,3.9231,0.2388,0.0304,0.1438,0.0175
GRID_05929,다사57755775,강북구,미아동,1086.0,False,6.3322,0.1621,3.5186,0.2139,0.0289,0.1296,0.0185
GRID_05930,다사57755800,강북구,미아동,1520.0,False,2.7307,0.542,1.7327,0.0922,0.0967,0.0943,0.0129
GRID_05931,다사57755825,강북구,미아동,843.0,False,4.5337,0.938,2.8941,0.1532,0.1673,0.1596,0.0237
GRID_05932,다사57755850,강북구,미아동,827.3,False,5.5554,1.0787,3.514,0.1877,0.1924,0.1898,0.0282
GRID_05933,다사57755875,강북구,미아동,582.7,False,3.2158,0.9335,2.1751,0.1086,0.1665,0.135,0.0212
GRID_05934,다사57755900,강북구,수유동,981.6,False,2.6952,0.6956,1.7834,0.091,0.1241,0.1061,0.0154
GRID_05935,다사57755925,강북구,수유동,1010.0,False,6.3226,0.7774,3.794,0.2136,0.1387,0.1794,0.0259
GRID_05936,다사57755950,강북구,수유동,0.0,True,11.6583,1.2743,6.9232,0.0,0.0,0.0,0.0
GRID_05937,다사57755975,강북구,수유동,1361.3,False,10.6587,1.5974,6.5267,0.3601,0.2849,0.3258,0.0451
GRID_05938,다사57756000,강북구,수유동,1631.7,False,8.7279,1.5098,5.4364,0.2948,0.2693,0.2832,0.0383
GRID_05939,다사57756025,강북구,수유동,3794.3,False,9.7274,1.0676,5.7785,0.3286,0.1904,0.2656,0.0322
GRID_05940,다사57756050,강북구,수유동,1886.4,False,7.379,0.3439,4.171,0.2493,0.0613,0.1636,0.0217
GRID_05941,다사57756075,강북구,수유동,1676.6,False,6.1191,0.0368,3.3456,0.2067,0.0066,0.1154,0.0155
GRID_05942,다사57756100,도봉구,쌍문동,1077.9,False,10.4325,0.0095,5.6796,0.3524,0.0017,0.1925,0.0276
GRID_05943,다사57756125,도봉구,쌍문동,1622.3,False,10.5226,0.0054,5.7267,0.3555,0.001,0.1938,0.0262
GRID_05944,다사57756150,도봉구,쌍문동,1160.1,False,2.4837,0.0,1.3511,0.0839,0.0,0.0456,0.0065
GRID_05945,다사57756175,도봉구,방학동,107.6,False,1.9591,0.0,1.0658,0.0662,0.0,0.036,0.0077
GRID_05946,다사57756200,도봉구,방학동,1572.4,False,3.4887,0.0,1.8979,0.1179,0.0,0.0641,0.0087
GRID_05947,다사57756225,도봉구,방학동,52.5,False,2.7277,0.0,1.4839,0.0921,0.0,0.0501,0.0126
GRID_05948,다사57756250,도봉구,방학동,165.0,False,1.9685,0.0,1.0709,0.0665,0.0,0.0362,0.0071
GRID_05949,다사57756275,도봉구,방학동,10.8,False,0.8912,0.0,0.4848,0.0301,0.0,0.0164,0.0066
GRID_05950,다사57756300,도봉구,방학동,0.0,True,0.0,0.0,0.0,0.0,0.0,0.0,0.0
GRID_05951,다사57756325,도봉구,방학동,0.0,True,0.0,0.0,0.0,0.0,0.0,0.0,0.0
GRID_05952,다사57756350,도봉구,방학동,0.0,True,0.0,0.0,0.0,0.0,0.0,0.0,0.0
GRID_05953,다사57756375,도봉구,도봉동,0.0,True,0.0,0.0,0.0,0.0,0.0,0.0,0.0
GRID_05954,다사57756400,도봉구,도봉동,26.8,False,0.0,0.0,0.0,0.0,0.0,0.0,0.0
GRID_05955,다사57756425,도봉구,도봉동,0.0,True,0.0,0.0,0.0,0.0,0.0,0.0,0.0
GRID_05956,다사57756450,도봉구,도봉동,0.0,True,0.0,0.0,0.0,0.0,0.0,0.0,0.0
GRID_05957,다사57756475,도봉구,도봉동,0.0,True,0.0,0.0,0.0,0.0,0.0,0.0,0.0
GRID_05958,다사57756500,도봉구,도봉동,0.0,True,0.0,0.0,0.0,0.0,0.0,0.0,0.0
GRID_05959,다사57756525,도봉구,도봉동,9.1,False,0.0,0.0,0.0,0.0,0.0,0.0,0.0
GRID_05960,다사57756550,도봉구,도봉동,23.8,False,0.0,0.0,0.0,0.0,0.0,0.0,0.0
GRID_05961,다사57756575,도봉구,도봉동,0.0,True,0.0,0.0,0.0,0.0,0.0,0.0,0.0
GRID_05962,다사57756600,도봉구,도봉동,7.4,False,0.0,0.0,0.0,0.0,0.0,0.0,0.0
GRID_05963,다사57756625,도봉구,도봉동,0.0,True,0.0,0.0,0.0,0.0,0.0,0.0,0.0
GRID_05964,다사57756650,도봉구,도봉동,0.0,True,0.0,0.0,0.0,0.0,0.0,0.0,0.0
GRID_05965,다사57756675,도봉구,도봉동,0.0,True,0.0,0.0,0.0,0.0,0.0,0.0,0.0
GRID_05966,다사58003975,서초구,우면동,12.6,False,0.8258,0.0,0.4492,0.0279,0.0,0.0152,0.0058
GRID_05967,다사58004000,서초구,우면동,80.2,False,2.4662,0.0,1.3416,0.0833,0.0,0.0453,0.0103
GRID_05968,다사58004025,서초구,우면동,37.7,False,2.18,0.0,1.1859,0.0736,0.0,0.0401,0.011
GRID_05969,다사58004050,서초구,우면동,3240.3,False,2.1035,0.0,1.1443,0.0711,0.0,0.0387,0.0048
GRID_05970,다사58004075,서초구,우면동,321.0,False,3.7259,0.0,2.0269,0.1259,0.0,0.0685,0.0119
GRID_05971,다사58004100,서초구,우면동,21.6,False,3.9072,0.0,2.1255,0.132,0.0,0.0718,0.023
GRID_05972,다사58004125,서초구,우면동,892.4,False,4.0542,0.0,2.2055,0.137,0.0,0.0745,0.011
GRID_05973,다사58004150,서초구,우면동,11.4,False,2.5424,0.0,1.3831,0.0859,0.0,0.0467,0.0186
GRID_05974,다사58004175,서초구,양재동,11.6,False,0.2428,0.0,0.1321,0.0082,0.0,0.0045,0.0018
GRID_05975,다사58004200,서초구,양재동,35.6,False,0.0,0.0,0.0,0.0,0.0,0.0,0.0
GRID_05976,다사58004225,서초구,양재동,55.6,False,0.0,0.0,0.0,0.0,0.0,0.0,0.0
GRID_05977,다사58004250,서초구,서초동,95.4,False,0.0256,0.3622,0.1791,0.0009,0.0646,0.0299,0.0066
GRID_05978,다사58004275,서초구,서초동,82.5,False,0.4104,0.6267,0.509,0.0139,0.1118,0.0585,0.0132
GRID_05979,다사58004300,서초구,서초동,1654.7,False,3.9087,0.342,2.2823,0.132,0.061,0.0996,0.0134
GRID_05980,다사58004325,서초구,서초동,3105.5,False,6.3078,0.0,3.4314,0.2131,0.0,0.1159,0.0144
GRID_05981,다사58004350,서초구,서초동,2162.1,False,6.3043,0.6022,3.7042,0.213,0.1074,0.1648,0.0215
GRID_05982,다사58004375,서초구,서초동,955.4,False,9.6434,2.7145,6.4838,0.3258,0.4841,0.398,0.058
GRID_05983,다사58004400,서초구,서초동,1831.1,False,18.5689,4.1802,12.0076,0.6273,0.7455,0.6812,0.0907
GRID_05984,다사58004425,서초구,서초동,1332.8,False,25.4885,4.7551,16.0341,0.861,0.8481,0.8551,0.1188
GRID_05985,다사58004450,서초구,서초동,1510.4,False,28.0731,5.3085,17.6925,0.9483,0.9468,0.9476,0.1294
GRID_05986,다사58004475,강남구,역삼동,2421.5,False,20.8363,4.5862,13.4263,0.7039,0.8179,0.7559,0.097
GRID_05987,다사58004500,강남구,역삼동,702.4,False,11.3018,3.1169,7.5695,0.3818,0.5559,0.4612,0.0703
GRID_05988,다사58004525,강남구,논현동,2626.6,False,5.9887,3.2428,4.7366,0.2023,0.5783,0.3738,0.0475
GRID_05989,다사58004550,강남구,논현동,2111.4,False,0.9121,3.0647,1.8937,0.0308,0.5466,0.266,0.0347
GRID_05990,다사58004575,강남구,논현동,2853.0,False,0.7539,2.4136,1.5107,0.0255,0.4305,0.2101,0.0264
GRID_05991,다사58004600,강남구,논현동,413.4,False,1.0025,2.9083,1.8716,0.0339,0.5187,0.2549,0.0423
GRID_05992,다사58004625,강남구,논현동,300.0,False,1.373,2.6447,1.9529,0.0464,0.4717,0.2403,0.0421
GRID_05993,다사58004650,강남구,논현동,1490.6,False,2.9917,1.6616,2.3851,0.1011,0.2963,0.1901,0.026
GRID_05994,다사58004675,강남구,신사동,802.3,False,2.4817,0.6862,1.663,0.0838,0.1224,0.1014,0.0152
GRID_05995,다사58004700,강남구,신사동,2204.6,False,1.2556,0.7154,1.0093,0.0424,0.1276,0.0813,0.0106
GRID_05996,다사58004725,강남구,신사동,1356.7,False,2.2889,1.2168,1.8,0.0773,0.217,0.141,0.0195
GRID_05997,다사58004750,강남구,압구정동,1515.7,False,1.4363,1.4104,1.4245,0.0485,0.2515,0.1411,0.0193
GRID_05998,다사58004775,강남구,압구정동,909.2,False,0.0,1.2427,0.5667,0.0,0.2216,0.1011,0.0148
GRID_05999,다사58004800,강남구,압구정동,17.2,False,0.0,0.7603,0.3467,0.0,0.1356,0.0618,0.0213
GRID_06000,다사58004825,강남구,압구정동,202.5,False,0.0,0.0888,0.0405,0.0,0.0158,0.0072,0.0014
GRID_06001,다사58004850,성동구,옥수동,0.0,True,0.0,0.0,0.0,0.0,0.0,0.0,0.0
GRID_06002,다사58004875,성동구,옥수동,0.0,True,0.0,0.0888,0.0405,0.0,0.0,0.0,0.0
GRID_06003,다사58004900,성동구,옥수동,0.0,True,0.0,0.1408,0.0642,0.0,0.0,0.0,0.0
GRID_06004,다사58004925,성동구,금호동4가,125.7,False,0.7711,0.1051,0.4674,0.026,0.0187,0.0227,0.0047
GRID_06005,다사58004950,성동구,금호동4가,169.2,False,3.1768,0.0,1.7282,0.1073,0.0,0.0584,0.0114
GRID_06006,다사58004975,성동구,금호동4가,1699.6,False,10.9925,0.0,5.9799,0.3713,0.0,0.202,0.0272
GRID_06007,다사58005000,성동구,금호동2가,1309.9,False,13.0887,0.0634,7.1492,0.4422,0.0113,0.2457,0.0342
GRID_06008,다사58005025,성동구,금호동1가,1796.1,False,13.4079,0.3271,7.443,0.4529,0.0583,0.273,0.0364
GRID_06009,다사58005050,성동구,금호동1가,1751.2,False,18.0788,0.6152,10.1154,0.6107,0.1097,0.3823,0.0512
GRID_06010,다사58005075,성동구,행당동,3201.2,False,13.2046,0.7147,7.5092,0.4461,0.1275,0.3008,0.0373
GRID_06011,다사58005100,성동구,하왕십리동,2652.9,False,7.1356,0.7306,4.2149,0.2411,0.1303,0.1905,0.0242
GRID_06012,다사58005125,성동구,하왕십리동,3199.0,False,5.09,0.8334,3.149,0.1719,0.1486,0.1613,0.02
GRID_06013,다사58005150,중구,신당동,893.6,False,4.8374,1.0316,3.102,0.1634,0.184,0.1728,0.0254
GRID_06014,다사58005175,성동구,상왕십리동,44.9,False,8.1127,1.0462,4.8904,0.2741,0.1866,0.2342,0.0612
GRID_06015,다사58005200,성동구,상왕십리동,112.0,False,7.75,0.8253,4.5923,0.2618,0.1472,0.2095,0.0443
GRID_06016,다사58005225,성동구,상왕십리동,346.7,False,4.4646,0.8178,2.8017,0.1508,0.1459,0.1486,0.0254
GRID_06017,다사58005250,동대문구,신설동,1254.4,False,4.7103,1.267,3.1402,0.1591,0.226,0.1896,0.0266
GRID_06018,다사58005275,동대문구,신설동,601.5,False,9.9189,1.7382,6.1885,0.3351,0.31,0.3236,0.0506
GRID_06019,다사58005300,동대문구,신설동,1229.9,False,11.2442,1.78,6.9285,0.3798,0.3175,0.3514,0.0494
GRID_06020,다사58005325,동대문구,신설동,1601.7,False,4.1661,1.3807,2.896,0.1407,0.2462,0.1888,0.0256
GRID_06021,다사58005350,성북구,안암동4가,801.7,False,0.8943,1.0409,0.9611,0.0302,0.1856,0.1011,0.0151
GRID_06022,다사58005375,성북구,안암동5가,543.5,False,1.4615,0.9525,1.2294,0.0494,0.1699,0.1043,0.0166
GRID_06023,다사58005400,성북구,안암동5가,1170.4,False,7.0653,1.1866,4.3846,0.2387,0.2116,0.2263,0.032
GRID_06024,다사58005425,성북구,안암동2가,694.7,False,7.6933,1.0308,4.6552,0.2599,0.1838,0.2252,0.0344
GRID_06025,다사58005450,성북구,안암동5가,1235.9,False,1.2561,0.5281,0.9241,0.0424,0.0942,0.066,0.0093
GRID_06026,다사58005475,성북구,안암동5가,674.6,False,3.4267,0.1142,1.9162,0.1158,0.0204,0.0723,0.0111
GRID_06027,다사58005500,성북구,안암동5가,236.9,False,5.0972,0.0,2.7729,0.1722,0.0,0.0937,0.0171
GRID_06028,다사58005525,성북구,돈암동,125.9,False,3.4599,0.1727,1.9609,0.1169,0.0308,0.0776,0.016
GRID_06029,다사58005550,성북구,돈암동,82.5,False,3.2188,0.7556,2.0956,0.1087,0.1348,0.1206,0.0273
GRID_06030,다사58005575,성북구,돈암동,2840.3,False,6.9138,1.1673,4.2934,0.2336,0.2082,0.222,0.0279
GRID_06031,다사58005600,성북구,길음동,2300.9,False,13.2111,1.3002,7.7797,0.4463,0.2319,0.3485,0.045
GRID_06032,다사58005625,성북구,길음동,2721.3,False,11.9261,1.1172,6.9973,0.4029,0.1993,0.31,0.0392
GRID_06033,다사58005650,성북구,길음동,4427.8,False,3.9865,0.9506,2.6021,0.1347,0.1695,0.1506,0.0179
GRID_06034,다사58005675,성북구,길음동,4175.0,False,1.941,0.8376,1.4379,0.0656,0.1494,0.1038,0.0124
GRID_06035,다사58005700,강북구,미아동,1656.6,False,2.4947,1.0104,1.8179,0.0843,0.1802,0.128,0.0173
GRID_06036,다사58005725,강북구,미아동,3089.9,False,2.1177,0.9464,1.5836,0.0715,0.1688,0.1159,0.0144
GRID_06037,다사58005750,강북구,미아동,593.8,False,4.6809,0.6492,2.8424,0.1581,0.1158,0.1388,0.0217
GRID_06038,다사58005775,강북구,미아동,1457.9,False,5.2331,0.1509,2.9156,0.1768,0.0269,0.1084,0.0149
GRID_06039,다사58005800,강북구,미아동,1524.9,False,0.7508,0.5928,0.6788,0.0254,0.1057,0.062,0.0085
GRID_06040,다사58005825,강북구,미아동,794.2,False,3.8035,0.98,2.516,0.1285,0.1748,0.1496,0.0224
GRID_06041,다사58005850,강북구,미아동,6717.0,False,8.0912,1.1345,4.919,0.2733,0.2023,0.241,0.0273
GRID_06042,다사58005875,강북구,미아동,2458.7,False,6.3764,1.0223,3.9349,0.2154,0.1823,0.2003,0.0257
GRID_06043,다사58005900,강북구,미아동,4194.1,False,3.6951,0.6879,2.3238,0.1248,0.1227,0.1239,0.0148
GRID_06044,다사58005925,강북구,미아동,2083.7,False,5.9734,0.983,3.6978,0.2018,0.1753,0.1897,0.0248
GRID_06045,다사58005950,강북구,번동,1545.6,False,13.0748,1.4073,7.7544,0.4417,0.251,0.3547,0.0483
GRID_06046,다사58005975,강북구,번동,1297.6,False,14.1368,1.6923,8.4621,0.4776,0.3018,0.3974,0.0554
GRID_06047,다사58006000,강북구,수유동,5756.1,False,12.296,1.6064,7.4216,0.4154,0.2865,0.3566,0.0412
GRID_06048,다사58006025,강북구,수유동,1950.9,False,8.2868,1.153,5.0338,0.2799,0.2056,0.2461,0.0325
GRID_06049,다사58006050,강북구,수유동,32.2,False,6.383,0.399,3.6543,0.2156,0.0712,0.1497,0.0428
GRID_06050,다사58006075,강북구,수유동,615.2,False,8.2054,0.0,4.4638,0.2772,0.0,0.1508,0.0235
GRID_06051,다사58006100,도봉구,쌍문동,14.4,False,14.7916,0.0,8.0466,0.4997,0.0,0.2718,0.0994
GRID_06052,다사58006125,도봉구,쌍문동,2681.9,False,12.4567,0.0,6.7764,0.4208,0.0,0.2289,0.029
GRID_06053,다사58006150,도봉구,쌍문동,2911.4,False,3.0646,0.0,1.6672,0.1035,0.0,0.0563,0.0071
GRID_06054,다사58006175,도봉구,방학동,0.0,True,3.5178,0.0,1.9137,0.0,0.0,0.0,0.0
GRID_06055,다사58006200,도봉구,방학동,2620.2,False,7.2389,0.0,3.938,0.2445,0.0,0.133,0.0169
GRID_06056,다사58006225,도봉구,방학동,3891.9,False,6.756,0.0,3.6752,0.2282,0.0,0.1242,0.015
GRID_06057,다사58006250,도봉구,방학동,41.4,False,4.1684,0.0,2.2676,0.1408,0.0,0.0766,0.0204
GRID_06058,다사58006275,도봉구,방학동,11.0,False,1.4156,0.0,0.7701,0.0478,0.0,0.026,0.0105
GRID_06059,다사58006300,도봉구,방학동,0.0,True,0.0,0.0,0.0,0.0,0.0,0.0,0.0
GRID_06060,다사58006325,도봉구,방학동,0.0,True,0.0,0.0,0.0,0.0,0.0,0.0,0.0
GRID_06061,다사58006350,도봉구,방학동,0.0,True,0.0,0.0,0.0,0.0,0.0,0.0,0.0
GRID_06062,다사58006375,도봉구,도봉동,0.0,True,0.0,0.0,0.0,0.0,0.0,0.0,0.0
GRID_06063,다사58006400,도봉구,도봉동,8.8,False,0.0,0.0,0.0,0.0,0.0,0.0,0.0
GRID_06064,다사58006425,도봉구,도봉동,11.6,False,0.0,0.0,0.0,0.0,0.0,0.0,0.0
GRID_06065,다사58006450,도봉구,도봉동,0.0,True,0.0,0.0,0.0,0.0,0.0,0.0,0.0
GRID_06066,다사58006475,도봉구,도봉동,0.0,True,0.0,0.0,0.0,0.0,0.0,0.0,0.0
GRID_06067,다사58006500,도봉구,도봉동,0.0,True,0.0,0.0,0.0,0.0,0.0,0.0,0.0
GRID_06068,다사58006525,도봉구,도봉동,4.0,False,0.0,0.0,0.0,0.0,0.0,0.0,0.0
GRID_06069,다사58006550,도봉구,도봉동,0.0,True,0.0,0.0,0.0,0.0,0.0,0.0,0.0
GRID_06070,다사58006575,도봉구,도봉동,0.0,True,0.0,0.0,0.0,0.0,0.0,0.0,0.0
GRID_06071,다사58006600,도봉구,도봉동,0.0,True,0.0,0.0,0.0,0.0,0.0,0.0,0.0
GRID_06072,다사58006625,도봉구,도봉동,0.0,True,0.0,0.0,0.0,0.0,0.0,0.0,0.0
GRID_06073,다사58006650,도봉구,도봉동,0.0,True,0.0,0.0,0.0,0.0,0.0,0.0,0.0
GRID_06074,다사58006675,도봉구,도봉동,0.0,True,0.0,0.0,0.0,0.0,0.0,0.0,0.0
GRID_06075,다사58254000,서초구,우면동,12.9,False,0.3651,0.0,0.1986,0.0123,0.0,0.0067,0.0025
GRID_06076,다사58254025,서초구,우면동,64.1,False,0.1606,0.0,0.0874,0.0054,0.0,0.003,0.0007
GRID_06077,다사58254050,서초구,우면동,386.8,False,0.5365,0.0,0.2919,0.0181,0.0,0.0099,0.0017
GRID_06078,다사58254075,서초구,우면동,1318.4,False,2.4615,0.0,1.3391,0.0832,0.0,0.0452,0.0063
GRID_06079,다사58254100,서초구,우면동,54.4,False,3.8648,0.0,2.1024,0.1306,0.0,0.071,0.0177
GRID_06080,다사58254125,서초구,우면동,5689.4,False,6.3619,0.0,3.4609,0.2149,0.0,0.1169,0.0135
GRID_06081,다사58254150,서초구,우면동,187.5,False,4.6362,0.0,2.5221,0.1566,0.0,0.0852,0.0163
GRID_06082,다사58254175,서초구,양재동,1190.7,False,1.507,0.0,0.8198,0.0509,0.0,0.0277,0.0039
GRID_06083,다사58254200,서초구,양재동,19.5,False,0.0384,0.0,0.0209,0.0013,0.0,0.0007,0.0002
GRID_06084,다사58254225,서초구,양재동,7.9,False,0.0,0.8249,0.3762,0.0,0.1471,0.0671,0.0307
GRID_06085,다사58254250,서초구,서초동,65.6,False,1.5077,1.7511,1.6187,0.0509,0.3123,0.1701,0.0405
GRID_06086,다사58254275,서초구,서초동,858.0,False,3.4697,2.081,2.8364,0.1172,0.3711,0.233,0.0345
GRID_06087,다사58254300,서초구,서초동,1889.9,False,5.3143,1.7233,3.6768,0.1795,0.3073,0.2378,0.0315
GRID_06088,다사58254325,서초구,서초동,1292.4,False,7.7167,0.7768,4.5521,0.2607,0.1385,0.205,0.0286
GRID_06089,다사58254350,서초구,서초동,4085.4,False,8.6496,0.6969,5.0232,0.2922,0.1243,0.2156,0.0259
GRID_06090,다사58254375,서초구,서초동,1782.9,False,14.3308,2.8331,9.0878,0.4841,0.5053,0.4938,0.066
GRID_06091,다사58254400,강남구,역삼동,2266.0,False,23.2694,4.3147,14.6261,0.7861,0.7695,0.7785,0.1008
GRID_06092,다사58254425,강남구,역삼동,1449.5,False,29.6021,5.0031,18.3849,1.0,0.8923,0.9509,0.1306
GRID_06093,다사58254450,강남구,역삼동,2131.6,False,20.7828,5.4387,13.7859,0.7021,0.97,0.8242,0.1075
GRID_06094,다사58254475,강남구,역삼동,1237.0,False,7.6737,4.6581,6.2986,0.2592,0.8308,0.5198,0.073
GRID_06095,다사58254500,강남구,역삼동,467.3,False,3.4366,2.8569,3.1723,0.1161,0.5095,0.2955,0.0481
GRID_06096,다사58254525,강남구,논현동,253.7,False,3.7093,2.2647,3.0506,0.1253,0.4039,0.2523,0.0455
GRID_06097,다사58254550,강남구,논현동,1592.7,False,1.177,2.1932,1.6404,0.0398,0.3911,0.2,0.0271
GRID_06098,다사58254575,강남구,논현동,1870.0,False,1.9087,1.5925,1.7645,0.0645,0.284,0.1646,0.0218
GRID_06099,다사58254600,강남구,논현동,1685.2,False,4.9492,1.3958,3.3288,0.1672,0.2489,0.2045,0.0275
GRID_06100,다사58254625,강남구,논현동,316.1,False,4.8465,1.0787,3.1284,0.1637,0.1924,0.1768,0.0307
GRID_06101,다사58254650,강남구,논현동,375.1,False,3.0443,0.6953,1.9731,0.1028,0.124,0.1125,0.019
GRID_06102,다사58254675,강남구,신사동,338.6,False,2.4497,0.3299,1.4831,0.0828,0.0588,0.0718,0.0123
GRID_06103,다사58254700,강남구,신사동,810.0,False,1.9841,0.8207,1.4536,0.067,0.1464,0.1032,0.0154
GRID_06104,다사58254725,강남구,신사동,319.5,False,2.6153,1.339,2.0333,0.0883,0.2388,0.157,0.0272
GRID_06105,다사58254750,강남구,신사동,3846.4,False,3.2927,1.5392,2.4931,0.1112,0.2745,0.1857,0.0225
GRID_06106,다사58254775,강남구,압구정동,35.6,False,2.3236,1.3659,1.8869,0.0785,0.2436,0.1538,0.0427
GRID_06107,다사58254800,강남구,압구정동,2413.6,False,0.2989,0.867,0.558,0.0101,0.1546,0.076,0.0098
GRID_06108,다사58254825,강남구,압구정동,2183.9,False,0.0,0.1727,0.0788,0.0,0.0308,0.014,0.0018
GRID_06109,다사58254850,성동구,옥수동,0.0,True,0.0,0.0,0.0,0.0,0.0,0.0,0.0
GRID_06110,다사58254875,성동구,옥수동,0.0,True,0.0,0.0,0.0,0.0,0.0,0.0,0.0
GRID_06111,다사58254900,성동구,옥수동,8.1,False,0.0,0.0,0.0,0.0,0.0,0.0,0.0
GRID_06112,다사58254925,성동구,금호동4가,119.5,False,0.0,0.0,0.0,0.0,0.0,0.0,0.0
GRID_06113,다사58254950,성동구,금호동4가,43.3,False,0.6134,0.0186,0.3422,0.0207,0.0033,0.0128,0.0034
GRID_06114,다사58254975,성동구,금호동4가,0.0,True,5.4145,0.0711,2.9779,0.0,0.0,0.0,0.0
GRID_06115,다사58255000,성동구,금호동1가,18.0,False,9.5656,0.0948,5.2469,0.3231,0.0169,0.1835,0.0623
GRID_06116,다사58255025,성동구,금호동1가,2799.2,False,12.12,0.2891,6.7251,0.4094,0.0516,0.2462,0.031
GRID_06117,다사58255050,성동구,행당동,211.7,False,12.2309,0.5354,6.8978,0.4132,0.0955,0.2683,0.0501
GRID_06118,다사58255075,성동구,행당동,4265.7,False,8.8039,0.6102,5.0676,0.2974,0.1088,0.2114,0.0253
GRID_06119,다사58255100,성동구,행당동,2552.9,False,5.8946,0.8378,3.5887,0.1991,0.1494,0.1765,0.0225
GRID_06120,다사58255125,성동구,하왕십리동,1854.1,False,1.155,1.2276,1.1881,0.039,0.2189,0.1211,0.0161
GRID_06121,다사58255150,성동구,하왕십리동,2949.7,False,3.4893,1.1408,2.4184,0.1179,0.2035,0.1569,0.0196
GRID_06122,다사58255175,성동구,하왕십리동,1072.6,False,8.3888,0.8173,4.9362,0.2834,0.1458,0.2206,0.0316
GRID_06123,다사58255200,성동구,하왕십리동,2058.6,False,8.1869,0.6356,4.7435,0.2766,0.1134,0.2021,0.0265
GRID_06124,다사58255225,성동구,하왕십리동,1755.5,False,4.5195,0.5285,2.6996,0.1527,0.0943,0.126,0.0169
GRID_06125,다사58255250,동대문구,용두동,483.1,False,3.1053,0.868,2.0851,0.1049,0.1548,0.1277,0.0206
GRID_06126,다사58255275,동대문구,용두동,561.2,False,4.994,1.5178,3.4088,0.1687,0.2707,0.2152,0.034
GRID_06127,다사58255300,동대문구,용두동,1289.6,False,7.295,1.7927,4.7859,0.2464,0.3197,0.2799,0.0391
GRID_06128,다사58255325,동대문구,용두동,663.8,False,5.4244,1.4671,3.6199,0.1832,0.2616,0.219,0.0337
GRID_06129,다사58255350,동대문구,용두동,2454.4,False,2.5792,1.0001,1.8592,0.0871,0.1784,0.1287,0.0165
GRID_06130,다사58255375,성북구,안암동5가,505.2,False,3.1559,0.7094,2.0403,0.1066,0.1265,0.1157,0.0186
GRID_06131,다사58255400,성북구,안암동5가,985.6,False,7.405,0.8807,4.4299,0.2501,0.1571,0.2077,0.0301
GRID_06132,다사58255425,성북구,안암동5가,1374.3,False,4.3441,0.9081,2.7773,0.1467,0.162,0.1537,0.0213
GRID_06133,다사58255450,성북구,안암동5가,923.6,False,1.4958,0.7416,1.1519,0.0505,0.1323,0.0878,0.0129
GRID_06134,다사58255475,성북구,안암동5가,377.7,False,3.4767,0.3234,2.0388,0.1174,0.0577,0.0902,0.0152
GRID_06135,다사58255500,성북구,종암동,6.5,False,3.2199,0.0,1.7517,0.1088,0.0,0.0592,0.0294
GRID_06136,다사58255525,성북구,종암동,120.7,False,5.2028,0.0299,2.844,0.1758,0.0053,0.098,0.0204
GRID_06137,다사58255550,성북구,종암동,5909.7,False,7.1508,0.5748,4.1521,0.2416,0.1025,0.1782,0.0205
GRID_06138,다사58255575,성북구,종암동,439.3,False,6.1017,0.9596,3.7569,0.2061,0.1712,0.1902,0.0312
GRID_06139,다사58255600,성북구,돈암동,1521.8,False,8.209,1.0838,4.9599,0.2773,0.1933,0.239,0.0326
GRID_06140,다사58255625,성북구,하월곡동,719.6,False,9.5789,0.9128,5.6272,0.3236,0.1628,0.2503,0.038
GRID_06141,다사58255650,성북구,길음동,2041.4,False,6.9022,1.0612,4.2387,0.2332,0.1893,0.2131,0.028
GRID_06142,다사58255675,성북구,길음동,2987.0,False,6.6032,1.1071,4.097,0.2231,0.1975,0.2114,0.0264
GRID_06143,다사58255700,강북구,미아동,18.6,False,11.5919,1.3786,6.9346,0.3916,0.2459,0.3251,0.1093
GRID_06144,다사58255725,강북구,미아동,1091.3,False,10.1285,1.3073,6.106,0.3422,0.2331,0.2924,0.0418
GRID_06145,다사58255750,강북구,미아동,3307.8,False,6.6535,0.9132,4.0359,0.2248,0.1629,0.1965,0.0243
GRID_06146,다사58255775,강북구,미아동,413.7,False,4.7957,0.3288,2.7588,0.162,0.0586,0.1149,0.0191
GRID_06147,다사58255800,강북구,미아동,3139.7,False,2.311,0.4461,1.4606,0.0781,0.0796,0.0788,0.0098
GRID_06148,다사58255825,강북구,미아동,982.0,False,5.5811,0.8033,3.4024,0.1885,0.1433,0.1679,0.0244
GRID_06149,다사58255850,강북구,미아동,658.3,False,8.5912,0.9641,5.1132,0.2902,0.1719,0.2363,0.0364
GRID_06150,다사58255875,강북구,미아동,10.0,False,5.107,0.8993,3.1883,0.1725,0.1604,0.167,0.0696
GRID_06151,다사58255900,강북구,미아동,113.4,False,0.9959,0.6069,0.8185,0.0336,0.1082,0.0677,0.0143
GRID_06152,다사58255925,강북구,미아동,2854.3,False,2.9389,0.7663,1.9482,0.0993,0.1367,0.1163,0.0146
GRID_06153,다사58255950,강북구,번동,17.1,False,6.2224,1.22,3.9413,0.2102,0.2176,0.2136,0.0737
GRID_06154,다사58255975,강북구,번동,3988.7,False,8.3255,1.5297,5.2266,0.2812,0.2728,0.2774,0.0335
GRID_06155,다사58256000,강북구,번동,1114.4,False,8.4847,1.4462,5.2752,0.2866,0.2579,0.2735,0.039
GRID_06156,다사58256025,강북구,수유동,2253.7,False,5.7686,0.9929,3.5909,0.1949,0.1771,0.1868,0.0242
GRID_06157,다사58256050,강북구,수유동,1032.9,False,3.5102,0.4017,2.0927,0.1186,0.0716,0.0972,0.014
GRID_06158,다사58256075,도봉구,쌍문동,2203.2,False,5.6131,0.4755,3.2704,0.1896,0.0848,0.1418,0.0184
GRID_06159,다사58256100,도봉구,쌍문동,1133.5,False,8.7592,0.6033,5.0401,0.2959,0.1076,0.21,0.0299
GRID_06160,다사58256125,도봉구,쌍문동,1994.7,False,8.312,0.4594,4.7312,0.2808,0.0819,0.1901,0.025
GRID_06161,다사58256150,도봉구,쌍문동,66.3,False,2.7216,0.0834,1.5186,0.0919,0.0149,0.0568,0.0135
GRID_06162,다사58256175,도봉구,쌍문동,2860.8,False,4.1079,0.0,2.2347,0.1388,0.0,0.0755,0.0095
GRID_06163,다사58256200,도봉구,쌍문동,1330.4,False,8.5107,0.0,4.6298,0.2875,0.0,0.1564,0.0217
GRID_06164,다사58256225,도봉구,방학동,39.5,False,7.9149,0.0,4.3057,0.2674,0.0,0.1455,0.0393
GRID_06165,다사58256250,도봉구,방학동,4968.6,False,5.8151,0.0,3.1634,0.1964,0.0,0.1069,0.0126
GRID_06166,다사58256275,도봉구,방학동,2272.2,False,2.47,0.0,1.3437,0.0834,0.0,0.0454,0.0059
GRID_06167,다사58256300,도봉구,방학동,43.7,False,0.6392,0.0,0.3477,0.0216,0.0,0.0117,0.0031
GRID_06168,다사58256325,도봉구,방학동,76.6,False,0.8481,0.0,0.4613,0.0286,0.0,0.0156,0.0036
GRID_06169,다사58256350,도봉구,방학동,0.0,True,0.2357,0.0,0.1282,0.0,0.0,0.0,0.0
GRID_06170,다사58256375,도봉구,도봉동,0.0,True,0.0,0.0,0.0,0.0,0.0,0.0,0.0
GRID_06171,다사58256400,도봉구,도봉동,166.0,False,0.0,0.0,0.0,0.0,0.0,0.0,0.0
GRID_06172,다사58256425,도봉구,도봉동,20.3,False,0.0,0.0,0.0,0.0,0.0,0.0,0.0
GRID_06173,다사58256450,도봉구,도봉동,16.1,False,0.0,0.0,0.0,0.0,0.0,0.0,0.0
GRID_06174,다사58256475,도봉구,도봉동,0.0,True,0.0,0.0,0.0,0.0,0.0,0.0,0.0
GRID_06175,다사58256500,도봉구,도봉동,0.0,True,0.0,0.0,0.0,0.0,0.0,0.0,0.0
GRID_06176,다사58256525,도봉구,도봉동,0.0,True,0.0,0.0,0.0,0.0,0.0,0.0,0.0
GRID_06177,다사58256550,도봉구,도봉동,7.6,False,0.0,0.0,0.0,0.0,0.0,0.0,0.0
GRID_06178,다사58256575,도봉구,도봉동,0.0,True,0.0,0.0,0.0,0.0,0.0,0.0,0.0
GRID_06179,다사58256600,도봉구,도봉동,0.0,True,0.0,0.0,0.0,0.0,0.0,0.0,0.0
GRID_06180,다사58256625,도봉구,도봉동,0.0,True,0.0,0.0,0.0,0.0,0.0,0.0,0.0
GRID_06181,다사58256650,도봉구,도봉동,0.0,True,0.0,0.0,0.0,0.0,0.0,0.0,0.0
GRID_06182,다사58256675,도봉구,도봉동,0.0,True,0.0,0.0,0.0,0.0,0.0,0.0,0.0
GRID_06183,다사58504050,서초구,양재동,0.0,True,0.9225,0.0,0.5018,0.0,0.0,0.0,0.0
GRID_06184,다사58504075,서초구,양재동,989.0,False,1.5423,0.2611,0.9581,0.0521,0.0466,0.0496,0.0072
GRID_06185,다사58504100,서초구,양재동,29.9,False,3.1837,0.5633,1.9888,0.1075,0.1005,0.1043,0.0304
GRID_06186,다사58504125,서초구,양재동,134.7,False,5.1211,0.6178,3.0676,0.173,0.1102,0.1443,0.0294
GRID_06187,다사58504150,서초구,양재동,43.6,False,4.8267,0.4093,2.8124,0.1631,0.073,0.122,0.0321
GRID_06188,다사58504175,서초구,양재동,1124.1,False,2.5125,0.0,1.3668,0.0849,0.0,0.0462,0.0066
GRID_06189,다사58504200,서초구,양재동,21.1,False,0.926,0.1817,0.5866,0.0313,0.0324,0.0318,0.0103
GRID_06190,다사58504225,서초구,양재동,56.0,False,0.0,1.6371,0.7465,0.0,0.292,0.1331,0.0329
GRID_06191,다사58504250,서초구,서초동,87.5,False,4.0204,2.6877,3.4127,0.1358,0.4793,0.2925,0.0652
GRID_06192,다사58504275,서초구,서초동,1097.9,False,6.0934,3.0608,4.7105,0.2058,0.5459,0.3609,0.0515
GRID_06193,다사58504300,서초구,서초동,1435.4,False,5.8272,2.6531,4.3798,0.1969,0.4732,0.3229,0.0444
GRID_06194,다사58504325,서초구,서초동,556.0,False,7.6054,1.5773,4.8566,0.2569,0.2813,0.268,0.0424
GRID_06195,다사58504350,강남구,역삼동,1843.0,False,7.521,0.4951,4.3172,0.2541,0.0883,0.1785,0.0237
GRID_06196,다사58504375,강남구,역삼동,960.2,False,8.624,1.9765,5.5927,0.2913,0.3525,0.3192,0.0465
GRID_06197,다사58504400,강남구,역삼동,1712.2,False,10.8745,3.6797,7.5937,0.3674,0.6563,0.4991,0.067
GRID_06198,다사58504425,강남구,역삼동,409.9,False,11.7893,4.67,8.5429,0.3983,0.8329,0.5964,0.0991
GRID_06199,다사58504450,강남구,역삼동,1862.5,False,8.7406,4.3299,6.7293,0.2953,0.7722,0.5128,0.0681
GRID_06200,다사58504475,강남구,역삼동,1007.8,False,0.7843,3.656,2.0938,0.0265,0.652,0.3117,0.0451
GRID_06201,다사58504500,강남구,역삼동,764.5,False,3.4457,2.2047,2.8798,0.1164,0.3932,0.2426,0.0365
GRID_06202,다사58504525,강남구,논현동,944.7,False,8.0223,1.4176,5.0106,0.271,0.2528,0.2627,0.0383
GRID_06203,다사58504550,강남구,논현동,758.6,False,5.8657,1.1618,3.7207,0.1982,0.2072,0.2023,0.0305
GRID_06204,다사58504575,강남구,논현동,569.3,False,3.1267,1.2989,2.2932,0.1056,0.2316,0.1631,0.0257
GRID_06205,다사58504600,강남구,논현동,415.7,False,5.5584,1.2797,3.6073,0.1878,0.2282,0.2062,0.0342
GRID_06206,다사58504625,강남구,논현동,389.5,False,4.7078,1.1271,3.075,0.159,0.201,0.1782,0.0299
GRID_06207,다사58504650,강남구,논현동,1683.5,False,1.7588,0.8073,1.3249,0.0594,0.144,0.098,0.0132
GRID_06208,다사58504675,강남구,논현동,430.8,False,1.7337,0.3023,1.081,0.0586,0.0539,0.0564,0.0093
GRID_06209,다사58504700,강남구,신사동,1930.3,False,2.2991,0.6215,1.5341,0.0777,0.1108,0.0928,0.0123
GRID_06210,다사58504725,강남구,신사동,870.7,False,2.6516,1.1076,1.9475,0.0896,0.1975,0.1388,0.0205
GRID_06211,다사58504750,강남구,신사동,21.4,False,4.6971,1.3353,3.1641,0.1587,0.2382,0.1949,0.0627
GRID_06212,다사58504775,강남구,압구정동,1233.8,False,3.8562,1.1328,2.6143,0.1303,0.202,0.163,0.0229
GRID_06213,다사58504800,강남구,압구정동,10.0,False,1.2389,0.665,0.9772,0.0419,0.1186,0.0769,0.032
GRID_06214,다사58504825,강남구,압구정동,9.7,False,0.0,0.0139,0.0063,0.0,0.0025,0.0011,0.0005
GRID_06215,다사58504850,성동구,옥수동,0.0,True,0.0,0.0,0.0,0.0,0.0,0.0,0.0
GRID_06216,다사58504875,성동구,옥수동,0.0,True,0.0,0.0,0.0,0.0,0.0,0.0,0.0
GRID_06217,다사58504900,성동구,옥수동,42.4,False,0.0,0.0,0.0,0.0,0.0,0.0,0.0
GRID_06218,다사58504925,성동구,성수동1가,54.9,False,0.0887,0.0,0.0483,0.003,0.0,0.0016,0.0004
GRID_06219,다사58504950,성동구,성수동1가,0.0,True,0.2278,0.0665,0.1542,0.0,0.0,0.0,0.0
GRID_06220,다사58504975,성동구,응봉동,82.9,False,1.85,0.1274,1.0645,0.0625,0.0227,0.0444,0.01
GRID_06221,다사58505000,성동구,응봉동,3350.8,False,6.3859,0.155,3.5446,0.2157,0.0276,0.13,0.016
GRID_06222,다사58505025,성동구,응봉동,2866.3,False,14.6666,0.3221,8.1255,0.4955,0.0575,0.2957,0.0371
GRID_06223,다사58505050,성동구,행당동,1062.2,False,14.2746,0.5044,7.9954,0.4822,0.09,0.3033,0.0435
GRID_06224,다사58505075,성동구,행당동,1412.3,False,12.5184,0.715,7.136,0.4229,0.1275,0.2882,0.0397
GRID_06225,다사58505100,성동구,행당동,380.0,False,8.096,1.6309,5.148,0.2735,0.2909,0.2814,0.0474
GRID_06226,다사58505125,성동구,하왕십리동,718.0,False,3.5588,2.2668,2.9697,0.1202,0.4043,0.2498,0.038
GRID_06227,다사58505150,성동구,하왕십리동,1130.5,False,3.8652,2.1567,3.0861,0.1306,0.3846,0.2464,0.035
GRID_06228,다사58505175,성동구,홍익동,3247.0,False,6.2818,1.4439,4.0757,0.2122,0.2575,0.2329,0.0288
GRID_06229,다사58505200,성동구,홍익동,1776.6,False,5.213,0.5873,3.1037,0.1761,0.1047,0.1436,0.0192
GRID_06230,다사58505225,성동구,홍익동,813.3,False,2.9538,0.2923,1.7401,0.0998,0.0521,0.0781,0.0116
GRID_06231,다사58505250,동대문구,용두동,624.8,False,4.2721,0.4635,2.5354,0.1443,0.0827,0.1162,0.018
GRID_06232,다사58505275,동대문구,용두동,870.6,False,4.6892,1.2076,3.1016,0.1584,0.2154,0.1844,0.0272
GRID_06233,다사58505300,동대문구,용두동,2194.6,False,5.5484,1.4928,3.6991,0.1874,0.2662,0.2234,0.029
GRID_06234,다사58505325,동대문구,용두동,676.2,False,4.3967,1.179,2.9294,0.1485,0.2103,0.1767,0.0271
GRID_06235,다사58505350,동대문구,용두동,826.2,False,3.2602,1.0231,2.2401,0.1101,0.1825,0.1431,0.0213
GRID_06236,다사58505375,동대문구,제기동,3808.4,False,5.9583,0.949,3.674,0.2013,0.1692,0.1867,0.0226
GRID_06237,다사58505400,성북구,안암동5가,813.6,False,8.0868,0.9432,4.8294,0.2732,0.1682,0.2253,0.0336
GRID_06238,다사58505425,성북구,안암동5가,8.3,False,5.7786,1.1155,3.6522,0.1952,0.1989,0.1969,0.0883
GRID_06239,다사58505450,성북구,안암동5가,176.7,False,1.987,0.9757,1.5259,0.0671,0.174,0.1159,0.0224
GRID_06240,다사58505475,성북구,종암동,59.2,False,3.1275,0.5604,1.9569,0.1057,0.1,0.1031,0.0251
GRID_06241,다사58505500,성북구,종암동,32.5,False,3.6508,0.2196,2.0862,0.1233,0.0392,0.085,0.0242
GRID_06242,다사58505525,성북구,종암동,963.4,False,8.9904,0.0,4.8908,0.3037,0.0,0.1652,0.024
GRID_06243,다사58505550,성북구,종암동,15.2,False,11.535,0.1806,6.3574,0.3897,0.0322,0.2267,0.0814
GRID_06244,다사58505575,성북구,종암동,2835.9,False,8.2639,0.5068,4.7267,0.2792,0.0904,0.1931,0.0243
GRID_06245,다사58505600,성북구,종암동,896.4,False,6.4259,0.6121,3.7748,0.2171,0.1092,0.1679,0.0247
GRID_06246,다사58505625,성북구,하월곡동,2412.4,False,5.9207,0.4671,3.4339,0.2,0.0833,0.1468,0.0188
GRID_06247,다사58505650,성북구,하월곡동,730.7,False,7.064,0.7059,4.1647,0.2386,0.1259,0.1872,0.0284
GRID_06248,다사58505675,강북구,미아동,1092.2,False,9.9571,1.1388,5.9359,0.3364,0.2031,0.2756,0.0394
GRID_06249,다사58505700,강북구,미아동,769.2,False,15.591,1.4128,9.1257,0.5267,0.252,0.4014,0.0604
GRID_06250,다사58505725,강북구,미아동,1201.6,False,13.6556,1.3409,8.0401,0.4613,0.2391,0.36,0.0508
GRID_06251,다사58505750,강북구,미아동,798.2,False,7.6797,0.943,4.6078,0.2594,0.1682,0.2178,0.0326
GRID_06252,다사58505775,강북구,미아동,1686.3,False,5.8765,0.3254,3.3452,0.1985,0.058,0.1345,0.0181
GRID_06253,다사58505800,강북구,미아동,1645.4,False,10.319,0.1618,5.6873,0.3486,0.0289,0.2028,0.0274
GRID_06254,다사58505825,강북구,미아동,4481.3,False,12.6311,0.4935,7.0964,0.4267,0.088,0.2723,0.0324
GRID_06255,다사58505850,강북구,미아동,1798.1,False,10.5077,0.6527,6.0138,0.355,0.1164,0.2462,0.0328
GRID_06256,다사58505875,강북구,미아동,23.3,False,5.0193,0.5957,3.0021,0.1696,0.1062,0.1407,0.0441
GRID_06257,다사58505900,강북구,번동,0.0,True,0.9844,0.3384,0.6898,0.0,0.0,0.0,0.0
GRID_06258,다사58505925,강북구,번동,13.2,False,3.1068,0.1962,1.7796,0.105,0.035,0.0731,0.0275
GRID_06259,다사58505950,강북구,번동,690.4,False,5.9829,0.7368,3.5906,0.2021,0.1314,0.1699,0.026
GRID_06260,다사58505975,강북구,번동,68.8,False,3.9606,1.0076,2.614,0.1338,0.1797,0.1547,0.0364
GRID_06261,다사58506000,강북구,번동,61.6,False,3.772,0.9346,2.4782,0.1274,0.1667,0.1453,0.0351
GRID_06262,다사58506025,강북구,번동,1769.9,False,3.5878,0.5382,2.1972,0.1212,0.096,0.1097,0.0147
GRID_06263,다사58506050,도봉구,쌍문동,390.9,False,4.1076,0.5697,2.4943,0.1388,0.1016,0.1218,0.0204
GRID_06264,다사58506075,도봉구,쌍문동,3581.2,False,3.7118,1.0047,2.4774,0.1254,0.1792,0.1499,0.0183
GRID_06265,다사58506100,도봉구,쌍문동,2398.8,False,4.0276,1.1574,2.7188,0.1361,0.2064,0.1681,0.0216
GRID_06266,다사58506125,도봉구,쌍문동,1323.4,False,5.1062,0.9855,3.2272,0.1725,0.1758,0.174,0.0242
GRID_06267,다사58506150,도봉구,쌍문동,4.4,False,2.5363,0.5364,1.6244,0.0857,0.0957,0.0902,0.0535
GRID_06268,다사58506175,도봉구,쌍문동,4235.5,False,2.6831,0.0,1.4596,0.0906,0.0,0.0493,0.0059
GRID_06269,다사58506200,도봉구,쌍문동,5065.5,False,5.7785,0.0,3.1435,0.1952,0.0,0.1062,0.0124
GRID_06270,다사58506225,도봉구,방학동,12.1,False,5.7582,0.0,3.1325,0.1945,0.0,0.1058,0.0411
GRID_06271,다사58506250,도봉구,방학동,2349.8,False,5.1548,0.0,2.8042,0.1741,0.0,0.0947,0.0122
GRID_06272,다사58506275,도봉구,방학동,1904.1,False,3.272,0.0,1.78,0.1105,0.0,0.0601,0.008
GRID_06273,다사58506300,도봉구,방학동,25.8,False,3.1946,0.0,1.7379,0.1079,0.0,0.0587,0.0179
GRID_06274,다사58506325,도봉구,방학동,2198.0,False,3.4516,0.0,1.8777,0.1166,0.0,0.0634,0.0082
GRID_06275,다사58506350,도봉구,방학동,105.7,False,1.0323,0.0,0.5615,0.0349,0.0,0.019,0.0041
GRID_06276,다사58506375,도봉구,방학동,0.0,True,0.0,0.0,0.0,0.0,0.0,0.0,0.0
GRID_06277,다사58506400,도봉구,도봉동,16.2,False,0.0,0.0,0.0,0.0,0.0,0.0,0.0
GRID_06278,다사58506425,도봉구,도봉동,161.9,False,0.0,0.0,0.0,0.0,0.0,0.0,0.0
GRID_06279,다사58506450,도봉구,도봉동,12.2,False,0.0,0.0,0.0,0.0,0.0,0.0,0.0
GRID_06280,다사58506475,도봉구,도봉동,0.0,True,0.0,0.0,0.0,0.0,0.0,0.0,0.0
GRID_06281,다사58506500,도봉구,도봉동,12.5,False,0.0,0.0,0.0,0.0,0.0,0.0,0.0
GRID_06282,다사58506525,도봉구,도봉동,646.6,False,0.0,0.0,0.0,0.0,0.0,0.0,0.0
GRID_06283,다사58506550,도봉구,도봉동,0.0,True,0.0,0.0,0.0,0.0,0.0,0.0,0.0
GRID_06284,다사58506575,도봉구,도봉동,0.0,True,0.0,0.0,0.0,0.0,0.0,0.0,0.0
GRID_06285,다사58506600,도봉구,도봉동,0.0,True,0.0,0.0,0.0,0.0,0.0,0.0,0.0
GRID_06286,다사58506625,도봉구,도봉동,0.0,True,0.0,0.0,0.0,0.0,0.0,0.0,0.0
GRID_06287,다사58506650,도봉구,도봉동,0.0,True,0.0,0.0,0.0,0.0,0.0,0.0,0.0
GRID_06288,다사58753775,서초구,원지동,0.0,True,0.0,0.0,0.0,0.0,0.0,0.0,0.0
GRID_06289,다사58753800,서초구,원지동,0.0,True,0.0,0.0,0.0,0.0,0.0,0.0,0.0
GRID_06290,다사58753900,서초구,원지동,0.0,True,0.0,0.0,0.0,0.0,0.0,0.0,0.0
GRID_06291,다사58753925,서초구,양재동,0.0,True,0.0,0.0,0.0,0.0,0.0,0.0,0.0
GRID_06292,다사58753950,서초구,양재동,0.0,True,0.0,0.0,0.0,0.0,0.0,0.0,0.0
GRID_06293,다사58753975,서초구,양재동,7.4,False,0.8668,0.0,0.4715,0.0293,0.0,0.0159,0.0075
GRID_06294,다사58754000,서초구,양재동,1173.6,False,3.7855,0.0,2.0593,0.1279,0.0,0.0696,0.0098
GRID_06295,다사58754025,서초구,양재동,998.7,False,4.4099,0.0,2.399,0.149,0.0,0.081,0.0117
GRID_06296,다사58754050,서초구,양재동,58.6,False,2.6469,0.1536,1.5099,0.0894,0.0274,0.0611,0.015
GRID_06297,다사58754075,서초구,양재동,1040.5,False,2.188,0.7097,1.5139,0.0739,0.1266,0.0979,0.0141
GRID_06298,다사58754100,서초구,양재동,215.4,False,4.231,1.0678,2.7886,0.1429,0.1904,0.1646,0.0306
GRID_06299,다사58754125,서초구,양재동,46.5,False,3.7792,1.1323,2.5722,0.1277,0.2019,0.1615,0.0418
GRID_06300,다사58754150,서초구,양재동,323.1,False,2.5585,0.8853,1.7955,0.0864,0.1579,0.119,0.0206
GRID_06301,다사58754175,서초구,양재동,44.8,False,3.4202,0.3944,2.0404,0.1155,0.0703,0.0949,0.0248
GRID_06302,다사58754200,서초구,양재동,277.0,False,3.0448,0.345,1.8137,0.1029,0.0615,0.084,0.0149
GRID_06303,다사58754225,서초구,양재동,1018.5,False,2.795,1.8436,2.3611,0.0944,0.3288,0.2013,0.0291
GRID_06304,다사58754250,서초구,양재동,291.4,False,9.2963,2.9247,6.3908,0.314,0.5216,0.4087,0.072
GRID_06305,다사58754275,서초구,양재동,436.0,False,14.058,3.3075,9.1558,0.4749,0.5899,0.5273,0.0867
GRID_06306,다사58754300,강남구,도곡동,3219.2,False,7.3921,2.8861,5.3373,0.2497,0.5147,0.3706,0.0459
GRID_06307,다사58754325,강남구,도곡동,31.9,False,4.3919,1.7768,3.1994,0.1484,0.3169,0.2252,0.0645
GRID_06308,다사58754350,강남구,역삼동,891.9,False,4.5674,0.2665,2.6062,0.1543,0.0475,0.1056,0.0155
GRID_06309,다사58754375,강남구,역삼동,1083.4,False,3.6192,0.4047,2.1534,0.1223,0.0722,0.0994,0.0142
GRID_06310,다사58754400,강남구,역삼동,370.9,False,3.409,2.2058,2.8603,0.1152,0.3934,0.242,0.0409
GRID_06311,다사58754425,강남구,역삼동,3226.3,False,3.4709,3.1949,3.3451,0.1173,0.5698,0.3236,0.0401
GRID_06312,다사58754450,강남구,역삼동,1277.1,False,4.4406,2.9679,3.769,0.15,0.5293,0.323,0.0452
GRID_06313,다사58754475,강남구,역삼동,1007.1,False,3.7195,2.0218,2.9454,0.1256,0.3606,0.2328,0.0337
GRID_06314,다사58754500,강남구,역삼동,1542.9,False,2.8517,1.5883,2.2756,0.0963,0.2833,0.1816,0.0247
GRID_06315,다사58754525,강남구,역삼동,648.0,False,9.1928,0.948,5.4332,0.3105,0.1691,0.246,0.038
GRID_06316,다사58754550,강남구,논현동,1241.7,False,8.3259,0.9183,4.948,0.2813,0.1638,0.2277,0.032
GRID_06317,다사58754575,강남구,논현동,778.8,False,3.9789,1.18,2.7026,0.1344,0.2105,0.1691,0.0254
GRID_06318,다사58754600,강남구,논현동,2086.9,False,3.9519,1.3981,2.7874,0.1335,0.2494,0.1863,0.0244
GRID_06319,다사58754625,강남구,논현동,760.1,False,4.6704,1.5694,3.2563,0.1578,0.2799,0.2135,0.0322
GRID_06320,다사58754650,강남구,논현동,196.6,False,2.5847,1.3247,2.0101,0.0873,0.2363,0.1552,0.0294
GRID_06321,다사58754675,강남구,논현동,852.3,False,2.1577,0.604,1.4492,0.0729,0.1077,0.0888,0.0132
GRID_06322,다사58754700,강남구,신사동,221.7,False,3.0788,0.2588,1.7929,0.104,0.0462,0.0776,0.0144
GRID_06323,다사58754725,강남구,신사동,30.3,False,2.6422,0.9471,1.8693,0.0893,0.1689,0.1256,0.0365
GRID_06324,다사58754750,강남구,신사동,2198.1,False,3.1267,1.2282,2.261,0.1056,0.2191,0.1573,0.0204
GRID_06325,다사58754775,강남구,압구정동,665.2,False,2.9431,1.0244,2.0682,0.0994,0.1827,0.1374,0.0211
GRID_06326,다사58754800,강남구,압구정동,1649.1,False,1.0581,0.3923,0.7545,0.0357,0.07,0.0514,0.0069
GRID_06327,다사58754825,강남구,압구정동,190.9,False,0.0,0.0,0.0,0.0,0.0,0.0,0.0
GRID_06328,다사58754850,성동구,옥수동,14.9,False,0.0,0.0,0.0,0.0,0.0,0.0,0.0
GRID_06329,다사58754875,성동구,옥수동,245.2,False,0.0,0.0,0.0,0.0,0.0,0.0,0.0
GRID_06330,다사58754900,성동구,성수동1가,64.6,False,0.0,0.0,0.0,0.0,0.0,0.0,0.0
GRID_06331,다사58754925,성동구,성수동1가,22.6,False,1.8485,0.002,1.0065,0.0624,0.0003,0.0341,0.0108
GRID_06332,다사58754950,성동구,성수동1가,47.7,False,2.3626,0.085,1.324,0.0798,0.0152,0.0503,0.013
GRID_06333,다사58754975,성동구,성수동1가,0.0,True,1.0409,0.1493,0.6343,0.0,0.0,0.0,0.0
GRID_06334,다사58755000,성동구,응봉동,325.9,False,5.5378,0.1783,3.0939,0.1871,0.0318,0.1163,0.0201
GRID_06335,다사58755025,성동구,응봉동,1308.6,False,12.4828,0.2196,6.8908,0.4217,0.0392,0.2473,0.0344
GRID_06336,다사58755050,성동구,응봉동,121.9,False,16.9729,0.3727,9.4032,0.5734,0.0665,0.3422,0.0711
GRID_06337,다사58755075,성동구,행당동,2362.1,False,13.6393,1.1672,7.952,0.4608,0.2082,0.3456,0.0445
GRID_06338,다사58755100,성동구,행당동,21675.4,False,11.2779,2.1357,7.1091,0.381,0.3809,0.3809,0.0382
GRID_06339,다사58755125,성동구,행당동,734.4,False,12.7382,2.8229,8.2169,0.4303,0.5035,0.4637,0.0702
GRID_06340,다사58755150,성동구,도선동,1051.5,False,7.6339,2.7042,5.386,0.2579,0.4823,0.3602,0.0518
GRID_06341,다사58755175,성동구,홍익동,2953.5,False,4.8601,2.0474,3.5775,0.1642,0.3652,0.2558,0.032
GRID_06342,다사58755200,성동구,마장동,2144.3,False,4.0481,0.8181,2.5752,0.1368,0.1459,0.1409,0.0184
GRID_06343,다사58755225,성동구,마장동,31.0,False,2.0394,0.1763,1.1898,0.0689,0.0314,0.0518,0.0149
GRID_06344,다사58755250,동대문구,용두동,118.6,False,3.1589,0.4328,1.9158,0.1067,0.0772,0.0932,0.0195
GRID_06345,다사58755275,동대문구,용두동,2533.6,False,2.6938,0.9288,1.889,0.091,0.1657,0.125,0.016
GRID_06346,다사58755300,동대문구,용두동,638.9,False,3.0157,1.2019,2.1886,0.1019,0.2144,0.1532,0.0237
GRID_06347,다사58755325,동대문구,제기동,991.7,False,2.9875,1.1792,2.1629,0.1009,0.2103,0.1508,0.0219
GRID_06348,다사58755350,동대문구,제기동,8.2,False,2.032,0.997,1.56,0.0686,0.1778,0.1184,0.0534
GRID_06349,다사58755375,동대문구,제기동,1867.7,False,3.2747,0.8533,2.1705,0.1106,0.1522,0.1296,0.0172
GRID_06350,다사58755400,동대문구,제기동,21.7,False,5.825,0.8319,3.5481,0.1968,0.1484,0.1747,0.056
GRID_06351,다사58755425,성북구,안암동5가,672.1,False,7.0186,1.0367,4.2908,0.2371,0.1849,0.2133,0.0328
GRID_06352,다사58755450,성북구,안암동5가,163.2,False,5.6671,0.9383,3.5108,0.1914,0.1673,0.1805,0.0354
GRID_06353,다사58755475,성북구,종암동,641.7,False,6.7042,0.5866,3.9146,0.2265,0.1046,0.1709,0.0264
GRID_06354,다사58755500,성북구,종암동,2672.5,False,8.7853,0.3863,4.9553,0.2968,0.0689,0.1929,0.0244
GRID_06355,다사58755525,성북구,종암동,5605.7,False,9.1496,0.0917,5.0192,0.3091,0.0164,0.1756,0.0203
GRID_06356,다사58755550,성북구,종암동,280.8,False,7.8101,0.1218,4.3042,0.2638,0.0217,0.1534,0.0272
GRID_06357,다사58755575,성북구,종암동,3626.5,False,5.8651,0.2286,3.2949,0.1981,0.0408,0.1264,0.0154
GRID_06358,다사58755600,성북구,하월곡동,56.5,False,5.9851,0.1957,3.3451,0.2022,0.0349,0.1259,0.0311
GRID_06359,다사58755625,성북구,하월곡동,5023.3,False,3.9031,0.0186,2.1317,0.1319,0.0033,0.0732,0.0086
GRID_06360,다사58755650,성북구,하월곡동,339.8,False,4.9844,0.3539,2.8729,0.1684,0.0631,0.1204,0.0206
GRID_06361,다사58755675,성북구,하월곡동,954.7,False,9.6481,0.8528,5.6374,0.3259,0.1521,0.2467,0.0359
GRID_06362,다사58755700,강북구,미아동,3289.5,False,9.9952,1.1036,5.9407,0.3377,0.1968,0.2734,0.0338
GRID_06363,다사58755725,강북구,미아동,2120.3,False,7.5238,1.0377,4.5661,0.2542,0.1851,0.2227,0.0291
GRID_06364,다사58755750,강북구,미아동,3183.7,False,5.2358,0.6735,3.1554,0.1769,0.1201,0.151,0.0187
GRID_06365,다사58755775,강북구,미아동,1041.3,False,5.0574,0.108,2.8005,0.1708,0.0193,0.1017,0.0146
GRID_06366,다사58755800,강북구,미아동,503.7,False,9.4426,0.0,5.1368,0.319,0.0,0.1735,0.0279
GRID_06367,다사58755825,강북구,번동,134.0,False,12.8932,0.0649,7.0435,0.4355,0.0116,0.2422,0.0494
GRID_06368,다사58755850,강북구,번동,1857.1,False,9.0623,0.192,5.0174,0.3061,0.0342,0.1822,0.0242
GRID_06369,다사58755875,강북구,번동,1116.7,False,5.1485,0.1465,2.8676,0.1739,0.0261,0.1065,0.0152
GRID_06370,다사58755900,강북구,번동,1827.5,False,3.4981,0.0,1.903,0.1182,0.0,0.0643,0.0086
GRID_06371,다사58755925,강북구,번동,2099.4,False,8.0151,0.0,4.3602,0.2708,0.0,0.1473,0.0193
GRID_06372,다사58755950,강북구,번동,952.6,False,9.0519,0.0403,4.9426,0.3058,0.0072,0.1696,0.0247
GRID_06373,다사58755975,강북구,번동,54.0,False,6.3491,0.2551,3.5702,0.2145,0.0455,0.1374,0.0343
GRID_06374,다사58756000,도봉구,창동,3421.1,False,2.483,0.1973,1.4407,0.0839,0.0352,0.0617,0.0076
GRID_06375,다사58756025,도봉구,창동,2620.8,False,2.4341,0.1498,1.3924,0.0822,0.0267,0.0569,0.0072
GRID_06376,다사58756050,도봉구,창동,2530.6,False,4.4989,0.804,2.814,0.152,0.1434,0.1481,0.0189
GRID_06377,다사58756075,도봉구,창동,1840.0,False,7.4207,1.2752,4.6183,0.2507,0.2274,0.2401,0.0319
GRID_06378,다사58756100,도봉구,쌍문동,1751.4,False,6.7101,1.4406,4.3072,0.2267,0.2569,0.2405,0.0322
GRID_06379,다사58756125,도봉구,쌍문동,331.0,False,5.4322,1.2543,3.5271,0.1835,0.2237,0.2018,0.0348
GRID_06380,다사58756150,도봉구,쌍문동,191.2,False,2.4841,0.768,1.7016,0.0839,0.137,0.1081,0.0206
GRID_06381,다사58756175,도봉구,쌍문동,21.9,False,1.8384,0.1075,1.0491,0.0621,0.0192,0.0425,0.0136
GRID_06382,다사58756200,도봉구,쌍문동,1453.6,False,5.9245,0.0,3.2229,0.2001,0.0,0.1089,0.015
GRID_06383,다사58756225,도봉구,쌍문동,22.4,False,6.017,0.0,3.2732,0.2033,0.0,0.1106,0.0351
GRID_06384,다사58756250,도봉구,방학동,1313.9,False,7.1223,0.0,3.8745,0.2406,0.0,0.1309,0.0182
GRID_06385,다사58756275,도봉구,방학동,25.0,False,7.5825,0.0,4.1249,0.2561,0.0,0.1393,0.0428
GRID_06386,다사58756300,도봉구,방학동,34.4,False,6.9473,0.0,3.7793,0.2347,0.0,0.1277,0.0358
GRID_06387,다사58756325,도봉구,방학동,3354.3,False,5.6106,0.0,3.0522,0.1895,0.0,0.1031,0.0127
GRID_06388,다사58756350,도봉구,방학동,188.8,False,1.3626,0.0,0.7412,0.046,0.0,0.025,0.0048
GRID_06389,다사58756375,도봉구,방학동,0.0,True,0.0,0.0,0.0,0.0,0.0,0.0,0.0
GRID_06390,다사58756400,도봉구,도봉동,24.6,False,0.4405,0.0,0.2396,0.0149,0.0,0.0081,0.0025
GRID_06391,다사58756425,도봉구,도봉동,50.5,False,0.8732,0.0,0.475,0.0295,0.0,0.016,0.0041
GRID_06392,다사58756450,도봉구,도봉동,8.7,False,0.2311,0.0,0.1257,0.0078,0.0,0.0042,0.0019
GRID_06393,다사58756475,도봉구,도봉동,0.0,True,0.0,0.0,0.0,0.0,0.0,0.0,0.0
GRID_06394,다사58756500,도봉구,도봉동,4.1,False,0.0,0.0,0.0,0.0,0.0,0.0,0.0
GRID_06395,다사58756525,도봉구,도봉동,49.2,False,0.0,0.0,0.0,0.0,0.0,0.0,0.0
GRID_06396,다사58756550,도봉구,도봉동,0.0,True,0.0,0.0,0.0,0.0,0.0,0.0,0.0
GRID_06397,다사58756575,도봉구,도봉동,0.0,True,0.0,0.0,0.0,0.0,0.0,0.0,0.0
GRID_06398,다사58756600,도봉구,도봉동,0.0,True,0.0,0.0,0.0,0.0,0.0,0.0,0.0
GRID_06399,다사59003775,서초구,원지동,0.0,True,0.0,0.0,0.0,0.0,0.0,0.0,0.0
GRID_06400,다사59003800,서초구,원지동,0.0,True,0.0,0.0,0.0,0.0,0.0,0.0,0.0
GRID_06401,다사59003825,서초구,원지동,0.0,True,0.0,0.0,0.0,0.0,0.0,0.0,0.0
GRID_06402,다사59003850,서초구,원지동,0.0,True,0.0,0.0,0.0,0.0,0.0,0.0,0.0
GRID_06403,다사59003875,서초구,원지동,0.0,True,0.0,0.0,0.0,0.0,0.0,0.0,0.0
GRID_06404,다사59003900,서초구,원지동,0.0,True,0.0,0.0,0.0,0.0,0.0,0.0,0.0
GRID_06405,다사59003925,서초구,원지동,0.0,True,0.0,0.0,0.0,0.0,0.0,0.0,0.0
GRID_06406,다사59003950,서초구,양재동,0.0,True,0.0306,0.0,0.0166,0.0,0.0,0.0,0.0
GRID_06407,다사59003975,서초구,양재동,25.5,False,1.574,0.0,0.8563,0.0532,0.0,0.0289,0.0088
GRID_06408,다사59004000,서초구,양재동,223.8,False,4.3692,0.0,2.3769,0.1476,0.0,0.0803,0.0148
GRID_06409,다사59004025,서초구,양재동,90.3,False,4.0318,0.0,2.1933,0.1362,0.0,0.0741,0.0164
GRID_06410,다사59004050,서초구,양재동,2335.5,False,1.7265,0.3267,1.0882,0.0583,0.0583,0.0583,0.0075
GRID_06411,다사59004075,서초구,양재동,255.8,False,1.6381,0.9244,1.3126,0.0553,0.1649,0.1053,0.019
GRID_06412,다사59004100,서초구,양재동,141.1,False,6.0032,1.3093,3.8628,0.2028,0.2335,0.2168,0.0437
GRID_06413,다사59004125,서초구,양재동,125.8,False,8.9447,1.3786,5.4946,0.3022,0.2459,0.2765,0.0571
GRID_06414,다사59004150,서초구,양재동,160.7,False,6.6045,1.1132,4.1005,0.2231,0.1985,0.2119,0.0417
GRID_06415,다사59004175,서초구,양재동,304.2,False,5.4178,0.5856,3.2143,0.183,0.1044,0.1472,0.0257
GRID_06416,다사59004200,서초구,양재동,2028.3,False,5.1634,0.1442,2.8746,0.1744,0.0257,0.1066,0.014
GRID_06417,다사59004225,서초구,양재동,121.9,False,5.433,1.3871,3.5881,0.1835,0.2474,0.2127,0.0442
GRID_06418,다사59004250,서초구,양재동,1418.6,False,9.5511,2.3962,6.2885,0.3227,0.4274,0.3704,0.051
GRID_06419,다사59004275,서초구,양재동,274.2,False,14.8509,2.7525,9.334,0.5017,0.4909,0.4968,0.0884
GRID_06420,다사59004300,강남구,도곡동,628.2,False,8.087,2.3573,5.4743,0.2732,0.4204,0.3403,0.0528
GRID_06421,다사59004325,강남구,도곡동,2030.8,False,1.8347,1.3199,1.6,0.062,0.2354,0.1411,0.0185
GRID_06422,다사59004350,강남구,도곡동,959.2,False,4.9012,0.0263,2.6782,0.1656,0.0047,0.0922,0.0134
GRID_06423,다사59004375,강남구,역삼동,1325.9,False,4.8713,0.0,2.65,0.1646,0.0,0.0895,0.0124
GRID_06424,다사59004400,강남구,역삼동,2881.9,False,2.9655,0.7351,1.9485,0.1002,0.1311,0.1143,0.0143
GRID_06425,다사59004425,강남구,역삼동,222.3,False,2.6637,1.3969,2.0861,0.09,0.2491,0.1626,0.0301
GRID_06426,다사59004450,강남구,역삼동,392.7,False,6.0205,1.7265,4.0624,0.2034,0.3079,0.2511,0.042
GRID_06427,다사59004475,강남구,역삼동,718.6,False,4.7265,1.8085,3.3959,0.1597,0.3225,0.2339,0.0356
GRID_06428,다사59004500,강남구,역삼동,2282.3,False,1.6886,1.5247,1.6139,0.057,0.2719,0.155,0.02
GRID_06429,다사59004525,강남구,역삼동,1250.6,False,6.7757,1.0911,4.1835,0.2289,0.1946,0.2133,0.0299
GRID_06430,다사59004550,강남구,논현동,1347.0,False,7.73,0.9589,4.6424,0.2611,0.171,0.22,0.0305
GRID_06431,다사59004575,강남구,논현동,956.4,False,2.9574,1.3664,2.2319,0.0999,0.2437,0.1655,0.0241
GRID_06432,다사59004600,강남구,논현동,1038.6,False,3.2489,1.7805,2.5793,0.1098,0.3175,0.2045,0.0294
GRID_06433,다사59004625,강남구,논현동,316.9,False,4.7666,1.8026,3.415,0.161,0.3215,0.2342,0.0406
GRID_06434,다사59004650,강남구,논현동,1096.9,False,3.9718,1.5924,2.8868,0.1342,0.284,0.2025,0.0289
GRID_06435,다사59004675,강남구,논현동,1783.7,False,2.4758,0.9888,1.7977,0.0836,0.1764,0.1259,0.0168
GRID_06436,다사59004700,강남구,논현동,727.3,False,3.542,0.7721,2.279,0.1197,0.1377,0.1279,0.0194
GRID_06437,다사59004725,강남구,신사동,891.7,False,2.1287,0.6749,1.4658,0.0719,0.1204,0.094,0.0138
GRID_06438,다사59004750,강남구,신사동,2518.7,False,3.2393,0.8482,2.149,0.1094,0.1513,0.1285,0.0164
GRID_06439,다사59004775,강남구,압구정동,956.7,False,3.2142,0.7403,2.0861,0.1086,0.132,0.1193,0.0174
GRID_06440,다사59004800,강남구,압구정동,454.7,False,0.5028,0.4661,0.4861,0.017,0.0831,0.0471,0.0077
GRID_06441,다사59004825,강남구,압구정동,24.9,False,0.0,0.0668,0.0304,0.0,0.0119,0.0054,0.0017
GRID_06442,다사59004850,성동구,성수동1가,0.0,True,0.0451,0.0,0.0246,0.0,0.0,0.0,0.0
GRID_06443,다사59004875,성동구,성수동1가,22.7,False,0.2306,0.0,0.1254,0.0078,0.0,0.0042,0.0013
GRID_06444,다사59004900,성동구,성수동1가,70.0,False,0.3595,0.0682,0.2267,0.0121,0.0122,0.0122,0.0029
GRID_06445,다사59004925,성동구,성수동1가,84.8,False,2.5946,0.1492,1.4795,0.0876,0.0266,0.0598,0.0134
GRID_06446,다사59004950,성동구,성수동1가,405.5,False,3.0936,0.2037,1.7758,0.1045,0.0363,0.0734,0.0122
GRID_06447,다사59004975,성동구,성수동1가,217.5,False,0.7885,0.1589,0.5014,0.0266,0.0283,0.0274,0.0051
GRID_06448,다사59005000,성동구,성수동1가,98.9,False,1.1224,0.1584,0.6828,0.0379,0.0282,0.0335,0.0073
GRID_06449,다사59005025,성동구,응봉동,23.5,False,5.7137,0.3263,3.257,0.193,0.0582,0.1315,0.0411
GRID_06450,다사59005050,성동구,행당동,1681.2,False,9.0281,0.4636,5.1227,0.305,0.0827,0.2036,0.0274
GRID_06451,다사59005075,성동구,행당동,1753.8,False,8.4222,1.5272,5.2781,0.2845,0.2724,0.279,0.0373
GRID_06452,다사59005100,성동구,행당동,458.1,False,11.9528,2.3924,7.5932,0.4038,0.4267,0.4142,0.0676
GRID_06453,다사59005125,성동구,행당동,1710.6,False,15.6097,2.6743,9.7112,0.5273,0.4769,0.5044,0.0677
GRID_06454,다사59005150,성동구,행당동,1589.6,False,11.859,2.8619,7.7563,0.4006,0.5104,0.4507,0.0611
GRID_06455,다사59005175,성동구,행당동,167.0,False,5.8815,2.2485,4.2249,0.1987,0.401,0.291,0.0568
GRID_06456,다사59005200,성동구,마장동,1565.6,False,3.5483,1.0128,2.3921,0.1199,0.1806,0.1476,0.0201
GRID_06457,다사59005225,성동구,마장동,923.3,False,2.4412,0.2587,1.446,0.0825,0.0461,0.0659,0.0097
GRID_06458,다사59005250,성동구,마장동,664.4,False,4.1899,0.4216,2.4716,0.1415,0.0752,0.1113,0.0171
GRID_06459,다사59005275,동대문구,용두동,2491.2,False,4.1983,0.9067,2.6973,0.1418,0.1617,0.1509,0.0193
GRID_06460,다사59005300,동대문구,용두동,354.0,False,4.8606,1.2625,3.2199,0.1642,0.2252,0.192,0.0327
GRID_06461,다사59005325,동대문구,제기동,1228.9,False,6.2497,1.4272,4.0506,0.2111,0.2545,0.2309,0.0325
GRID_06462,다사59005350,동대문구,제기동,968.4,False,3.3799,1.1067,2.3433,0.1142,0.1974,0.1521,0.0221
GRID_06463,다사59005375,동대문구,제기동,1659.0,False,2.8496,0.5198,1.7872,0.0963,0.0927,0.0946,0.0128
GRID_06464,다사59005400,동대문구,제기동,1273.8,False,3.0919,0.4741,1.8982,0.1044,0.0846,0.0954,0.0133
GRID_06465,다사59005425,동대문구,제기동,671.3,False,7.0928,0.6923,4.1741,0.2396,0.1235,0.1866,0.0287
GRID_06466,다사59005450,동대문구,제기동,957.0,False,6.3447,0.6821,3.7625,0.2143,0.1216,0.1721,0.0251
GRID_06467,다사59005475,성북구,종암동,704.1,False,6.5153,0.6275,3.8304,0.2201,0.1119,0.1708,0.026
GRID_06468,다사59005500,성북구,종암동,1753.4,False,7.829,0.4221,4.4515,0.2645,0.0753,0.1782,0.0239
GRID_06469,다사59005525,성북구,종암동,2069.8,False,4.7273,0.2954,2.7064,0.1597,0.0527,0.1109,0.0145
GRID_06470,다사59005550,성북구,종암동,2485.6,False,2.8162,0.4484,1.7365,0.0951,0.08,0.0882,0.0113
GRID_06471,다사59005575,성북구,종암동,2146.1,False,4.4535,0.5798,2.6871,0.1504,0.1034,0.129,0.0168
GRID_06472,다사59005600,성북구,하월곡동,2988.9,False,7.1195,0.5331,4.1161,0.2405,0.0951,0.1742,0.0218
GRID_06473,다사59005625,성북구,하월곡동,357.2,False,5.4086,0.3214,3.0888,0.1827,0.0573,0.1255,0.0213
GRID_06474,다사59005650,성북구,하월곡동,1950.1,False,3.7279,0.0009,2.0284,0.1259,0.0002,0.0686,0.0091
GRID_06475,다사59005675,성북구,하월곡동,3050.1,False,7.3928,0.3268,4.1707,0.2497,0.0583,0.1624,0.0202
GRID_06476,다사59005700,강북구,미아동,783.9,False,9.9289,0.5351,5.6453,0.3354,0.0954,0.226,0.0339
GRID_06477,다사59005725,강북구,미아동,3443.3,False,9.0402,0.4804,5.137,0.3054,0.0857,0.2052,0.0252
GRID_06478,다사59005750,강북구,미아동,1260.1,False,5.0771,0.178,2.8431,0.1715,0.0317,0.1078,0.0151
GRID_06479,다사59005775,강북구,미아동,561.9,False,1.5648,0.0,0.8512,0.0529,0.0,0.0288,0.0045
GRID_06480,다사59005800,강북구,번동,217.2,False,4.9906,0.0,2.7149,0.1686,0.0,0.0917,0.017
GRID_06481,다사59005825,강북구,번동,1506.7,False,8.6189,0.0,4.6887,0.2912,0.0,0.1584,0.0216
GRID_06482,다사59005850,강북구,번동,2389.3,False,10.2725,0.0,5.5882,0.347,0.0,0.1888,0.0243
GRID_06483,다사59005875,강북구,번동,9.4,False,9.1164,0.0,4.9593,0.308,0.0,0.1675,0.0715
GRID_06484,다사59005900,강북구,번동,27.2,False,8.2731,0.0,4.5005,0.2795,0.0,0.152,0.0455
GRID_06485,다사59005925,강북구,번동,396.0,False,10.6727,0.0,5.8059,0.3605,0.0,0.1961,0.0328
GRID_06486,다사59005950,강북구,번동,564.8,False,9.56,0.0,5.2007,0.323,0.0,0.1757,0.0277
GRID_06487,다사59005975,도봉구,창동,1781.6,False,7.7901,0.0,4.2378,0.2632,0.0,0.1432,0.0191
GRID_06488,다사59006000,도봉구,창동,3523.0,False,5.6252,0.0,3.0601,0.19,0.0,0.1034,0.0127
GRID_06489,다사59006025,도봉구,창동,61.8,False,3.0217,0.1075,1.6928,0.1021,0.0192,0.0643,0.0155
GRID_06490,다사59006050,도봉구,창동,3774.2,False,4.7075,0.7502,2.9029,0.159,0.1338,0.1475,0.0179
GRID_06491,다사59006075,도봉구,창동,1601.3,False,7.0032,1.213,4.3629,0.2366,0.2163,0.2273,0.0308
GRID_06492,다사59006100,도봉구,창동,1612.2,False,5.8363,1.3755,3.8022,0.1972,0.2453,0.2191,0.0297
GRID_06493,다사59006125,도봉구,창동,603.0,False,6.2595,1.1925,3.949,0.2115,0.2127,0.212,0.0331
GRID_06494,다사59006150,도봉구,쌍문동,926.2,False,6.6645,0.7148,3.9514,0.2251,0.1275,0.1806,0.0264
GRID_06495,다사59006175,도봉구,쌍문동,5266.8,False,5.4895,0.0659,3.0163,0.1854,0.0117,0.1062,0.0124
GRID_06496,다사59006200,도봉구,쌍문동,4369.0,False,5.8264,0.0,3.1695,0.1968,0.0,0.1071,0.0128
GRID_06497,다사59006225,도봉구,쌍문동,24.5,False,4.9915,0.0,2.7154,0.1686,0.0,0.0917,0.0283
GRID_06498,다사59006250,도봉구,방학동,3427.2,False,7.6556,0.0,4.1647,0.2586,0.0,0.1407,0.0173
GRID_06499,다사59006275,도봉구,방학동,36.7,False,8.3921,0.0555,4.5906,0.2835,0.0099,0.1587,0.0437
GRID_06500,다사59006300,도봉구,방학동,3130.6,False,5.8138,0.1537,3.2328,0.1964,0.0274,0.1193,0.0148
GRID_06501,다사59006325,도봉구,방학동,3189.6,False,3.9743,0.1329,2.2227,0.1343,0.0237,0.0838,0.0104
GRID_06502,다사59006350,도봉구,방학동,91.4,False,2.5539,0.0,1.3893,0.0863,0.0,0.0469,0.0104
GRID_06503,다사59006375,도봉구,도봉동,0.0,True,0.0365,0.0,0.0198,0.0,0.0,0.0,0.0
GRID_06504,다사59006400,도봉구,도봉동,0.0,True,1.2579,0.0,0.6843,0.0,0.0,0.0,0.0
GRID_06505,다사59006425,도봉구,도봉동,102.9,False,2.7085,0.0,1.4734,0.0915,0.0,0.0498,0.0107
GRID_06506,다사59006450,도봉구,도봉동,18.3,False,1.121,0.0,0.6098,0.0379,0.0,0.0206,0.007
GRID_06507,다사59006475,도봉구,도봉동,0.0,True,0.0,0.0,0.0,0.0,0.0,0.0,0.0
GRID_06508,다사59006500,도봉구,도봉동,0.0,True,0.0,0.0,0.0,0.0,0.0,0.0,0.0
GRID_06509,다사59006525,도봉구,도봉동,131.3,False,0.0916,0.0,0.0498,0.0031,0.0,0.0017,0.0003
GRID_06510,다사59006550,도봉구,도봉동,0.0,True,0.0,0.0,0.0,0.0,0.0,0.0,0.0
GRID_06511,다사59006575,도봉구,도봉동,0.0,True,0.0,0.0,0.0,0.0,0.0,0.0,0.0
GRID_06512,다사59006600,도봉구,도봉동,0.0,True,0.0,0.0,0.0,0.0,0.0,0.0,0.0
GRID_06513,다사59253750,서초구,원지동,0.0,True,0.0,0.0,0.0,0.0,0.0,0.0,0.0
GRID_06514,다사59253775,서초구,원지동,0.0,True,0.0,0.0,0.0,0.0,0.0,0.0,0.0
GRID_06515,다사59253800,서초구,원지동,0.0,True,0.0,0.0,0.0,0.0,0.0,0.0,0.0
GRID_06516,다사59253825,서초구,원지동,0.0,True,0.0,0.0,0.0,0.0,0.0,0.0,0.0
GRID_06517,다사59253850,서초구,원지동,0.0,True,0.0,0.0,0.0,0.0,0.0,0.0,0.0
GRID_06518,다사59253875,서초구,원지동,0.0,True,0.0,0.0,0.0,0.0,0.0,0.0,0.0
GRID_06519,다사59253900,서초구,원지동,0.0,True,0.0,0.0,0.0,0.0,0.0,0.0,0.0
GRID_06520,다사59253925,서초구,원지동,0.0,True,0.5872,0.0,0.3194,0.0,0.0,0.0,0.0
GRID_06521,다사59253950,서초구,원지동,14.9,False,0.75,0.0,0.408,0.0253,0.0,0.0138,0.005
GRID_06522,다사59253975,서초구,원지동,75.6,False,1.5796,0.0,0.8593,0.0534,0.0,0.029,0.0067
GRID_06523,다사59254000,서초구,원지동,25.9,False,2.019,0.0,1.0983,0.0682,0.0,0.0371,0.0113
GRID_06524,다사59254025,서초구,양재동,213.5,False,0.664,0.0,0.3612,0.0224,0.0,0.0122,0.0023
GRID_06525,다사59254050,서초구,양재동,210.9,False,0.2758,0.2638,0.2703,0.0093,0.0471,0.0265,0.005
GRID_06526,다사59254075,서초구,양재동,344.1,False,0.7362,0.8464,0.7864,0.0249,0.151,0.0824,0.0141
GRID_06527,다사59254100,서초구,양재동,1844.1,False,4.8474,1.2215,3.194,0.1638,0.2179,0.1884,0.0251
GRID_06528,다사59254125,서초구,양재동,621.5,False,7.4841,1.2891,4.6592,0.2528,0.2299,0.2424,0.0377
GRID_06529,다사59254150,서초구,양재동,308.8,False,6.1108,1.0304,3.7942,0.2064,0.1838,0.1961,0.0342
GRID_06530,다사59254175,서초구,양재동,10.6,False,2.6489,0.5161,1.6764,0.0895,0.092,0.0907,0.037
GRID_06531,다사59254200,서초구,양재동,1494.8,False,3.5133,0.0,1.9112,0.1187,0.0,0.0646,0.0088
GRID_06532,다사59254225,서초구,양재동,1239.2,False,5.4767,0.393,3.1585,0.185,0.0701,0.1326,0.0186
GRID_06533,다사59254250,서초구,양재동,2497.9,False,6.2048,1.2732,3.956,0.2096,0.2271,0.2176,0.0278
GRID_06534,다사59254275,서초구,양재동,2410.1,False,7.3795,1.7901,4.8307,0.2493,0.3193,0.2812,0.0361
GRID_06535,다사59254300,강남구,도곡동,3524.1,False,4.7269,1.5538,3.28,0.1597,0.2771,0.2132,0.0261
GRID_06536,다사59254325,강남구,도곡동,2873.5,False,1.6126,0.6297,1.1644,0.0545,0.1123,0.0808,0.0102
GRID_06537,다사59254350,강남구,도곡동,2019.9,False,5.2404,0.1224,2.9066,0.177,0.0218,0.1063,0.014
GRID_06538,다사59254375,강남구,역삼동,1116.2,False,6.2998,0.0,3.4271,0.2128,0.0,0.1158,0.0165
GRID_06539,다사59254400,강남구,역삼동,1310.6,False,3.6739,0.4459,2.2019,0.1241,0.0795,0.1038,0.0145
GRID_06540,다사59254425,강남구,역삼동,2060.9,False,3.1768,1.0526,2.2082,0.1073,0.1877,0.144,0.0189
GRID_06541,다사59254450,강남구,역삼동,1349.8,False,3.6967,1.3548,2.6288,0.1249,0.2416,0.1781,0.0247
GRID_06542,다사59254475,강남구,역삼동,1117.8,False,4.303,1.4722,3.0122,0.1454,0.2626,0.1988,0.0283
GRID_06543,다사59254500,강남구,역삼동,2172.8,False,3.1129,1.5754,2.4118,0.1052,0.281,0.1853,0.0241
GRID_06544,다사59254525,강남구,역삼동,1648.2,False,4.8598,1.1868,3.1849,0.1642,0.2117,0.1858,0.0251
GRID_06545,다사59254550,강남구,역삼동,560.8,False,6.9121,1.0982,4.261,0.2335,0.1959,0.2163,0.0342
GRID_06546,다사59254575,강남구,논현동,1208.2,False,3.6458,1.3927,2.6184,0.1232,0.2484,0.1803,0.0254
GRID_06547,다사59254600,강남구,논현동,1639.5,False,1.8468,1.8568,1.8514,0.0624,0.3312,0.1849,0.025
GRID_06548,다사59254625,강남구,논현동,983.3,False,4.6267,1.8645,3.3671,0.1563,0.3325,0.2367,0.0343
GRID_06549,다사59254650,강남구,논현동,709.4,False,4.9576,1.5978,3.4255,0.1675,0.285,0.221,0.0337
GRID_06550,다사59254675,강남구,청담동,393.2,False,3.2364,1.3046,2.3555,0.1093,0.2327,0.1656,0.0277
GRID_06551,다사59254700,강남구,청담동,364.1,False,2.6928,1.1319,1.981,0.091,0.2019,0.1415,0.024
GRID_06552,다사59254725,강남구,청담동,760.7,False,2.3364,0.8073,1.6391,0.0789,0.144,0.1086,0.0164
GRID_06553,다사59254750,강남구,신사동,64.2,False,3.3549,0.9582,2.262,0.1133,0.1709,0.1396,0.0334
GRID_06554,다사59254775,강남구,압구정동,3802.9,False,2.8687,0.8768,1.9604,0.0969,0.1564,0.124,0.015
GRID_06555,다사59254800,강남구,압구정동,386.4,False,0.2587,0.5858,0.4078,0.0087,0.1045,0.0524,0.0088
GRID_06556,다사59254825,강남구,압구정동,0.0,True,0.0,0.1619,0.0738,0.0,0.0,0.0,0.0
GRID_06557,다사59254850,성동구,성수동1가,0.0,True,0.749,0.0,0.4075,0.0,0.0,0.0,0.0
GRID_06558,다사59254875,성동구,성수동1가,41.7,False,1.0087,0.0931,0.5912,0.0341,0.0166,0.0261,0.007
GRID_06559,다사59254900,성동구,성수동1가,21.6,False,1.5184,0.2833,0.9552,0.0513,0.0505,0.0509,0.0163
GRID_06560,다사59254925,성동구,성수동1가,45.8,False,2.9966,0.3829,1.8048,0.1012,0.0683,0.0862,0.0224
GRID_06561,다사59254950,성동구,성수동1가,36.1,False,1.4582,0.6154,1.0739,0.0493,0.1098,0.0768,0.0213
GRID_06562,다사59254975,성동구,성수동1가,458.1,False,0.0576,0.6144,0.3115,0.0019,0.1096,0.051,0.0083
GRID_06563,다사59255000,성동구,성수동1가,778.1,False,0.0959,0.4753,0.2689,0.0032,0.0848,0.0404,0.0061
GRID_06564,다사59255025,성동구,성수동1가,38.9,False,1.3519,0.5436,0.9833,0.0457,0.0969,0.0691,0.0187
GRID_06565,다사59255050,성동구,행당동,140.3,False,2.8322,0.6803,1.8509,0.0957,0.1213,0.1074,0.0217
GRID_06566,다사59255075,성동구,행당동,1642.6,False,5.9639,1.4861,3.922,0.2015,0.265,0.2305,0.0311
GRID_06567,다사59255100,성동구,행당동,185.7,False,9.8917,2.3075,6.4333,0.3342,0.4115,0.3694,0.0706
GRID_06568,다사59255125,성동구,행당동,1087.9,False,12.9946,2.6786,8.2905,0.439,0.4777,0.4566,0.0653
GRID_06569,다사59255150,성동구,마장동,284.4,False,9.5625,2.6052,6.39,0.323,0.4646,0.3876,0.0686
GRID_06570,다사59255175,성동구,마장동,2820.1,False,8.8049,2.0281,5.7147,0.2974,0.3617,0.3267,0.0411
GRID_06571,다사59255200,성동구,마장동,877.3,False,4.6472,0.9906,2.9798,0.157,0.1767,0.166,0.0245
GRID_06572,다사59255225,성동구,마장동,1080.5,False,1.429,0.4568,0.9857,0.0483,0.0815,0.0634,0.0091
GRID_06573,다사59255250,성동구,마장동,113.3,False,4.8279,0.3126,2.7689,0.1631,0.0557,0.1141,0.0241
GRID_06574,다사59255275,동대문구,용두동,1167.3,False,4.811,0.7543,2.9611,0.1625,0.1345,0.1498,0.0212
GRID_06575,다사59255300,동대문구,용두동,2706.4,False,7.33,1.3904,4.6216,0.2476,0.248,0.2478,0.0314
GRID_06576,다사59255325,동대문구,제기동,241.4,False,10.54,1.6647,6.4928,0.3561,0.2969,0.3291,0.0599
GRID_06577,다사59255350,동대문구,제기동,1191.5,False,6.6153,1.4331,4.2522,0.2235,0.2556,0.2381,0.0336
GRID_06578,다사59255375,동대문구,제기동,531.6,False,3.148,0.6867,2.0256,0.1063,0.1225,0.1137,0.0181
GRID_06579,다사59255400,동대문구,제기동,398.5,False,2.9551,0.332,1.759,0.0998,0.0592,0.0813,0.0136
GRID_06580,다사59255425,동대문구,제기동,1375.8,False,3.9644,0.4554,2.3643,0.1339,0.0812,0.1099,0.0152
GRID_06581,다사59255450,동대문구,제기동,957.0,False,4.4672,0.5588,2.685,0.1509,0.0997,0.1275,0.0186
GRID_06582,다사59255475,동대문구,청량리동,321.6,False,3.0682,0.5081,1.9008,0.1036,0.0906,0.0977,0.0169
GRID_06583,다사59255500,성북구,종암동,54.1,False,2.9493,0.3173,1.7491,0.0996,0.0566,0.08,0.02
GRID_06584,다사59255525,성북구,종암동,1088.7,False,4.0187,0.382,2.3604,0.1358,0.0681,0.1049,0.015
GRID_06585,다사59255550,성북구,종암동,6.6,False,3.406,0.6502,2.1494,0.1151,0.116,0.1155,0.0569
GRID_06586,다사59255575,성북구,종암동,1255.4,False,5.1612,0.7967,3.171,0.1744,0.1421,0.1596,0.0224
GRID_06587,다사59255600,성북구,하월곡동,3326.3,False,8.0905,0.7447,4.7408,0.2733,0.1328,0.2092,0.0258
GRID_06588,다사59255625,성북구,하월곡동,1472.0,False,6.0636,0.5326,3.5415,0.2048,0.095,0.1547,0.0212
GRID_06589,다사59255650,성북구,하월곡동,1715.0,False,3.6004,0.1525,2.0282,0.1216,0.0272,0.0786,0.0105
GRID_06590,다사59255675,성북구,하월곡동,725.5,False,4.7742,0.0,2.5972,0.1613,0.0,0.0877,0.0133
GRID_06591,다사59255700,성북구,장위동,2295.1,False,10.0548,0.0,5.4698,0.3397,0.0,0.1848,0.0239
GRID_06592,다사59255725,성북구,장위동,1017.7,False,11.4353,0.0,6.2208,0.3863,0.0,0.2101,0.0303
GRID_06593,다사59255750,강북구,번동,845.8,False,5.1407,0.0,2.7965,0.1737,0.0,0.0945,0.014
GRID_06594,다사59255775,강북구,번동,51.8,False,0.4163,0.0,0.2265,0.0141,0.0,0.0077,0.0019
GRID_06595,다사59255800,강북구,번동,279.1,False,2.6939,0.0,1.4655,0.091,0.0,0.0495,0.0088
GRID_06596,다사59255825,강북구,번동,1050.2,False,5.8604,0.0,3.188,0.198,0.0,0.1077,0.0155
GRID_06597,다사59255850,강북구,번동,65.0,False,8.1493,0.0,4.4332,0.2753,0.0,0.1498,0.0357
GRID_06598,다사59255875,강북구,번동,506.0,False,9.6189,0.0,5.2327,0.3249,0.0,0.1768,0.0284
GRID_06599,다사59255900,강북구,번동,1248.7,False,9.9141,0.0,5.3933,0.3349,0.0,0.1822,0.0256
GRID_06600,다사59255925,도봉구,창동,156.6,False,9.0131,0.0,4.9031,0.3045,0.0,0.1656,0.0327
GRID_06601,다사59255950,도봉구,창동,3995.6,False,6.2078,0.0,3.3771,0.2097,0.0,0.1141,0.0138
GRID_06602,다사59255975,도봉구,창동,66.2,False,5.2414,0.0,2.8513,0.1771,0.0,0.0963,0.0229
GRID_06603,다사59256000,도봉구,창동,1062.4,False,5.5035,0.0,2.9939,0.1859,0.0,0.1011,0.0145
GRID_06604,다사59256025,도봉구,창동,1723.9,False,6.6312,0.0,3.6074,0.224,0.0,0.1219,0.0164
GRID_06605,다사59256050,도봉구,창동,5054.3,False,6.2429,0.4231,3.5891,0.2109,0.0755,0.1491,0.0175
GRID_06606,다사59256075,도봉구,창동,7.7,False,3.7489,0.8355,2.4204,0.1266,0.149,0.1368,0.0633
GRID_06607,다사59256100,도봉구,창동,1854.9,False,2.8871,0.9803,2.0176,0.0975,0.1748,0.1328,0.0176
GRID_06608,다사59256125,도봉구,창동,703.0,False,4.5619,0.9492,2.9145,0.1541,0.1693,0.161,0.0246
GRID_06609,다사59256150,도봉구,창동,1403.2,False,7.6153,0.592,4.4127,0.2573,0.1056,0.1881,0.026
GRID_06610,다사59256175,도봉구,창동,1124.5,False,6.9066,0.1094,3.8071,0.2333,0.0195,0.1358,0.0193
GRID_06611,다사59256200,도봉구,쌍문동,2049.8,False,5.3676,0.0,2.92,0.1813,0.0,0.0986,0.0129
GRID_06612,다사59256225,도봉구,쌍문동,2407.5,False,4.8241,0.0,2.6243,0.163,0.0,0.0887,0.0114
GRID_06613,다사59256250,도봉구,방학동,12.0,False,7.3516,0.1022,4.0459,0.2483,0.0182,0.1434,0.0559
GRID_06614,다사59256275,도봉구,방학동,172.1,False,5.6784,0.339,3.2437,0.1918,0.0605,0.1319,0.0256
GRID_06615,다사59256300,도봉구,방학동,7242.1,False,1.9578,0.4612,1.2754,0.0661,0.0823,0.0735,0.0083
GRID_06616,다사59256325,도봉구,방학동,904.3,False,3.2123,0.4353,1.946,0.1085,0.0776,0.0944,0.0139
GRID_06617,다사59256350,도봉구,방학동,14.7,False,4.5257,0.2687,2.5845,0.1529,0.0479,0.105,0.0381
GRID_06618,다사59256375,도봉구,도봉동,10.3,False,3.0529,0.0058,1.6634,0.1031,0.001,0.0566,0.0233
GRID_06619,다사59256400,도봉구,도봉동,12.3,False,2.8152,0.1019,1.5779,0.0951,0.0182,0.06,0.0232
GRID_06620,다사59256425,도봉구,도봉동,477.4,False,4.8673,0.2115,2.7443,0.1644,0.0377,0.1067,0.0173
GRID_06621,다사59256450,도봉구,도봉동,306.0,False,3.0523,0.2294,1.7651,0.1031,0.0409,0.0747,0.0131
GRID_06622,다사59256475,도봉구,도봉동,4.4,False,0.0,0.1504,0.0686,0.0,0.0268,0.0122,0.0073
GRID_06623,다사59256500,도봉구,도봉동,14.1,False,0.4644,0.0009,0.253,0.0157,0.0002,0.0086,0.0032
GRID_06624,다사59256525,도봉구,도봉동,294.2,False,1.0116,0.3084,0.691,0.0342,0.055,0.0437,0.0077
GRID_06625,다사59256550,도봉구,도봉동,54.8,False,0.5644,0.4323,0.5042,0.0191,0.0771,0.0455,0.0113
GRID_06626,다사59256575,도봉구,도봉동,18.3,False,0.0,0.3263,0.1488,0.0,0.0582,0.0265,0.009
GRID_06627,다사59256600,도봉구,도봉동,0.0,True,0.0,0.042,0.0192,0.0,0.0,0.0,0.0
GRID_06628,다사59256625,도봉구,도봉동,0.0,True,0.0,0.0,0.0,0.0,0.0,0.0,0.0
GRID_06629,다사59503725,서초구,원지동,0.0,True,0.0,0.0,0.0,0.0,0.0,0.0,0.0
GRID_06630,다사59503750,서초구,원지동,0.0,True,0.0,0.0,0.0,0.0,0.0,0.0,0.0
GRID_06631,다사59503775,서초구,원지동,0.0,True,0.0,0.0,0.0,0.0,0.0,0.0,0.0
GRID_06632,다사59503800,서초구,원지동,0.0,True,0.0,0.0,0.0,0.0,0.0,0.0,0.0
GRID_06633,다사59503825,서초구,원지동,0.0,True,0.0,0.0,0.0,0.0,0.0,0.0,0.0
GRID_06634,다사59503850,서초구,원지동,0.0,True,0.0,0.0,0.0,0.0,0.0,0.0,0.0
GRID_06635,다사59503875,서초구,원지동,0.0,True,0.0,0.0,0.0,0.0,0.0,0.0,0.0
GRID_06636,다사59503900,서초구,원지동,8.6,False,0.0,0.0,0.0,0.0,0.0,0.0,0.0
GRID_06637,다사59503925,서초구,원지동,97.3,False,0.8179,0.0,0.445,0.0276,0.0,0.015,0.0033
GRID_06638,다사59503950,서초구,원지동,47.7,False,0.9976,0.0,0.5427,0.0337,0.0,0.0183,0.0047
GRID_06639,다사59503975,서초구,원지동,21.8,False,0.6823,0.0,0.3712,0.023,0.0,0.0125,0.004
GRID_06640,다사59504000,서초구,원지동,88.9,False,0.7282,0.0,0.3961,0.0246,0.0,0.0134,0.003
GRID_06641,다사59504025,서초구,양재동,360.0,False,0.7085,0.0,0.3854,0.0239,0.0,0.013,0.0022
GRID_06642,다사59504050,서초구,양재동,1036.8,False,1.1769,0.0,0.6402,0.0398,0.0,0.0216,0.0031
GRID_06643,다사59504075,서초구,양재동,262.7,False,1.0218,0.4973,0.7826,0.0345,0.0887,0.0592,0.0106
GRID_06644,다사59504100,서초구,양재동,1598.0,False,1.8308,0.8289,1.3739,0.0618,0.1478,0.1011,0.0137
GRID_06645,다사59504125,서초구,양재동,785.0,False,2.7988,0.8887,1.9278,0.0945,0.1585,0.1237,0.0186
GRID_06646,다사59504150,서초구,양재동,1364.1,False,2.4174,0.66,1.616,0.0817,0.1177,0.0981,0.0136
GRID_06647,다사59504175,서초구,양재동,1562.4,False,2.3704,0.2053,1.3831,0.0801,0.0366,0.0603,0.0082
GRID_06648,다사59504200,서초구,양재동,633.2,False,4.8826,0.0,2.6561,0.1649,0.0,0.0897,0.0139
GRID_06649,다사59504225,서초구,양재동,654.8,False,5.8815,0.0,3.1995,0.1987,0.0,0.1081,0.0167
GRID_06650,다사59504250,강남구,도곡동,485.8,False,6.4825,0.2669,3.6482,0.219,0.0476,0.1408,0.0228
GRID_06651,다사59504275,강남구,도곡동,463.6,False,7.7339,0.6069,4.484,0.2613,0.1082,0.1915,0.0312
GRID_06652,다사59504300,강남구,도곡동,470.1,False,4.5125,0.6198,2.7375,0.1524,0.1105,0.1333,0.0217
GRID_06653,다사59504325,강남구,도곡동,15.9,False,1.3718,0.5678,1.0052,0.0463,0.1013,0.0714,0.0252
GRID_06654,다사59504350,강남구,도곡동,83.7,False,3.2217,0.3602,1.9169,0.1088,0.0642,0.0885,0.0199
GRID_06655,다사59504375,강남구,역삼동,846.3,False,5.3122,0.0518,2.9135,0.1795,0.0092,0.1018,0.0151
GRID_06656,다사59504400,강남구,역삼동,1323.3,False,4.6818,0.0,2.5469,0.1582,0.0,0.086,0.012
GRID_06657,다사59504425,강남구,역삼동,1536.3,False,4.4632,0.4134,2.6165,0.1508,0.0737,0.1156,0.0158
GRID_06658,다사59504450,강남구,역삼동,2560.9,False,4.7685,1.2764,3.1761,0.1611,0.2276,0.1914,0.0244
GRID_06659,다사59504475,강남구,역삼동,1582.9,False,5.2984,2.0112,3.7994,0.179,0.3587,0.2609,0.0354
GRID_06660,다사59504500,강남구,역삼동,783.6,False,4.7053,2.2262,3.5749,0.159,0.397,0.2675,0.0401
GRID_06661,다사59504525,강남구,역삼동,616.9,False,2.9902,2.2012,2.6304,0.101,0.3926,0.234,0.0364
GRID_06662,다사59504550,강남구,역삼동,1501.6,False,7.2193,1.7114,4.7077,0.2439,0.3052,0.2719,0.0372
GRID_06663,다사59504575,강남구,논현동,539.6,False,6.9439,1.4527,4.4399,0.2346,0.2591,0.2458,0.0391
GRID_06664,다사59504600,강남구,삼성동,951.6,False,2.5092,1.9089,2.2355,0.0848,0.3404,0.2014,0.0294
GRID_06665,다사59504625,강남구,삼성동,1476.5,False,3.5211,1.9096,2.7863,0.1189,0.3406,0.22,0.0301
GRID_06666,다사59504650,강남구,청담동,1823.8,False,3.8075,1.5277,2.7679,0.1286,0.2725,0.1942,0.0259
GRID_06667,다사59504675,강남구,청담동,9.0,False,1.7134,1.2189,1.4879,0.0579,0.2174,0.1306,0.0567
GRID_06668,다사59504700,강남구,청담동,1367.5,False,1.6807,1.0047,1.3725,0.0568,0.1792,0.1126,0.0156
GRID_06669,다사59504725,강남구,청담동,938.5,False,3.5111,0.7217,2.2392,0.1186,0.1287,0.1232,0.018
GRID_06670,다사59504750,강남구,청담동,610.0,False,3.5927,0.8669,2.3498,0.1214,0.1546,0.1365,0.0213
GRID_06671,다사59504775,강남구,압구정동,1298.6,False,1.4595,0.7885,1.1536,0.0493,0.1406,0.091,0.0127
GRID_06672,다사59504800,강남구,압구정동,16.3,False,0.0,0.5085,0.2319,0.0,0.0907,0.0414,0.0145
GRID_06673,다사59504825,강남구,압구정동,0.0,True,0.0,0.1004,0.0458,0.0,0.0,0.0,0.0
GRID_06674,다사59504850,성동구,성수동1가,0.0,True,0.6196,0.0,0.337,0.0,0.0,0.0,0.0
GRID_06675,다사59504875,성동구,성수동1가,347.4,False,1.8556,0.204,1.1025,0.0627,0.0364,0.0507,0.0087
GRID_06676,다사59504900,성동구,성수동1가,1942.2,False,5.2131,0.4161,3.0257,0.1761,0.0742,0.1296,0.0171
GRID_06677,다사59504925,성동구,성수동1가,108.7,False,7.0899,0.8694,4.2534,0.2395,0.1551,0.201,0.0428
GRID_06678,다사59504950,성동구,성수동1가,1193.7,False,5.2488,1.1342,3.3725,0.1773,0.2023,0.1887,0.0266
GRID_06679,다사59504975,성동구,성수동1가,1211.8,False,3.3987,1.0832,2.3428,0.1148,0.1932,0.1506,0.0212
GRID_06680,다사59505000,성동구,성수동1가,2570.2,False,2.0632,1.0029,1.5797,0.0697,0.1789,0.1195,0.0152
GRID_06681,다사59505025,성동구,성수동1가,1689.9,False,2.1144,0.8907,1.5564,0.0714,0.1589,0.1113,0.015
GRID_06682,다사59505050,성동구,행당동,157.5,False,1.3989,0.7845,1.1187,0.0473,0.1399,0.0895,0.0177
GRID_06683,다사59505075,성동구,행당동,219.0,False,4.6381,0.9966,2.9776,0.1567,0.1777,0.1663,0.0308
GRID_06684,다사59505100,성동구,행당동,1331.1,False,11.3663,1.6784,6.9486,0.384,0.2993,0.3454,0.048
GRID_06685,다사59505125,성동구,사근동,1021.9,False,11.4669,2.0473,7.1716,0.3874,0.3651,0.3772,0.0544
GRID_06686,다사59505150,성동구,마장동,206.8,False,7.0645,1.8821,4.7014,0.2387,0.3357,0.2829,0.053
GRID_06687,다사59505175,성동구,마장동,1637.0,False,9.6477,1.4045,5.8888,0.3259,0.2505,0.2915,0.0394
GRID_06688,다사59505200,성동구,마장동,848.3,False,7.6209,0.6424,4.4387,0.2574,0.1146,0.1923,0.0285
GRID_06689,다사59505225,성동구,마장동,2022.8,False,4.1299,0.5189,2.4833,0.1395,0.0925,0.1181,0.0155
GRID_06690,다사59505250,성동구,용답동,77.9,False,7.1032,0.3546,4.0258,0.24,0.0632,0.1594,0.0365
GRID_06691,다사59505275,동대문구,용두동,98.1,False,4.7131,0.5687,2.8233,0.1592,0.1014,0.1329,0.0289
GRID_06692,다사59505300,동대문구,용두동,2041.1,False,7.6076,1.4364,4.7935,0.257,0.2562,0.2566,0.0337
GRID_06693,다사59505325,동대문구,용두동,400.4,False,14.7318,1.9676,8.9113,0.4977,0.3509,0.4307,0.0719
GRID_06694,다사59505350,동대문구,제기동,527.5,False,13.2986,1.8363,8.0718,0.4492,0.3275,0.3937,0.0628
GRID_06695,다사59505375,동대문구,제기동,0.0,True,4.605,1.3274,3.1104,0.0,0.0,0.0,0.0
GRID_06696,다사59505400,동대문구,제기동,402.6,False,3.1672,0.5175,1.959,0.107,0.0923,0.1003,0.0167
GRID_06697,다사59505425,동대문구,청량리동,645.1,False,2.5958,0.2168,1.511,0.0877,0.0387,0.0653,0.0101
GRID_06698,다사59505450,동대문구,청량리동,61.7,False,3.4266,0.304,2.0027,0.1158,0.0542,0.0877,0.0212
GRID_06699,다사59505475,동대문구,청량리동,288.2,False,2.9817,0.2612,1.7411,0.1007,0.0466,0.076,0.0134
GRID_06700,다사59505500,동대문구,청량리동,220.1,False,1.1145,0.1004,0.652,0.0376,0.0179,0.0286,0.0053
GRID_06701,다사59505525,성북구,하월곡동,1303.1,False,2.4598,0.3645,1.5044,0.0831,0.065,0.0748,0.0104
GRID_06702,다사59505550,성북구,하월곡동,341.2,False,2.6653,0.673,1.7568,0.09,0.12,0.1037,0.0178
GRID_06703,다사59505575,성북구,하월곡동,610.4,False,4.2763,0.8605,2.7187,0.1445,0.1535,0.1486,0.0232
GRID_06704,다사59505600,성북구,하월곡동,1995.3,False,7.0184,0.9496,4.251,0.2371,0.1694,0.2062,0.0271
GRID_06705,다사59505625,성북구,하월곡동,2521.7,False,6.3664,0.776,3.8172,0.2151,0.1384,0.1801,0.023
GRID_06706,다사59505650,성북구,하월곡동,3300.9,False,3.2217,0.3852,1.9282,0.1088,0.0687,0.0905,0.0112
GRID_06707,다사59505675,성북구,하월곡동,53.4,False,4.9517,0.1018,2.7402,0.1673,0.0182,0.0993,0.0248
GRID_06708,다사59505700,성북구,장위동,353.7,False,9.6468,0.0,5.2479,0.3259,0.0,0.1773,0.0302
GRID_06709,다사59505725,성북구,장위동,2139.3,False,9.0833,0.0,4.9413,0.3068,0.0,0.1669,0.0218
GRID_06710,다사59505750,성북구,장위동,3159.0,False,6.6739,0.0,3.6306,0.2255,0.0,0.1226,0.0152
GRID_06711,다사59505775,강북구,번동,22.0,False,7.2096,0.0,3.922,0.2435,0.0,0.1325,0.0423
GRID_06712,다사59505800,강북구,번동,256.3,False,3.687,0.0,2.0057,0.1246,0.0,0.0678,0.0122
GRID_06713,다사59505825,강북구,번동,71.1,False,2.4731,0.0,1.3453,0.0835,0.0,0.0454,0.0106
GRID_06714,다사59505850,강북구,번동,22.0,False,4.7651,0.0,2.5922,0.161,0.0,0.0876,0.0279
GRID_06715,다사59505875,강북구,번동,5023.8,False,6.6291,0.0,3.6062,0.2239,0.0,0.1218,0.0143
GRID_06716,다사59505900,도봉구,창동,11.5,False,6.1113,0.0,3.3246,0.2064,0.0,0.1123,0.0445
GRID_06717,다사59505925,도봉구,창동,1733.9,False,6.1309,0.0,3.3352,0.2071,0.0,0.1127,0.0151
GRID_06718,다사59505950,도봉구,창동,2669.5,False,3.3402,0.0,1.8171,0.1128,0.0,0.0614,0.0078
GRID_06719,다사59505975,도봉구,창동,828.1,False,0.3633,0.0,0.1976,0.0123,0.0,0.0067,0.001
GRID_06720,다사59506000,도봉구,창동,1857.4,False,1.8923,0.0,1.0294,0.0639,0.0,0.0348,0.0046
GRID_06721,다사59506025,도봉구,창동,2727.4,False,4.4528,0.0,2.4223,0.1504,0.0,0.0818,0.0103
GRID_06722,다사59506050,도봉구,창동,66.2,False,5.1147,0.0073,2.7857,0.1728,0.0013,0.0946,0.0225
GRID_06723,다사59506075,도봉구,창동,25.5,False,3.7599,0.2435,2.1564,0.127,0.0434,0.0889,0.0271
GRID_06724,다사59506100,도봉구,창동,24.6,False,3.3305,0.6285,2.0984,0.1125,0.1121,0.1123,0.0346
GRID_06725,다사59506125,도봉구,창동,625.4,False,4.2589,0.7572,2.6621,0.1439,0.135,0.1398,0.0217
GRID_06726,다사59506150,도봉구,창동,5554.5,False,3.5948,0.6138,2.2355,0.1214,0.1095,0.116,0.0135
GRID_06727,다사59506175,도봉구,창동,2085.9,False,2.9765,0.5004,1.8474,0.1006,0.0892,0.0954,0.0125
GRID_06728,다사59506200,도봉구,창동,1065.7,False,2.9924,0.2195,1.7279,0.1011,0.0391,0.0728,0.0104
GRID_06729,다사59506225,도봉구,창동,19.5,False,5.7746,0.0,3.1414,0.1951,0.0,0.1061,0.0351
GRID_06730,다사59506250,도봉구,방학동,1560.2,False,7.5721,0.2571,4.2364,0.2558,0.0459,0.1601,0.0218
GRID_06731,다사59506275,도봉구,방학동,1365.0,False,6.1037,0.5242,3.5594,0.2062,0.0935,0.1548,0.0214
GRID_06732,다사59506300,도봉구,방학동,1114.8,False,4.0519,0.662,2.5061,0.1369,0.1181,0.1283,0.0183
GRID_06733,다사59506325,도봉구,방학동,741.2,False,5.0994,0.6329,3.0626,0.1723,0.1129,0.1452,0.022
GRID_06734,다사59506350,도봉구,도봉동,490.8,False,7.2116,0.4449,4.126,0.2436,0.0793,0.1687,0.0272
GRID_06735,다사59506375,도봉구,도봉동,1997.0,False,8.1349,0.2112,4.5217,0.2748,0.0377,0.1667,0.0219
GRID_06736,다사59506400,도봉구,도봉동,1288.4,False,8.9616,0.2667,4.9968,0.3027,0.0476,0.1864,0.026
GRID_06737,다사59506425,도봉구,도봉동,14.4,False,11.5509,0.3965,6.4645,0.3902,0.0707,0.2445,0.0894
GRID_06738,다사59506450,도봉구,도봉동,2060.8,False,6.9043,0.4176,3.9464,0.2332,0.0745,0.1608,0.0211
GRID_06739,다사59506475,도봉구,도봉동,1348.1,False,1.0611,0.3242,0.7251,0.0358,0.0578,0.0459,0.0064
GRID_06740,다사59506500,도봉구,도봉동,26.0,False,1.2783,0.5527,0.9474,0.0432,0.0986,0.0684,0.0208
GRID_06741,다사59506525,도봉구,도봉동,946.0,False,3.8193,0.7989,2.442,0.129,0.1425,0.1352,0.0197
GRID_06742,다사59506550,도봉구,도봉동,49.9,False,6.4505,0.9492,3.9419,0.2179,0.1693,0.1957,0.0498
GRID_06743,다사59506575,도봉구,도봉동,490.3,False,2.6997,0.8203,1.8427,0.0912,0.1463,0.1163,0.0188
GRID_06744,다사59506600,도봉구,도봉동,108.2,False,0.0,0.448,0.2043,0.0,0.0799,0.0364,0.0078
GRID_06745,다사59506625,도봉구,도봉동,17.2,False,0.0,0.0,0.0,0.0,0.0,0.0,0.0
GRID_06746,다사59753675,서초구,원지동,0.0,True,0.0,0.0,0.0,0.0,0.0,0.0,0.0
GRID_06747,다사59753700,서초구,원지동,0.0,True,0.0,0.0,0.0,0.0,0.0,0.0,0.0
GRID_06748,다사59753725,서초구,원지동,0.0,True,0.0,0.0,0.0,0.0,0.0,0.0,0.0
GRID_06749,다사59753750,서초구,원지동,0.0,True,0.0,0.0,0.0,0.0,0.0,0.0,0.0
GRID_06750,다사59753775,서초구,원지동,0.0,True,0.0,0.0,0.0,0.0,0.0,0.0,0.0
GRID_06751,다사59753800,서초구,원지동,4.9,False,0.0,0.0,0.0,0.0,0.0,0.0,0.0
GRID_06752,다사59753825,서초구,원지동,0.0,True,0.0,0.0,0.0,0.0,0.0,0.0,0.0
GRID_06753,다사59753850,서초구,원지동,51.9,False,0.0,0.0,0.0,0.0,0.0,0.0,0.0
GRID_06754,다사59753875,서초구,원지동,7.3,False,0.0,0.0,0.0,0.0,0.0,0.0,0.0
GRID_06755,다사59753900,서초구,원지동,12.1,False,0.0,0.0,0.0,0.0,0.0,0.0,0.0
GRID_06756,다사59753925,서초구,원지동,8.2,False,0.184,0.0,0.1001,0.0062,0.0,0.0034,0.0015
GRID_06757,다사59753950,서초구,원지동,63.7,False,0.9869,0.0,0.5369,0.0333,0.0,0.0181,0.0043
GRID_06758,다사59753975,서초구,원지동,238.3,False,1.3928,0.0,0.7577,0.0471,0.0,0.0256,0.0047
GRID_06759,다사59754000,서초구,신원동,21.6,False,1.6394,0.0,0.8918,0.0554,0.0,0.0301,0.0097
GRID_06760,다사59754025,서초구,양재동,41.9,False,2.1532,0.0,1.1714,0.0727,0.0,0.0396,0.0105
GRID_06761,다사59754050,서초구,염곡동,74.3,False,1.3306,0.0,0.7238,0.0449,0.0,0.0245,0.0057
GRID_06762,다사59754075,서초구,염곡동,73.5,False,1.4927,0.0,0.8121,0.0504,0.0,0.0274,0.0064
GRID_06763,다사59754100,서초구,양재동,1172.0,False,1.7571,0.2357,1.0633,0.0594,0.042,0.0515,0.0073
GRID_06764,다사59754125,서초구,양재동,1332.2,False,3.3561,0.2837,1.9551,0.1134,0.0506,0.0847,0.0118
GRID_06765,다사59754150,서초구,양재동,1541.7,False,3.9071,0.1003,2.1712,0.132,0.0179,0.08,0.0109
GRID_06766,다사59754175,서초구,양재동,1198.4,False,4.8401,0.0,2.633,0.1635,0.0,0.0889,0.0125
GRID_06767,다사59754200,강남구,개포동,59.7,False,8.7203,0.0,4.7439,0.2946,0.0,0.1603,0.039
GRID_06768,다사59754225,강남구,개포동,2800.0,False,6.443,0.0,3.505,0.2177,0.0,0.1184,0.0149
GRID_06769,다사59754250,강남구,도곡동,26.1,False,3.0935,0.3502,1.8426,0.1045,0.0625,0.0853,0.0259
GRID_06770,다사59754275,강남구,도곡동,1369.7,False,6.1478,0.6248,3.6293,0.2077,0.1114,0.1638,0.0227
GRID_06771,다사59754300,강남구,도곡동,1118.3,False,5.4509,0.7517,3.3081,0.1841,0.1341,0.1613,0.023
GRID_06772,다사59754325,강남구,도곡동,225.7,False,1.4936,0.6959,1.1299,0.0505,0.1241,0.084,0.0155
GRID_06773,다사59754350,강남구,도곡동,149.7,False,1.2127,0.4729,0.8754,0.041,0.0843,0.0608,0.0121
GRID_06774,다사59754375,강남구,도곡동,1374.5,False,5.4964,0.3458,3.1477,0.1857,0.0617,0.1291,0.0179
GRID_06775,다사59754400,강남구,역삼동,3542.1,False,5.9291,0.3383,3.3797,0.2003,0.0603,0.1365,0.0167
GRID_06776,다사59754425,강남구,역삼동,2995.7,False,5.9166,0.4507,3.4241,0.1999,0.0804,0.1454,0.0182
GRID_06777,다사59754450,강남구,역삼동,710.3,False,5.7284,1.4551,3.7798,0.1935,0.2595,0.2236,0.0341
GRID_06778,다사59754475,강남구,역삼동,1511.5,False,3.934,2.2612,3.1712,0.1329,0.4033,0.2562,0.035
GRID_06779,다사59754500,강남구,역삼동,1568.7,False,3.6959,2.8429,3.3069,0.1249,0.507,0.2991,0.0406
GRID_06780,다사59754525,강남구,역삼동,1479.8,False,2.3109,2.9864,2.6189,0.0781,0.5326,0.2853,0.0391
GRID_06781,다사59754550,강남구,삼성동,7.4,False,5.7386,2.3901,4.2117,0.1939,0.4263,0.2998,0.1409
GRID_06782,다사59754575,강남구,삼성동,291.7,False,6.5858,1.3049,4.1777,0.2225,0.2327,0.2272,0.04
GRID_06783,다사59754600,강남구,삼성동,1565.5,False,2.1574,1.5749,1.8918,0.0729,0.2809,0.1677,0.0228
GRID_06784,다사59754625,강남구,삼성동,1182.2,False,0.9641,1.5675,1.2392,0.0326,0.2796,0.1452,0.0205
GRID_06785,다사59754650,강남구,삼성동,2099.7,False,1.7598,1.3795,1.5864,0.0594,0.246,0.1445,0.0189
GRID_06786,다사59754675,강남구,청담동,3095.1,False,1.7666,1.1194,1.4715,0.0597,0.1996,0.1235,0.0154
GRID_06787,다사59754700,강남구,청담동,2881.8,False,2.5103,0.5484,1.6157,0.0848,0.0978,0.0907,0.0114
GRID_06788,다사59754725,강남구,청담동,28.8,False,4.5374,0.4418,2.6698,0.1533,0.0788,0.1193,0.0351
GRID_06789,다사59754750,강남구,청담동,1272.3,False,3.467,0.5685,2.1453,0.1171,0.1014,0.11,0.0154
GRID_06790,다사59754775,강남구,청담동,964.5,False,1.2976,0.5001,0.934,0.0438,0.0892,0.0645,0.0094
GRID_06791,다사59754800,강남구,청담동,6.3,False,0.0,0.2556,0.1166,0.0,0.0456,0.0208,0.0105
GRID_06792,다사59754825,강남구,압구정동,0.0,True,0.0,0.0,0.0,0.0,0.0,0.0,0.0
GRID_06793,다사59754850,성동구,성수동1가,59.2,False,0.3189,0.0,0.1735,0.0108,0.0,0.0059,0.0014
GRID_06794,다사59754875,성동구,성수동1가,2061.2,False,3.0423,0.2166,1.7538,0.1028,0.0386,0.0735,0.0096
GRID_06795,다사59754900,성동구,성수동1가,2632.2,False,7.0601,0.5365,4.0854,0.2385,0.0957,0.1734,0.022
GRID_06796,다사59754925,성동구,성수동1가,292.7,False,8.0713,1.0948,4.89,0.2727,0.1952,0.2374,0.0418
GRID_06797,다사59754950,성동구,성수동1가,1310.3,False,6.5437,1.3905,4.1939,0.2211,0.248,0.2333,0.0325
GRID_06798,다사59754975,성동구,성수동1가,1191.9,False,6.136,1.3469,3.9522,0.2073,0.2402,0.2223,0.0314
GRID_06799,다사59755000,성동구,성수동1가,24.3,False,4.9093,1.1979,3.2169,0.1658,0.2136,0.1876,0.0581
GRID_06800,다사59755025,성동구,성수동1가,43.7,False,3.7448,1.0423,2.5125,0.1265,0.1859,0.1536,0.0404
GRID_06801,다사59755050,성동구,행당동,199.3,False,2.4668,0.7773,1.6964,0.0833,0.1386,0.1085,0.0205
GRID_06802,다사59755075,성동구,행당동,103.6,False,4.3988,0.7596,2.7393,0.1486,0.1355,0.1426,0.0307
GRID_06803,다사59755100,성동구,사근동,706.9,False,9.0936,0.7627,5.2947,0.3072,0.136,0.2291,0.0349
GRID_06804,다사59755125,성동구,사근동,1252.7,False,9.7814,0.8949,5.7292,0.3304,0.1596,0.2525,0.0354
GRID_06805,다사59755150,성동구,마장동,2937.6,False,3.3851,0.888,2.2464,0.1144,0.1584,0.1344,0.0168
GRID_06806,다사59755175,성동구,마장동,740.8,False,4.3854,0.9646,2.8255,0.1481,0.172,0.159,0.0241
GRID_06807,다사59755200,성동구,마장동,143.6,False,6.1365,0.8475,3.7247,0.2073,0.1511,0.1817,0.0365
GRID_06808,다사59755225,성동구,마장동,1317.5,False,10.1298,0.5831,5.7765,0.3422,0.104,0.2336,0.0325
GRID_06809,다사59755250,동대문구,답십리동,68.2,False,9.623,0.2543,5.3509,0.3251,0.0454,0.1975,0.0466
GRID_06810,다사59755275,동대문구,전농동,2255.9,False,6.4659,0.6551,3.8162,0.2184,0.1168,0.1721,0.0223
GRID_06811,다사59755300,동대문구,전농동,534.2,False,6.2585,1.5506,4.1117,0.2114,0.2766,0.2411,0.0384
GRID_06812,다사59755325,동대문구,전농동,1627.0,False,14.995,2.1161,9.1222,0.5066,0.3774,0.4477,0.0605
GRID_06813,다사59755350,동대문구,청량리동,1807.6,False,17.4391,2.2011,10.4906,0.5891,0.3926,0.4995,0.0666
GRID_06814,다사59755375,동대문구,청량리동,1903.2,False,9.23,1.7319,5.8109,0.3118,0.3089,0.3105,0.0411
GRID_06815,다사59755400,동대문구,청량리동,1182.6,False,3.0145,0.8363,2.0212,0.1018,0.1491,0.1234,0.0174
GRID_06816,다사59755425,동대문구,청량리동,1356.1,False,2.0512,0.0,1.1158,0.0693,0.0,0.0377,0.0052
GRID_06817,다사59755450,동대문구,청량리동,73.6,False,2.1043,0.0,1.1447,0.0711,0.0,0.0387,0.009
GRID_06818,다사59755475,동대문구,청량리동,319.8,False,1.8875,0.0,1.0268,0.0638,0.0,0.0347,0.006
GRID_06819,다사59755500,동대문구,청량리동,17.9,False,0.3894,0.0,0.2119,0.0132,0.0,0.0072,0.0024
GRID_06820,다사59755525,성북구,하월곡동,0.0,True,0.3221,0.2274,0.2789,0.0,0.0,0.0,0.0
GRID_06821,다사59755550,성북구,하월곡동,538.6,False,0.218,0.5105,0.3514,0.0074,0.091,0.0455,0.0072
GRID_06822,다사59755575,성북구,하월곡동,4.2,False,1.5414,0.818,1.2116,0.0521,0.1459,0.0949,0.0575
GRID_06823,다사59755600,성북구,하월곡동,571.5,False,6.0368,0.9353,3.7105,0.2039,0.1668,0.187,0.0294
GRID_06824,다사59755625,성북구,상월곡동,1950.8,False,8.2648,0.7924,4.8574,0.2792,0.1413,0.2163,0.0286
GRID_06825,다사59755650,성북구,상월곡동,1524.6,False,6.1749,0.4265,3.5536,0.2086,0.0761,0.1482,0.0202
GRID_06826,다사59755675,성북구,상월곡동,54.4,False,6.1889,0.2446,3.4783,0.2091,0.0436,0.1336,0.0333
GRID_06827,다사59755700,성북구,장위동,2129.3,False,7.0479,0.0447,3.8544,0.2381,0.008,0.1332,0.0174
GRID_06828,다사59755725,성북구,장위동,65.9,False,5.8799,0.0,3.1987,0.1986,0.0,0.1081,0.0257
GRID_06829,다사59755750,성북구,장위동,1863.7,False,8.7828,0.0,4.7779,0.2967,0.0,0.1614,0.0214
GRID_06830,다사59755775,성북구,장위동,803.6,False,12.5096,0.0,6.8052,0.4226,0.0,0.2299,0.0344
GRID_06831,다사59755800,강북구,번동,510.2,False,10.1007,0.0,5.4948,0.3412,0.0,0.1856,0.0298
GRID_06832,다사59755825,강북구,번동,1819.8,False,7.5267,0.0,4.0945,0.2543,0.0,0.1383,0.0184
GRID_06833,다사59755850,강북구,번동,4595.2,False,8.4206,0.0,4.5808,0.2845,0.0,0.1547,0.0184
GRID_06834,다사59755875,노원구,월계동,345.1,False,7.1113,0.0,3.8686,0.2402,0.0,0.1307,0.0224
GRID_06835,다사59755900,노원구,월계동,302.4,False,3.7733,0.0,2.0527,0.1275,0.0,0.0693,0.0121
GRID_06836,다사59755925,노원구,월계동,166.4,False,2.4363,0.0,1.3253,0.0823,0.0,0.0448,0.0087
GRID_06837,다사59755950,노원구,월계동,12.5,False,1.2058,0.0,0.6559,0.0407,0.0,0.0222,0.0085
GRID_06838,다사59755975,도봉구,창동,0.0,True,0.0,0.0,0.0,0.0,0.0,0.0,0.0
GRID_06839,다사59756000,도봉구,창동,4.9,False,0.0,0.0178,0.0081,0.0,0.0032,0.0014,0.0008
GRID_06840,다사59756025,도봉구,창동,0.0,True,0.7253,0.1364,0.4568,0.0,0.0,0.0,0.0
GRID_06841,다사59756050,도봉구,창동,4582.4,False,1.8885,0.1935,1.1155,0.0638,0.0345,0.0504,0.006
GRID_06842,다사59756075,도봉구,창동,290.5,False,2.8655,0.2537,1.6745,0.0968,0.0452,0.0733,0.0129
GRID_06843,다사59756100,도봉구,창동,2246.1,False,3.8982,0.5774,2.3839,0.1317,0.103,0.1186,0.0154
GRID_06844,다사59756125,도봉구,창동,2018.2,False,5.0585,0.7908,3.1124,0.1709,0.141,0.1573,0.0207
GRID_06845,다사59756150,도봉구,창동,923.9,False,3.3694,0.8873,2.2376,0.1138,0.1583,0.1341,0.0196
GRID_06846,다사59756175,도봉구,창동,2022.9,False,0.371,0.759,0.5479,0.0125,0.1354,0.0685,0.009
GRID_06847,다사59756200,도봉구,창동,2333.9,False,0.2772,0.4413,0.352,0.0094,0.0787,0.041,0.0053
GRID_06848,다사59756225,도봉구,창동,1744.1,False,3.8084,0.016,2.0791,0.1287,0.0029,0.0713,0.0096
GRID_06849,다사59756250,도봉구,방학동,2565.8,False,7.1503,0.2886,4.0213,0.2415,0.0515,0.1549,0.0197
GRID_06850,다사59756275,도봉구,방학동,1574.4,False,5.9235,0.5618,3.4786,0.2001,0.1002,0.1545,0.021
GRID_06851,다사59756300,도봉구,방학동,2314.3,False,5.2263,0.7028,3.1636,0.1766,0.1253,0.1532,0.0198
GRID_06852,다사59756325,도봉구,방학동,524.0,False,5.0614,0.673,3.0603,0.171,0.12,0.1477,0.0236
GRID_06853,다사59756350,도봉구,도봉동,70.1,False,6.7918,0.4807,3.9139,0.2294,0.0857,0.1639,0.0384
GRID_06854,다사59756375,도봉구,도봉동,1331.9,False,9.8876,0.3033,5.5172,0.334,0.0541,0.2064,0.0287
GRID_06855,다사59756400,도봉구,도봉동,2076.7,False,12.7471,0.3448,7.0916,0.4306,0.0615,0.2623,0.0343
GRID_06856,다사59756425,도봉구,도봉동,712.4,False,13.0298,0.4841,7.3089,0.4402,0.0863,0.2788,0.0424
GRID_06857,다사59756450,도봉구,도봉동,1702.5,False,10.4637,0.5068,5.9233,0.3535,0.0904,0.2335,0.0314
GRID_06858,다사59756475,도봉구,도봉동,1022.9,False,4.2722,0.4814,2.5436,0.1443,0.0859,0.1177,0.017
GRID_06859,다사59756500,도봉구,도봉동,2277.4,False,2.3336,0.8639,1.6634,0.0788,0.1541,0.1131,0.0146
GRID_06860,다사59756525,도봉구,도봉동,91.8,False,7.5796,1.0804,4.616,0.256,0.1927,0.2272,0.0501
GRID_06861,다사59756550,도봉구,도봉동,198.2,False,11.8159,1.2458,6.9959,0.3992,0.2222,0.3185,0.0602
GRID_06862,다사59756575,도봉구,도봉동,62.0,False,6.1192,1.1037,3.8322,0.2067,0.1968,0.2022,0.0488
GRID_06863,다사59756600,도봉구,도봉동,0.0,True,0.0,0.6936,0.3163,0.0,0.0,0.0,0.0
GRID_06864,다사60003675,서초구,원지동,0.0,True,0.0,0.0,0.0,0.0,0.0,0.0,0.0
GRID_06865,다사60003700,서초구,원지동,0.0,True,0.0,0.0,0.0,0.0,0.0,0.0,0.0
GRID_06866,다사60003725,서초구,원지동,82.0,False,0.0,0.0,0.0,0.0,0.0,0.0,0.0
GRID_06867,다사60003750,서초구,원지동,19.2,False,0.0,0.0,0.0,0.0,0.0,0.0,0.0
GRID_06868,다사60003775,서초구,원지동,9.1,False,0.0,0.0,0.0,0.0,0.0,0.0,0.0
GRID_06869,다사60003800,서초구,원지동,81.6,False,0.0,0.0,0.0,0.0,0.0,0.0,0.0
GRID_06870,다사60003825,서초구,원지동,0.0,True,0.0,0.2925,0.1334,0.0,0.0,0.0,0.0
GRID_06871,다사60003850,서초구,원지동,0.0,True,0.0,0.5577,0.2543,0.0,0.0,0.0,0.0
GRID_06872,다사60003875,서초구,원지동,0.0,True,0.0,0.571,0.2604,0.0,0.0,0.0,0.0
GRID_06873,다사60003900,서초구,원지동,9.7,False,0.1265,0.3286,0.2187,0.0043,0.0586,0.029,0.0123
GRID_06874,다사60003925,서초구,원지동,69.6,False,1.3561,0.0,0.7377,0.0458,0.0,0.0249,0.0059
GRID_06875,다사60003950,서초구,원지동,9.9,False,2.1615,0.0,1.1759,0.073,0.0,0.0397,0.0166
GRID_06876,다사60003975,서초구,신원동,16.1,False,1.6387,0.0,0.8914,0.0554,0.0,0.0301,0.0106
GRID_06877,다사60004000,서초구,염곡동,42.0,False,3.0951,0.0,1.6837,0.1046,0.0,0.0569,0.0151
GRID_06878,다사60004025,서초구,염곡동,13.6,False,3.6477,0.0,1.9843,0.1232,0.0,0.067,0.025
GRID_06879,다사60004050,서초구,염곡동,20.0,False,1.5535,0.0,0.8451,0.0525,0.0,0.0285,0.0094
GRID_06880,다사60004075,서초구,염곡동,0.0,True,0.5133,0.0,0.2792,0.0,0.0,0.0,0.0
GRID_06881,다사60004100,서초구,염곡동,26.0,False,1.8061,0.0,0.9825,0.061,0.0,0.0332,0.0101
GRID_06882,다사60004125,서초구,양재동,1146.9,False,3.7688,0.0,2.0502,0.1273,0.0,0.0693,0.0098
GRID_06883,다사60004150,서초구,양재동,38.8,False,4.4181,0.0,2.4035,0.1493,0.0,0.0812,0.022
GRID_06884,다사60004175,강남구,개포동,2052.6,False,3.3988,0.0,1.849,0.1148,0.0,0.0625,0.0082
GRID_06885,다사60004200,강남구,개포동,85.0,False,6.956,0.0,3.7841,0.235,0.0,0.1278,0.0287
GRID_06886,다사60004225,강남구,개포동,1400.2,False,5.4897,0.0,2.9864,0.1854,0.0,0.1009,0.0139
GRID_06887,다사60004250,강남구,개포동,19.9,False,0.9306,0.3102,0.6477,0.0314,0.0553,0.0423,0.0139
GRID_06888,다사60004275,강남구,도곡동,371.8,False,2.3009,0.5776,1.5151,0.0777,0.103,0.0893,0.0151
GRID_06889,다사60004300,강남구,도곡동,2348.8,False,3.8895,0.788,2.4752,0.1314,0.1405,0.1356,0.0175
GRID_06890,다사60004325,강남구,도곡동,1226.0,False,3.717,1.0062,2.4808,0.1256,0.1795,0.1501,0.0211
GRID_06891,다사60004350,강남구,도곡동,158.3,False,1.6265,1.1105,1.3912,0.0549,0.1981,0.1202,0.0237
GRID_06892,다사60004375,강남구,도곡동,145.0,False,3.3371,1.0104,2.2761,0.1127,0.1802,0.1435,0.0288
GRID_06893,다사60004400,강남구,역삼동,3428.2,False,4.6244,0.7968,2.879,0.1562,0.1421,0.1498,0.0184
GRID_06894,다사60004425,강남구,역삼동,3588.7,False,4.4113,0.9085,2.814,0.149,0.162,0.155,0.0189
GRID_06895,다사60004450,강남구,역삼동,1833.4,False,6.5749,1.9869,4.4828,0.2221,0.3544,0.2824,0.0376
GRID_06896,다사60004475,강남구,역삼동,920.3,False,4.7913,2.5868,3.7861,0.1619,0.4613,0.2984,0.0437
GRID_06897,다사60004500,강남구,역삼동,313.1,False,5.3305,2.9062,4.225,0.1801,0.5183,0.3343,0.0581
GRID_06898,다사60004525,강남구,삼성동,2454.7,False,4.4338,2.9599,3.7617,0.1498,0.5279,0.3222,0.0413
GRID_06899,다사60004550,강남구,삼성동,0.0,True,1.9537,2.4364,2.1738,0.0,0.0,0.0,0.0
GRID_06900,다사60004575,강남구,삼성동,1833.7,False,3.4059,1.2776,2.4354,0.1151,0.2279,0.1665,0.0222
GRID_06901,다사60004600,강남구,삼성동,1002.5,False,2.026,0.934,1.5281,0.0684,0.1666,0.1132,0.0164
GRID_06902,다사60004625,강남구,삼성동,3139.0,False,1.9225,1.2336,1.6084,0.0649,0.22,0.1357,0.0168
GRID_06903,다사60004650,강남구,삼성동,1485.1,False,3.3548,1.2633,2.4011,0.1133,0.2253,0.1644,0.0225
GRID_06904,다사60004675,강남구,청담동,1900.1,False,3.4668,0.9716,2.329,0.1171,0.1733,0.1427,0.0189
GRID_06905,다사60004700,강남구,청담동,16.5,False,3.1484,0.5713,1.9732,0.1064,0.1019,0.1043,0.0364
GRID_06906,다사60004725,강남구,청담동,937.1,False,2.9636,0.2011,1.7039,0.1001,0.0359,0.0708,0.0103
GRID_06907,다사60004750,강남구,청담동,986.7,False,1.5424,0.1414,0.9035,0.0521,0.0252,0.0398,0.0058
GRID_06908,다사60004775,강남구,청담동,208.6,False,0.0,0.0872,0.0398,0.0,0.0156,0.0071,0.0013
GRID_06909,다사60004800,강남구,청담동,0.0,True,0.0,0.0,0.0,0.0,0.0,0.0,0.0
GRID_06910,다사60004825,성동구,성수동1가,0.0,True,0.0,0.0,0.0,0.0,0.0,0.0,0.0
GRID_06911,다사60004850,성동구,성수동1가,12.4,False,0.7278,0.0,0.3959,0.0246,0.0,0.0134,0.0052
GRID_06912,다사60004875,성동구,성수동1가,2259.8,False,4.8535,0.1274,2.6984,0.164,0.0227,0.0996,0.0129
GRID_06913,다사60004900,성동구,성수동1가,7.5,False,7.5063,0.4806,4.3026,0.2536,0.0857,0.177,0.0827
GRID_06914,다사60004925,성동구,성수동1가,51.8,False,5.6349,1.3091,3.6623,0.1904,0.2335,0.21,0.0529
GRID_06915,다사60004950,성동구,성수동1가,942.6,False,6.0323,1.6699,4.0431,0.2038,0.2978,0.2467,0.036
GRID_06916,다사60004975,성동구,성수동1가,2711.2,False,5.9134,1.4682,3.8864,0.1998,0.2619,0.2281,0.0289
GRID_06917,다사60005000,성동구,성수동1가,2039.8,False,3.6655,0.9628,2.4331,0.1238,0.1717,0.1457,0.0191
GRID_06918,다사60005025,성동구,성수동1가,17.8,False,2.9828,0.8511,2.0108,0.1008,0.1518,0.124,0.0423
GRID_06919,다사60005050,성동구,사근동,27.8,False,3.2784,0.5616,2.0395,0.1107,0.1002,0.1059,0.0315
GRID_06920,다사60005075,성동구,사근동,1220.3,False,6.1264,0.5879,3.6009,0.207,0.1049,0.1604,0.0226
GRID_06921,다사60005100,성동구,사근동,60.5,False,6.9102,0.5203,3.9964,0.2334,0.0928,0.1693,0.0411
GRID_06922,다사60005125,성동구,사근동,1554.4,False,5.761,0.4205,3.3258,0.1946,0.075,0.1401,0.0191
GRID_06923,다사60005150,성동구,사근동,418.0,False,2.2099,0.865,1.5966,0.0747,0.1543,0.111,0.0184
GRID_06924,다사60005175,성동구,용답동,73.5,False,0.07,1.171,0.572,0.0024,0.2088,0.0965,0.0224
GRID_06925,다사60005200,성동구,용답동,32.8,False,5.3985,1.1257,3.4501,0.1824,0.2008,0.1908,0.0542
GRID_06926,다사60005225,성동구,용답동,1215.0,False,9.0686,0.7913,5.2942,0.3063,0.1411,0.231,0.0325
GRID_06927,다사60005250,동대문구,답십리동,2776.0,False,7.672,0.2903,4.306,0.2592,0.0518,0.1646,0.0208
GRID_06928,다사60005275,동대문구,전농동,1364.7,False,5.2706,0.5074,3.0986,0.178,0.0905,0.1381,0.0191
GRID_06929,다사60005300,동대문구,전농동,1385.4,False,4.3898,1.4135,3.0326,0.1483,0.2521,0.1956,0.027
GRID_06930,다사60005325,동대문구,전농동,770.5,False,7.8141,2.0105,5.1676,0.264,0.3586,0.3071,0.0462
GRID_06931,다사60005350,동대문구,전농동,2686.2,False,13.2047,2.1003,8.1411,0.4461,0.3746,0.4135,0.0524
GRID_06932,다사60005375,동대문구,청량리동,2442.2,False,5.6441,1.645,3.8205,0.1907,0.2934,0.2375,0.0304
GRID_06933,다사60005400,동대문구,청량리동,1464.2,False,4.8654,0.7685,2.9972,0.1644,0.1371,0.1519,0.0208
GRID_06934,다사60005425,동대문구,청량리동,2242.7,False,2.8602,0.0158,1.5632,0.0966,0.0028,0.0538,0.007
GRID_06935,다사60005450,동대문구,회기동,491.2,False,2.0208,0.0,1.0993,0.0683,0.0,0.0371,0.006
GRID_06936,다사60005475,동대문구,회기동,46.1,False,2.3705,0.0,1.2895,0.0801,0.0,0.0436,0.0113
GRID_06937,다사60005500,동대문구,회기동,64.8,False,0.3289,0.0,0.1789,0.0111,0.0,0.006,0.0014
GRID_06938,다사60005525,동대문구,회기동,61.9,False,0.0,0.0,0.0,0.0,0.0,0.0,0.0
GRID_06939,다사60005550,성북구,하월곡동,4.1,False,0.0,0.2076,0.0947,0.0,0.037,0.0169,0.0104
GRID_06940,다사60005575,성북구,상월곡동,0.0,True,0.0,0.5462,0.2491,0.0,0.0,0.0,0.0
GRID_06941,다사60005600,성북구,하월곡동,15.6,False,2.5289,0.6814,1.6865,0.0854,0.1215,0.1019,0.0363
GRID_06942,다사60005625,성북구,상월곡동,33.9,False,7.3002,0.5798,4.2357,0.2466,0.1034,0.1813,0.051
GRID_06943,다사60005650,성북구,장위동,17.4,False,7.8299,0.485,4.4806,0.2645,0.0865,0.1833,0.063
GRID_06944,다사60005675,성북구,장위동,452.9,False,6.9262,0.3987,3.9497,0.234,0.0711,0.1597,0.0261
GRID_06945,다사60005700,성북구,장위동,1877.4,False,8.03,0.1364,4.4305,0.2713,0.0243,0.1587,0.021
GRID_06946,다사60005725,성북구,장위동,922.5,False,8.9058,0.0,4.8447,0.3008,0.0,0.1637,0.024
GRID_06947,다사60005750,성북구,장위동,968.2,False,10.0477,0.0,5.466,0.3394,0.0,0.1846,0.0269
GRID_06948,다사60005775,성북구,장위동,2486.3,False,9.9069,0.0,5.3894,0.3347,0.0,0.1821,0.0233
GRID_06949,다사60005800,성북구,장위동,936.8,False,7.3981,0.0,4.0246,0.2499,0.0,0.136,0.0199
GRID_06950,다사60005825,강북구,번동,735.5,False,8.5707,0.0,4.6624,0.2895,0.0,0.1575,0.0239
GRID_06951,다사60005850,강북구,번동,833.9,False,8.2137,0.0,4.4683,0.2775,0.0,0.1509,0.0224
GRID_06952,다사60005875,노원구,월계동,153.7,False,5.8112,0.0,3.1613,0.1963,0.0,0.1068,0.0212
GRID_06953,다사60005900,노원구,월계동,321.6,False,3.8324,0.0,2.0848,0.1295,0.0,0.0704,0.0122
GRID_06954,다사60005925,노원구,월계동,77.3,False,1.5625,0.0,0.85,0.0528,0.0,0.0287,0.0066
GRID_06955,다사60005950,노원구,월계동,0.0,True,0.1589,0.0,0.0865,0.0,0.0,0.0,0.0
GRID_06956,다사60005975,노원구,월계동,0.0,True,0.0,0.0,0.0,0.0,0.0,0.0,0.0
GRID_06957,다사60006000,노원구,월계동,0.0,True,0.0,0.1298,0.0592,0.0,0.0,0.0,0.0
GRID_06958,다사60006025,도봉구,창동,0.0,True,0.126,0.2693,0.1914,0.0,0.0,0.0,0.0
GRID_06959,다사60006050,도봉구,창동,78.5,False,1.4345,0.3363,0.9338,0.0485,0.06,0.0537,0.0123
GRID_06960,다사60006075,도봉구,창동,39.0,False,2.3289,0.4331,1.4644,0.0787,0.0772,0.078,0.0212
GRID_06961,다사60006100,도봉구,창동,8672.0,False,2.0532,0.7515,1.4596,0.0694,0.134,0.0988,0.0109
GRID_06962,다사60006125,도봉구,창동,1582.6,False,4.2765,0.8902,2.7324,0.1445,0.1588,0.151,0.0205
GRID_06963,다사60006150,도봉구,창동,73.8,False,8.7066,0.9483,5.1688,0.2941,0.1691,0.2371,0.055
GRID_06964,다사60006175,도봉구,창동,850.8,False,5.0146,0.8166,3.1003,0.1694,0.1456,0.1586,0.0235
GRID_06965,다사60006200,도봉구,창동,5013.7,False,1.8192,0.4907,1.2134,0.0615,0.0875,0.0733,0.0086
GRID_06966,다사60006225,도봉구,창동,2922.1,False,4.966,0.0545,2.7263,0.1678,0.0097,0.0957,0.012
GRID_06967,다사60006250,도봉구,방학동,416.9,False,6.8695,0.1878,3.8227,0.2321,0.0335,0.1415,0.0234
GRID_06968,다사60006275,도봉구,방학동,803.3,False,4.3389,0.4413,2.5616,0.1466,0.0787,0.1156,0.0173
GRID_06969,다사60006300,도봉구,방학동,5845.0,False,2.3024,0.5721,1.5134,0.0778,0.102,0.0888,0.0102
GRID_06970,다사60006325,도봉구,방학동,2486.3,False,1.9613,0.5445,1.3152,0.0663,0.0971,0.0803,0.0103
GRID_06971,다사60006350,도봉구,도봉동,1980.9,False,2.5599,0.366,1.5595,0.0865,0.0653,0.0768,0.0101
GRID_06972,다사60006375,도봉구,도봉동,1965.3,False,5.6826,0.1861,3.1762,0.192,0.0332,0.1196,0.0158
GRID_06973,다사60006400,도봉구,도봉동,282.4,False,8.1173,0.4866,4.6377,0.2742,0.0868,0.1888,0.0334
GRID_06974,다사60006425,도봉구,도봉동,702.0,False,10.2515,0.6848,5.8891,0.3463,0.1221,0.2441,0.0372
GRID_06975,다사60006450,도봉구,도봉동,1626.8,False,7.9504,0.6152,4.6056,0.2686,0.1097,0.1961,0.0265
GRID_06976,다사60006475,도봉구,도봉동,2913.4,False,5.049,0.4475,2.9507,0.1706,0.0798,0.1292,0.0162
GRID_06977,다사60006500,도봉구,도봉동,60.7,False,2.0824,0.8345,1.5134,0.0703,0.1488,0.1061,0.0257
GRID_06978,다사60006525,도봉구,도봉동,6694.9,False,4.5816,1.077,2.9835,0.1548,0.1921,0.1718,0.0195
GRID_06979,다사60006550,도봉구,도봉동,88.0,False,6.7973,1.242,4.2641,0.2296,0.2215,0.2259,0.0503
GRID_06980,다사60006575,도봉구,도봉동,353.3,False,2.7699,1.0999,2.0084,0.0936,0.1962,0.1404,0.0239
GRID_06981,다사60006600,도봉구,도봉동,42.9,False,0.0,0.6902,0.3147,0.0,0.1231,0.0561,0.0148
GRID_06982,다사60253650,서초구,원지동,0.0,True,0.0,0.0,0.0,0.0,0.0,0.0,0.0
GRID_06983,다사60253675,서초구,원지동,0.0,True,0.0,0.0,0.0,0.0,0.0,0.0,0.0
GRID_06984,다사60253700,서초구,원지동,0.0,True,0.0,0.0,0.0,0.0,0.0,0.0,0.0
GRID_06985,다사60253725,서초구,원지동,0.0,True,0.0,0.0,0.0,0.0,0.0,0.0,0.0
GRID_06986,다사60253750,서초구,원지동,0.0,True,0.0,0.0,0.0,0.0,0.0,0.0,0.0
GRID_06987,다사60253775,서초구,원지동,0.0,True,0.0,0.0,0.0,0.0,0.0,0.0,0.0
GRID_06988,다사60253800,서초구,원지동,6.0,False,0.0,0.2308,0.1052,0.0,0.0412,0.0188,0.0096
GRID_06989,다사60253825,서초구,원지동,0.0,True,0.0,0.7615,0.3473,0.0,0.0,0.0,0.0
GRID_06990,다사60253850,서초구,원지동,0.0,True,0.3947,1.0774,0.706,0.0,0.0,0.0,0.0
GRID_06991,다사60253875,서초구,원지동,17.4,False,2.9286,1.0932,2.0917,0.0989,0.195,0.1427,0.049
GRID_06992,다사60253900,서초구,원지동,78.3,False,2.4209,0.8046,1.6838,0.0818,0.1435,0.1099,0.0251
GRID_06993,다사60253925,서초구,신원동,36.5,False,2.1274,0.2898,1.2895,0.0719,0.0517,0.0627,0.0173
GRID_06994,다사60253950,서초구,신원동,14.6,False,1.8308,0.0,0.996,0.0618,0.0,0.0336,0.0122
GRID_06995,다사60253975,서초구,신원동,4.2,False,0.6649,0.0,0.3617,0.0225,0.0,0.0122,0.0074
GRID_06996,다사60254000,서초구,염곡동,30.1,False,1.3656,0.0,0.7429,0.0461,0.0,0.0251,0.0073
GRID_06997,다사60254025,서초구,염곡동,10.8,False,2.3889,0.0,1.2996,0.0807,0.0,0.0439,0.0178
GRID_06998,다사60254050,서초구,염곡동,7.6,False,0.745,0.0,0.4053,0.0252,0.0,0.0137,0.0064
GRID_06999,다사60254075,서초구,염곡동,0.0,True,0.0,0.0,0.0,0.0,0.0,0.0,0.0
GRID_07000,다사60254100,강남구,개포동,0.0,True,0.3702,0.0,0.2014,0.0,0.0,0.0,0.0
GRID_07001,다사60254125,강남구,개포동,231.6,False,2.7891,0.0,1.5173,0.0942,0.0,0.0513,0.0094
GRID_07002,다사60254150,강남구,개포동,4625.4,False,3.2618,0.0,1.7744,0.1102,0.0,0.0599,0.0071
GRID_07003,다사60254175,강남구,개포동,48.0,False,2.3929,0.0,1.3017,0.0808,0.0,0.044,0.0113
GRID_07004,다사60254200,강남구,개포동,1798.1,False,3.5102,0.0,1.9095,0.1186,0.0,0.0645,0.0086
GRID_07005,다사60254225,강남구,개포동,253.4,False,4.0458,0.0,2.2009,0.1367,0.0,0.0743,0.0134
GRID_07006,다사60254250,강남구,개포동,1153.1,False,3.4784,0.137,1.9547,0.1175,0.0244,0.0751,0.0106
GRID_07007,다사60254275,강남구,개포동,1285.9,False,1.538,0.4168,1.0267,0.052,0.0743,0.0622,0.0087
GRID_07008,다사60254300,강남구,도곡동,1863.6,False,2.6541,0.9556,1.8796,0.0897,0.1704,0.1265,0.0168
GRID_07009,다사60254325,강남구,도곡동,8375.8,False,4.8307,1.218,3.1833,0.1632,0.2172,0.1878,0.0208
GRID_07010,다사60254350,강남구,도곡동,731.5,False,3.0607,1.4735,2.3369,0.1034,0.2628,0.1761,0.0267
GRID_07011,다사60254375,강남구,도곡동,2667.7,False,2.0972,1.4571,1.8053,0.0708,0.2599,0.157,0.0199
GRID_07012,다사60254400,강남구,도곡동,2053.5,False,5.3695,1.3155,3.5209,0.1814,0.2346,0.2057,0.027
GRID_07013,다사60254425,강남구,역삼동,529.9,False,6.1285,0.9046,3.7464,0.207,0.1613,0.1862,0.0297
GRID_07014,다사60254450,강남구,대치동,4200.9,False,6.6913,1.8039,4.4627,0.226,0.3217,0.2697,0.0323
GRID_07015,다사60254475,강남구,대치동,3348.2,False,5.6632,2.315,4.1364,0.1913,0.4129,0.2923,0.036
GRID_07016,다사60254500,강남구,대치동,2228.4,False,4.071,2.442,3.3282,0.1375,0.4355,0.2734,0.0355
GRID_07017,다사60254525,강남구,삼성동,966.9,False,3.737,2.2218,3.0461,0.1262,0.3963,0.2494,0.0363
GRID_07018,다사60254550,강남구,삼성동,181.2,False,0.794,1.6867,1.2011,0.0268,0.3008,0.1518,0.0292
GRID_07019,다사60254575,강남구,삼성동,2165.9,False,2.3995,0.7079,1.6281,0.0811,0.1263,0.1017,0.0132
GRID_07020,다사60254600,강남구,삼성동,1388.1,False,3.1673,0.8278,2.1005,0.107,0.1476,0.1255,0.0173
GRID_07021,다사60254625,강남구,삼성동,1217.1,False,3.1379,1.1347,2.2244,0.106,0.2024,0.1499,0.0211
GRID_07022,다사60254650,강남구,삼성동,861.2,False,3.522,1.2492,2.4856,0.119,0.2228,0.1663,0.0246
GRID_07023,다사60254675,강남구,청담동,574.5,False,2.3284,1.1025,1.7694,0.0787,0.1966,0.1325,0.0208
GRID_07024,다사60254700,강남구,청담동,1176.8,False,2.5923,0.8492,1.7974,0.0876,0.1514,0.1167,0.0165
GRID_07025,다사60254725,강남구,청담동,1649.8,False,2.4007,0.3903,1.484,0.0811,0.0696,0.0759,0.0102
GRID_07026,다사60254750,강남구,청담동,633.4,False,1.0369,0.0,0.5641,0.035,0.0,0.0191,0.003
GRID_07027,다사60254775,강남구,청담동,63.1,False,0.0,0.0,0.0,0.0,0.0,0.0,0.0
GRID_07028,다사60254800,성동구,성수동2가,0.0,True,0.0,0.0,0.0,0.0,0.0,0.0,0.0
GRID_07029,다사60254825,성동구,성수동2가,13.2,False,0.0,0.0,0.0,0.0,0.0,0.0,0.0
GRID_07030,다사60254850,성동구,성수동2가,2293.4,False,1.742,0.0,0.9477,0.0588,0.0,0.032,0.0041
GRID_07031,다사60254875,성동구,성수동1가,457.3,False,6.4775,0.0071,3.527,0.2188,0.0013,0.1196,0.0195
GRID_07032,다사60254900,성동구,성수동2가,223.8,False,8.3233,0.645,4.822,0.2812,0.115,0.2054,0.0379
GRID_07033,다사60254925,성동구,성수동1가,1297.3,False,4.667,1.4503,3.2002,0.1577,0.2587,0.2037,0.0284
GRID_07034,다사60254950,성동구,성수동2가,590.3,False,5.641,1.8006,3.8898,0.1906,0.3211,0.2501,0.0392
GRID_07035,다사60254975,성동구,성수동2가,451.6,False,3.9021,1.5736,2.8403,0.1318,0.2806,0.1997,0.0327
GRID_07036,다사60255000,성동구,성수동1가,362.0,False,1.8878,0.928,1.4502,0.0638,0.1655,0.1102,0.0187
GRID_07037,다사60255025,성동구,송정동,1555.3,False,1.5739,0.3569,1.019,0.0532,0.0637,0.058,0.0079
GRID_07038,다사60255050,성동구,용답동,39.8,False,1.899,0.166,1.1088,0.0642,0.0296,0.0484,0.0131
GRID_07039,다사60255075,성동구,사근동,176.2,False,4.2641,0.2551,2.436,0.144,0.0455,0.0991,0.0191
GRID_07040,다사60255100,성동구,사근동,782.8,False,3.7683,0.2223,2.1513,0.1273,0.0396,0.0873,0.0131
GRID_07041,다사60255125,성동구,용답동,216.0,False,2.6562,0.4908,1.6688,0.0897,0.0875,0.0887,0.0165
GRID_07042,다사60255150,성동구,용답동,1920.8,False,1.1246,0.8839,1.0149,0.038,0.1576,0.0926,0.0122
GRID_07043,다사60255175,성동구,용답동,1218.0,False,5.1272,1.1579,3.3172,0.1732,0.2065,0.1884,0.0265
GRID_07044,다사60255200,성동구,용답동,202.9,False,6.3606,1.1099,3.9663,0.2149,0.1979,0.2072,0.039
GRID_07045,다사60255225,동대문구,답십리동,2640.4,False,5.9716,0.8069,3.6165,0.2017,0.1439,0.1754,0.0223
GRID_07046,다사60255250,동대문구,답십리동,1210.2,False,3.9545,0.4225,2.3439,0.1336,0.0753,0.107,0.0151
GRID_07047,다사60255275,동대문구,전농동,33.5,False,4.4715,0.152,2.5018,0.1511,0.0271,0.0945,0.0267
GRID_07048,다사60255300,동대문구,전농동,2622.7,False,2.8163,0.8558,1.9223,0.0951,0.1526,0.1214,0.0154
GRID_07049,다사60255325,동대문구,전농동,2080.6,False,3.9992,1.4061,2.8167,0.1351,0.2508,0.1878,0.0246
GRID_07050,다사60255350,동대문구,전농동,1886.9,False,7.9746,1.492,5.0185,0.2694,0.2661,0.2679,0.0355
GRID_07051,다사60255375,동대문구,전농동,1053.8,False,9.1525,1.0897,5.4759,0.3092,0.1943,0.2568,0.0369
GRID_07052,다사60255400,동대문구,청량리동,1259.7,False,7.7365,0.7071,4.5311,0.2613,0.1261,0.1997,0.028
GRID_07053,다사60255425,동대문구,청량리동,689.6,False,4.4407,0.5508,2.6669,0.15,0.0982,0.1264,0.0193
GRID_07054,다사60255450,동대문구,회기동,2558.6,False,3.501,0.597,2.1768,0.1183,0.1065,0.1129,0.0144
GRID_07055,다사60255475,동대문구,회기동,3073.8,False,3.5502,0.3833,2.1061,0.1199,0.0684,0.0964,0.012
GRID_07056,다사60255500,동대문구,회기동,241.0,False,1.03,0.0,0.5603,0.0348,0.0,0.0189,0.0034
GRID_07057,다사60255525,동대문구,회기동,266.3,False,0.1752,0.0,0.0953,0.0059,0.0,0.0032,0.0006
GRID_07058,다사60255550,동대문구,회기동,44.4,False,0.0,0.0,0.0,0.0,0.0,0.0,0.0
GRID_07059,다사60255575,성북구,상월곡동,0.0,True,0.0,0.1879,0.0857,0.0,0.0,0.0,0.0
GRID_07060,다사60255600,성북구,상월곡동,65.3,False,0.1253,0.3565,0.2307,0.0042,0.0636,0.0313,0.0075
GRID_07061,다사60255625,성북구,상월곡동,668.3,False,2.6955,0.5678,1.7253,0.0911,0.1013,0.0957,0.0147
GRID_07062,다사60255650,성북구,상월곡동,2582.6,False,3.4973,0.7202,2.2309,0.1181,0.1284,0.1228,0.0156
GRID_07063,다사60255675,성북구,장위동,1199.0,False,3.535,0.6545,2.2215,0.1194,0.1167,0.1182,0.0167
GRID_07064,다사60255700,성북구,장위동,2257.8,False,6.4623,0.3871,3.692,0.2183,0.069,0.1502,0.0195
GRID_07065,다사60255725,성북구,장위동,24.2,False,10.0439,0.1468,5.5308,0.3393,0.0262,0.1965,0.0609
GRID_07066,다사60255750,성북구,장위동,1146.8,False,10.1486,0.0,5.5208,0.3428,0.0,0.1865,0.0265
GRID_07067,다사60255775,성북구,장위동,1863.8,False,7.6818,0.0,4.1789,0.2595,0.0,0.1412,0.0187
GRID_07068,다사60255800,성북구,장위동,28.9,False,6.6492,0.0,3.6171,0.2246,0.0,0.1222,0.036
GRID_07069,다사60255825,노원구,월계동,143.1,False,7.9463,0.0,4.3228,0.2684,0.0,0.146,0.0294
GRID_07070,다사60255850,노원구,월계동,1636.6,False,7.8737,0.0,4.2833,0.266,0.0,0.1447,0.0196
GRID_07071,다사60255875,노원구,월계동,1483.4,False,6.3669,0.0,3.4636,0.2151,0.0,0.117,0.016
GRID_07072,다사60255900,노원구,월계동,1511.3,False,5.5959,0.0454,3.0649,0.189,0.0081,0.1065,0.0146
GRID_07073,다사60255925,노원구,월계동,1814.8,False,6.0109,0.0914,3.3116,0.2031,0.0163,0.1179,0.0157
GRID_07074,다사60255950,노원구,월계동,2088.3,False,3.0206,0.0589,1.67,0.102,0.0105,0.0603,0.0079
GRID_07075,다사60255975,노원구,월계동,140.1,False,0.9422,0.0,0.5126,0.0318,0.0,0.0173,0.0035
GRID_07076,다사60256000,노원구,월계동,45.8,False,0.0,0.1794,0.0818,0.0,0.032,0.0146,0.0038
GRID_07077,다사60256025,노원구,월계동,9.6,False,0.898,0.328,0.6381,0.0303,0.0585,0.0432,0.0183
GRID_07078,다사60256050,노원구,월계동,904.8,False,3.7901,0.3994,2.244,0.128,0.0712,0.1021,0.015
GRID_07079,다사60256075,도봉구,창동,24.7,False,4.1983,0.3837,2.4589,0.1418,0.0684,0.1084,0.0334
GRID_07080,다사60256100,도봉구,창동,660.5,False,2.1957,0.6653,1.4978,0.0742,0.1187,0.0945,0.0145
GRID_07081,다사60256125,도봉구,창동,2092.5,False,7.7616,0.7721,4.5744,0.2622,0.1377,0.2054,0.0269
GRID_07082,다사60256150,도봉구,창동,4224.9,False,14.2619,0.7797,8.114,0.4818,0.1391,0.3255,0.039
GRID_07083,다사60256175,도봉구,창동,1677.8,False,9.01,0.6572,5.2011,0.3044,0.1172,0.219,0.0295
GRID_07084,다사60256200,도봉구,창동,415.1,False,1.8976,0.354,1.1937,0.0641,0.0631,0.0637,0.0106
GRID_07085,다사60256225,도봉구,창동,1403.7,False,3.2238,0.0,1.7537,0.1089,0.0,0.0592,0.0082
GRID_07086,다사60256250,도봉구,방학동,109.8,False,3.107,0.1819,1.7732,0.105,0.0324,0.0719,0.0153
GRID_07087,다사60256275,도봉구,방학동,9.7,False,0.9763,0.4726,0.7466,0.033,0.0843,0.0564,0.0238
GRID_07088,다사60256300,노원구,상계동,2684.1,False,0.8524,0.5351,0.7077,0.0288,0.0954,0.0592,0.0075
GRID_07089,다사60256325,노원구,상계동,308.8,False,1.5118,0.335,0.9752,0.0511,0.0598,0.055,0.0096
GRID_07090,다사60256350,노원구,상계동,5805.5,False,1.8458,0.1325,1.0645,0.0624,0.0236,0.0447,0.0052
GRID_07091,다사60256375,노원구,상계동,224.3,False,1.759,0.2898,1.0891,0.0594,0.0517,0.0559,0.0103
GRID_07092,다사60256400,노원구,상계동,12.6,False,3.1961,0.7202,2.0671,0.108,0.1284,0.1173,0.0449
GRID_07093,다사60256425,노원구,상계동,1869.1,False,5.3959,0.917,3.3535,0.1823,0.1636,0.1737,0.0231
GRID_07094,다사60256450,도봉구,도봉동,251.1,False,4.6147,0.8235,2.8859,0.1559,0.1469,0.1518,0.0274
GRID_07095,다사60256475,도봉구,도봉동,1619.4,False,1.959,0.4653,1.2779,0.0662,0.083,0.0738,0.01
GRID_07096,다사60256500,도봉구,도봉동,3928.3,False,2.1135,0.4724,1.3652,0.0714,0.0843,0.0773,0.0093
GRID_07097,다사60256525,도봉구,도봉동,132.4,False,1.9668,0.7894,1.4299,0.0664,0.1408,0.1003,0.0205
GRID_07098,다사60256550,도봉구,도봉동,50.8,False,1.1192,0.9388,1.037,0.0378,0.1674,0.0969,0.0246
GRID_07099,다사60256575,도봉구,도봉동,20.3,False,0.0,0.81,0.3693,0.0,0.1445,0.0659,0.0215
GRID_07100,다사60503650,서초구,원지동,0.0,True,0.0,0.0,0.0,0.0,0.0,0.0,0.0
GRID_07101,다사60503675,서초구,원지동,0.0,True,0.0,0.0,0.0,0.0,0.0,0.0,0.0
GRID_07102,다사60503700,서초구,원지동,0.0,True,0.0,0.0,0.0,0.0,0.0,0.0,0.0
GRID_07103,다사60503725,서초구,원지동,0.0,True,0.0,0.0,0.0,0.0,0.0,0.0,0.0
GRID_07104,다사60503750,서초구,원지동,0.0,True,0.0,0.0,0.0,0.0,0.0,0.0,0.0
GRID_07105,다사60503775,서초구,원지동,0.0,True,0.0,0.0,0.0,0.0,0.0,0.0,0.0
GRID_07106,다사60503800,서초구,원지동,8.7,False,0.0,0.4227,0.1928,0.0,0.0754,0.0344,0.0151
GRID_07107,다사60503825,서초구,원지동,41.4,False,0.7781,0.996,0.8775,0.0263,0.1776,0.0953,0.0254
GRID_07108,다사60503850,서초구,원지동,167.3,False,2.5068,1.3372,1.9734,0.0847,0.2385,0.1548,0.0302
GRID_07109,다사60503875,서초구,신원동,92.0,False,5.2674,1.3543,3.483,0.1779,0.2415,0.2069,0.0457
GRID_07110,다사60503900,서초구,신원동,1504.3,False,4.6813,1.0425,3.022,0.1581,0.1859,0.1708,0.0233
GRID_07111,다사60503925,서초구,신원동,53.1,False,1.8628,0.4865,1.2352,0.0629,0.0868,0.0738,0.0185
GRID_07112,다사60503950,서초구,신원동,22.4,False,0.8932,0.0,0.4859,0.0302,0.0,0.0164,0.0052
GRID_07113,다사60503975,서초구,염곡동,24.4,False,0.9006,0.0,0.4899,0.0304,0.0,0.0166,0.0051
GRID_07114,다사60504000,서초구,염곡동,75.7,False,0.8263,0.0,0.4495,0.0279,0.0,0.0152,0.0035
GRID_07115,다사60504025,서초구,염곡동,621.2,False,0.3295,0.0,0.1792,0.0111,0.0,0.0061,0.0009
GRID_07116,다사60504050,서초구,염곡동,104.2,False,0.0,0.0,0.0,0.0,0.0,0.0,0.0
GRID_07117,다사60504075,서초구,염곡동,0.0,True,0.0,0.0,0.0,0.0,0.0,0.0,0.0
GRID_07118,다사60504100,서초구,염곡동,0.0,True,0.0,0.0,0.0,0.0,0.0,0.0,0.0
GRID_07119,다사60504125,강남구,개포동,0.0,True,0.7583,0.0,0.4125,0.0,0.0,0.0,0.0
GRID_07120,다사60504150,강남구,개포동,211.9,False,1.6315,0.0,0.8875,0.0551,0.0,0.03,0.0056
GRID_07121,다사60504175,강남구,개포동,22.9,False,2.2297,0.0,1.2129,0.0753,0.0,0.041,0.0129
GRID_07122,다사60504200,강남구,개포동,6180.3,False,3.1578,0.0,1.7178,0.1067,0.0,0.058,0.0066
GRID_07123,다사60504225,강남구,개포동,934.2,False,4.092,0.0,2.2261,0.1382,0.0,0.0752,0.011
GRID_07124,다사60504250,강남구,개포동,2945.9,False,3.6235,0.0568,1.9971,0.1224,0.0101,0.0712,0.0089
GRID_07125,다사60504275,강남구,개포동,32.2,False,2.2498,0.2733,1.3485,0.076,0.0487,0.0636,0.0182
GRID_07126,다사60504300,강남구,도곡동,393.6,False,1.21,0.8638,1.0522,0.0409,0.1541,0.0925,0.0155
GRID_07127,다사60504325,강남구,도곡동,2494.8,False,3.9305,1.1577,2.6661,0.1328,0.2065,0.1664,0.0213
GRID_07128,다사60504350,강남구,도곡동,118.9,False,5.5407,1.4734,3.686,0.1872,0.2628,0.2216,0.0463
GRID_07129,다사60504375,강남구,대치동,1206.4,False,3.7859,1.6189,2.7977,0.1279,0.2887,0.2012,0.0284
GRID_07130,다사60504400,강남구,대치동,3302.1,False,5.5547,1.4511,3.6835,0.1876,0.2588,0.2201,0.0272
GRID_07131,다사60504425,강남구,대치동,2420.8,False,4.8972,0.9354,3.0906,0.1654,0.1668,0.1661,0.0213
GRID_07132,다사60504450,강남구,대치동,586.9,False,2.8479,0.9571,1.9857,0.0962,0.1707,0.1302,0.0204
GRID_07133,다사60504475,강남구,대치동,84.4,False,1.8369,1.3403,1.6105,0.0621,0.239,0.1428,0.0321
GRID_07134,다사60504500,강남구,대치동,4948.0,False,2.3931,1.4335,1.9556,0.0808,0.2557,0.1606,0.0189
GRID_07135,다사60504525,강남구,삼성동,738.6,False,4.4859,1.25,3.0103,0.1515,0.2229,0.1841,0.0279
GRID_07136,다사60504550,강남구,삼성동,1048.7,False,4.0426,0.9353,2.6257,0.1366,0.1668,0.1504,0.0216
GRID_07137,다사60504575,강남구,삼성동,852.7,False,2.5878,0.684,1.7197,0.0874,0.122,0.1032,0.0153
GRID_07138,다사60504600,강남구,삼성동,580.7,False,2.9534,1.1749,2.1424,0.0998,0.2095,0.1498,0.0235
GRID_07139,다사60504625,강남구,삼성동,282.6,False,1.6606,1.5515,1.6108,0.0561,0.2767,0.1567,0.0277
GRID_07140,다사60504650,강남구,삼성동,21.5,False,2.9338,1.503,2.2813,0.0991,0.268,0.1761,0.0566
GRID_07141,다사60504675,강남구,청담동,42.9,False,4.7632,1.1378,3.11,0.1609,0.2029,0.1801,0.0476
GRID_07142,다사60504700,강남구,청담동,1248.9,False,3.396,0.8814,2.2493,0.1147,0.1572,0.1341,0.0188
GRID_07143,다사60504725,강남구,청담동,1158.1,False,1.6625,0.417,1.0946,0.0562,0.0744,0.0645,0.0091
GRID_07144,다사60504750,강남구,청담동,405.1,False,0.1743,0.0,0.0948,0.0059,0.0,0.0032,0.0005
GRID_07145,다사60504775,성동구,성수동2가,6.1,False,0.0,0.0,0.0,0.0,0.0,0.0,0.0
GRID_07146,다사60504800,성동구,성수동2가,0.0,True,0.0,0.0,0.0,0.0,0.0,0.0,0.0
GRID_07147,다사60504825,성동구,성수동2가,108.3,False,0.6217,0.0,0.3382,0.021,0.0,0.0114,0.0024
GRID_07148,다사60504850,성동구,성수동2가,1907.1,False,4.4462,0.0,2.4188,0.1502,0.0,0.0817,0.0108
GRID_07149,다사60504875,성동구,성수동2가,1549.3,False,9.84,0.2425,5.4636,0.3324,0.0433,0.2006,0.0273
GRID_07150,다사60504900,성동구,성수동2가,755.8,False,8.9308,0.8141,5.2296,0.3017,0.1452,0.2303,0.0347
GRID_07151,다사60504925,성동구,성수동2가,859.6,False,6.1619,1.2383,3.9167,0.2082,0.2209,0.2139,0.0317
GRID_07152,다사60504950,성동구,성수동2가,1374.8,False,5.0102,1.5627,3.4382,0.1693,0.2787,0.2192,0.0303
GRID_07153,다사60504975,성동구,성수동2가,792.0,False,2.6495,1.4082,2.0835,0.0895,0.2512,0.1632,0.0244
GRID_07154,다사60505000,성동구,성수동2가,875.5,False,2.4729,0.817,1.7178,0.0835,0.1457,0.1119,0.0165
GRID_07155,다사60505025,성동구,송정동,95.9,False,1.7013,0.0026,0.9267,0.0575,0.0005,0.0315,0.0069
GRID_07156,다사60505050,성동구,송정동,395.6,False,0.0702,0.0,0.0382,0.0024,0.0,0.0013,0.0002
GRID_07157,다사60505075,성동구,송정동,336.7,False,0.3253,0.0569,0.2029,0.011,0.0102,0.0106,0.0018
GRID_07158,다사60505100,성동구,용답동,250.2,False,0.4092,0.1483,0.2902,0.0138,0.0264,0.0196,0.0035
GRID_07159,다사60505125,성동구,용답동,576.8,False,0.4727,0.4518,0.4632,0.016,0.0806,0.0454,0.0071
GRID_07160,다사60505150,성동구,용답동,2084.0,False,4.4955,0.8449,2.8308,0.1519,0.1507,0.1513,0.0198
GRID_07161,다사60505175,성동구,용답동,1958.2,False,11.3526,1.0313,6.6461,0.3835,0.1839,0.2925,0.0386
GRID_07162,다사60505200,동대문구,답십리동,478.3,False,10.0134,0.9812,5.8947,0.3383,0.175,0.2638,0.0427
GRID_07163,다사60505225,동대문구,답십리동,91.6,False,3.3713,0.7459,2.1741,0.1139,0.133,0.1226,0.0271
GRID_07164,다사60505250,동대문구,답십리동,5430.4,False,3.8682,0.3641,2.2704,0.1307,0.0649,0.1007,0.0117
GRID_07165,다사60505275,동대문구,전농동,300.0,False,5.1938,0.0,2.8254,0.1755,0.0,0.0954,0.0167
GRID_07166,다사60505300,동대문구,전농동,4354.5,False,3.0742,0.2682,1.7947,0.1039,0.0478,0.0783,0.0093
GRID_07167,다사60505325,동대문구,전농동,2690.2,False,2.7533,0.5614,1.7538,0.093,0.1001,0.0963,0.0122
GRID_07168,다사60505350,동대문구,전농동,791.8,False,5.4783,0.6397,3.2719,0.1851,0.1141,0.1527,0.0229
GRID_07169,다사60505375,동대문구,전농동,964.2,False,6.1349,0.6447,3.6313,0.2072,0.115,0.1652,0.024
GRID_07170,다사60505400,동대문구,전농동,1366.5,False,5.8996,0.8423,3.5934,0.1993,0.1502,0.1769,0.0245
GRID_07171,다사60505425,동대문구,휘경동,1108.9,False,4.7371,1.0605,3.0605,0.16,0.1891,0.1733,0.0247
GRID_07172,다사60505450,동대문구,회기동,1329.2,False,5.6253,1.1154,3.5688,0.19,0.1989,0.1941,0.027
GRID_07173,다사60505475,동대문구,회기동,3068.6,False,4.5507,0.8615,2.8684,0.1537,0.1536,0.1537,0.0191
GRID_07174,다사60505500,동대문구,회기동,336.5,False,3.5308,0.3681,2.0886,0.1193,0.0657,0.0948,0.0163
GRID_07175,다사60505525,동대문구,이문동,223.8,False,2.3793,0.0,1.2943,0.0804,0.0,0.0437,0.0081
GRID_07176,다사60505550,동대문구,이문동,208.1,False,1.1865,0.0,0.6455,0.0401,0.0,0.0218,0.0041
GRID_07177,다사60505575,성북구,석관동,0.0,True,0.0961,0.0676,0.0831,0.0,0.0,0.0,0.0
GRID_07178,다사60505600,성북구,석관동,17.6,False,0.0,0.2272,0.1036,0.0,0.0405,0.0185,0.0063
GRID_07179,다사60505625,성북구,석관동,486.2,False,0.6203,0.5863,0.6048,0.021,0.1046,0.0591,0.0095
GRID_07180,다사60505650,성북구,석관동,10.0,False,1.8156,0.7706,1.3391,0.0613,0.1374,0.096,0.0401
GRID_07181,다사60505675,성북구,장위동,4841.7,False,5.331,0.733,3.2343,0.1801,0.1307,0.1576,0.0186
GRID_07182,다사60505700,성북구,장위동,1979.7,False,7.7084,0.5273,4.4338,0.2604,0.094,0.1845,0.0243
GRID_07183,다사60505725,성북구,장위동,739.7,False,7.2869,0.3192,4.1096,0.2462,0.0569,0.1599,0.0242
GRID_07184,다사60505750,성북구,장위동,1945.1,False,8.237,0.0304,4.4948,0.2783,0.0054,0.1538,0.0203
GRID_07185,다사60505775,성북구,장위동,1151.1,False,7.7105,0.0,4.1945,0.2605,0.0,0.1417,0.0201
GRID_07186,다사60505800,노원구,월계동,691.5,False,5.1062,0.0818,2.8151,0.1725,0.0146,0.1005,0.0154
GRID_07187,다사60505825,노원구,월계동,2841.8,False,4.4598,0.12,2.4809,0.1507,0.0214,0.0917,0.0115
GRID_07188,다사60505850,노원구,월계동,346.7,False,7.0146,0.0442,3.8361,0.237,0.0079,0.1325,0.0226
GRID_07189,다사60505875,노원구,월계동,4500.4,False,9.3674,0.1013,5.1421,0.3164,0.0181,0.1804,0.0214
GRID_07190,다사60505900,노원구,월계동,810.7,False,7.0096,0.2411,3.9232,0.2368,0.043,0.1484,0.0222
GRID_07191,다사60505925,노원구,월계동,221.8,False,4.4876,0.2986,2.5774,0.1516,0.0533,0.1068,0.0197
GRID_07192,다사60505950,노원구,월계동,19.8,False,2.8751,0.2579,1.6817,0.0971,0.046,0.0738,0.0243
GRID_07193,다사60505975,노원구,월계동,39.0,False,0.949,0.1303,0.5757,0.0321,0.0232,0.028,0.0076
GRID_07194,다사60506000,노원구,월계동,689.1,False,0.0,0.1527,0.0696,0.0,0.0272,0.0124,0.0019
GRID_07195,다사60506025,도봉구,창동,603.7,False,1.7266,0.2964,1.0744,0.0583,0.0529,0.0558,0.0087
GRID_07196,다사60506050,도봉구,창동,1112.6,False,5.0373,0.3654,2.9069,0.1702,0.0652,0.1223,0.0174
GRID_07197,다사60506075,도봉구,창동,5709.1,False,4.8601,0.3409,2.7993,0.1642,0.0608,0.117,0.0135
GRID_07198,다사60506100,도봉구,창동,474.2,False,2.1603,0.3424,1.3313,0.073,0.0611,0.0675,0.011
GRID_07199,다사60506125,도봉구,창동,322.5,False,4.8531,0.5616,2.8962,0.1639,0.1002,0.1349,0.0233
GRID_07200,다사60506150,도봉구,창동,249.4,False,8.9705,0.828,5.2575,0.303,0.1477,0.2322,0.042
GRID_07201,다사60506175,도봉구,창동,77.4,False,3.2433,0.7656,2.1135,0.1096,0.1365,0.1219,0.0279
GRID_07202,다사60506200,노원구,상계동,95.3,False,0.2483,0.3304,0.2857,0.0084,0.0589,0.0314,0.0069
GRID_07203,다사60506225,노원구,상계동,0.0,True,1.8221,0.2216,1.0923,0.0,0.0,0.0,0.0
GRID_07204,다사60506250,노원구,상계동,2387.4,False,2.2883,0.4773,1.4625,0.0773,0.0851,0.0809,0.0104
GRID_07205,다사60506275,노원구,상계동,3522.2,False,2.4401,0.5922,1.5975,0.0824,0.1056,0.093,0.0114
GRID_07206,다사60506300,노원구,상계동,1217.2,False,2.0999,0.5346,1.3862,0.0709,0.0954,0.0821,0.0116
GRID_07207,다사60506325,노원구,상계동,3690.6,False,2.2108,0.3206,1.3489,0.0747,0.0572,0.0667,0.0081
GRID_07208,다사60506350,노원구,상계동,12.8,False,4.5653,0.1038,2.5308,0.1542,0.0185,0.0923,0.0352
GRID_07209,다사60506375,노원구,상계동,3588.2,False,5.5359,0.4888,3.2344,0.187,0.0872,0.1415,0.0173
GRID_07210,다사60506400,노원구,상계동,2815.7,False,6.4324,0.7638,3.8475,0.2173,0.1362,0.1803,0.0227
GRID_07211,다사60506425,노원구,상계동,3132.0,False,6.5894,0.9352,4.0111,0.2226,0.1668,0.1971,0.0245
GRID_07212,다사60506450,노원구,상계동,2918.7,False,3.9205,0.8243,2.5087,0.1324,0.147,0.1391,0.0174
GRID_07213,다사60506475,노원구,상계동,335.7,False,2.5699,0.451,1.6037,0.0868,0.0804,0.0839,0.0144
GRID_07214,다사60506500,노원구,상계동,235.3,False,1.9504,0.0367,1.0777,0.0659,0.0065,0.0388,0.0071
GRID_07215,다사60506525,노원구,상계동,2756.8,False,1.6798,0.2955,1.0486,0.0567,0.0527,0.0549,0.0069
GRID_07216,다사60506550,노원구,상계동,0.0,True,1.3917,0.4181,0.9478,0.0,0.0,0.0,0.0
GRID_07217,다사60753675,서초구,원지동,0.0,True,0.0,0.0,0.0,0.0,0.0,0.0,0.0
GRID_07218,다사60753700,서초구,원지동,0.0,True,0.0,0.0,0.0,0.0,0.0,0.0,0.0
GRID_07219,다사60753725,서초구,원지동,0.0,True,0.0,0.0,0.0,0.0,0.0,0.0,0.0
GRID_07220,다사60753750,서초구,원지동,7.6,False,0.0,0.0,0.0,0.0,0.0,0.0,0.0
GRID_07221,다사60753775,서초구,원지동,4.5,False,0.0,0.0,0.0,0.0,0.0,0.0,0.0
GRID_07222,다사60753800,서초구,원지동,30.1,False,0.3169,0.3701,0.3412,0.0107,0.066,0.0359,0.0105
GRID_07223,다사60753825,서초구,원지동,1461.8,False,1.4831,0.9317,1.2317,0.0501,0.1662,0.103,0.0141
GRID_07224,다사60753850,서초구,신원동,28.0,False,2.0396,1.2659,1.6868,0.0689,0.2258,0.1404,0.0417
GRID_07225,다사60753875,서초구,신원동,921.8,False,2.721,1.2827,2.0651,0.0919,0.2288,0.1543,0.0226
GRID_07226,다사60753900,서초구,신원동,36.2,False,2.7029,0.9773,1.916,0.0913,0.1743,0.1291,0.0357
GRID_07227,다사60753925,서초구,신원동,22.6,False,2.5236,0.4325,1.5701,0.0853,0.0771,0.0816,0.0258
GRID_07228,다사60753950,서초구,신원동,35.1,False,2.4331,0.0,1.3236,0.0822,0.0,0.0447,0.0125
GRID_07229,다사60753975,서초구,염곡동,1835.0,False,2.1537,0.0,1.1716,0.0728,0.0,0.0396,0.0053
GRID_07230,다사60754000,서초구,염곡동,28.5,False,1.3916,0.0,0.757,0.047,0.0,0.0256,0.0076
GRID_07231,다사60754025,서초구,염곡동,0.0,True,0.1049,0.0,0.057,0.0,0.0,0.0,0.0
GRID_07232,다사60754050,서초구,염곡동,0.0,True,0.0,0.0,0.0,0.0,0.0,0.0,0.0
GRID_07233,다사60754075,서초구,염곡동,0.0,True,0.0,0.0,0.0,0.0,0.0,0.0,0.0
GRID_07234,다사60754100,서초구,염곡동,0.0,True,0.0,0.0,0.0,0.0,0.0,0.0,0.0
GRID_07235,다사60754125,강남구,개포동,0.0,True,0.0,0.0,0.0,0.0,0.0,0.0,0.0
GRID_07236,다사60754150,강남구,개포동,0.0,True,0.5168,0.0,0.2811,0.0,0.0,0.0,0.0
GRID_07237,다사60754175,강남구,개포동,163.6,False,2.3458,0.0,1.2761,0.0792,0.0,0.0431,0.0084
GRID_07238,다사60754200,강남구,개포동,495.4,False,3.972,0.0,2.1608,0.1342,0.0,0.073,0.0118
GRID_07239,다사60754225,강남구,개포동,2542.3,False,3.9879,0.0029,2.1707,0.1347,0.0005,0.0735,0.0094
GRID_07240,다사60754250,강남구,개포동,1512.9,False,3.2001,0.0944,1.7839,0.1081,0.0168,0.0665,0.0091
GRID_07241,다사60754275,강남구,개포동,2284.0,False,3.644,0.2123,2.0792,0.1231,0.0379,0.0842,0.0109
GRID_07242,다사60754300,강남구,개포동,131.2,False,3.3659,0.7072,2.1535,0.1137,0.1261,0.1194,0.0244
GRID_07243,다사60754325,강남구,대치동,717.0,False,2.8885,1.0473,2.0489,0.0976,0.1868,0.1383,0.021
GRID_07244,다사60754350,강남구,대치동,2533.5,False,4.6553,1.4609,3.1986,0.1573,0.2605,0.2044,0.0261
GRID_07245,다사60754375,강남구,대치동,2316.6,False,3.4968,1.7222,2.6876,0.1181,0.3071,0.2043,0.0264
GRID_07246,다사60754400,강남구,대치동,1051.2,False,2.1483,1.5282,1.8656,0.0726,0.2726,0.1638,0.0235
GRID_07247,다사60754425,강남구,대치동,2163.7,False,2.9605,0.8874,2.0152,0.1,0.1583,0.1266,0.0165
GRID_07248,다사60754450,강남구,대치동,5033.6,False,2.2998,0.3807,1.4247,0.0777,0.0679,0.0732,0.0086
GRID_07249,다사60754475,강남구,대치동,648.1,False,3.3199,0.0328,1.821,0.1122,0.0059,0.0637,0.0098
GRID_07250,다사60754500,강남구,대치동,1101.7,False,3.8203,0.8419,2.4622,0.1291,0.1502,0.1387,0.0198
GRID_07251,다사60754525,강남구,대치동,263.4,False,5.3695,1.7576,3.7225,0.1814,0.3135,0.2416,0.0433
GRID_07252,다사60754550,강남구,삼성동,1473.0,False,5.1396,2.4497,3.913,0.1736,0.4369,0.2937,0.0403
GRID_07253,다사60754575,강남구,삼성동,1745.1,False,3.2221,2.3979,2.8463,0.1088,0.4277,0.2542,0.0341
GRID_07254,다사60754600,강남구,삼성동,1533.0,False,3.5482,1.6396,2.6779,0.1199,0.2924,0.1985,0.0271
GRID_07255,다사60754625,강남구,삼성동,30.9,False,2.1785,1.5323,1.8838,0.0736,0.2733,0.1647,0.0476
GRID_07256,다사60754650,강남구,삼성동,90.5,False,2.2923,1.441,1.9041,0.0774,0.257,0.1593,0.0353
GRID_07257,다사60754675,강남구,청담동,983.1,False,4.8883,1.0099,3.1197,0.1651,0.1801,0.172,0.025
GRID_07258,다사60754700,강남구,청담동,1202.3,False,3.5254,0.659,2.2183,0.1191,0.1175,0.1184,0.0167
GRID_07259,다사60754725,강남구,청담동,750.7,False,0.6491,0.2328,0.4592,0.0219,0.0415,0.0309,0.0047
GRID_07260,다사60754750,강남구,청담동,24.4,False,0.0,0.0,0.0,0.0,0.0,0.0,0.0
GRID_07261,다사60754775,광진구,자양동,23.1,False,0.0,0.0,0.0,0.0,0.0,0.0,0.0
GRID_07262,다사60754800,성동구,성수동2가,32.9,False,0.0,0.0,0.0,0.0,0.0,0.0,0.0
GRID_07263,다사60754825,성동구,성수동2가,371.1,False,1.4481,0.0,0.7878,0.0489,0.0,0.0266,0.0045
GRID_07264,다사60754850,성동구,성수동2가,1487.6,False,7.1201,0.0,3.8734,0.2405,0.0,0.1308,0.0179
GRID_07265,다사60754875,성동구,성수동2가,1078.5,False,8.8028,0.2649,4.9095,0.2974,0.0472,0.1833,0.0262
GRID_07266,다사60754900,성동구,성수동2가,610.9,False,5.3861,0.842,3.314,0.182,0.1502,0.1675,0.0261
GRID_07267,다사60754925,성동구,성수동2가,1353.3,False,6.0697,1.2235,3.8598,0.205,0.2182,0.211,0.0293
GRID_07268,다사60754950,성동구,성수동2가,1135.1,False,5.8923,1.3081,3.8019,0.199,0.2333,0.2147,0.0305
GRID_07269,다사60754975,성동구,성수동2가,915.7,False,1.8118,1.0723,1.4746,0.0612,0.1912,0.1205,0.0177
GRID_07270,다사60755000,성동구,송정동,888.2,False,1.9488,0.5808,1.325,0.0658,0.1036,0.083,0.0122
GRID_07271,다사60755025,성동구,송정동,57.1,False,1.0402,0.0,0.5659,0.0351,0.0,0.0191,0.0047
GRID_07272,다사60755050,성동구,송정동,184.2,False,0.0,0.0,0.0,0.0,0.0,0.0,0.0
GRID_07273,다사60755075,성동구,송정동,0.0,True,0.0,0.0,0.0,0.0,0.0,0.0,0.0
GRID_07274,다사60755100,성동구,용답동,276.1,False,0.0502,0.1931,0.1154,0.0017,0.0344,0.0166,0.003
GRID_07275,다사60755125,성동구,용답동,308.8,False,1.2335,0.4568,0.8793,0.0417,0.0815,0.0598,0.0104
GRID_07276,다사60755150,성동구,용답동,10.5,False,4.8563,0.7633,2.9899,0.1641,0.1361,0.1513,0.062
GRID_07277,다사60755175,동대문구,답십리동,56.2,False,9.1679,0.732,5.3211,0.3097,0.1305,0.228,0.0563
GRID_07278,다사60755200,동대문구,답십리동,3809.2,False,6.6707,0.6893,3.9432,0.2253,0.1229,0.1787,0.0217
GRID_07279,다사60755225,동대문구,답십리동,1590.9,False,3.2455,0.5069,1.9967,0.1096,0.0904,0.1009,0.0137
GRID_07280,다사60755250,동대문구,답십리동,1949.3,False,4.4523,0.17,2.4996,0.1504,0.0303,0.0956,0.0126
GRID_07281,다사60755275,동대문구,답십리동,2878.2,False,5.4876,0.0,2.9853,0.1854,0.0,0.1008,0.0127
GRID_07282,다사60755300,동대문구,전농동,1687.0,False,4.5202,0.0,2.459,0.1527,0.0,0.0831,0.0112
GRID_07283,다사60755325,동대문구,전농동,1003.2,False,2.5967,0.0333,1.4278,0.0877,0.0059,0.0504,0.0073
GRID_07284,다사60755350,동대문구,전농동,619.6,False,0.809,0.0945,0.4832,0.0273,0.0169,0.0226,0.0035
GRID_07285,다사60755375,동대문구,전농동,544.2,False,1.0924,0.3433,0.7508,0.0369,0.0612,0.048,0.0076
GRID_07286,다사60755400,동대문구,휘경동,600.9,False,0.7277,0.9348,0.8221,0.0246,0.1667,0.0894,0.014
GRID_07287,다사60755425,동대문구,휘경동,741.2,False,5.0675,1.3102,3.3542,0.1712,0.2337,0.1997,0.0302
GRID_07288,다사60755450,동대문구,휘경동,1555.4,False,8.0988,1.3694,5.0302,0.2736,0.2442,0.2602,0.0354
GRID_07289,다사60755475,동대문구,이문동,1326.5,False,6.9338,1.2239,4.3301,0.2342,0.2183,0.227,0.0316
GRID_07290,다사60755500,동대문구,이문동,737.2,False,6.8963,0.8484,4.1385,0.233,0.1513,0.1957,0.0296
GRID_07291,다사60755525,동대문구,이문동,898.1,False,6.6675,0.2991,3.7635,0.2252,0.0533,0.1469,0.0216
GRID_07292,다사60755550,동대문구,이문동,2806.1,False,5.5562,0.1683,3.0993,0.1877,0.03,0.1158,0.0146
GRID_07293,다사60755575,성북구,석관동,150.8,False,2.4057,0.0,1.3087,0.0813,0.0,0.0442,0.0088
GRID_07294,다사60755600,성북구,석관동,634.8,False,0.0,0.0672,0.0306,0.0,0.012,0.0055,0.0008
GRID_07295,다사60755625,성북구,석관동,114.9,False,0.2152,0.4238,0.3103,0.0073,0.0756,0.0384,0.0081
GRID_07296,다사60755650,성북구,석관동,876.7,False,3.3444,0.623,2.1034,0.113,0.1111,0.1121,0.0165
GRID_07297,다사60755675,성북구,석관동,716.5,False,8.7608,0.6658,5.0695,0.296,0.1188,0.2151,0.0327
GRID_07298,다사60755700,성북구,장위동,1789.2,False,8.5802,0.5897,4.9365,0.2898,0.1052,0.2056,0.0275
GRID_07299,다사60755725,성북구,장위동,653.0,False,7.6974,0.3941,4.3671,0.26,0.0703,0.1735,0.0268
GRID_07300,다사60755750,성북구,장위동,102.4,False,8.589,0.0728,4.7056,0.2901,0.013,0.1638,0.0353
GRID_07301,다사60755775,노원구,월계동,784.5,False,6.6456,0.2017,3.7072,0.2245,0.036,0.1385,0.0208
GRID_07302,다사60755800,노원구,월계동,10.6,False,3.3792,0.3795,2.0114,0.1142,0.0677,0.093,0.0379
GRID_07303,다사60755825,노원구,월계동,154.7,False,0.3081,0.4275,0.3626,0.0104,0.0762,0.0404,0.008
GRID_07304,다사60755850,노원구,월계동,12.4,False,4.1356,0.3348,2.4024,0.1397,0.0597,0.1032,0.0398
GRID_07305,다사60755875,노원구,월계동,1023.4,False,8.7262,0.3339,4.8993,0.2948,0.0595,0.1875,0.0271
GRID_07306,다사60755900,노원구,월계동,360.1,False,5.1506,0.3726,2.9718,0.174,0.0665,0.125,0.0212
GRID_07307,다사60755925,노원구,월계동,1255.5,False,1.6811,0.4379,1.1142,0.0568,0.0781,0.0665,0.0093
GRID_07308,다사60755950,노원구,월계동,0.0,True,1.3239,0.3917,0.8988,0.0,0.0,0.0,0.0
GRID_07309,다사60755975,노원구,월계동,42.2,False,0.0,0.2468,0.1126,0.0,0.044,0.0201,0.0053
GRID_07310,다사60756000,노원구,월계동,113.5,False,0.2805,0.0984,0.1975,0.0095,0.0176,0.0132,0.0028
GRID_07311,다사60756025,노원구,상계동,0.0,True,1.0155,0.2865,0.6831,0.0,0.0,0.0,0.0
GRID_07312,다사60756050,노원구,상계동,0.0,True,3.2936,0.4453,1.9948,0.0,0.0,0.0,0.0
GRID_07313,다사60756075,노원구,상계동,3821.2,False,3.0515,0.364,1.826,0.1031,0.0649,0.0857,0.0104
GRID_07314,다사60756100,노원구,상계동,0.0,True,1.2991,0.2232,0.8085,0.0,0.0,0.0,0.0
GRID_07315,다사60756125,노원구,상계동,3974.9,False,1.9613,0.5711,1.3274,0.0663,0.1019,0.0825,0.01
GRID_07316,다사60756150,노원구,상계동,1887.3,False,3.2371,1.1378,2.2798,0.1094,0.2029,0.152,0.0202
GRID_07317,다사60756175,노원구,상계동,162.5,False,2.4532,1.3655,1.9572,0.0829,0.2435,0.1561,0.0306
GRID_07318,다사60756200,노원구,상계동,133.6,False,0.8509,1.107,0.9677,0.0287,0.1974,0.1057,0.0216
GRID_07319,다사60756225,노원구,상계동,104.9,False,2.2417,0.7961,1.5825,0.0757,0.142,0.1059,0.0227
GRID_07320,다사60756250,노원구,상계동,2955.2,False,4.8268,0.6435,2.9192,0.1631,0.1148,0.141,0.0176
GRID_07321,다사60756275,노원구,상계동,34.5,False,7.5941,0.7697,4.4822,0.2565,0.1373,0.2022,0.0566
GRID_07322,다사60756300,노원구,상계동,2867.0,False,6.3085,0.7065,3.754,0.2131,0.126,0.1734,0.0218
GRID_07323,다사60756325,노원구,상계동,2786.6,False,2.9079,0.4716,1.797,0.0982,0.0841,0.0918,0.0116
GRID_07324,다사60756350,노원구,상계동,3920.1,False,4.928,0.2459,2.793,0.1665,0.0439,0.1106,0.0134
GRID_07325,다사60756375,노원구,상계동,27.2,False,7.8792,0.5165,4.5218,0.2662,0.0921,0.1868,0.0559
GRID_07326,다사60756400,노원구,상계동,194.8,False,9.2888,0.7956,5.4159,0.3138,0.1419,0.2354,0.0446
GRID_07327,다사60756425,노원구,상계동,2120.9,False,7.5333,0.8831,4.5008,0.2545,0.1575,0.2103,0.0274
GRID_07328,다사60756450,노원구,상계동,2563.6,False,4.269,0.7547,2.6665,0.1442,0.1346,0.1398,0.0178
GRID_07329,다사60756475,노원구,상계동,2666.5,False,2.8689,0.4459,1.764,0.0969,0.0795,0.089,0.0113
GRID_07330,다사60756500,노원구,상계동,123.4,False,1.2949,0.0361,0.7209,0.0437,0.0064,0.0267,0.0055
GRID_07331,다사60756525,노원구,상계동,205.6,False,1.0954,0.0,0.5959,0.037,0.0,0.0201,0.0038
GRID_07332,다사60756550,노원구,상계동,103.0,False,1.5024,0.0,0.8173,0.0508,0.0,0.0276,0.0059
GRID_07333,다사61003675,서초구,원지동,0.0,True,0.0,0.0,0.0,0.0,0.0,0.0,0.0
GRID_07334,다사61003700,서초구,원지동,5.2,False,0.0,0.0,0.0,0.0,0.0,0.0,0.0
GRID_07335,다사61003725,서초구,원지동,0.0,True,0.0863,0.0,0.0469,0.0,0.0,0.0,0.0
GRID_07336,다사61003750,서초구,원지동,10.8,False,0.5731,0.0,0.3118,0.0194,0.0,0.0105,0.0043
GRID_07337,다사61003775,서초구,원지동,51.0,False,0.2492,0.0,0.1355,0.0084,0.0,0.0046,0.0012
GRID_07338,다사61003800,서초구,신원동,38.9,False,0.0,0.0876,0.0399,0.0,0.0156,0.0071,0.0019
GRID_07339,다사61003825,서초구,신원동,40.1,False,0.7801,0.5866,0.6918,0.0264,0.1046,0.062,0.0167
GRID_07340,다사61003850,서초구,신원동,12.4,False,0.6478,0.8835,0.7553,0.0219,0.1576,0.0838,0.0323
GRID_07341,다사61003875,서초구,신원동,7.9,False,0.0,0.8984,0.4097,0.0,0.1602,0.0731,0.0334
GRID_07342,다사61003900,서초구,신원동,0.0,True,0.6522,0.627,0.6407,0.0,0.0,0.0,0.0
GRID_07343,다사61003925,서초구,내곡동,19.8,False,2.778,0.143,1.5764,0.0938,0.0255,0.0627,0.0207
GRID_07344,다사61003950,서초구,내곡동,659.9,False,4.7253,0.0,2.5706,0.1596,0.0,0.0868,0.0134
GRID_07345,다사61003975,서초구,내곡동,11.1,False,2.8381,0.0,1.5439,0.0959,0.0,0.0522,0.0209
GRID_07346,다사61004000,서초구,내곡동,0.0,True,0.6526,0.0,0.355,0.0,0.0,0.0,0.0
GRID_07347,다사61004025,서초구,염곡동,0.0,True,0.0,0.0,0.0,0.0,0.0,0.0,0.0
GRID_07348,다사61004050,서초구,염곡동,0.0,True,0.0,0.0,0.0,0.0,0.0,0.0,0.0
GRID_07349,다사61004075,서초구,염곡동,0.0,True,0.0,0.0,0.0,0.0,0.0,0.0,0.0
GRID_07350,다사61004100,서초구,염곡동,0.0,True,0.0,0.0,0.0,0.0,0.0,0.0,0.0
GRID_07351,다사61004125,강남구,개포동,0.0,True,0.0,0.0,0.0,0.0,0.0,0.0,0.0
GRID_07352,다사61004150,강남구,개포동,45.0,False,0.0369,0.0,0.0201,0.0012,0.0,0.0007,0.0002
GRID_07353,다사61004175,강남구,개포동,112.1,False,1.1538,0.0,0.6277,0.039,0.0,0.0212,0.0045
GRID_07354,다사61004200,강남구,개포동,3873.1,False,2.5244,0.0,1.3733,0.0853,0.0,0.0464,0.0056
GRID_07355,다사61004225,강남구,개포동,1672.0,False,3.9772,0.0029,2.1649,0.1344,0.0005,0.0733,0.0099
GRID_07356,다사61004250,강남구,개포동,75.2,False,4.7948,0.0944,2.6514,0.162,0.0168,0.0958,0.0221
GRID_07357,다사61004275,강남구,개포동,2711.8,False,4.7109,0.1981,2.6531,0.1591,0.0353,0.1027,0.013
GRID_07358,다사61004300,강남구,개포동,48.6,False,3.7559,0.5879,2.3113,0.1269,0.1048,0.1168,0.0299
GRID_07359,다사61004325,강남구,개포동,52.9,False,1.5013,1.0504,1.2957,0.0507,0.1873,0.113,0.0283
GRID_07360,다사61004350,강남구,대치동,1122.2,False,2.499,1.3929,1.9946,0.0844,0.2484,0.1592,0.0227
GRID_07361,다사61004375,강남구,대치동,426.3,False,5.0546,1.4387,3.4057,0.1708,0.2566,0.2099,0.0346
GRID_07362,다사61004400,강남구,대치동,6875.1,False,4.1124,1.1948,2.782,0.1389,0.2131,0.1727,0.0196
GRID_07363,다사61004425,강남구,대치동,689.7,False,3.5122,0.7178,2.238,0.1186,0.128,0.1229,0.0188
GRID_07364,다사61004450,강남구,대치동,4080.1,False,3.3222,0.2364,1.9151,0.1122,0.0422,0.0803,0.0097
GRID_07365,다사61004475,강남구,대치동,3372.0,False,3.5646,0.2052,2.0327,0.1204,0.0366,0.0822,0.0101
GRID_07366,다사61004500,강남구,대치동,1285.0,False,3.0625,1.8336,2.5021,0.1035,0.327,0.2054,0.0287
GRID_07367,다사61004525,강남구,대치동,835.0,False,5.0562,2.9727,4.1061,0.1708,0.5302,0.3347,0.0497
GRID_07368,다사61004550,강남구,삼성동,2601.2,False,6.3409,3.7314,5.151,0.2142,0.6655,0.42,0.0534
GRID_07369,다사61004575,강남구,삼성동,6417.2,False,10.746,3.6017,7.4882,0.363,0.6424,0.4904,0.0559
GRID_07370,다사61004600,강남구,삼성동,2466.0,False,11.0686,2.5056,7.1639,0.3739,0.4469,0.4072,0.0521
GRID_07371,다사61004625,강남구,삼성동,702.3,False,3.2137,1.0863,2.2436,0.1086,0.1937,0.1474,0.0225
GRID_07372,다사61004650,강남구,삼성동,1684.4,False,0.6662,0.98,0.8093,0.0225,0.1748,0.0919,0.0124
GRID_07373,다사61004675,강남구,삼성동,792.0,False,1.2439,0.6325,0.9651,0.042,0.1128,0.0743,0.0111
GRID_07374,다사61004700,강남구,청담동,1155.0,False,0.2908,0.2426,0.2688,0.0098,0.0433,0.0251,0.0036
GRID_07375,다사61004725,강남구,청담동,17.0,False,0.0,0.0,0.0,0.0,0.0,0.0,0.0
GRID_07376,다사61004750,강남구,청담동,0.0,True,0.0,0.0422,0.0193,0.0,0.0,0.0,0.0
GRID_07377,다사61004775,광진구,자양동,0.0,True,0.0,0.2078,0.0947,0.0,0.0,0.0,0.0
GRID_07378,다사61004800,광진구,자양동,40.2,False,0.0,0.2645,0.1206,0.0,0.0472,0.0215,0.0058
GRID_07379,다사61004825,광진구,자양동,867.4,False,1.7003,0.1967,1.0147,0.0574,0.0351,0.0472,0.007
GRID_07380,다사61004850,성동구,성수동2가,401.6,False,8.0391,0.0231,4.3838,0.2716,0.0041,0.1496,0.0249
GRID_07381,다사61004875,성동구,성수동2가,3507.5,False,7.1664,0.0679,3.9295,0.2421,0.0121,0.1372,0.0168
GRID_07382,다사61004900,성동구,성수동2가,231.2,False,2.4551,0.5964,1.6075,0.0829,0.1064,0.0936,0.0172
GRID_07383,다사61004925,성동구,성수동2가,589.5,False,4.9034,0.9457,3.0987,0.1656,0.1687,0.167,0.0262
GRID_07384,다사61004950,성동구,성수동2가,730.8,False,3.7369,1.0232,2.4994,0.1262,0.1825,0.1519,0.023
GRID_07385,다사61004975,성동구,성수동2가,1041.0,False,0.8247,0.8073,0.8167,0.0279,0.144,0.0808,0.0116
GRID_07386,다사61005000,성동구,송정동,0.0,True,0.51,0.3571,0.4403,0.0,0.0,0.0,0.0
GRID_07387,다사61005025,성동구,송정동,37.2,False,0.0285,0.0,0.0155,0.001,0.0,0.0005,0.0001
GRID_07388,다사61005050,성동구,송정동,0.0,True,0.0,0.0,0.0,0.0,0.0,0.0,0.0
GRID_07389,다사61005075,성동구,송정동,0.0,True,0.0,0.2057,0.0938,0.0,0.0,0.0,0.0
GRID_07390,다사61005100,성동구,용답동,0.0,True,0.0938,0.546,0.3,0.0,0.0,0.0,0.0
GRID_07391,다사61005125,성동구,용답동,1114.8,False,1.8216,0.7089,1.3142,0.0615,0.1264,0.0911,0.013
GRID_07392,다사61005150,동대문구,장안동,1231.5,False,3.0632,0.75,2.0084,0.1035,0.1338,0.1173,0.0165
GRID_07393,다사61005175,동대문구,답십리동,1039.0,False,2.275,0.6625,1.5397,0.0769,0.1182,0.0957,0.0138
GRID_07394,다사61005200,동대문구,답십리동,4741.4,False,1.7336,0.3028,1.0811,0.0586,0.054,0.0565,0.0067
GRID_07395,다사61005225,동대문구,답십리동,2078.1,False,2.1253,0.1528,1.2258,0.0718,0.0272,0.0515,0.0067
GRID_07396,다사61005250,동대문구,답십리동,3956.5,False,3.7122,0.0,2.0194,0.1254,0.0,0.0682,0.0082
GRID_07397,다사61005275,동대문구,답십리동,1872.3,False,3.3129,0.0,1.8022,0.1119,0.0,0.0609,0.0081
GRID_07398,다사61005300,동대문구,전농동,4665.8,False,3.3589,0.0,1.8273,0.1135,0.0,0.0617,0.0073
GRID_07399,다사61005325,동대문구,전농동,1411.4,False,2.6365,0.0,1.4342,0.0891,0.0,0.0485,0.0067
GRID_07400,다사61005350,동대문구,전농동,327.1,False,0.213,0.0,0.1159,0.0072,0.0,0.0039,0.0007
GRID_07401,다사61005375,동대문구,전농동,241.7,False,0.0,0.2866,0.1307,0.0,0.0511,0.0233,0.0042
GRID_07402,다사61005400,동대문구,휘경동,1622.8,False,0.0,0.8647,0.3943,0.0,0.1542,0.0703,0.0095
GRID_07403,다사61005425,동대문구,휘경동,21.8,False,4.1519,1.2317,2.8203,0.1403,0.2197,0.1765,0.0564
GRID_07404,다사61005450,동대문구,휘경동,1047.3,False,7.4638,1.3892,4.6938,0.2521,0.2478,0.2501,0.036
GRID_07405,다사61005475,동대문구,휘경동,1702.6,False,5.4545,1.4292,3.619,0.1843,0.2549,0.2165,0.0291
GRID_07406,다사61005500,동대문구,이문동,2238.3,False,6.626,1.0975,4.105,0.2238,0.1957,0.211,0.0274
GRID_07407,다사61005525,동대문구,이문동,897.3,False,7.1374,0.6128,4.1622,0.2411,0.1093,0.181,0.0266
GRID_07408,다사61005550,동대문구,이문동,2635.6,False,7.3115,0.5312,4.2197,0.247,0.0947,0.1776,0.0225
GRID_07409,다사61005575,성북구,석관동,1981.2,False,4.4455,0.3155,2.5622,0.1502,0.0563,0.1074,0.0141
GRID_07410,다사61005600,성북구,석관동,7.4,False,1.1954,0.1104,0.7006,0.0404,0.0197,0.0309,0.0145
GRID_07411,다사61005625,성북구,석관동,24.2,False,2.2764,0.2791,1.3656,0.0769,0.0498,0.0645,0.02
GRID_07412,다사61005650,성북구,석관동,1938.0,False,3.3106,0.4895,2.0242,0.1118,0.0873,0.1006,0.0133
GRID_07413,다사61005675,성북구,석관동,322.8,False,6.4287,0.8172,3.8698,0.2172,0.1457,0.1846,0.0319
GRID_07414,다사61005700,성북구,장위동,1128.3,False,6.4744,1.1431,4.0433,0.2187,0.2039,0.2119,0.0302
GRID_07415,다사61005725,성북구,장위동,45.5,False,7.271,1.054,4.4361,0.2456,0.188,0.2193,0.0571
GRID_07416,다사61005750,노원구,월계동,1248.7,False,7.1294,0.6544,4.1768,0.2408,0.1167,0.1842,0.0258
GRID_07417,다사61005775,노원구,월계동,1175.2,False,3.6066,0.4818,2.1817,0.1218,0.0859,0.1055,0.0149
GRID_07418,다사61005800,노원구,월계동,1951.3,False,4.7687,0.5831,2.8601,0.1611,0.104,0.1351,0.0178
GRID_07419,다사61005825,노원구,월계동,1327.2,False,3.836,0.6377,2.3776,0.1296,0.1137,0.1224,0.017
GRID_07420,다사61005850,노원구,월계동,50.9,False,1.4924,0.5534,1.0642,0.0504,0.0987,0.0724,0.0183
GRID_07421,다사61005875,노원구,월계동,334.8,False,3.9206,0.5291,2.3741,0.1324,0.0944,0.1151,0.0198
GRID_07422,다사61005900,노원구,월계동,2749.3,False,4.7155,0.4052,2.75,0.1593,0.0723,0.1196,0.0151
GRID_07423,다사61005925,노원구,월계동,1029.4,False,4.6846,0.4724,2.7638,0.1583,0.0842,0.1245,0.0179
GRID_07424,다사61005950,노원구,월계동,12.1,False,2.142,0.4938,1.3904,0.0724,0.0881,0.0795,0.0309
GRID_07425,다사61005975,노원구,상계동,2436.8,False,0.0064,0.3387,0.1579,0.0002,0.0604,0.0277,0.0035
GRID_07426,다사61006000,노원구,상계동,10.7,False,0.1813,0.266,0.22,0.0061,0.0474,0.025,0.0102
GRID_07427,다사61006025,노원구,상계동,4166.4,False,2.7667,0.5058,1.7357,0.0935,0.0902,0.092,0.011
GRID_07428,다사61006050,노원구,상계동,423.2,False,4.6506,0.6763,2.8383,0.1571,0.1206,0.1405,0.0232
GRID_07429,다사61006075,노원구,상계동,1939.8,False,4.7286,0.5848,2.839,0.1597,0.1043,0.1345,0.0178
GRID_07430,다사61006100,노원구,상계동,31.2,False,3.5217,0.5702,2.1758,0.119,0.1017,0.1111,0.032
GRID_07431,다사61006125,노원구,상계동,26.5,False,5.3868,1.089,3.427,0.182,0.1942,0.1876,0.0566
GRID_07432,다사61006150,노원구,상계동,1940.8,False,8.4356,1.8404,5.4282,0.285,0.3282,0.3047,0.0402
GRID_07433,다사61006175,노원구,상계동,1950.8,False,6.777,2.1093,4.6485,0.2289,0.3762,0.2961,0.0391
GRID_07434,다사61006200,노원구,상계동,20.4,False,2.4481,1.8218,2.1625,0.0827,0.3249,0.1932,0.0631
GRID_07435,다사61006225,노원구,상계동,2477.1,False,2.2745,1.4129,1.8816,0.0768,0.252,0.1567,0.0201
GRID_07436,다사61006250,노원구,상계동,2446.4,False,4.2172,0.7322,2.6281,0.1425,0.1306,0.1371,0.0176
GRID_07437,다사61006275,노원구,상계동,2793.1,False,9.2668,0.7611,5.3882,0.313,0.1357,0.2322,0.0293
GRID_07438,다사61006300,노원구,상계동,37.2,False,8.5467,0.6982,4.9678,0.2887,0.1245,0.2138,0.0587
GRID_07439,다사61006325,노원구,상계동,1581.7,False,3.462,0.4643,2.095,0.117,0.0828,0.1014,0.0138
GRID_07440,다사61006350,노원구,상계동,481.8,False,1.9034,0.121,1.0907,0.0643,0.0216,0.0448,0.0073
GRID_07441,다사61006375,노원구,상계동,3419.0,False,4.2097,0.3652,2.4566,0.1422,0.0651,0.1071,0.0132
GRID_07442,다사61006400,노원구,상계동,27.8,False,3.9088,0.622,2.41,0.132,0.1109,0.1224,0.0364
GRID_07443,다사61006425,노원구,상계동,79.8,False,1.2268,0.7026,0.9878,0.0414,0.1253,0.0797,0.0181
GRID_07444,다사61006450,노원구,상계동,35.3,False,0.5197,0.5844,0.5492,0.0176,0.1042,0.0571,0.0159
GRID_07445,다사61006475,노원구,상계동,101.8,False,0.6159,0.3002,0.472,0.0208,0.0535,0.0357,0.0077
GRID_07446,다사61006500,노원구,상계동,19.9,False,0.1422,0.0,0.0773,0.0048,0.0,0.0026,0.0009
GRID_07447,다사61006525,노원구,상계동,0.0,True,0.1329,0.0,0.0723,0.0,0.0,0.0,0.0
GRID_07448,다사61006550,노원구,상계동,0.0,True,0.5073,0.0,0.2759,0.0,0.0,0.0,0.0
GRID_07449,다사61006575,노원구,상계동,0.0,True,0.0,0.0,0.0,0.0,0.0,0.0,0.0
GRID_07450,다사61253650,서초구,신원동,0.0,True,0.0,0.0,0.0,0.0,0.0,0.0,0.0
GRID_07451,다사61253675,서초구,신원동,0.0,True,0.0,0.0,0.0,0.0,0.0,0.0,0.0
GRID_07452,다사61253700,서초구,신원동,0.0,True,0.1485,0.0,0.0808,0.0,0.0,0.0,0.0
GRID_07453,다사61253725,서초구,원지동,10.4,False,0.9061,0.0,0.4929,0.0306,0.0,0.0167,0.0068
GRID_07454,다사61253750,서초구,원지동,67.6,False,1.2417,0.0,0.6755,0.0419,0.0,0.0228,0.0054
GRID_07455,다사61253775,서초구,신원동,12.5,False,0.7056,0.0,0.3838,0.0238,0.0,0.013,0.005
GRID_07456,다사61253800,서초구,신원동,0.0,True,0.0,0.0,0.0,0.0,0.0,0.0,0.0
GRID_07457,다사61253825,서초구,신원동,4.9,False,0.0,0.0525,0.0239,0.0,0.0094,0.0043,0.0024
GRID_07458,다사61253850,서초구,신원동,0.0,True,0.0,0.2918,0.1331,0.0,0.0,0.0,0.0
GRID_07459,다사61253875,서초구,신원동,0.0,True,0.0,0.3038,0.1385,0.0,0.0,0.0,0.0
GRID_07460,다사61253900,서초구,내곡동,254.3,False,0.0,0.0851,0.0388,0.0,0.0152,0.0069,0.0012
GRID_07461,다사61253925,서초구,내곡동,35.2,False,2.4235,0.0,1.3184,0.0819,0.0,0.0445,0.0124
GRID_07462,다사61253950,서초구,내곡동,5466.4,False,4.6872,0.0,2.5499,0.1583,0.0,0.0861,0.01
GRID_07463,다사61253975,서초구,내곡동,435.5,False,2.3276,0.0,1.2662,0.0786,0.0,0.0428,0.007
GRID_07464,다사61254000,서초구,내곡동,30.3,False,0.0662,0.0,0.036,0.0022,0.0,0.0012,0.0004
GRID_07465,다사61254025,서초구,내곡동,5.4,False,0.0,0.0,0.0,0.0,0.0,0.0,0.0
GRID_07466,다사61254050,서초구,내곡동,0.0,True,0.0,0.0,0.0,0.0,0.0,0.0,0.0
GRID_07467,다사61254075,서초구,내곡동,0.0,True,0.0,0.0,0.0,0.0,0.0,0.0,0.0
GRID_07468,다사61254100,서초구,내곡동,0.0,True,0.0,0.0,0.0,0.0,0.0,0.0,0.0
GRID_07469,다사61254125,강남구,개포동,78.3,False,0.0,0.0,0.0,0.0,0.0,0.0,0.0
GRID_07470,다사61254150,강남구,개포동,63.0,False,0.0,0.0,0.0,0.0,0.0,0.0,0.0
GRID_07471,다사61254175,강남구,개포동,213.4,False,0.3908,0.0,0.2126,0.0132,0.0,0.0072,0.0013
GRID_07472,다사61254200,강남구,개포동,10.8,False,0.917,0.0,0.4988,0.031,0.0,0.0169,0.0068
GRID_07473,다사61254225,강남구,개포동,1401.9,False,2.1809,0.0,1.1864,0.0737,0.0,0.0401,0.0055
GRID_07474,다사61254250,강남구,개포동,198.6,False,4.5788,0.0569,2.5168,0.1547,0.0101,0.0888,0.0168
GRID_07475,다사61254275,강남구,개포동,994.9,False,4.094,0.2414,2.3372,0.1383,0.0431,0.0949,0.0137
GRID_07476,다사61254300,강남구,개포동,191.6,False,3.6913,0.374,2.1786,0.1247,0.0667,0.0982,0.0187
GRID_07477,다사61254325,강남구,개포동,1251.6,False,3.7579,0.7835,2.4016,0.1269,0.1397,0.1328,0.0186
GRID_07478,다사61254350,강남구,대치동,2217.3,False,4.7174,1.128,3.0806,0.1594,0.2012,0.1784,0.0232
GRID_07479,다사61254375,강남구,대치동,3266.1,False,7.2529,1.0964,4.4455,0.245,0.1955,0.2225,0.0275
GRID_07480,다사61254400,강남구,대치동,1863.9,False,4.8775,0.877,3.0533,0.1648,0.1564,0.161,0.0214
GRID_07481,다사61254425,강남구,대치동,2201.9,False,3.0493,0.6778,1.9679,0.103,0.1209,0.1112,0.0144
GRID_07482,다사61254450,강남구,대치동,4855.9,False,2.5091,0.3099,1.5063,0.0848,0.0553,0.0713,0.0084
GRID_07483,다사61254475,강남구,대치동,461.2,False,1.7748,0.5672,1.2241,0.06,0.1012,0.0787,0.0128
GRID_07484,다사61254500,강남구,대치동,1548.9,False,3.4865,2.2909,2.9413,0.1178,0.4086,0.2504,0.0341
GRID_07485,다사61254525,강남구,대치동,927.8,False,8.0201,3.4968,5.9575,0.2709,0.6236,0.4318,0.0632
GRID_07486,다사61254550,강남구,삼성동,330.8,False,9.2136,4.1618,6.91,0.3112,0.7423,0.5078,0.0875
GRID_07487,다사61254575,강남구,삼성동,145.0,False,10.2936,3.9,7.3781,0.3477,0.6955,0.5063,0.1016
GRID_07488,다사61254600,강남구,삼성동,708.5,False,10.7153,2.7035,7.0619,0.362,0.4822,0.4168,0.0635
GRID_07489,다사61254625,강남구,삼성동,1281.6,False,3.6845,0.8772,2.4044,0.1245,0.1565,0.1391,0.0194
GRID_07490,다사61254650,강남구,삼성동,10.4,False,0.282,0.4774,0.3711,0.0095,0.0851,0.044,0.0181
GRID_07491,다사61254675,강남구,삼성동,138.5,False,0.0,0.1292,0.0589,0.0,0.023,0.0105,0.0021
GRID_07492,다사61254700,강남구,청담동,113.8,False,0.0,0.0,0.0,0.0,0.0,0.0,0.0
GRID_07493,다사61254725,강남구,청담동,19.5,False,0.0,0.0,0.0,0.0,0.0,0.0,0.0
GRID_07494,다사61254750,광진구,자양동,12.7,False,0.0925,0.2593,0.1685,0.0031,0.0462,0.0228,0.0087
GRID_07495,다사61254775,광진구,자양동,8.8,False,0.1796,0.458,0.3065,0.0061,0.0817,0.0405,0.0178
GRID_07496,다사61254800,광진구,자양동,368.4,False,0.078,0.5261,0.2823,0.0026,0.0938,0.0442,0.0075
GRID_07497,다사61254825,광진구,자양동,1040.2,False,1.1587,0.4447,0.8331,0.0391,0.0793,0.0575,0.0083
GRID_07498,다사61254850,광진구,자양동,56.6,False,5.6189,0.4223,3.2492,0.1898,0.0753,0.1376,0.0339
GRID_07499,다사61254875,광진구,자양동,3438.4,False,5.2833,0.6135,3.1539,0.1785,0.1094,0.147,0.0181
GRID_07500,다사61254900,성동구,성수동2가,0.0,True,3.9507,0.9905,2.6009,0.0,0.0,0.0,0.0
GRID_07501,다사61254925,성동구,성수동2가,758.5,False,5.1115,1.0009,3.2371,0.1727,0.1785,0.1753,0.0264
GRID_07502,다사61254950,성동구,성수동2가,225.5,False,4.8018,0.5633,2.869,0.1622,0.1005,0.1341,0.0247
GRID_07503,다사61254975,성동구,성수동2가,2978.2,False,4.1176,0.3192,2.3855,0.1391,0.0569,0.1016,0.0127
GRID_07504,다사61255000,성동구,송정동,12.5,False,2.2181,0.0,1.2066,0.0749,0.0,0.0408,0.0157
GRID_07505,다사61255025,성동구,송정동,123.6,False,0.0,0.0,0.0,0.0,0.0,0.0,0.0
GRID_07506,다사61255050,성동구,송정동,6.1,False,0.0,0.0,0.0,0.0,0.0,0.0,0.0
GRID_07507,다사61255075,성동구,송정동,0.0,True,0.0,0.4348,0.1982,0.0,0.0,0.0,0.0
GRID_07508,다사61255100,성동구,용답동,7.5,False,0.0388,0.817,0.3937,0.0013,0.1457,0.0672,0.0314
GRID_07509,다사61255125,성동구,용답동,30.1,False,2.7185,0.9983,1.9341,0.0918,0.178,0.1311,0.0382
GRID_07510,다사61255150,동대문구,장안동,5471.0,False,2.4919,0.9287,1.779,0.0842,0.1656,0.1213,0.0141
GRID_07511,다사61255175,동대문구,장안동,129.5,False,0.7056,0.6277,0.6701,0.0238,0.1119,0.064,0.0131
GRID_07512,다사61255200,동대문구,답십리동,235.9,False,1.1457,0.175,0.703,0.0387,0.0312,0.0353,0.0065
GRID_07513,다사61255225,동대문구,답십리동,2600.1,False,1.7929,0.0,0.9754,0.0606,0.0,0.0329,0.0042
GRID_07514,다사61255250,동대문구,답십리동,4256.6,False,3.5793,0.0,1.9471,0.1209,0.0,0.0658,0.0079
GRID_07515,다사61255275,동대문구,답십리동,47.2,False,1.9336,0.0,1.0519,0.0653,0.0,0.0355,0.0092
GRID_07516,다사61255300,동대문구,전농동,1495.3,False,1.2067,0.0,0.6564,0.0408,0.0,0.0222,0.003
GRID_07517,다사61255325,동대문구,전농동,1115.6,False,1.2379,0.0,0.6734,0.0418,0.0,0.0227,0.0032
GRID_07518,다사61255350,동대문구,전농동,985.7,False,0.1504,0.0,0.0818,0.0051,0.0,0.0028,0.0004
GRID_07519,다사61255375,동대문구,전농동,262.4,False,0.0,0.0089,0.0041,0.0,0.0016,0.0007,0.0001
GRID_07520,다사61255400,동대문구,휘경동,210.7,False,0.0,0.5213,0.2377,0.0,0.093,0.0424,0.0079
GRID_07521,다사61255425,동대문구,휘경동,2008.8,False,1.8418,0.8466,1.388,0.0622,0.151,0.1027,0.0135
GRID_07522,다사61255450,동대문구,휘경동,1003.9,False,3.8612,1.1198,2.6111,0.1304,0.1997,0.162,0.0234
GRID_07523,다사61255475,동대문구,휘경동,3154.5,False,2.3135,1.2179,1.8139,0.0782,0.2172,0.1416,0.0176
GRID_07524,다사61255500,동대문구,이문동,1925.7,False,4.0839,0.9621,2.6604,0.138,0.1716,0.1533,0.0203
GRID_07525,다사61255525,동대문구,이문동,4702.8,False,4.7158,0.921,2.9854,0.1593,0.1643,0.1616,0.0191
GRID_07526,다사61255550,동대문구,이문동,2332.4,False,4.4339,0.9562,2.8481,0.1498,0.1705,0.1592,0.0205
GRID_07527,다사61255575,동대문구,이문동,1185.7,False,3.5843,0.7323,2.2838,0.1211,0.1306,0.1254,0.0177
GRID_07528,다사61255600,동대문구,이문동,1154.8,False,2.0738,0.3896,1.3058,0.0701,0.0695,0.0698,0.0099
GRID_07529,다사61255625,성북구,석관동,1750.1,False,2.5516,0.3047,1.527,0.0862,0.0543,0.0717,0.0096
GRID_07530,다사61255650,성북구,석관동,2323.7,False,4.313,0.3446,2.5034,0.1457,0.0615,0.1073,0.0138
GRID_07531,다사61255675,성북구,석관동,1583.8,False,5.4402,1.0935,3.4581,0.1838,0.195,0.1889,0.0256
GRID_07532,다사61255700,성북구,석관동,4545.3,False,8.882,1.5017,5.5166,0.3,0.2678,0.2854,0.0339
GRID_07533,다사61255725,노원구,월계동,826.1,False,13.6284,1.4628,8.0809,0.4604,0.2609,0.3694,0.055
GRID_07534,다사61255750,노원구,월계동,2262.8,False,7.2601,1.2462,4.5178,0.2453,0.2223,0.2348,0.0304
GRID_07535,다사61255775,노원구,월계동,1646.0,False,3.0255,1.0108,2.1068,0.1022,0.1803,0.1378,0.0186
GRID_07536,다사61255800,노원구,월계동,1585.3,False,5.2194,0.6388,3.1306,0.1763,0.1139,0.1479,0.0201
GRID_07537,다사61255825,노원구,월계동,490.9,False,4.4812,0.6953,2.7548,0.1514,0.124,0.1389,0.0224
GRID_07538,다사61255850,노원구,월계동,4882.4,False,1.8238,0.5831,1.258,0.0616,0.104,0.0809,0.0095
GRID_07539,다사61255875,노원구,월계동,271.7,False,2.3789,0.5103,1.5268,0.0804,0.091,0.0852,0.0152
GRID_07540,다사61255900,노원구,월계동,859.5,False,3.4313,0.3399,2.0216,0.1159,0.0606,0.0907,0.0134
GRID_07541,다사61255925,노원구,월계동,1366.7,False,4.9682,0.7583,3.0485,0.1678,0.1352,0.153,0.0212
GRID_07542,다사61255950,노원구,하계동,100.6,False,3.0239,0.9205,2.0648,0.1022,0.1642,0.1304,0.0282
GRID_07543,다사61255975,노원구,중계동,3252.1,False,1.7707,0.7737,1.3161,0.0598,0.138,0.0955,0.0118
GRID_07544,다사61256000,노원구,중계동,8.9,False,2.5514,0.7743,1.7411,0.0862,0.1381,0.1099,0.0479
GRID_07545,다사61256025,노원구,중계동,15.6,False,5.4554,0.7407,3.3055,0.1843,0.1321,0.1605,0.0571
GRID_07546,다사61256050,노원구,중계동,1531.6,False,8.9924,0.879,5.2927,0.3038,0.1568,0.2367,0.0323
GRID_07547,다사61256075,노원구,상계동,424.2,False,8.8116,0.7949,5.156,0.2977,0.1418,0.2266,0.0374
GRID_07548,다사61256100,노원구,상계동,3086.5,False,5.8554,0.7796,3.5408,0.1978,0.139,0.171,0.0213
GRID_07549,다사61256125,노원구,상계동,3722.0,False,5.5156,1.3746,3.6273,0.1863,0.2452,0.2132,0.0259
GRID_07550,다사61256150,노원구,상계동,34.6,False,9.1711,2.059,5.9279,0.3098,0.3672,0.336,0.0941
GRID_07551,다사61256175,노원구,상계동,2938.8,False,8.6718,2.3475,5.7879,0.2929,0.4187,0.3503,0.0439
GRID_07552,다사61256200,노원구,상계동,2509.3,False,5.233,2.0572,3.7848,0.1768,0.3669,0.2635,0.0337
GRID_07553,다사61256225,노원구,상계동,1063.2,False,3.2218,1.4707,2.4233,0.1088,0.2623,0.1788,0.0257
GRID_07554,다사61256250,노원구,상계동,229.3,False,4.3961,0.7377,2.7279,0.1485,0.1316,0.1408,0.0259
GRID_07555,다사61256275,노원구,상계동,5832.4,False,7.1561,0.5688,4.1523,0.2417,0.1014,0.1778,0.0205
GRID_07556,다사61256300,노원구,상계동,1013.8,False,5.6709,0.512,3.3185,0.1916,0.0913,0.1459,0.0211
GRID_07557,다사61256325,노원구,상계동,131.6,False,2.0502,0.3007,1.2525,0.0693,0.0536,0.0621,0.0127
GRID_07558,다사61256350,노원구,상계동,0.0,True,0.307,0.0,0.167,0.0,0.0,0.0,0.0
GRID_07559,다사61256375,노원구,상계동,139.9,False,1.3042,0.0761,0.7442,0.0441,0.0136,0.0302,0.0061
GRID_07560,다사61256400,노원구,상계동,8.8,False,1.2385,0.2905,0.8062,0.0418,0.0518,0.0464,0.0203
GRID_07561,다사61256425,노원구,상계동,0.0,True,0.0,0.3578,0.1631,0.0,0.0,0.0,0.0
GRID_07562,다사61256450,노원구,상계동,0.0,True,0.0,0.2592,0.1182,0.0,0.0,0.0,0.0
GRID_07563,다사61256475,노원구,상계동,20.1,False,0.0,0.0219,0.01,0.0,0.0039,0.0018,0.0006
GRID_07564,다사61256500,노원구,상계동,0.0,True,0.0,0.0,0.0,0.0,0.0,0.0,0.0
GRID_07565,다사61256525,노원구,상계동,0.0,True,0.0,0.0,0.0,0.0,0.0,0.0,0.0
GRID_07566,다사61256550,노원구,상계동,30.7,False,0.0,0.0,0.0,0.0,0.0,0.0,0.0
GRID_07567,다사61256575,노원구,상계동,0.0,True,0.0,0.0,0.0,0.0,0.0,0.0,0.0
GRID_07568,다사61256600,노원구,상계동,0.0,True,0.0,0.0,0.0,0.0,0.0,0.0,0.0
GRID_07569,다사61503650,서초구,신원동,0.0,True,0.0,0.0,0.0,0.0,0.0,0.0,0.0
GRID_07570,다사61503675,서초구,신원동,0.0,True,0.0127,0.0,0.0069,0.0,0.0,0.0,0.0
GRID_07571,다사61503700,서초구,신원동,36.1,False,0.3806,0.0,0.2071,0.0129,0.0,0.007,0.0019
GRID_07572,다사61503725,서초구,신원동,97.4,False,0.8181,0.0,0.4451,0.0276,0.0,0.015,0.0033
GRID_07573,다사61503750,서초구,신원동,7.9,False,1.0026,0.0,0.5454,0.0339,0.0,0.0184,0.0084
GRID_07574,다사61503775,서초구,신원동,0.0,True,0.3027,0.0,0.1647,0.0,0.0,0.0,0.0
GRID_07575,다사61503800,서초구,신원동,0.0,True,0.0,0.0,0.0,0.0,0.0,0.0,0.0
GRID_07576,다사61503825,서초구,신원동,0.0,True,0.0,0.0,0.0,0.0,0.0,0.0,0.0
GRID_07577,다사61503850,서초구,신원동,0.0,True,0.0,0.0,0.0,0.0,0.0,0.0,0.0
GRID_07578,다사61503875,서초구,내곡동,0.0,True,0.0,0.0,0.0,0.0,0.0,0.0,0.0
GRID_07579,다사61503900,서초구,내곡동,135.9,False,0.0,0.0,0.0,0.0,0.0,0.0,0.0
GRID_07580,다사61503925,서초구,내곡동,545.2,False,0.7262,0.0,0.3951,0.0245,0.0,0.0133,0.0021
GRID_07581,다사61503950,서초구,내곡동,37.0,False,1.908,0.0,1.038,0.0645,0.0,0.0351,0.0096
GRID_07582,다사61503975,서초구,내곡동,12.5,False,1.0866,0.0,0.5911,0.0367,0.0,0.02,0.0077
GRID_07583,다사61504000,서초구,내곡동,0.0,True,0.0,0.0,0.0,0.0,0.0,0.0,0.0
GRID_07584,다사61504025,서초구,내곡동,53.5,False,0.0,0.0,0.0,0.0,0.0,0.0,0.0
GRID_07585,다사61504050,서초구,내곡동,0.0,True,0.0,0.0,0.0,0.0,0.0,0.0,0.0
GRID_07586,다사61504075,서초구,내곡동,6.6,False,0.0,0.0,0.0,0.0,0.0,0.0,0.0
GRID_07587,다사61504100,서초구,내곡동,80.4,False,0.0,0.0,0.0,0.0,0.0,0.0,0.0
GRID_07588,다사61504125,강남구,개포동,47.4,False,0.0,0.0,0.0,0.0,0.0,0.0,0.0
GRID_07589,다사61504150,강남구,개포동,36.6,False,0.0,0.0,0.0,0.0,0.0,0.0,0.0
GRID_07590,다사61504175,강남구,개포동,331.6,False,0.0,0.0,0.0,0.0,0.0,0.0,0.0
GRID_07591,다사61504200,강남구,개포동,12.7,False,0.229,0.0,0.1246,0.0077,0.0,0.0042,0.0016
GRID_07592,다사61504225,강남구,개포동,1798.8,False,0.4554,0.0,0.2477,0.0154,0.0,0.0084,0.0011
GRID_07593,다사61504250,강남구,개포동,71.1,False,2.6006,0.0107,1.4196,0.0879,0.0019,0.0487,0.0114
GRID_07594,다사61504275,강남구,개포동,131.3,False,4.2967,0.2009,2.429,0.1452,0.0358,0.0953,0.0195
GRID_07595,다사61504300,강남구,개포동,475.6,False,5.48,0.3347,3.1337,0.1851,0.0597,0.1279,0.0207
GRID_07596,다사61504325,강남구,개포동,381.0,False,6.4097,0.6407,3.779,0.2165,0.1143,0.1699,0.0286
GRID_07597,다사61504350,강남구,대치동,57.5,False,5.428,0.9535,3.3876,0.1834,0.1701,0.1773,0.0436
GRID_07598,다사61504375,강남구,대치동,61.6,False,4.8438,1.1211,3.1462,0.1636,0.2,0.1802,0.0436
GRID_07599,다사61504400,강남구,대치동,73.5,False,3.9259,0.9833,2.5841,0.1326,0.1754,0.1521,0.0353
GRID_07600,다사61504425,강남구,대치동,3746.8,False,2.7979,0.7397,1.8593,0.0945,0.1319,0.1116,0.0136
GRID_07601,다사61504450,강남구,대치동,1765.8,False,2.3474,0.3699,1.4457,0.0793,0.066,0.0732,0.0098
GRID_07602,다사61504475,강남구,대치동,65.4,False,1.7064,0.328,1.0778,0.0576,0.0585,0.058,0.0138
GRID_07603,다사61504500,강남구,대치동,624.5,False,2.5725,1.9607,2.2935,0.0869,0.3497,0.2067,0.0321
GRID_07604,다사61504525,강남구,대치동,588.1,False,6.1389,3.1185,4.7616,0.2074,0.5562,0.3664,0.0574
GRID_07605,다사61504550,강남구,대치동,258.6,False,5.436,3.6601,4.6262,0.1836,0.6528,0.3976,0.0715
GRID_07606,다사61504575,강남구,삼성동,507.6,False,2.9616,3.4241,3.1725,0.1,0.6107,0.3329,0.0534
GRID_07607,다사61504600,강남구,삼성동,224.6,False,2.7868,2.1778,2.5091,0.0941,0.3884,0.2283,0.0421
GRID_07608,다사61504625,강남구,삼성동,545.0,False,2.2567,0.4378,1.4273,0.0762,0.0781,0.0771,0.0122
GRID_07609,다사61504650,강남구,삼성동,1155.5,False,0.3663,0.2415,0.3094,0.0124,0.0431,0.0264,0.0037
GRID_07610,다사61504675,강남구,삼성동,53.2,False,0.0,0.0,0.0,0.0,0.0,0.0,0.0
GRID_07611,다사61504700,강남구,삼성동,0.0,True,0.0,0.0,0.0,0.0,0.0,0.0,0.0
GRID_07612,다사61504725,강남구,삼성동,23.6,False,0.0,0.0724,0.033,0.0,0.0129,0.0059,0.0018
GRID_07613,다사61504750,광진구,자양동,21.2,False,0.4906,0.3744,0.4376,0.0166,0.0668,0.0395,0.0127
GRID_07614,다사61504775,광진구,자양동,385.0,False,0.9043,0.5907,0.7613,0.0305,0.1053,0.0647,0.0109
GRID_07615,다사61504800,광진구,자양동,646.3,False,1.0587,0.6648,0.8791,0.0358,0.1186,0.0735,0.0114
GRID_07616,다사61504825,광진구,자양동,2715.1,False,3.876,0.6211,2.3918,0.1309,0.1108,0.1217,0.0154
GRID_07617,다사61504850,광진구,자양동,1706.9,False,5.6839,1.2781,3.6749,0.192,0.2279,0.2084,0.028
GRID_07618,다사61504875,광진구,자양동,339.8,False,2.9412,1.8064,2.4237,0.0994,0.3222,0.201,0.0345
GRID_07619,다사61504900,광진구,자양동,1404.6,False,4.1206,2.05,3.1764,0.1392,0.3656,0.2424,0.0334
GRID_07620,다사61504925,광진구,화양동,588.2,False,5.1524,1.7095,3.5824,0.1741,0.3049,0.2337,0.0366
GRID_07621,다사61504950,성동구,성수동2가,763.8,False,5.7527,0.8358,3.5106,0.1943,0.1491,0.1737,0.0262
GRID_07622,다사61504975,성동구,성수동2가,490.2,False,9.0093,0.0,4.901,0.3043,0.0,0.1656,0.0267
GRID_07623,다사61505000,성동구,송정동,484.6,False,6.8465,0.0,3.7245,0.2313,0.0,0.1258,0.0203
GRID_07624,다사61505025,성동구,송정동,1753.1,False,2.6174,0.0,1.4239,0.0884,0.0,0.0481,0.0064
GRID_07625,다사61505050,성동구,송정동,1817.1,False,0.0458,0.0,0.0249,0.0015,0.0,0.0008,0.0001
GRID_07626,다사61505075,성동구,송정동,48.9,False,0.0,0.4745,0.2164,0.0,0.0846,0.0386,0.0099
GRID_07627,다사61505100,성동구,용답동,121.8,False,1.8954,0.8641,1.4252,0.064,0.1541,0.1051,0.0218
GRID_07628,다사61505125,성동구,용답동,1294.0,False,6.309,1.0488,3.9104,0.2131,0.1871,0.2012,0.0281
GRID_07629,다사61505150,동대문구,장안동,953.2,False,5.3942,0.9779,3.3803,0.1822,0.1744,0.1787,0.026
GRID_07630,다사61505175,동대문구,장안동,524.0,False,2.7993,0.6711,1.8289,0.0946,0.1197,0.106,0.0169
GRID_07631,다사61505200,동대문구,장안동,3249.8,False,2.3988,0.2098,1.4006,0.081,0.0374,0.0611,0.0076
GRID_07632,다사61505225,동대문구,장안동,15.3,False,2.6094,0.0,1.4195,0.0881,0.0,0.048,0.0172
GRID_07633,다사61505250,동대문구,답십리동,1077.8,False,4.8223,0.0,2.6233,0.1629,0.0,0.0886,0.0127
GRID_07634,다사61505275,동대문구,답십리동,23.1,False,3.3898,0.0,1.8441,0.1145,0.0,0.0623,0.0196
GRID_07635,다사61505300,동대문구,전농동,1657.9,False,2.3285,0.0,1.2667,0.0787,0.0,0.0428,0.0058
GRID_07636,다사61505325,동대문구,전농동,1396.6,False,1.9201,0.0,1.0446,0.0649,0.0,0.0353,0.0049
GRID_07637,다사61505350,동대문구,전농동,123.2,False,0.9912,0.0,0.5392,0.0335,0.0,0.0182,0.0038
GRID_07638,다사61505375,동대문구,휘경동,205.9,False,1.5396,0.0,0.8375,0.052,0.0,0.0283,0.0053
GRID_07639,다사61505400,동대문구,휘경동,298.2,False,2.25,0.0,1.224,0.076,0.0,0.0413,0.0073
GRID_07640,다사61505425,동대문구,휘경동,174.8,False,1.7894,0.2575,1.0909,0.0604,0.0459,0.0538,0.0104
GRID_07641,다사61505450,동대문구,휘경동,1727.4,False,3.412,0.5042,2.0861,0.1153,0.0899,0.1037,0.0139
GRID_07642,다사61505475,동대문구,휘경동,2807.9,False,3.3228,0.6452,2.1018,0.1122,0.1151,0.1135,0.0143
GRID_07643,다사61505500,동대문구,휘경동,1327.2,False,3.3311,0.7396,2.1494,0.1125,0.1319,0.1214,0.0169
GRID_07644,다사61505525,동대문구,이문동,1018.0,False,3.509,1.0487,2.3871,0.1185,0.187,0.1498,0.0216
GRID_07645,다사61505550,동대문구,이문동,879.0,False,3.0978,1.1122,2.1924,0.1046,0.1984,0.1474,0.0217
GRID_07646,다사61505575,동대문구,이문동,24.6,False,1.9799,0.9035,1.4891,0.0669,0.1611,0.1099,0.0339
GRID_07647,다사61505600,동대문구,이문동,6379.2,False,1.3953,0.5718,1.0198,0.0471,0.102,0.0721,0.0082
GRID_07648,다사61505625,성북구,석관동,9.7,False,1.5376,0.3741,1.007,0.0519,0.0667,0.0587,0.0248
GRID_07649,다사61505650,성북구,석관동,1566.7,False,4.7169,0.3475,2.7244,0.1593,0.062,0.1149,0.0156
GRID_07650,다사61505675,성북구,석관동,1211.6,False,6.8153,1.0234,4.1742,0.2302,0.1825,0.2085,0.0294
GRID_07651,다사61505700,성북구,석관동,1906.3,False,15.3523,1.4935,9.0327,0.5186,0.2664,0.4036,0.0534
GRID_07652,다사61505725,노원구,월계동,460.1,False,19.6303,1.6388,11.4262,0.6631,0.2923,0.494,0.0805
GRID_07653,다사61505750,노원구,월계동,969.0,False,9.6091,1.433,5.8808,0.3246,0.2556,0.2931,0.0426
GRID_07654,다사61505775,노원구,월계동,399.2,False,1.865,1.1395,1.5342,0.063,0.2032,0.1269,0.0212
GRID_07655,다사61505800,노원구,월계동,302.7,False,1.8152,0.5845,1.254,0.0613,0.1042,0.0809,0.0142
GRID_07656,다사61505825,노원구,월계동,3580.1,False,2.1229,0.7286,1.4871,0.0717,0.1299,0.0983,0.012
GRID_07657,다사61505850,노원구,월계동,14.5,False,2.7504,0.6594,1.7969,0.0929,0.1176,0.1042,0.038
GRID_07658,다사61505875,노원구,공릉동,348.9,False,3.1216,0.3573,1.8611,0.1055,0.0637,0.0864,0.0148
GRID_07659,다사61505900,노원구,공릉동,29.4,False,3.3778,0.447,2.0414,0.1141,0.0797,0.0984,0.0288
GRID_07660,다사61505925,노원구,하계동,2912.5,False,6.6675,0.924,4.0484,0.2252,0.1648,0.1977,0.0248
GRID_07661,다사61505950,노원구,하계동,2892.3,False,9.442,1.1264,5.6501,0.319,0.2009,0.2651,0.0333
GRID_07662,다사61505975,노원구,하계동,1044.0,False,7.0361,1.0295,4.2971,0.2377,0.1836,0.213,0.0306
GRID_07663,다사61506000,노원구,중계동,3904.6,False,5.8704,1.1445,3.7154,0.1983,0.2041,0.201,0.0243
GRID_07664,다사61506025,노원구,중계동,4359.2,False,7.0384,1.0425,4.3043,0.2378,0.1859,0.2141,0.0256
GRID_07665,다사61506050,노원구,중계동,2029.6,False,7.5455,0.9373,4.5321,0.2549,0.1672,0.2149,0.0282
GRID_07666,다사61506075,노원구,중계동,4939.1,False,7.4393,0.8511,4.4351,0.2513,0.1518,0.2059,0.0242
GRID_07667,다사61506100,노원구,상계동,16.4,False,4.1053,0.6121,2.5124,0.1387,0.1092,0.1252,0.0438
GRID_07668,다사61506125,노원구,상계동,2977.6,False,0.9985,1.1255,1.0564,0.0337,0.2007,0.1099,0.0137
GRID_07669,다사61506150,노원구,상계동,272.2,False,4.3801,1.7343,3.1736,0.148,0.3093,0.2215,0.0395
GRID_07670,다사61506175,노원구,상계동,4243.4,False,7.7299,2.0155,5.1241,0.2611,0.3595,0.306,0.0366
GRID_07671,다사61506200,노원구,상계동,4442.5,False,7.938,1.7492,5.1159,0.2682,0.312,0.2881,0.0343
GRID_07672,다사61506225,노원구,상계동,164.0,False,5.9915,1.0777,3.7508,0.2024,0.1922,0.1978,0.0387
GRID_07673,다사61506250,노원구,상계동,2832.7,False,7.5074,0.4568,4.2924,0.2536,0.0815,0.1751,0.022
GRID_07674,다사61506275,노원구,상계동,4425.8,False,8.6044,0.2447,4.7924,0.2907,0.0436,0.178,0.0212
GRID_07675,다사61506300,노원구,상계동,6503.9,False,4.5431,0.1982,2.5618,0.1535,0.0353,0.0996,0.0113
GRID_07676,다사61506325,노원구,상계동,35.9,False,0.4948,0.0251,0.2806,0.0167,0.0045,0.0111,0.0031
GRID_07677,다사61506350,노원구,상계동,0.0,True,0.0,0.0,0.0,0.0,0.0,0.0,0.0
GRID_07678,다사61506375,노원구,상계동,0.0,True,0.0,0.0,0.0,0.0,0.0,0.0,0.0
GRID_07679,다사61506400,노원구,상계동,0.0,True,0.0,0.0,0.0,0.0,0.0,0.0,0.0
GRID_07680,다사61506425,노원구,상계동,0.0,True,0.0,0.0,0.0,0.0,0.0,0.0,0.0
GRID_07681,다사61506450,노원구,상계동,0.0,True,0.0,0.0,0.0,0.0,0.0,0.0,0.0
GRID_07682,다사61506475,노원구,상계동,26.6,False,0.0,0.0,0.0,0.0,0.0,0.0,0.0
GRID_07683,다사61506500,노원구,상계동,268.7,False,0.0,0.0,0.0,0.0,0.0,0.0,0.0
GRID_07684,다사61506525,노원구,상계동,97.2,False,0.0,0.0,0.0,0.0,0.0,0.0,0.0
GRID_07685,다사61506550,노원구,상계동,66.0,False,0.0,0.0,0.0,0.0,0.0,0.0,0.0
GRID_07686,다사61506575,노원구,상계동,0.0,True,0.0,0.0,0.0,0.0,0.0,0.0,0.0
GRID_07687,다사61506600,노원구,상계동,0.0,True,0.0,0.0,0.0,0.0,0.0,0.0,0.0
GRID_07688,다사61753675,서초구,신원동,27.6,False,0.34,0.0,0.185,0.0115,0.0,0.0062,0.0019
GRID_07689,다사61753700,서초구,신원동,123.6,False,0.3343,0.0,0.1819,0.0113,0.0,0.0061,0.0013
GRID_07690,다사61753725,서초구,신원동,761.6,False,0.3464,0.0,0.1884,0.0117,0.0,0.0064,0.001
GRID_07691,다사61753750,서초구,신원동,15.2,False,0.0923,0.0,0.0502,0.0031,0.0,0.0017,0.0006
GRID_07692,다사61753775,서초구,신원동,0.0,True,0.0,0.0,0.0,0.0,0.0,0.0,0.0
GRID_07693,다사61753800,서초구,신원동,0.0,True,0.0,0.0,0.0,0.0,0.0,0.0,0.0
GRID_07694,다사61753825,서초구,신원동,0.0,True,0.0,0.0,0.0,0.0,0.0,0.0,0.0
GRID_07695,다사61753850,서초구,신원동,0.0,True,0.0,0.0,0.0,0.0,0.0,0.0,0.0
GRID_07696,다사61753875,서초구,내곡동,0.0,True,0.0,0.0,0.0,0.0,0.0,0.0,0.0
GRID_07697,다사61753900,서초구,내곡동,0.0,True,0.0,0.0,0.0,0.0,0.0,0.0,0.0
GRID_07698,다사61753925,서초구,내곡동,7.7,False,0.0,0.0,0.0,0.0,0.0,0.0,0.0
GRID_07699,다사61753950,서초구,내곡동,28.6,False,1.7987,0.0,0.9785,0.0608,0.0,0.0331,0.0098
GRID_07700,다사61753975,서초구,내곡동,30.6,False,3.1159,0.0,1.695,0.1053,0.0,0.0573,0.0166
GRID_07701,다사61754000,서초구,내곡동,0.0,True,1.0684,0.0,0.5812,0.0,0.0,0.0,0.0
GRID_07702,다사61754025,서초구,내곡동,0.0,True,0.0,0.0,0.0,0.0,0.0,0.0,0.0
GRID_07703,다사61754050,서초구,내곡동,19.3,False,0.0,0.0,0.0,0.0,0.0,0.0,0.0
GRID_07704,다사61754075,서초구,내곡동,57.0,False,0.0,0.0,0.0,0.0,0.0,0.0,0.0
GRID_07705,다사61754100,서초구,내곡동,0.0,True,0.0,0.0,0.0,0.0,0.0,0.0,0.0
GRID_07706,다사61754125,서초구,내곡동,0.0,True,0.0,0.0,0.0,0.0,0.0,0.0,0.0
GRID_07707,다사61754150,강남구,개포동,0.0,True,0.0,0.0,0.0,0.0,0.0,0.0,0.0
GRID_07708,다사61754175,강남구,개포동,12.3,False,0.0,0.0,0.0,0.0,0.0,0.0,0.0
GRID_07709,다사61754200,강남구,개포동,8.8,False,0.0,0.0,0.0,0.0,0.0,0.0,0.0
GRID_07710,다사61754225,강남구,개포동,0.0,True,0.0,0.0,0.0,0.0,0.0,0.0,0.0
GRID_07711,다사61754250,강남구,개포동,11.6,False,1.46,0.0,0.7943,0.0493,0.0,0.0268,0.0106
GRID_07712,다사61754275,강남구,개포동,112.0,False,3.2907,0.1311,1.8499,0.1112,0.0234,0.0711,0.015
GRID_07713,다사61754300,강남구,개포동,1683.9,False,4.3007,0.3256,2.4881,0.1453,0.0581,0.1055,0.0142
GRID_07714,다사61754325,강남구,개포동,1758.7,False,5.5841,0.4874,3.26,0.1886,0.0869,0.1423,0.019
GRID_07715,다사61754350,강남구,개포동,101.1,False,2.7806,0.8692,1.909,0.0939,0.155,0.1218,0.0263
GRID_07716,다사61754375,강남구,대치동,3149.2,False,1.799,1.0326,1.4495,0.0608,0.1842,0.117,0.0145
GRID_07717,다사61754400,강남구,대치동,4445.7,False,4.2363,0.8918,2.7112,0.1431,0.1591,0.1504,0.0179
GRID_07718,다사61754425,강남구,대치동,3322.4,False,4.1251,0.5966,2.5161,0.1394,0.1064,0.1243,0.0153
GRID_07719,다사61754450,강남구,대치동,33.2,False,2.2549,0.2569,1.3438,0.0762,0.0458,0.0623,0.0176
GRID_07720,다사61754475,강남구,대치동,590.6,False,1.592,0.0759,0.9006,0.0538,0.0135,0.0354,0.0056
GRID_07721,다사61754500,강남구,대치동,96.5,False,0.4779,0.9348,0.6862,0.0161,0.1667,0.0848,0.0185
GRID_07722,다사61754525,강남구,대치동,369.5,False,0.5624,2.1734,1.297,0.019,0.3876,0.1871,0.0316
GRID_07723,다사61754550,강남구,대치동,81.0,False,1.4093,2.7966,2.0419,0.0476,0.4988,0.2533,0.0575
GRID_07724,다사61754575,강남구,삼성동,45.0,False,1.7308,2.4453,2.0566,0.0585,0.4361,0.2307,0.0603
GRID_07725,다사61754600,송파구,잠실동,27.0,False,0.5489,1.247,0.8672,0.0185,0.2224,0.1115,0.0335
GRID_07726,다사61754625,송파구,잠실동,9.5,False,0.4211,0.2095,0.3246,0.0142,0.0374,0.0248,0.0105
GRID_07727,다사61754650,송파구,잠실동,60.6,False,0.0,0.0,0.0,0.0,0.0,0.0,0.0
GRID_07728,다사61754675,송파구,잠실동,0.0,True,0.0,0.0,0.0,0.0,0.0,0.0,0.0
GRID_07729,다사61754700,송파구,신천동,0.0,True,0.0,0.0,0.0,0.0,0.0,0.0,0.0
GRID_07730,다사61754725,광진구,자양동,0.0,True,0.0,0.0581,0.0265,0.0,0.0,0.0,0.0
GRID_07731,다사61754750,광진구,자양동,0.0,True,0.3658,0.3562,0.3614,0.0,0.0,0.0,0.0
GRID_07732,다사61754775,광진구,자양동,1516.0,False,0.7353,0.5697,0.6598,0.0248,0.1016,0.0598,0.0082
GRID_07733,다사61754800,광진구,자양동,254.3,False,1.2968,0.6429,0.9986,0.0438,0.1147,0.0761,0.0137
GRID_07734,다사61754825,광진구,자양동,782.6,False,6.4955,0.7917,3.8945,0.2194,0.1412,0.1838,0.0276
GRID_07735,다사61754850,광진구,자양동,1378.2,False,7.2076,1.8625,4.7702,0.2435,0.3322,0.2839,0.0393
GRID_07736,다사61754875,광진구,자양동,2325.4,False,4.3394,2.4886,3.4954,0.1466,0.4438,0.2821,0.0364
GRID_07737,다사61754900,광진구,자양동,2772.1,False,4.416,2.7799,3.6699,0.1492,0.4958,0.3072,0.0388
GRID_07738,다사61754925,광진구,화양동,1858.0,False,3.6467,2.4241,3.0892,0.1232,0.4323,0.2642,0.0351
GRID_07739,다사61754950,광진구,화양동,773.6,False,2.9458,1.745,2.3983,0.0995,0.3112,0.1961,0.0295
GRID_07740,다사61754975,광진구,화양동,3634.4,False,8.198,0.5741,4.7215,0.2769,0.1024,0.1973,0.0241
GRID_07741,다사61755000,광진구,군자동,768.2,False,9.1879,0.4039,5.1824,0.3104,0.072,0.2017,0.0304
GRID_07742,다사61755025,성동구,송정동,714.6,False,5.1038,0.1817,2.8593,0.1724,0.0324,0.1086,0.0165
GRID_07743,다사61755050,성동구,송정동,1026.8,False,1.8819,0.0,1.0237,0.0636,0.0,0.0346,0.005
GRID_07744,다사61755075,성동구,용답동,162.1,False,0.4472,0.3139,0.3864,0.0151,0.056,0.0338,0.0066
GRID_07745,다사61755100,성동구,용답동,96.6,False,1.7646,0.674,1.2673,0.0596,0.1202,0.0872,0.019
GRID_07746,다사61755125,성동구,용답동,1043.4,False,5.1531,0.8447,3.1885,0.1741,0.1507,0.1634,0.0235
GRID_07747,다사61755150,동대문구,장안동,3430.5,False,6.1295,0.7792,3.6898,0.2071,0.139,0.176,0.0216
GRID_07748,다사61755175,동대문구,장안동,1551.3,False,5.5665,0.4956,3.2542,0.188,0.0884,0.1426,0.0194
GRID_07749,다사61755200,동대문구,장안동,33.1,False,4.9978,0.0693,2.7504,0.1688,0.0124,0.0975,0.0276
GRID_07750,다사61755225,동대문구,장안동,3329.4,False,5.0386,0.0,2.741,0.1702,0.0,0.0926,0.0114
GRID_07751,다사61755250,동대문구,장안동,1378.1,False,6.5941,0.0,3.5872,0.2228,0.0,0.1212,0.0168
GRID_07752,다사61755275,동대문구,장안동,1106.1,False,4.9659,0.0,2.7014,0.1678,0.0,0.0913,0.013
GRID_07753,다사61755300,동대문구,장안동,2112.4,False,4.1289,0.0,2.2461,0.1395,0.0,0.0759,0.0099
GRID_07754,다사61755325,동대문구,장안동,1092.9,False,4.4798,0.0,2.437,0.1513,0.0,0.0823,0.0118
GRID_07755,다사61755350,동대문구,전농동,387.3,False,2.5566,0.0,1.3908,0.0864,0.0,0.047,0.0079
GRID_07756,다사61755375,동대문구,휘경동,3202.0,False,3.2055,0.0,1.7438,0.1083,0.0,0.0589,0.0073
GRID_07757,다사61755400,동대문구,휘경동,725.0,False,3.8474,0.0,2.093,0.13,0.0,0.0707,0.0107
GRID_07758,다사61755425,동대문구,휘경동,2406.2,False,2.8807,0.0,1.5671,0.0973,0.0,0.0529,0.0068
GRID_07759,다사61755450,동대문구,휘경동,1122.4,False,3.1663,0.0552,1.7476,0.107,0.0099,0.0627,0.0089
GRID_07760,다사61755475,동대문구,휘경동,425.1,False,3.5098,0.3955,2.0897,0.1186,0.0705,0.0967,0.016
GRID_07761,다사61755500,동대문구,휘경동,71.1,False,2.7012,0.6319,1.7576,0.0913,0.1127,0.101,0.0236
GRID_07762,다사61755525,동대문구,이문동,1051.0,False,3.8113,0.9246,2.495,0.1287,0.1649,0.1452,0.0209
GRID_07763,다사61755550,동대문구,이문동,3008.3,False,4.2152,0.958,2.7299,0.1424,0.1709,0.1554,0.0194
GRID_07764,다사61755575,동대문구,이문동,122.1,False,3.6828,0.7838,2.3608,0.1244,0.1398,0.1314,0.0273
GRID_07765,다사61755600,동대문구,이문동,113.8,False,1.5461,0.6084,1.1185,0.0522,0.1085,0.0779,0.0164
GRID_07766,다사61755625,동대문구,이문동,696.2,False,0.7473,0.4063,0.5918,0.0252,0.0725,0.0468,0.0071
GRID_07767,다사61755650,성북구,석관동,2549.7,False,2.6505,0.294,1.5759,0.0895,0.0524,0.0726,0.0093
GRID_07768,다사61755675,성북구,석관동,78.5,False,4.2294,0.8907,2.707,0.1429,0.1589,0.1502,0.0343
GRID_07769,다사61755700,성북구,석관동,4233.4,False,8.5232,1.4018,5.2759,0.2879,0.25,0.2706,0.0324
GRID_07770,다사61755725,성북구,석관동,1805.2,False,12.0788,1.746,7.367,0.408,0.3114,0.364,0.0485
GRID_07771,다사61755750,노원구,월계동,5348.8,False,4.387,1.6445,3.1364,0.1482,0.2933,0.2144,0.025
GRID_07772,다사61755775,노원구,월계동,1614.4,False,1.5389,1.1458,1.3597,0.052,0.2043,0.1215,0.0164
GRID_07773,다사61755800,노원구,월계동,2553.8,False,1.9444,0.663,1.36,0.0657,0.1182,0.0896,0.0114
GRID_07774,다사61755825,노원구,월계동,40.1,False,2.3211,0.8371,1.6444,0.0784,0.1493,0.1107,0.0298
GRID_07775,다사61755850,노원구,공릉동,1336.9,False,4.6346,0.7924,2.8826,0.1566,0.1413,0.1496,0.0208
GRID_07776,다사61755875,노원구,공릉동,3743.8,False,5.8068,0.4617,3.3695,0.1962,0.0824,0.1443,0.0175
GRID_07777,다사61755900,노원구,공릉동,2385.7,False,5.6276,0.5314,3.3037,0.1901,0.0948,0.1466,0.0189
GRID_07778,다사61755925,노원구,하계동,8171.1,False,9.9837,0.8343,5.8116,0.3373,0.1488,0.2513,0.0279
GRID_07779,다사61755950,노원구,하계동,37.5,False,15.9774,1.0873,9.1875,0.5397,0.1939,0.382,0.1046
GRID_07780,다사61755975,노원구,하계동,5414.2,False,13.9228,1.0779,8.0656,0.4703,0.1922,0.3435,0.04
GRID_07781,다사61756000,노원구,중계동,893.4,False,8.8228,1.1382,5.3186,0.298,0.203,0.2547,0.0375
GRID_07782,다사61756025,노원구,중계동,2649.8,False,6.7709,0.9896,4.1346,0.2287,0.1765,0.2049,0.026
GRID_07783,다사61756050,노원구,중계동,1825.5,False,4.4495,0.7685,2.771,0.1503,0.1371,0.1443,0.0192
GRID_07784,다사61756075,노원구,중계동,2706.7,False,4.2444,0.6883,2.6228,0.1434,0.1228,0.134,0.017
GRID_07785,다사61756100,노원구,중계동,1895.4,False,3.6313,0.4185,2.1662,0.1227,0.0746,0.1008,0.0134
GRID_07786,다사61756125,노원구,상계동,183.0,False,3.2782,0.3326,1.935,0.1107,0.0593,0.0873,0.0167
GRID_07787,다사61756150,노원구,상계동,3119.1,False,2.9535,0.954,2.0417,0.0998,0.1702,0.1319,0.0164
GRID_07788,다사61756175,노원구,상계동,15.5,False,5.6818,1.2495,3.6607,0.1919,0.2228,0.206,0.0735
GRID_07789,다사61756200,노원구,상계동,2176.5,False,7.339,1.385,4.624,0.2479,0.247,0.2475,0.0322
GRID_07790,다사61756225,노원구,상계동,1327.2,False,6.2506,1.0987,3.9013,0.2112,0.1959,0.2042,0.0284
GRID_07791,다사61756250,노원구,상계동,21.8,False,7.0989,0.6007,4.1357,0.2398,0.1071,0.1793,0.0573
GRID_07792,다사61756275,노원구,상계동,2194.9,False,8.5726,0.3053,4.8027,0.2896,0.0544,0.1824,0.0237
GRID_07793,다사61756300,노원구,상계동,1938.4,False,3.9489,0.0,2.1482,0.1334,0.0,0.0726,0.0096
GRID_07794,다사61756325,노원구,상계동,0.0,True,0.4452,0.0,0.2422,0.0,0.0,0.0,0.0
GRID_07795,다사61756350,노원구,상계동,0.0,True,0.0,0.0,0.0,0.0,0.0,0.0,0.0
GRID_07796,다사61756375,노원구,상계동,0.0,True,0.0,0.0,0.0,0.0,0.0,0.0,0.0
GRID_07797,다사61756400,노원구,상계동,0.0,True,0.0,0.0,0.0,0.0,0.0,0.0,0.0
GRID_07798,다사61756425,노원구,상계동,0.0,True,0.0,0.0,0.0,0.0,0.0,0.0,0.0
GRID_07799,다사61756450,노원구,상계동,0.0,True,0.0,0.0,0.0,0.0,0.0,0.0,0.0
GRID_07800,다사61756475,노원구,상계동,4.7,False,0.0,0.0,0.0,0.0,0.0,0.0,0.0
GRID_07801,다사61756500,노원구,상계동,27.9,False,0.0,0.0,0.0,0.0,0.0,0.0,0.0
GRID_07802,다사61756525,노원구,상계동,141.7,False,0.0,0.0,0.0,0.0,0.0,0.0,0.0
GRID_07803,다사61756550,노원구,상계동,0.0,True,0.0,0.0,0.0,0.0,0.0,0.0,0.0
GRID_07804,다사61756575,노원구,상계동,0.0,True,0.0,0.0,0.0,0.0,0.0,0.0,0.0
GRID_07805,다사61756600,노원구,상계동,0.0,True,0.0,0.0,0.0,0.0,0.0,0.0,0.0
GRID_07806,다사62003675,서초구,신원동,0.0,True,0.3686,0.0,0.2005,0.0,0.0,0.0,0.0
GRID_07807,다사62003700,서초구,신원동,0.0,True,0.2534,0.0,0.1379,0.0,0.0,0.0,0.0
GRID_07808,다사62003725,서초구,신원동,0.0,True,0.0,0.0,0.0,0.0,0.0,0.0,0.0
GRID_07809,다사62003750,서초구,신원동,0.0,True,0.0,0.0,0.0,0.0,0.0,0.0,0.0
GRID_07810,다사62003775,서초구,신원동,0.0,True,0.0,0.0,0.0,0.0,0.0,0.0,0.0
GRID_07811,다사62003800,서초구,신원동,0.0,True,0.0,0.0,0.0,0.0,0.0,0.0,0.0
GRID_07812,다사62003825,서초구,내곡동,0.0,True,0.0,0.0,0.0,0.0,0.0,0.0,0.0
GRID_07813,다사62003850,서초구,내곡동,0.0,True,0.0,0.0,0.0,0.0,0.0,0.0,0.0
GRID_07814,다사62003875,서초구,내곡동,0.0,True,0.0,0.0,0.0,0.0,0.0,0.0,0.0
GRID_07815,다사62003900,서초구,내곡동,203.6,False,0.0,0.0,0.0,0.0,0.0,0.0,0.0
GRID_07816,다사62003925,서초구,내곡동,12.7,False,0.0,0.0,0.0,0.0,0.0,0.0,0.0
GRID_07817,다사62003950,서초구,내곡동,10.6,False,2.3029,0.0,1.2528,0.0778,0.0,0.0423,0.0173
GRID_07818,다사62003975,서초구,내곡동,548.3,False,3.7752,0.0,2.0537,0.1275,0.0,0.0694,0.011
GRID_07819,다사62004000,서초구,내곡동,5.1,False,1.6493,0.0,0.8972,0.0557,0.0,0.0303,0.0168
GRID_07820,다사62004025,서초구,내곡동,10.0,False,0.0,0.0,0.0,0.0,0.0,0.0,0.0
GRID_07821,다사62004050,서초구,내곡동,35.7,False,0.0,0.0,0.0,0.0,0.0,0.0,0.0
GRID_07822,다사62004075,서초구,내곡동,0.0,True,0.0,0.0,0.0,0.0,0.0,0.0,0.0
GRID_07823,다사62004100,서초구,내곡동,0.0,True,0.0,0.0,0.0,0.0,0.0,0.0,0.0
GRID_07824,다사62004125,서초구,내곡동,0.0,True,0.0,0.0,0.0,0.0,0.0,0.0,0.0
GRID_07825,다사62004150,강남구,개포동,0.0,True,0.0,0.0,0.0,0.0,0.0,0.0,0.0
GRID_07826,다사62004175,강남구,개포동,0.0,True,0.0,0.0,0.0,0.0,0.0,0.0,0.0
GRID_07827,다사62004200,강남구,개포동,0.0,True,0.0,0.0,0.0,0.0,0.0,0.0,0.0
GRID_07828,다사62004225,강남구,개포동,5.2,False,0.0,0.0,0.0,0.0,0.0,0.0,0.0
GRID_07829,다사62004250,강남구,개포동,825.9,False,0.7094,0.0,0.3859,0.024,0.0,0.013,0.0019
GRID_07830,다사62004275,강남구,개포동,4578.0,False,1.6127,0.0581,0.9038,0.0545,0.0104,0.0344,0.0041
GRID_07831,다사62004300,강남구,개포동,6347.0,False,3.1775,0.2804,1.8564,0.1073,0.05,0.0812,0.0093
GRID_07832,다사62004325,강남구,개포동,22.7,False,4.3617,0.4185,2.5636,0.1473,0.0746,0.1142,0.0361
GRID_07833,다사62004350,강남구,개포동,4346.4,False,3.536,0.5886,2.1919,0.1194,0.105,0.1128,0.0135
GRID_07834,다사62004375,강남구,개포동,10.4,False,2.4609,0.791,1.6995,0.0831,0.1411,0.1096,0.045
GRID_07835,다사62004400,강남구,대치동,1101.9,False,2.9404,0.6473,1.8948,0.0993,0.1154,0.1067,0.0152
GRID_07836,다사62004425,강남구,대치동,291.5,False,2.8868,0.3256,1.7189,0.0975,0.0581,0.0795,0.014
GRID_07837,다사62004450,강남구,대치동,868.5,False,1.2573,0.1952,0.773,0.0425,0.0348,0.039,0.0058
GRID_07838,다사62004475,강남구,대치동,71.5,False,0.4453,0.0843,0.2807,0.015,0.015,0.015,0.0035
GRID_07839,다사62004500,송파구,잠실동,168.3,False,0.0,0.0934,0.0426,0.0,0.0167,0.0076,0.0015
GRID_07840,다사62004525,송파구,잠실동,29.8,False,0.0,0.9067,0.4134,0.0,0.1617,0.0737,0.0215
GRID_07841,다사62004550,송파구,잠실동,21.3,False,2.2995,1.6002,1.9806,0.0777,0.2854,0.1724,0.0555
GRID_07842,다사62004575,송파구,잠실동,1594.0,False,3.1936,1.3719,2.3629,0.1079,0.2447,0.1703,0.0231
GRID_07843,다사62004600,송파구,잠실동,674.4,False,0.9307,1.0239,0.9732,0.0314,0.1826,0.1004,0.0154
GRID_07844,다사62004625,송파구,잠실동,369.6,False,0.0,0.5371,0.2449,0.0,0.0958,0.0437,0.0074
GRID_07845,다사62004650,송파구,잠실동,63.5,False,0.0,0.0,0.0,0.0,0.0,0.0,0.0
GRID_07846,다사62004675,송파구,잠실동,32.9,False,0.0,0.0,0.0,0.0,0.0,0.0,0.0
GRID_07847,다사62004700,송파구,신천동,0.0,True,0.0,0.0,0.0,0.0,0.0,0.0,0.0
GRID_07848,다사62004725,광진구,자양동,0.0,True,0.0,0.0,0.0,0.0,0.0,0.0,0.0
GRID_07849,다사62004750,광진구,자양동,0.0,True,0.0,0.2098,0.0957,0.0,0.0,0.0,0.0
GRID_07850,다사62004775,광진구,자양동,1570.5,False,0.2288,0.401,0.3073,0.0077,0.0715,0.0368,0.005
GRID_07851,다사62004800,광진구,자양동,1369.6,False,1.9694,0.4665,1.2841,0.0665,0.0832,0.0741,0.0103
GRID_07852,다사62004825,광진구,자양동,4840.1,False,5.0549,0.6606,3.0511,0.1708,0.1178,0.1466,0.0173
GRID_07853,다사62004850,광진구,자양동,242.7,False,4.3601,1.7664,3.1774,0.1473,0.315,0.2238,0.0407
GRID_07854,다사62004875,광진구,자양동,3302.3,False,2.5855,2.5164,2.554,0.0873,0.4488,0.2522,0.0311
GRID_07855,다사62004900,광진구,화양동,1098.6,False,4.9553,2.8415,3.9914,0.1674,0.5068,0.3222,0.046
GRID_07856,다사62004925,광진구,화양동,2529.6,False,4.5162,2.7673,3.7187,0.1526,0.4935,0.3081,0.0393
GRID_07857,다사62004950,광진구,화양동,3388.7,False,3.6125,2.1342,2.9384,0.122,0.3806,0.24,0.0295
GRID_07858,다사62004975,광진구,화양동,925.5,False,5.4902,0.9888,3.4376,0.1855,0.1764,0.1813,0.0265
GRID_07859,다사62005000,광진구,군자동,1651.6,False,5.7336,0.7564,3.464,0.1937,0.1349,0.1669,0.0225
GRID_07860,다사62005025,광진구,군자동,2416.2,False,4.5983,0.4938,2.7266,0.1553,0.0881,0.1247,0.016
GRID_07861,다사62005050,광진구,군자동,33.1,False,4.0636,0.1264,2.2682,0.1373,0.0226,0.085,0.0241
GRID_07862,다사62005075,성동구,송정동,3421.3,False,1.9355,0.2074,1.1475,0.0654,0.037,0.0524,0.0064
GRID_07863,다사62005100,성동구,송정동,5.0,False,0.9941,0.4352,0.7393,0.0336,0.0776,0.0537,0.03
GRID_07864,다사62005125,동대문구,장안동,150.8,False,0.8205,0.4419,0.6479,0.0277,0.0788,0.051,0.0102
GRID_07865,다사62005150,동대문구,장안동,2299.4,False,2.3425,0.387,1.4508,0.0791,0.069,0.0745,0.0096
GRID_07866,다사62005175,동대문구,장안동,32.0,False,5.2868,0.1493,2.9441,0.1786,0.0266,0.1093,0.0313
GRID_07867,다사62005200,동대문구,장안동,1246.3,False,6.1159,0.0,3.327,0.2066,0.0,0.1124,0.0158
GRID_07868,다사62005225,동대문구,장안동,2824.5,False,7.2757,0.0,3.958,0.2458,0.0,0.1337,0.0168
GRID_07869,다사62005250,동대문구,장안동,1856.8,False,9.2754,0.0,5.0458,0.3133,0.0,0.1705,0.0226
GRID_07870,다사62005275,동대문구,장안동,1361.6,False,5.9558,0.0,3.24,0.2012,0.0,0.1095,0.0152
GRID_07871,다사62005300,동대문구,장안동,433.5,False,5.42,0.0,2.9485,0.1831,0.0,0.0996,0.0164
GRID_07872,다사62005325,동대문구,장안동,667.4,False,6.0109,0.0,3.2699,0.2031,0.0,0.1105,0.017
GRID_07873,다사62005350,동대문구,장안동,2470.1,False,3.8074,0.0,2.0712,0.1286,0.0,0.07,0.009
GRID_07874,다사62005375,동대문구,휘경동,2529.8,False,3.768,0.0,2.0498,0.1273,0.0,0.0692,0.0088
GRID_07875,다사62005400,동대문구,휘경동,571.3,False,3.4638,0.0,1.8843,0.117,0.0,0.0637,0.01
GRID_07876,다사62005425,동대문구,휘경동,147.8,False,2.2985,0.0,1.2504,0.0776,0.0,0.0422,0.0084
GRID_07877,다사62005450,중랑구,면목동,476.9,False,2.16,0.1033,1.2222,0.073,0.0184,0.0481,0.0078
GRID_07878,다사62005475,중랑구,상봉동,232.5,False,3.1808,0.2966,1.8656,0.1075,0.0529,0.0826,0.0151
GRID_07879,다사62005500,중랑구,중화동,2388.4,False,4.5248,0.5004,2.6897,0.1529,0.0892,0.1238,0.0159
GRID_07880,다사62005525,중랑구,중화동,1948.0,False,3.3785,0.693,2.1539,0.1141,0.1236,0.1184,0.0156
GRID_07881,다사62005550,동대문구,이문동,65.1,False,4.2186,0.6595,2.5957,0.1425,0.1176,0.1312,0.0313
GRID_07882,다사62005575,동대문구,이문동,2630.4,False,3.5716,0.622,2.2266,0.1207,0.1109,0.1162,0.0148
GRID_07883,다사62005600,동대문구,이문동,1084.8,False,1.2358,0.5633,0.9291,0.0417,0.1005,0.0685,0.0098
GRID_07884,다사62005625,동대문구,이문동,205.3,False,0.0,0.3145,0.1434,0.0,0.0561,0.0256,0.0048
GRID_07885,다사62005650,성북구,석관동,93.4,False,1.0109,0.2279,0.6539,0.0342,0.0406,0.0371,0.0082
GRID_07886,다사62005675,성북구,석관동,1443.1,False,1.6126,0.755,1.2216,0.0545,0.1347,0.091,0.0125
GRID_07887,다사62005700,성북구,석관동,362.6,False,1.3324,1.4025,1.3644,0.045,0.2501,0.1385,0.0235
GRID_07888,다사62005725,중랑구,묵동,102.8,False,2.1449,1.7191,1.9507,0.0725,0.3066,0.1792,0.0386
GRID_07889,다사62005750,노원구,공릉동,10.2,False,3.3393,1.6481,2.5681,0.1128,0.2939,0.1954,0.0809
GRID_07890,다사62005775,노원구,공릉동,626.3,False,4.6327,1.2253,3.0789,0.1565,0.2185,0.1848,0.0287
GRID_07891,다사62005800,노원구,공릉동,37.3,False,4.3605,0.9671,2.8131,0.1473,0.1725,0.1588,0.0436
GRID_07892,다사62005825,노원구,공릉동,3986.8,False,5.2348,0.7961,3.2107,0.1768,0.142,0.1609,0.0194
GRID_07893,다사62005850,노원구,공릉동,2279.5,False,7.7849,0.7878,4.5942,0.263,0.1405,0.2071,0.0268
GRID_07894,다사62005875,노원구,공릉동,2126.8,False,7.6733,0.6392,4.4658,0.2592,0.114,0.193,0.0252
GRID_07895,다사62005900,노원구,공릉동,675.4,False,8.7304,0.6266,5.0351,0.2949,0.1118,0.2114,0.0324
GRID_07896,다사62005925,노원구,하계동,1678.3,False,9.0692,0.7211,5.2625,0.3064,0.1286,0.2253,0.0303
GRID_07897,다사62005950,노원구,하계동,1299.6,False,11.7563,0.9628,6.8345,0.3971,0.1717,0.2944,0.041
GRID_07898,다사62005975,노원구,하계동,864.8,False,10.7119,0.9539,6.2623,0.3619,0.1701,0.2744,0.0406
GRID_07899,다사62006000,노원구,하계동,241.4,False,7.243,0.7455,4.2802,0.2447,0.133,0.1937,0.0353
GRID_07900,다사62006025,노원구,하계동,1593.6,False,5.8618,0.5689,3.4482,0.198,0.1015,0.154,0.0209
GRID_07901,다사62006050,노원구,중계동,1695.8,False,3.9425,0.419,2.3358,0.1332,0.0747,0.1065,0.0143
GRID_07902,다사62006075,노원구,중계동,3092.6,False,4.8402,0.3514,2.7933,0.1635,0.0627,0.1175,0.0146
GRID_07903,다사62006100,노원구,중계동,4180.9,False,6.9189,0.1239,3.8204,0.2337,0.0221,0.1372,0.0165
GRID_07904,다사62006125,노원구,중계동,37.3,False,6.2198,0.0,3.3836,0.2101,0.0,0.1143,0.0314
GRID_07905,다사62006150,노원구,상계동,887.8,False,4.8856,0.1765,2.7383,0.165,0.0315,0.1041,0.0153
GRID_07906,다사62006175,노원구,상계동,2942.3,False,4.5921,0.6917,2.8135,0.1551,0.1234,0.1406,0.0176
GRID_07907,다사62006200,노원구,상계동,441.1,False,7.266,1.0672,4.4393,0.2455,0.1903,0.2203,0.0362
GRID_07908,다사62006225,노원구,상계동,1378.2,False,8.094,1.043,4.8787,0.2734,0.186,0.2336,0.0323
GRID_07909,다사62006250,노원구,상계동,1469.7,False,5.8943,0.9345,3.6326,0.1991,0.1667,0.1843,0.0253
GRID_07910,다사62006275,노원구,상계동,1967.2,False,6.1931,0.6454,3.6634,0.2092,0.1151,0.1663,0.0219
GRID_07911,다사62006300,노원구,상계동,3258.9,False,3.7159,0.1867,2.1066,0.1255,0.0333,0.0835,0.0103
GRID_07912,다사62006325,노원구,상계동,12.7,False,0.4999,0.0792,0.3081,0.0169,0.0141,0.0156,0.006
GRID_07913,다사62006350,노원구,상계동,0.0,True,0.0,0.0794,0.0362,0.0,0.0,0.0,0.0
GRID_07914,다사62006375,노원구,상계동,0.0,True,0.0,0.0,0.0,0.0,0.0,0.0,0.0
GRID_07915,다사62006400,노원구,상계동,0.0,True,0.0,0.0,0.0,0.0,0.0,0.0,0.0
GRID_07916,다사62006425,노원구,상계동,0.0,True,0.0,0.0,0.0,0.0,0.0,0.0,0.0
GRID_07917,다사62006450,노원구,상계동,0.0,True,0.0,0.0,0.0,0.0,0.0,0.0,0.0
GRID_07918,다사62006475,노원구,상계동,0.0,True,0.0,0.0,0.0,0.0,0.0,0.0,0.0
GRID_07919,다사62006500,노원구,상계동,160.7,False,0.0,0.0,0.0,0.0,0.0,0.0,0.0
GRID_07920,다사62006525,노원구,상계동,0.0,True,0.0,0.0,0.0,0.0,0.0,0.0,0.0
GRID_07921,다사62006550,노원구,상계동,0.0,True,0.0,0.0,0.0,0.0,0.0,0.0,0.0
GRID_07922,다사62006575,노원구,상계동,0.0,True,0.0,0.0,0.0,0.0,0.0,0.0,0.0
GRID_07923,다사62006600,노원구,상계동,0.0,True,0.0,0.0,0.0,0.0,0.0,0.0,0.0
GRID_07924,다사62253750,서초구,신원동,0.0,True,0.0,0.0,0.0,0.0,0.0,0.0,0.0
GRID_07925,다사62253800,서초구,내곡동,0.0,True,0.0,0.0,0.0,0.0,0.0,0.0,0.0
GRID_07926,다사62253825,서초구,내곡동,29.5,False,0.0,0.0,0.0,0.0,0.0,0.0,0.0
GRID_07927,다사62253850,서초구,내곡동,5.2,False,0.0,0.0,0.0,0.0,0.0,0.0,0.0
GRID_07928,다사62253875,서초구,내곡동,0.0,True,0.0,0.0,0.0,0.0,0.0,0.0,0.0
GRID_07929,다사62253900,서초구,내곡동,0.0,True,0.0,0.0,0.0,0.0,0.0,0.0,0.0
GRID_07930,다사62253925,서초구,내곡동,25.7,False,0.0,0.0,0.0,0.0,0.0,0.0,0.0
GRID_07931,다사62253950,서초구,내곡동,20.5,False,0.1624,0.0,0.0883,0.0055,0.0,0.003,0.001
GRID_07932,다사62253975,서초구,내곡동,104.8,False,1.0074,0.0,0.548,0.034,0.0,0.0185,0.004
GRID_07933,다사62254000,서초구,내곡동,153.3,False,0.424,0.0,0.2306,0.0143,0.0,0.0078,0.0015
GRID_07934,다사62254025,서초구,내곡동,14.0,False,0.0,0.0,0.0,0.0,0.0,0.0,0.0
GRID_07935,다사62254050,서초구,내곡동,0.0,True,0.0,0.0,0.0,0.0,0.0,0.0,0.0
GRID_07936,다사62254075,서초구,내곡동,0.0,True,0.0,0.0,0.0,0.0,0.0,0.0,0.0
GRID_07937,다사62254100,서초구,내곡동,0.0,True,0.0,0.0,0.0,0.0,0.0,0.0,0.0
GRID_07938,다사62254125,서초구,내곡동,0.0,True,0.0,0.0,0.0,0.0,0.0,0.0,0.0
GRID_07939,다사62254150,강남구,개포동,0.0,True,0.0,0.0,0.0,0.0,0.0,0.0,0.0
GRID_07940,다사62254175,강남구,개포동,10.0,False,0.0,0.0,0.0,0.0,0.0,0.0,0.0
GRID_07941,다사62254200,강남구,일원동,9.5,False,0.0,0.0,0.0,0.0,0.0,0.0,0.0
GRID_07942,다사62254225,강남구,일원동,0.0,True,0.0,0.0,0.0,0.0,0.0,0.0,0.0
GRID_07943,다사62254250,강남구,개포동,438.2,False,0.0,0.0,0.0,0.0,0.0,0.0,0.0
GRID_07944,다사62254275,강남구,개포동,1782.3,False,0.1657,0.0035,0.0917,0.0056,0.0006,0.0033,0.0004
GRID_07945,다사62254300,강남구,개포동,2031.4,False,3.1456,0.1424,1.7761,0.1063,0.0254,0.0694,0.0091
GRID_07946,다사62254325,강남구,일원동,1320.1,False,3.7699,0.4194,2.2421,0.1274,0.0748,0.1034,0.0144
GRID_07947,다사62254350,강남구,일원동,7235.3,False,4.3218,0.6933,2.6672,0.146,0.1236,0.1358,0.0153
GRID_07948,다사62254375,강남구,개포동,264.0,False,3.7077,0.8237,2.3926,0.1253,0.1469,0.1351,0.0242
GRID_07949,다사62254400,강남구,대치동,4407.0,False,1.5395,0.7321,1.1713,0.052,0.1306,0.0878,0.0105
GRID_07950,다사62254425,강남구,대치동,774.0,False,1.8844,0.4193,1.2163,0.0637,0.0748,0.0687,0.0103
GRID_07951,다사62254450,강남구,대치동,0.0,True,0.4672,0.1473,0.3213,0.0,0.0,0.0,0.0
GRID_07952,다사62254475,송파구,잠실동,28.1,False,0.5895,0.045,0.3412,0.0199,0.008,0.0145,0.0043
GRID_07953,다사62254500,송파구,잠실동,3167.5,False,1.7285,0.1706,1.0181,0.0584,0.0304,0.0456,0.0057
GRID_07954,다사62254525,송파구,잠실동,50.8,False,0.8596,0.8525,0.8564,0.029,0.152,0.0851,0.0216
GRID_07955,다사62254550,송파구,잠실동,1062.1,False,2.341,1.3353,1.8824,0.0791,0.2381,0.1516,0.0218
GRID_07956,다사62254575,송파구,잠실동,141.3,False,3.2436,1.4926,2.4451,0.1096,0.2662,0.181,0.0365
GRID_07957,다사62254600,송파구,잠실동,102.8,False,0.9176,1.2809,1.0833,0.031,0.2284,0.121,0.0261
GRID_07958,다사62254625,송파구,잠실동,135.0,False,0.0,0.7585,0.3459,0.0,0.1353,0.0617,0.0126
GRID_07959,다사62254650,송파구,잠실동,125.6,False,0.0,0.0601,0.0274,0.0,0.0107,0.0049,0.001
GRID_07960,다사62254675,송파구,잠실동,12.3,False,0.0,0.0,0.0,0.0,0.0,0.0,0.0
GRID_07961,다사62254700,송파구,신천동,0.0,True,0.0,0.0,0.0,0.0,0.0,0.0,0.0
GRID_07962,다사62254725,광진구,자양동,0.0,True,0.0,0.0,0.0,0.0,0.0,0.0,0.0
GRID_07963,다사62254750,광진구,자양동,0.0,True,0.05,0.0,0.0272,0.0,0.0,0.0,0.0
GRID_07964,다사62254775,광진구,자양동,243.8,False,1.1311,0.1296,0.6744,0.0382,0.0231,0.0313,0.0057
GRID_07965,다사62254800,광진구,자양동,1280.2,False,4.1837,0.1828,2.3593,0.1413,0.0326,0.0918,0.0128
GRID_07966,다사62254825,광진구,자양동,1587.0,False,6.0172,0.1193,3.3278,0.2033,0.0213,0.1203,0.0163
GRID_07967,다사62254850,광진구,자양동,2646.1,False,3.9725,1.0587,2.6438,0.1342,0.1888,0.1591,0.0202
GRID_07968,다사62254875,광진구,자양동,1863.0,False,2.6942,1.9186,2.3405,0.091,0.3422,0.2055,0.0273
GRID_07969,다사62254900,광진구,화양동,1044.3,False,3.1278,2.218,2.713,0.1057,0.3956,0.2379,0.0342
GRID_07970,다사62254925,광진구,화양동,430.4,False,3.1262,2.3097,2.7539,0.1056,0.4119,0.2453,0.0404
GRID_07971,다사62254950,광진구,화양동,1160.6,False,3.655,1.785,2.8023,0.1235,0.3184,0.2123,0.0301
GRID_07972,다사62254975,광진구,군자동,719.1,False,4.9348,1.0205,3.1499,0.1667,0.182,0.1737,0.0264
GRID_07973,다사62255000,광진구,군자동,2143.1,False,3.3098,0.9212,2.2206,0.1118,0.1643,0.1357,0.0177
GRID_07974,다사62255025,광진구,군자동,19.2,False,4.3531,0.8385,2.7504,0.1471,0.1495,0.1482,0.0493
GRID_07975,다사62255050,광진구,군자동,2308.1,False,5.4267,0.9083,3.3663,0.1833,0.162,0.1736,0.0224
GRID_07976,다사62255075,광진구,군자동,48.9,False,5.0248,0.9333,3.1591,0.1697,0.1665,0.1682,0.043
GRID_07977,다사62255100,광진구,군자동,497.7,False,3.3103,0.8434,2.1854,0.1118,0.1504,0.1294,0.0208
GRID_07978,다사62255125,광진구,중곡동,1583.0,False,1.7787,0.4522,1.1738,0.0601,0.0806,0.0695,0.0094
GRID_07979,다사62255150,광진구,중곡동,131.1,False,1.6031,0.0,0.8721,0.0542,0.0,0.0295,0.006
GRID_07980,다사62255175,동대문구,장안동,2794.4,False,2.5866,0.0,1.4071,0.0874,0.0,0.0475,0.006
GRID_07981,다사62255200,동대문구,장안동,2140.4,False,2.8792,0.0,1.5663,0.0973,0.0,0.0529,0.0069
GRID_07982,다사62255225,동대문구,장안동,1215.2,False,5.3527,0.0,2.9119,0.1808,0.0,0.0984,0.0138
GRID_07983,다사62255250,동대문구,장안동,2166.2,False,7.1553,0.0,3.8925,0.2417,0.0,0.1315,0.0171
GRID_07984,다사62255275,동대문구,장안동,5105.7,False,5.2323,0.0,2.8464,0.1768,0.0,0.0962,0.0113
GRID_07985,다사62255300,동대문구,장안동,1026.4,False,4.3327,0.0,2.357,0.1464,0.0,0.0796,0.0115
GRID_07986,다사62255325,동대문구,장안동,1566.3,False,4.9919,0.0,2.7156,0.1686,0.0,0.0917,0.0125
GRID_07987,다사62255350,동대문구,장안동,20.4,False,3.3794,0.0,1.8384,0.1142,0.0,0.0621,0.0203
GRID_07988,다사62255375,중랑구,면목동,205.9,False,3.7433,0.0,2.0364,0.1265,0.0,0.0688,0.0129
GRID_07989,다사62255400,중랑구,면목동,2511.8,False,4.1891,0.0,2.2789,0.1415,0.0,0.077,0.0098
GRID_07990,다사62255425,중랑구,면목동,42.8,False,4.0697,0.0063,2.2168,0.1375,0.0011,0.0753,0.0199
GRID_07991,다사62255450,중랑구,면목동,551.9,False,3.7634,0.2201,2.1477,0.1271,0.0393,0.0871,0.0138
GRID_07992,다사62255475,중랑구,상봉동,2511.6,False,7.6982,0.3795,4.3609,0.2601,0.0677,0.1723,0.022
GRID_07993,다사62255500,중랑구,중화동,48.5,False,9.2192,0.4432,5.2174,0.3114,0.079,0.2055,0.0527
GRID_07994,다사62255525,중랑구,중화동,1116.0,False,3.259,0.4435,1.9751,0.1101,0.0791,0.096,0.0137
GRID_07995,다사62255550,중랑구,중화동,1290.2,False,2.8666,0.7333,1.8938,0.0968,0.1308,0.1123,0.0157
GRID_07996,다사62255575,중랑구,중화동,953.4,False,3.6779,0.7476,2.3417,0.1242,0.1333,0.1284,0.0187
GRID_07997,다사62255600,중랑구,중화동,26.1,False,1.8103,0.6599,1.2857,0.0612,0.1177,0.0869,0.0263
GRID_07998,다사62255625,중랑구,묵동,1572.6,False,1.33,0.5969,0.9957,0.0449,0.1065,0.073,0.0099
GRID_07999,다사62255650,중랑구,묵동,2108.0,False,2.3173,0.4764,1.4778,0.0783,0.085,0.0813,0.0106
GRID_08000,다사62255675,중랑구,묵동,561.2,False,4.3837,0.6075,2.6618,0.1481,0.1083,0.13,0.0205
GRID_08001,다사62255700,중랑구,묵동,4304.7,False,7.0792,1.1936,4.3953,0.2391,0.2129,0.2272,0.0271
GRID_08002,다사62255725,중랑구,묵동,2227.5,False,9.0567,1.4864,5.6046,0.3059,0.2651,0.2873,0.0373
GRID_08003,다사62255750,노원구,공릉동,116.6,False,8.086,1.2357,4.9623,0.2732,0.2204,0.2491,0.0523
GRID_08004,다사62255775,노원구,공릉동,4977.9,False,6.8797,1.1955,4.2877,0.2324,0.2132,0.2237,0.0263
GRID_08005,다사62255800,노원구,공릉동,52.9,False,4.0723,1.2392,2.7804,0.1376,0.221,0.1756,0.044
GRID_08006,다사62255825,노원구,공릉동,2644.3,False,5.3352,0.9944,3.3558,0.1802,0.1773,0.1789,0.0227
GRID_08007,다사62255850,노원구,공릉동,740.4,False,7.4291,0.8389,4.424,0.251,0.1496,0.2048,0.031
GRID_08008,다사62255875,노원구,공릉동,38.5,False,7.4648,0.6868,4.374,0.2522,0.1225,0.193,0.0525
GRID_08009,다사62255900,노원구,공릉동,83.7,False,7.5935,0.398,4.3124,0.2565,0.071,0.1719,0.0387
GRID_08010,다사62255925,노원구,하계동,541.5,False,5.7281,0.3956,3.2965,0.1935,0.0706,0.1374,0.0218
GRID_08011,다사62255950,노원구,하계동,1123.3,False,3.1388,0.6052,1.9835,0.106,0.1079,0.1069,0.0152
GRID_08012,다사62255975,노원구,하계동,2542.0,False,3.9586,0.5974,2.4259,0.1337,0.1066,0.1213,0.0155
GRID_08013,다사62256000,노원구,하계동,3646.7,False,3.2378,0.3746,1.9322,0.1094,0.0668,0.09,0.011
GRID_08014,다사62256025,노원구,하계동,2310.9,False,4.4695,0.0,2.4314,0.151,0.0,0.0821,0.0106
GRID_08015,다사62256050,노원구,하계동,2003.9,False,5.2875,0.0,2.8764,0.1786,0.0,0.0972,0.0128
GRID_08016,다사62256075,노원구,중계동,315.2,False,6.1002,0.0,3.3185,0.2061,0.0,0.1121,0.0195
GRID_08017,다사62256100,노원구,중계동,2434.4,False,5.6789,0.0,3.0893,0.1918,0.0,0.1044,0.0134
GRID_08018,다사62256125,노원구,중계동,5343.2,False,5.1684,0.0,2.8116,0.1746,0.0,0.095,0.0111
GRID_08019,다사62256150,노원구,중계동,2626.9,False,4.1463,0.0,2.2556,0.1401,0.0,0.0762,0.0097
GRID_08020,다사62256175,노원구,중계동,2289.5,False,3.3322,0.462,2.0234,0.1126,0.0824,0.0988,0.0128
GRID_08021,다사62256200,노원구,중계동,3297.8,False,5.7327,0.9012,3.5295,0.1937,0.1607,0.1786,0.0221
GRID_08022,다사62256225,노원구,중계동,1916.4,False,7.7699,1.1297,4.742,0.2625,0.2015,0.2347,0.031
GRID_08023,다사62256250,노원구,상계동,2663.8,False,6.6949,1.0852,4.1369,0.2262,0.1935,0.2113,0.0268
GRID_08024,다사62256275,노원구,상계동,968.0,False,5.5098,0.7799,3.353,0.1861,0.1391,0.1647,0.0239
GRID_08025,다사62256300,노원구,상계동,0.0,True,2.9203,0.664,1.8914,0.0,0.0,0.0,0.0
GRID_08026,다사62256325,노원구,상계동,9.1,False,0.0,0.5847,0.2666,0.0,0.1043,0.0476,0.0206
GRID_08027,다사62256350,노원구,상계동,0.0,True,0.0,0.585,0.2668,0.0,0.0,0.0,0.0
GRID_08028,다사62256375,노원구,상계동,0.0,True,0.0,0.3691,0.1683,0.0,0.0,0.0,0.0
GRID_08029,다사62256400,노원구,상계동,0.0,True,0.0,0.0,0.0,0.0,0.0,0.0,0.0
GRID_08030,다사62256425,노원구,상계동,0.0,True,0.0,0.0,0.0,0.0,0.0,0.0,0.0
GRID_08031,다사62256450,노원구,상계동,0.0,True,0.0,0.0,0.0,0.0,0.0,0.0,0.0
GRID_08032,다사62256475,노원구,상계동,104.1,False,0.0,0.0,0.0,0.0,0.0,0.0,0.0
GRID_08033,다사62256500,노원구,상계동,59.2,False,0.0,0.0,0.0,0.0,0.0,0.0,0.0
GRID_08034,다사62256525,노원구,상계동,9.7,False,0.0,0.0,0.0,0.0,0.0,0.0,0.0
GRID_08035,다사62256550,노원구,상계동,0.0,True,0.0,0.0,0.0,0.0,0.0,0.0,0.0
GRID_08036,다사62256575,노원구,상계동,0.0,True,0.0,0.0,0.0,0.0,0.0,0.0,0.0
GRID_08037,다사62256600,노원구,상계동,0.0,True,0.0,0.0,0.0,0.0,0.0,0.0,0.0
GRID_08038,다사62256625,노원구,상계동,0.0,True,0.0,0.0,0.0,0.0,0.0,0.0,0.0
GRID_08039,다사62503800,서초구,내곡동,0.0,True,0.0,0.0,0.0,0.0,0.0,0.0,0.0
GRID_08040,다사62503825,서초구,내곡동,42.2,False,0.0,0.0,0.0,0.0,0.0,0.0,0.0
GRID_08041,다사62503850,서초구,내곡동,63.8,False,0.0,0.0,0.0,0.0,0.0,0.0,0.0
GRID_08042,다사62503875,서초구,내곡동,166.3,False,0.0,0.0,0.0,0.0,0.0,0.0,0.0
GRID_08043,다사62503900,서초구,내곡동,49.7,False,0.0,0.0,0.0,0.0,0.0,0.0,0.0
GRID_08044,다사62503925,서초구,내곡동,16.5,False,0.0,0.0,0.0,0.0,0.0,0.0,0.0
GRID_08045,다사62503950,서초구,내곡동,9.8,False,0.1415,0.0,0.077,0.0048,0.0,0.0026,0.0011
GRID_08046,다사62503975,서초구,내곡동,43.2,False,0.2545,0.0,0.1384,0.0086,0.0,0.0047,0.0012
GRID_08047,다사62504000,서초구,내곡동,9.0,False,0.5251,0.0,0.2857,0.0177,0.0,0.0097,0.0042
GRID_08048,다사62504025,서초구,내곡동,0.0,True,0.2674,0.0,0.1455,0.0,0.0,0.0,0.0
GRID_08049,다사62504050,서초구,내곡동,0.0,True,0.0,0.0,0.0,0.0,0.0,0.0,0.0
GRID_08050,다사62504075,서초구,내곡동,165.6,False,0.0,0.0,0.0,0.0,0.0,0.0,0.0
GRID_08051,다사62504100,서초구,내곡동,0.0,True,0.0,0.0,0.0,0.0,0.0,0.0,0.0
GRID_08052,다사62504125,서초구,내곡동,0.0,True,0.0,0.0,0.0,0.0,0.0,0.0,0.0
GRID_08053,다사62504150,서초구,내곡동,0.0,True,0.0,0.0,0.0,0.0,0.0,0.0,0.0
GRID_08054,다사62504175,강남구,일원동,6.4,False,0.0,0.0,0.0,0.0,0.0,0.0,0.0
GRID_08055,다사62504200,강남구,일원동,0.0,True,0.0,0.0,0.0,0.0,0.0,0.0,0.0
GRID_08056,다사62504225,강남구,일원동,11.7,False,0.094,0.0517,0.0747,0.0032,0.0092,0.0059,0.0023
GRID_08057,다사62504250,강남구,일원동,32.4,False,0.4419,0.183,0.3238,0.0149,0.0326,0.023,0.0066
GRID_08058,다사62504275,강남구,일원동,18.7,False,0.2909,0.2051,0.2518,0.0098,0.0366,0.022,0.0074
GRID_08059,다사62504300,강남구,개포동,35.3,False,0.6179,0.1969,0.426,0.0209,0.0351,0.0274,0.0076
GRID_08060,다사62504325,강남구,일원동,1589.9,False,1.4001,0.4777,0.9795,0.0473,0.0852,0.0646,0.0088
GRID_08061,다사62504350,강남구,일원동,305.9,False,4.8536,0.7422,2.9788,0.164,0.1324,0.1496,0.0261
GRID_08062,다사62504375,강남구,개포동,2965.9,False,6.3666,0.8677,3.8591,0.2151,0.1548,0.1876,0.0235
GRID_08063,다사62504400,강남구,개포동,96.0,False,1.9192,0.7667,1.3937,0.0648,0.1367,0.0976,0.0213
GRID_08064,다사62504425,강남구,대치동,294.5,False,0.8341,0.4528,0.6602,0.0282,0.0807,0.0521,0.0092
GRID_08065,다사62504450,강남구,대치동,13.2,False,0.5663,0.1026,0.3548,0.0191,0.0183,0.0188,0.0071
GRID_08066,다사62504475,송파구,잠실동,929.2,False,1.2229,0.0,0.6652,0.0413,0.0,0.0225,0.0033
GRID_08067,다사62504500,송파구,잠실동,12.6,False,2.6894,0.1087,1.5126,0.0909,0.0194,0.0583,0.0223
GRID_08068,다사62504525,송파구,잠실동,2070.8,False,1.7781,0.7753,1.3208,0.0601,0.1383,0.0957,0.0125
GRID_08069,다사62504550,송파구,잠실동,1253.3,False,1.042,1.2479,1.1359,0.0352,0.2226,0.1206,0.0169
GRID_08070,다사62504575,송파구,잠실동,1067.5,False,2.0464,1.403,1.753,0.0691,0.2502,0.1517,0.0218
GRID_08071,다사62504600,송파구,잠실동,2348.4,False,0.5621,1.1975,0.8518,0.019,0.2136,0.1077,0.0139
GRID_08072,다사62504625,송파구,잠실동,1369.1,False,0.0,0.6882,0.3138,0.0,0.1227,0.056,0.0077
GRID_08073,다사62504650,송파구,잠실동,174.4,False,0.0,0.0741,0.0338,0.0,0.0132,0.006,0.0012
GRID_08074,다사62504675,송파구,잠실동,5.3,False,0.0,0.0,0.0,0.0,0.0,0.0,0.0
GRID_08075,다사62504700,광진구,자양동,0.0,True,0.0,0.0,0.0,0.0,0.0,0.0,0.0
GRID_08076,다사62504725,광진구,자양동,0.0,True,0.0,0.0,0.0,0.0,0.0,0.0,0.0
GRID_08077,다사62504750,광진구,자양동,55.7,False,0.0,0.0,0.0,0.0,0.0,0.0,0.0
GRID_08078,다사62504775,광진구,자양동,2012.0,False,1.2744,0.0,0.6933,0.0431,0.0,0.0234,0.0031
GRID_08079,다사62504800,광진구,자양동,532.1,False,4.7993,0.0,2.6108,0.1621,0.0,0.0882,0.014
GRID_08080,다사62504825,광진구,자양동,1486.0,False,5.2359,0.0,2.8483,0.1769,0.0,0.0962,0.0132
GRID_08081,다사62504850,광진구,자양동,1273.0,False,4.9582,0.1968,2.787,0.1675,0.0351,0.1071,0.015
GRID_08082,다사62504875,광진구,자양동,1013.8,False,5.0536,0.8269,3.1262,0.1707,0.1475,0.1601,0.0231
GRID_08083,다사62504900,광진구,화양동,43.2,False,1.3791,1.0772,1.2415,0.0466,0.1921,0.113,0.0298
GRID_08084,다사62504925,광진구,화양동,291.2,False,0.0839,1.1739,0.5809,0.0028,0.2094,0.097,0.0171
GRID_08085,다사62504950,광진구,화양동,831.4,False,1.7228,0.9793,1.3837,0.0582,0.1747,0.1113,0.0166
GRID_08086,다사62504975,광진구,능동,461.6,False,2.5439,0.9115,1.7995,0.0859,0.1626,0.1209,0.0197
GRID_08087,다사62505000,광진구,능동,102.7,False,2.2886,0.8532,1.634,0.0773,0.1522,0.1114,0.024
GRID_08088,다사62505025,광진구,능동,38.9,False,3.8745,1.1825,2.647,0.1309,0.2109,0.1674,0.0454
GRID_08089,다사62505050,광진구,군자동,1287.1,False,7.1921,1.3386,4.5229,0.243,0.2387,0.241,0.0337
GRID_08090,다사62505075,광진구,군자동,5873.9,False,7.6794,1.4474,4.8376,0.2594,0.2581,0.2588,0.0298
GRID_08091,다사62505100,광진구,중곡동,1010.4,False,5.8339,1.3442,3.7866,0.1971,0.2397,0.2165,0.0313
GRID_08092,다사62505125,광진구,중곡동,1820.7,False,4.4403,0.8945,2.8234,0.15,0.1595,0.1543,0.0206
GRID_08093,다사62505150,광진구,중곡동,2871.5,False,3.9504,0.3152,2.2927,0.1335,0.0562,0.0982,0.0123
GRID_08094,다사62505175,광진구,중곡동,1525.5,False,2.9896,0.1796,1.7082,0.101,0.032,0.0695,0.0095
GRID_08095,다사62505200,광진구,중곡동,49.5,False,2.4582,0.1411,1.4016,0.083,0.0252,0.0567,0.0144
GRID_08096,다사62505225,동대문구,장안동,11.0,False,3.1834,0.0,1.7317,0.1075,0.0,0.0585,0.0235
GRID_08097,다사62505250,동대문구,장안동,28.6,False,3.1038,0.0,1.6885,0.1049,0.0,0.057,0.0168
GRID_08098,다사62505275,동대문구,장안동,55.3,False,1.6247,0.0,0.8839,0.0549,0.0,0.0299,0.0074
GRID_08099,다사62505300,동대문구,장안동,19.0,False,1.1147,0.0,0.6064,0.0377,0.0,0.0205,0.0068
GRID_08100,다사62505325,중랑구,면목동,40.2,False,1.9335,0.0,1.0518,0.0653,0.0,0.0355,0.0096
GRID_08101,다사62505350,중랑구,면목동,89.7,False,1.6531,0.0,0.8993,0.0558,0.0,0.0304,0.0067
GRID_08102,다사62505375,중랑구,면목동,2190.1,False,3.1618,0.0,1.72,0.1068,0.0,0.0581,0.0076
GRID_08103,다사62505400,중랑구,면목동,42.2,False,5.2128,0.0,2.8358,0.1761,0.0,0.0958,0.0254
GRID_08104,다사62505425,중랑구,면목동,4663.6,False,6.6154,0.0302,3.6126,0.2235,0.0054,0.124,0.0147
GRID_08105,다사62505450,중랑구,면목동,27.9,False,4.4327,0.2509,2.5258,0.1497,0.0447,0.1019,0.0303
GRID_08106,다사62505475,중랑구,상봉동,934.6,False,8.1705,0.4153,4.6341,0.276,0.0741,0.1839,0.0269
GRID_08107,다사62505500,중랑구,중화동,1715.3,False,7.9869,0.5226,4.5832,0.2698,0.0932,0.1893,0.0254
GRID_08108,다사62505525,중랑구,중화동,3826.7,False,2.9335,0.7235,1.9257,0.0991,0.129,0.1127,0.0137
GRID_08109,다사62505550,중랑구,중화동,2152.4,False,5.7956,0.7795,3.5083,0.1958,0.139,0.1699,0.0221
GRID_08110,다사62505575,중랑구,중화동,3602.7,False,10.3041,0.7247,5.9359,0.3481,0.1293,0.2483,0.0303
GRID_08111,다사62505600,중랑구,중화동,1655.0,False,8.9797,0.7019,5.205,0.3033,0.1252,0.2221,0.03
GRID_08112,다사62505625,중랑구,묵동,284.0,False,6.0957,0.8566,3.7066,0.2059,0.1528,0.1817,0.0321
GRID_08113,다사62505650,중랑구,묵동,2838.4,False,7.1156,0.8024,4.2368,0.2404,0.1431,0.196,0.0247
GRID_08114,다사62505675,중랑구,묵동,1527.0,False,9.4672,0.757,5.4954,0.3198,0.135,0.2355,0.0321
GRID_08115,다사62505700,중랑구,묵동,1714.4,False,13.8244,1.1258,8.0339,0.467,0.2008,0.3456,0.0464
GRID_08116,다사62505725,중랑구,묵동,1155.8,False,16.0028,1.2994,9.298,0.5406,0.2317,0.3998,0.0567
GRID_08117,다사62505750,중랑구,묵동,23.6,False,12.9023,1.1868,7.56,0.4359,0.2117,0.3336,0.1042
GRID_08118,다사62505775,노원구,공릉동,1529.1,False,6.815,1.201,4.255,0.2302,0.2142,0.2229,0.0304
GRID_08119,다사62505800,노원구,공릉동,4237.1,False,2.3042,1.1823,1.7927,0.0778,0.2109,0.1385,0.0166
GRID_08120,다사62505825,노원구,공릉동,1913.1,False,2.5763,0.8458,1.7872,0.087,0.1509,0.1161,0.0154
GRID_08121,다사62505850,노원구,공릉동,4103.0,False,5.1464,0.6861,3.1125,0.1739,0.1224,0.1504,0.0181
GRID_08122,다사62505875,노원구,공릉동,1920.4,False,5.1261,0.5448,3.037,0.1732,0.0972,0.1385,0.0183
GRID_08123,다사62505900,노원구,공릉동,83.0,False,5.1929,0.2527,2.9402,0.1754,0.0451,0.116,0.0262
GRID_08124,다사62505925,노원구,하계동,17.6,False,3.0769,0.0,1.6738,0.1039,0.0,0.0565,0.0193
GRID_08125,다사62505950,노원구,하계동,252.4,False,0.7874,0.1074,0.4773,0.0266,0.0192,0.0232,0.0042
GRID_08126,다사62505975,노원구,하계동,2304.1,False,2.4286,0.1013,1.3674,0.082,0.0181,0.0529,0.0068
GRID_08127,다사62506000,노원구,하계동,1850.0,False,2.9913,0.0,1.6273,0.1011,0.0,0.055,0.0073
GRID_08128,다사62506025,노원구,하계동,27.4,False,2.8144,0.0,1.531,0.0951,0.0,0.0517,0.0155
GRID_08129,다사62506050,노원구,하계동,99.5,False,3.6757,0.0,1.9996,0.1242,0.0,0.0675,0.0147
GRID_08130,다사62506075,노원구,중계동,954.2,False,4.83,0.0,2.6275,0.1632,0.0,0.0888,0.0129
GRID_08131,다사62506100,노원구,중계동,2739.5,False,5.3048,0.0,2.8858,0.1792,0.0,0.0975,0.0123
GRID_08132,다사62506125,노원구,중계동,5037.6,False,5.4775,0.0,2.9798,0.185,0.0,0.1007,0.0118
GRID_08133,다사62506150,노원구,중계동,13.3,False,4.4295,0.0,2.4097,0.1496,0.0,0.0814,0.0306
GRID_08134,다사62506175,노원구,중계동,2234.9,False,2.4924,0.3673,1.5234,0.0842,0.0655,0.0757,0.0098
GRID_08135,다사62506200,노원구,중계동,2048.2,False,1.7709,0.7879,1.3226,0.0598,0.1405,0.0966,0.0127
GRID_08136,다사62506225,노원구,중계동,4650.6,False,2.5839,1.0067,1.8647,0.0873,0.1795,0.1294,0.0153
GRID_08137,다사62506250,노원구,중계동,33.8,False,3.8868,0.964,2.554,0.1313,0.1719,0.1498,0.0422
GRID_08138,다사62506275,노원구,상계동,5479.7,False,4.9086,0.9418,3.0997,0.1658,0.168,0.1668,0.0194
GRID_08139,다사62506300,노원구,상계동,812.7,False,2.9334,0.9117,2.0115,0.0991,0.1626,0.1281,0.0191
GRID_08140,다사62506325,노원구,상계동,139.4,False,1.236,0.9545,1.1077,0.0418,0.1702,0.1003,0.0203
GRID_08141,다사62506350,노원구,상계동,1149.4,False,0.5702,0.9549,0.7456,0.0193,0.1703,0.0881,0.0125
GRID_08142,다사62506375,노원구,상계동,22.6,False,0.0,0.7047,0.3213,0.0,0.1257,0.0573,0.0181
GRID_08143,다사62506400,노원구,상계동,0.0,True,0.0,0.2715,0.1238,0.0,0.0,0.0,0.0
GRID_08144,다사62506425,노원구,상계동,0.0,True,0.0,0.0,0.0,0.0,0.0,0.0,0.0
GRID_08145,다사62506450,노원구,상계동,24.4,False,0.0,0.0,0.0,0.0,0.0,0.0,0.0
GRID_08146,다사62506475,노원구,상계동,68.2,False,0.0,0.0,0.0,0.0,0.0,0.0,0.0
GRID_08147,다사62506500,노원구,상계동,0.0,True,0.0,0.0,0.0,0.0,0.0,0.0,0.0
GRID_08148,다사62506525,노원구,상계동,0.0,True,0.0,0.0,0.0,0.0,0.0,0.0,0.0
GRID_08149,다사62506550,노원구,상계동,0.0,True,0.0,0.0,0.0,0.0,0.0,0.0,0.0
GRID_08150,다사62506575,노원구,상계동,0.0,True,0.0,0.0,0.0,0.0,0.0,0.0,0.0
GRID_08151,다사62506600,노원구,상계동,0.0,True,0.0,0.0,0.0,0.0,0.0,0.0,0.0
GRID_08152,다사62506625,노원구,상계동,0.0,True,0.0,0.0,0.0,0.0,0.0,0.0,0.0
GRID_08153,다사62753800,서초구,내곡동,0.0,True,0.0,0.0,0.0,0.0,0.0,0.0,0.0
GRID_08154,다사62753825,서초구,내곡동,0.0,True,0.0,0.0,0.0,0.0,0.0,0.0,0.0
GRID_08155,다사62753850,서초구,내곡동,0.0,True,0.0,0.0,0.0,0.0,0.0,0.0,0.0
GRID_08156,다사62753875,서초구,내곡동,6.1,False,0.0,0.0,0.0,0.0,0.0,0.0,0.0
GRID_08157,다사62753900,서초구,내곡동,10.9,False,0.0,0.0,0.0,0.0,0.0,0.0,0.0
GRID_08158,다사62753925,서초구,내곡동,0.0,True,0.1365,0.0,0.0742,0.0,0.0,0.0,0.0
GRID_08159,다사62753950,서초구,내곡동,36.5,False,0.367,0.0,0.1996,0.0124,0.0,0.0067,0.0019
GRID_08160,다사62753975,서초구,내곡동,12.5,False,0.9557,0.0,0.5199,0.0323,0.0,0.0176,0.0067
GRID_08161,다사62754000,서초구,내곡동,107.4,False,1.491,0.0,0.8111,0.0504,0.0,0.0274,0.0058
GRID_08162,다사62754025,서초구,내곡동,0.0,True,1.0766,0.0,0.5857,0.0,0.0,0.0,0.0
GRID_08163,다사62754050,서초구,내곡동,14.3,False,0.0096,0.0,0.0052,0.0003,0.0,0.0002,0.0001
GRID_08164,다사62754075,서초구,내곡동,242.8,False,0.0,0.0,0.0,0.0,0.0,0.0,0.0
GRID_08165,다사62754100,서초구,내곡동,0.0,True,0.0,0.0,0.0,0.0,0.0,0.0,0.0
GRID_08166,다사62754125,서초구,내곡동,0.0,True,0.0,0.0,0.0,0.0,0.0,0.0,0.0
GRID_08167,다사62754150,서초구,내곡동,0.0,True,0.0,0.0,0.0,0.0,0.0,0.0,0.0
GRID_08168,다사62754175,강남구,일원동,575.9,False,0.0,0.0,0.0,0.0,0.0,0.0,0.0
GRID_08169,다사62754200,강남구,일원동,0.0,True,0.0,0.0349,0.0159,0.0,0.0,0.0,0.0
GRID_08170,다사62754225,강남구,일원동,32.0,False,0.3611,0.285,0.3264,0.0122,0.0508,0.0298,0.0085
GRID_08171,다사62754250,강남구,일원동,32.8,False,1.6199,0.4449,1.0841,0.0547,0.0793,0.0659,0.0187
GRID_08172,다사62754275,강남구,일원동,5091.0,False,2.8673,0.4719,1.775,0.0969,0.0842,0.0911,0.0107
GRID_08173,다사62754300,강남구,일원동,58.2,False,2.7974,0.4038,1.7059,0.0945,0.072,0.0842,0.0206
GRID_08174,다사62754325,강남구,일원동,20.8,False,4.4778,0.5479,2.6858,0.1513,0.0977,0.1269,0.0412
GRID_08175,다사62754350,강남구,일원동,467.6,False,8.4636,0.6772,4.913,0.2859,0.1208,0.2106,0.0342
GRID_08176,다사62754375,강남구,일원동,1075.5,False,8.3439,0.7515,4.8817,0.2819,0.134,0.2145,0.0307
GRID_08177,다사62754400,강남구,개포동,365.9,False,3.1309,0.6146,1.9835,0.1058,0.1096,0.1075,0.0182
GRID_08178,다사62754425,강남구,일원동,11.8,False,0.1899,0.3939,0.2829,0.0064,0.0702,0.0355,0.0139
GRID_08179,다사62754450,강남구,대치동,223.3,False,0.0251,0.0844,0.0521,0.0008,0.015,0.0073,0.0014
GRID_08180,다사62754475,송파구,잠실동,49.3,False,0.0445,0.0494,0.0467,0.0015,0.0088,0.0048,0.0012
GRID_08181,다사62754500,송파구,잠실동,2972.8,False,1.7926,0.1011,1.0212,0.0606,0.018,0.0412,0.0051
GRID_08182,다사62754525,송파구,잠실동,953.0,False,1.2351,0.5658,0.9299,0.0417,0.1009,0.0687,0.01
GRID_08183,다사62754550,송파구,잠실동,2114.7,False,1.4075,1.2969,1.357,0.0475,0.2313,0.1313,0.0172
GRID_08184,다사62754575,송파구,잠실동,1461.4,False,3.0096,1.5903,2.3624,0.1017,0.2836,0.1846,0.0253
GRID_08185,다사62754600,송파구,잠실동,5549.3,False,1.0086,1.3106,1.1463,0.0341,0.2337,0.1251,0.0145
GRID_08186,다사62754625,송파구,잠실동,1232.7,False,0.0024,0.5351,0.2453,0.0001,0.0954,0.0436,0.0061
GRID_08187,다사62754650,송파구,잠실동,73.5,False,0.0,0.0,0.0,0.0,0.0,0.0,0.0
GRID_08188,다사62754675,송파구,잠실동,0.0,True,0.0,0.0,0.0,0.0,0.0,0.0,0.0
GRID_08189,다사62754700,송파구,신천동,0.0,True,0.0,0.0,0.0,0.0,0.0,0.0,0.0
GRID_08190,다사62754725,광진구,자양동,0.0,True,0.0,0.0,0.0,0.0,0.0,0.0,0.0
GRID_08191,다사62754750,광진구,자양동,872.6,False,0.0,0.0,0.0,0.0,0.0,0.0,0.0
GRID_08192,다사62754775,광진구,자양동,282.8,False,2.0549,0.0,1.1179,0.0694,0.0,0.0378,0.0067
GRID_08193,다사62754800,광진구,자양동,2127.0,False,4.85,0.0,2.6384,0.1638,0.0,0.0891,0.0116
GRID_08194,다사62754825,광진구,자양동,2156.1,False,3.2128,0.3669,1.9151,0.1085,0.0654,0.0889,0.0116
GRID_08195,다사62754850,광진구,자양동,3537.6,False,4.9718,0.5698,2.9645,0.168,0.1016,0.1377,0.0169
GRID_08196,다사62754875,광진구,자양동,1235.3,False,5.0057,0.5414,2.97,0.1691,0.0966,0.136,0.0191
GRID_08197,다사62754900,광진구,화양동,162.7,False,1.0372,0.3663,0.7313,0.035,0.0653,0.0489,0.0096
GRID_08198,다사62754925,광진구,화양동,20.0,False,0.2743,0.1547,0.2198,0.0093,0.0276,0.0176,0.0058
GRID_08199,다사62754950,광진구,화양동,1384.3,False,0.5517,0.4698,0.5143,0.0186,0.0838,0.0483,0.0067
GRID_08200,다사62754975,광진구,능동,167.5,False,0.3537,0.6226,0.4763,0.0119,0.111,0.0571,0.0111
GRID_08201,다사62755000,광진구,능동,121.6,False,0.3635,0.5753,0.4601,0.0123,0.1026,0.0535,0.0111
GRID_08202,다사62755025,광진구,능동,2628.5,False,1.4733,1.0648,1.287,0.0498,0.1899,0.1137,0.0144
GRID_08203,다사62755050,광진구,능동,1341.7,False,5.8368,1.3318,3.7825,0.1972,0.2375,0.2156,0.0299
GRID_08204,다사62755075,광진구,능동,71.9,False,9.8035,1.6153,6.0697,0.3312,0.2881,0.3115,0.0726
GRID_08205,다사62755100,광진구,중곡동,2225.8,False,7.4499,1.5077,4.7403,0.2517,0.2689,0.2595,0.0337
GRID_08206,다사62755125,광진구,중곡동,47.4,False,7.2368,1.1931,4.4809,0.2445,0.2128,0.23,0.0593
GRID_08207,다사62755150,광진구,중곡동,1612.0,False,7.4984,0.7099,4.4029,0.2533,0.1266,0.1955,0.0265
GRID_08208,다사62755175,광진구,중곡동,748.8,False,5.3507,0.4778,3.1286,0.1808,0.0852,0.1372,0.0207
GRID_08209,다사62755200,광진구,중곡동,2992.2,False,4.7971,0.4303,2.8059,0.1621,0.0767,0.1232,0.0154
GRID_08210,다사62755225,광진구,중곡동,44.6,False,4.943,0.2962,2.824,0.167,0.0528,0.1149,0.0301
GRID_08211,다사62755250,중랑구,면목동,1747.8,False,3.9248,0.1424,2.2,0.1326,0.0254,0.0837,0.0112
GRID_08212,다사62755275,중랑구,면목동,3600.0,False,1.405,0.1521,0.8337,0.0475,0.0271,0.0382,0.0047
GRID_08213,다사62755300,중랑구,면목동,872.9,False,0.9717,0.0755,0.563,0.0328,0.0135,0.024,0.0035
GRID_08214,다사62755325,중랑구,면목동,105.5,False,1.9506,0.0,1.0611,0.0659,0.0,0.0358,0.0077
GRID_08215,다사62755350,중랑구,면목동,1623.4,False,3.1103,0.0169,1.6997,0.1051,0.003,0.0585,0.0079
GRID_08216,다사62755375,중랑구,면목동,4124.4,False,4.0931,0.0,2.2266,0.1383,0.0,0.0752,0.009
GRID_08217,다사62755400,중랑구,면목동,44.4,False,7.495,0.053,4.1015,0.2532,0.0095,0.142,0.0372
GRID_08218,다사62755425,중랑구,면목동,4323.1,False,7.3357,0.1687,4.0675,0.2478,0.0301,0.1485,0.0177
GRID_08219,다사62755450,중랑구,면목동,3761.5,False,6.1233,0.3128,3.4737,0.2069,0.0558,0.138,0.0168
GRID_08220,다사62755475,중랑구,상봉동,2243.4,False,5.4828,0.7576,3.3281,0.1852,0.1351,0.1624,0.021
GRID_08221,다사62755500,중랑구,상봉동,693.3,False,3.5635,1.136,2.4566,0.1204,0.2026,0.1579,0.0241
GRID_08222,다사62755525,중랑구,중화동,826.4,False,2.9091,1.3899,2.2163,0.0983,0.2479,0.1665,0.0248
GRID_08223,다사62755550,중랑구,중화동,1523.9,False,9.6697,1.2826,5.8452,0.3267,0.2288,0.282,0.0385
GRID_08224,다사62755575,중랑구,중화동,629.2,False,14.4943,0.856,8.2752,0.4896,0.1527,0.336,0.0521
GRID_08225,다사62755600,중랑구,중화동,1139.1,False,9.51,0.7747,5.5267,0.3213,0.1382,0.2378,0.0338
GRID_08226,다사62755625,중랑구,묵동,1206.2,False,4.8249,0.9188,3.0437,0.163,0.1639,0.1634,0.023
GRID_08227,다사62755650,중랑구,묵동,1313.3,False,4.827,0.8493,3.0132,0.1631,0.1515,0.1578,0.022
GRID_08228,다사62755675,중랑구,묵동,2404.6,False,5.1488,0.7097,3.1246,0.1739,0.1266,0.1523,0.0196
GRID_08229,다사62755700,중랑구,묵동,6991.3,False,6.6782,0.9018,4.0442,0.2256,0.1608,0.1961,0.0221
GRID_08230,다사62755725,중랑구,묵동,387.2,False,9.7405,1.1481,5.8224,0.329,0.2048,0.2724,0.0457
GRID_08231,다사62755750,중랑구,묵동,47.9,False,8.6094,1.2395,5.2487,0.2908,0.2211,0.259,0.0666
GRID_08232,다사62755775,노원구,공릉동,2028.5,False,5.4414,1.2211,3.517,0.1838,0.2178,0.1993,0.0262
GRID_08233,다사62755800,노원구,공릉동,1545.5,False,2.4103,1.0243,1.7783,0.0814,0.1827,0.1276,0.0174
GRID_08234,다사62755825,노원구,공릉동,5588.4,False,2.5844,0.633,1.6946,0.0873,0.1129,0.099,0.0115
GRID_08235,다사62755850,노원구,공릉동,4675.2,False,4.6305,0.3713,2.6883,0.1564,0.0662,0.1153,0.0136
GRID_08236,다사62755875,노원구,공릉동,13.7,False,4.091,0.2522,2.3405,0.1382,0.045,0.0957,0.0356
GRID_08237,다사62755900,노원구,공릉동,107.2,False,2.8353,0.0062,1.5452,0.0958,0.0011,0.0526,0.0112
GRID_08238,다사62755925,노원구,공릉동,96.0,False,1.8428,0.0,1.0025,0.0623,0.0,0.0339,0.0074
GRID_08239,다사62755950,노원구,하계동,234.9,False,0.8461,0.0,0.4603,0.0286,0.0,0.0155,0.0028
GRID_08240,다사62755975,노원구,하계동,115.7,False,1.6836,0.0,0.9159,0.0569,0.0,0.0309,0.0065
GRID_08241,다사62756000,노원구,하계동,46.4,False,1.889,0.0,1.0276,0.0638,0.0,0.0347,0.009
GRID_08242,다사62756025,노원구,하계동,41.7,False,0.6994,0.0,0.3805,0.0236,0.0,0.0129,0.0034
GRID_08243,다사62756050,노원구,중계동,0.0,True,1.7012,0.0,0.9255,0.0,0.0,0.0,0.0
GRID_08244,다사62756075,노원구,중계동,508.1,False,4.6737,0.0,2.5425,0.1579,0.0,0.0859,0.0138
GRID_08245,다사62756100,노원구,중계동,1733.9,False,6.8306,0.0,3.7158,0.2307,0.0,0.1255,0.0168
GRID_08246,다사62756125,노원구,중계동,2596.0,False,6.1078,0.0,3.3227,0.2063,0.0,0.1122,0.0143
GRID_08247,다사62756150,노원구,중계동,689.6,False,3.6642,0.0,1.9933,0.1238,0.0,0.0673,0.0103
GRID_08248,다사62756175,노원구,중계동,471.1,False,2.1132,0.0865,1.189,0.0714,0.0154,0.0459,0.0074
GRID_08249,다사62756200,노원구,중계동,3187.3,False,0.954,0.4517,0.725,0.0322,0.0806,0.0543,0.0067
GRID_08250,다사62756225,노원구,중계동,1355.8,False,0.0486,0.6418,0.3191,0.0016,0.1145,0.0531,0.0074
GRID_08251,다사62756250,노원구,상계동,9.3,False,0.6686,0.6047,0.6394,0.0226,0.1078,0.0615,0.0264
GRID_08252,다사62756275,노원구,상계동,4076.5,False,2.1993,0.7241,1.5266,0.0743,0.1291,0.0993,0.0119
GRID_08253,다사62756300,노원구,상계동,1925.7,False,2.6415,0.829,1.815,0.0892,0.1479,0.116,0.0153
GRID_08254,다사62756325,노원구,상계동,2054.9,False,3.413,1.0928,2.355,0.1153,0.1949,0.1516,0.0199
GRID_08255,다사62756350,노원구,상계동,114.4,False,2.6842,1.0932,1.9587,0.0907,0.195,0.1382,0.0291
GRID_08256,다사62756375,노원구,상계동,989.8,False,0.2286,0.8301,0.5029,0.0077,0.148,0.0717,0.0104
GRID_08257,다사62756400,노원구,상계동,86.6,False,0.0,0.3747,0.1708,0.0,0.0668,0.0305,0.0068
GRID_08258,다사62756425,노원구,상계동,35.4,False,0.0,0.0,0.0,0.0,0.0,0.0,0.0
GRID_08259,다사62756450,노원구,상계동,150.7,False,0.0,0.0,0.0,0.0,0.0,0.0,0.0
GRID_08260,다사62756475,노원구,상계동,0.0,True,0.0,0.0,0.0,0.0,0.0,0.0,0.0
GRID_08261,다사62756500,노원구,상계동,0.0,True,0.0,0.0,0.0,0.0,0.0,0.0,0.0
GRID_08262,다사62756525,노원구,상계동,0.0,True,0.0,0.0,0.0,0.0,0.0,0.0,0.0
GRID_08263,다사62756550,노원구,상계동,0.0,True,0.0,0.0,0.0,0.0,0.0,0.0,0.0
GRID_08264,다사62756575,노원구,상계동,0.0,True,0.0,0.0,0.0,0.0,0.0,0.0,0.0
GRID_08265,다사62756600,노원구,상계동,0.0,True,0.0,0.0,0.0,0.0,0.0,0.0,0.0
GRID_08266,다사62756625,노원구,상계동,0.0,True,0.0,0.0,0.0,0.0,0.0,0.0,0.0
GRID_08267,다사63003800,서초구,내곡동,0.0,True,0.0,0.0,0.0,0.0,0.0,0.0,0.0
GRID_08268,다사63003825,서초구,내곡동,0.0,True,0.0,0.0,0.0,0.0,0.0,0.0,0.0
GRID_08269,다사63003850,서초구,내곡동,0.0,True,0.0,0.0,0.0,0.0,0.0,0.0,0.0
GRID_08270,다사63003875,서초구,내곡동,82.1,False,0.0,0.0,0.0,0.0,0.0,0.0,0.0
GRID_08271,다사63003900,서초구,내곡동,436.3,False,0.0,0.0,0.0,0.0,0.0,0.0,0.0
GRID_08272,다사63003925,서초구,내곡동,47.2,False,0.0536,0.0,0.0291,0.0018,0.0,0.001,0.0003
GRID_08273,다사63003950,서초구,내곡동,5.4,False,0.2577,0.0,0.1402,0.0087,0.0,0.0047,0.0026
GRID_08274,다사63003975,서초구,내곡동,24.0,False,0.5348,0.0,0.2909,0.0181,0.0,0.0098,0.0031
GRID_08275,다사63004000,서초구,내곡동,21.1,False,2.2334,0.0,1.215,0.0754,0.0,0.041,0.0133
GRID_08276,다사63004025,서초구,내곡동,130.0,False,2.2866,0.0,1.2439,0.0772,0.0,0.042,0.0086
GRID_08277,다사63004050,서초구,내곡동,38.0,False,0.7014,0.0,0.3815,0.0237,0.0,0.0129,0.0035
GRID_08278,다사63004075,서초구,내곡동,0.0,True,0.0,0.0,0.0,0.0,0.0,0.0,0.0
GRID_08279,다사63004100,서초구,내곡동,0.0,True,0.0,0.0,0.0,0.0,0.0,0.0,0.0
GRID_08280,다사63004125,서초구,내곡동,0.0,True,0.0,0.0,0.0,0.0,0.0,0.0,0.0
GRID_08281,다사63004150,서초구,내곡동,0.0,True,0.0,0.0,0.0,0.0,0.0,0.0,0.0
GRID_08282,다사63004175,서초구,내곡동,0.0,True,0.0,0.0,0.0,0.0,0.0,0.0,0.0
GRID_08283,다사63004200,강남구,일원동,0.0,True,0.0,0.1454,0.0663,0.0,0.0,0.0,0.0
GRID_08284,다사63004225,강남구,일원동,22.5,False,0.32,0.4218,0.3664,0.0108,0.0752,0.0402,0.0127
GRID_08285,다사63004250,강남구,일원동,261.6,False,4.1261,0.5985,2.5175,0.1394,0.1067,0.1245,0.0223
GRID_08286,다사63004275,강남구,일원동,58.3,False,7.033,0.6284,4.1125,0.2376,0.1121,0.1803,0.0442
GRID_08287,다사63004300,강남구,일원동,19.6,False,7.003,0.503,4.039,0.2366,0.0897,0.1696,0.0561
GRID_08288,다사63004325,강남구,일원동,1560.5,False,6.8964,0.5266,3.9918,0.233,0.0939,0.1696,0.0231
GRID_08289,다사63004350,강남구,일원동,53.6,False,7.5883,0.4893,4.3512,0.2563,0.0873,0.1792,0.0448
GRID_08290,다사63004375,강남구,일원동,29.4,False,6.9254,0.5766,4.0304,0.234,0.1028,0.1742,0.051
GRID_08291,다사63004400,강남구,일원동,1329.5,False,1.1282,0.5074,0.8451,0.0381,0.0905,0.062,0.0086
GRID_08292,다사63004425,강남구,일원동,227.7,False,0.1494,0.3009,0.2185,0.005,0.0537,0.0272,0.005
GRID_08293,다사63004450,송파구,삼전동,64.2,False,0.0,0.1426,0.065,0.0,0.0254,0.0116,0.0028
GRID_08294,다사63004475,송파구,잠실동,529.4,False,0.0977,0.3022,0.191,0.0033,0.0539,0.0264,0.0042
GRID_08295,다사63004500,송파구,잠실동,1969.8,False,1.1943,0.3673,0.8172,0.0403,0.0655,0.0518,0.0068
GRID_08296,다사63004525,송파구,잠실동,2598.2,False,1.1447,0.8455,1.0083,0.0387,0.1508,0.0898,0.0114
GRID_08297,다사63004550,송파구,잠실동,2771.7,False,2.4913,1.3095,1.9524,0.0842,0.2335,0.1523,0.0192
GRID_08298,다사63004575,송파구,잠실동,1392.8,False,5.4925,1.4239,3.6372,0.1855,0.2539,0.2167,0.0299
GRID_08299,다사63004600,송파구,잠실동,175.4,False,3.8919,1.2368,2.6812,0.1315,0.2206,0.1721,0.0333
GRID_08300,다사63004625,송파구,잠실동,3638.0,False,1.7781,0.6577,1.2672,0.0601,0.1173,0.0862,0.0105
GRID_08301,다사63004650,송파구,잠실동,35.8,False,1.4439,0.0458,0.8064,0.0488,0.0082,0.0303,0.0084
GRID_08302,다사63004675,송파구,잠실동,0.0,True,0.5388,0.0,0.2931,0.0,0.0,0.0,0.0
GRID_08303,다사63004700,송파구,신천동,0.0,True,0.0,0.0,0.0,0.0,0.0,0.0,0.0
GRID_08304,다사63004725,광진구,자양동,0.0,True,0.0,0.0,0.0,0.0,0.0,0.0,0.0
GRID_08305,다사63004750,광진구,자양동,2673.3,False,0.0,0.0,0.0,0.0,0.0,0.0,0.0
GRID_08306,다사63004775,광진구,자양동,3645.6,False,2.4891,0.0,1.3541,0.0841,0.0,0.0457,0.0056
GRID_08307,다사63004800,광진구,자양동,1435.1,False,5.8618,0.3204,3.335,0.198,0.0571,0.1338,0.0184
GRID_08308,다사63004825,광진구,자양동,4017.3,False,4.4101,0.7665,2.7486,0.149,0.1367,0.1434,0.0173
GRID_08309,다사63004850,광진구,자양동,2077.6,False,5.3382,1.0054,3.3624,0.1803,0.1793,0.1799,0.0235
GRID_08310,다사63004875,광진구,자양동,1990.0,False,4.8756,0.972,3.0955,0.1647,0.1733,0.1686,0.0222
GRID_08311,다사63004900,광진구,화양동,1570.0,False,3.2348,0.6756,2.0678,0.1093,0.1205,0.1144,0.0155
GRID_08312,다사63004925,광진구,구의동,2671.8,False,4.2084,0.1957,2.3786,0.1422,0.0349,0.0933,0.0118
GRID_08313,다사63004950,광진구,능동,1243.6,False,2.5484,0.0687,1.4176,0.0861,0.0123,0.0524,0.0074
GRID_08314,다사63004975,광진구,능동,524.9,False,0.7066,0.2084,0.4794,0.0239,0.0372,0.0299,0.0048
GRID_08315,다사63005000,광진구,능동,218.2,False,0.0,0.3743,0.1707,0.0,0.0668,0.0304,0.0056
GRID_08316,다사63005025,광진구,능동,145.1,False,0.0,0.8422,0.384,0.0,0.1502,0.0685,0.0137
GRID_08317,다사63005050,광진구,능동,1581.0,False,3.6175,1.3021,2.5617,0.1222,0.2322,0.1724,0.0234
GRID_08318,다사63005075,광진구,중곡동,2410.9,False,6.7315,1.3903,4.2959,0.2274,0.248,0.2368,0.0304
GRID_08319,다사63005100,광진구,중곡동,1318.6,False,5.2769,1.2887,3.4583,0.1783,0.2298,0.2018,0.0281
GRID_08320,다사63005125,광진구,중곡동,1630.3,False,6.7945,1.1489,4.2201,0.2295,0.2049,0.2183,0.0295
GRID_08321,다사63005150,광진구,중곡동,3174.2,False,8.4527,0.731,4.9316,0.2855,0.1304,0.2148,0.0266
GRID_08322,다사63005175,광진구,중곡동,21.0,False,8.5709,0.666,4.9663,0.2895,0.1188,0.2117,0.0685
GRID_08323,다사63005200,광진구,중곡동,3308.2,False,7.9519,0.6553,4.6246,0.2686,0.1169,0.1994,0.0246
GRID_08324,다사63005225,광진구,중곡동,3048.8,False,7.1749,0.6352,4.1928,0.2424,0.1133,0.1835,0.0229
GRID_08325,다사63005250,중랑구,면목동,600.8,False,5.6471,0.446,3.2754,0.1908,0.0796,0.1401,0.0219
GRID_08326,다사63005275,중랑구,면목동,1004.6,False,2.5199,0.3532,1.5319,0.0851,0.063,0.075,0.0109
GRID_08327,다사63005300,중랑구,면목동,32.9,False,1.2862,0.4348,0.898,0.0435,0.0775,0.059,0.0167
GRID_08328,다사63005325,중랑구,면목동,1230.6,False,3.2318,0.4925,1.9827,0.1092,0.0878,0.0994,0.014
GRID_08329,다사63005350,중랑구,면목동,1508.3,False,4.9492,0.4668,2.9052,0.1672,0.0832,0.1289,0.0176
GRID_08330,다사63005375,중랑구,면목동,17.6,False,4.8801,0.4869,2.8768,0.1649,0.0868,0.1293,0.0442
GRID_08331,다사63005400,중랑구,면목동,49.6,False,6.1994,0.513,3.6064,0.2094,0.0915,0.1556,0.0397
GRID_08332,다사63005425,중랑구,면목동,636.3,False,5.5977,0.5956,3.3167,0.1891,0.1062,0.1513,0.0234
GRID_08333,다사63005450,중랑구,면목동,4914.4,False,4.9592,0.8746,3.0966,0.1675,0.156,0.1623,0.0191
GRID_08334,다사63005475,중랑구,상봉동,2412.2,False,4.7659,1.3748,3.2195,0.161,0.2452,0.1994,0.0256
GRID_08335,다사63005500,중랑구,상봉동,1134.9,False,5.3153,1.4921,3.5719,0.1796,0.2661,0.219,0.0311
GRID_08336,다사63005525,중랑구,중화동,4137.0,False,5.6625,1.6807,3.8468,0.1913,0.2998,0.2407,0.0289
GRID_08337,다사63005550,중랑구,중화동,217.8,False,7.8021,1.5334,4.9436,0.2636,0.2735,0.2681,0.0498
GRID_08338,다사63005575,중랑구,중화동,1418.2,False,10.2275,1.0536,6.0442,0.3455,0.1879,0.2736,0.0377
GRID_08339,다사63005600,중랑구,중화동,684.0,False,3.8068,0.636,2.3609,0.1286,0.1134,0.1217,0.0186
GRID_08340,다사63005625,중랑구,중화동,800.4,False,0.5104,0.6768,0.5863,0.0172,0.1207,0.0644,0.0096
GRID_08341,다사63005650,중랑구,묵동,7.8,False,0.3248,0.5993,0.45,0.011,0.1069,0.0547,0.0252
GRID_08342,다사63005675,중랑구,묵동,17.8,False,0.1349,0.5245,0.3126,0.0046,0.0935,0.0451,0.0154
GRID_08343,다사63005700,중랑구,묵동,574.4,False,0.803,0.4511,0.6425,0.0271,0.0805,0.0514,0.0081
GRID_08344,다사63005725,중랑구,묵동,4717.2,False,2.547,0.7614,1.7328,0.086,0.1358,0.1087,0.0129
GRID_08345,다사63005750,중랑구,묵동,4295.1,False,4.1541,0.9456,2.691,0.1403,0.1686,0.1532,0.0183
GRID_08346,다사63005775,노원구,공릉동,8.3,False,5.2336,1.021,3.3126,0.1768,0.1821,0.1792,0.0804
GRID_08347,다사63005800,노원구,공릉동,209.8,False,2.118,0.7516,1.4949,0.0715,0.134,0.1,0.0187
GRID_08348,다사63005825,노원구,공릉동,4715.1,False,1.402,0.4341,0.9606,0.0474,0.0774,0.0611,0.0072
GRID_08349,다사63005850,노원구,공릉동,4277.1,False,2.9035,0.1027,1.6264,0.0981,0.0183,0.0617,0.0074
GRID_08350,다사63005875,노원구,공릉동,184.0,False,2.4803,0.0,1.3493,0.0838,0.0,0.0456,0.0087
GRID_08351,다사63005900,노원구,공릉동,1501.5,False,1.4311,0.0,0.7785,0.0483,0.0,0.0263,0.0036
GRID_08352,다사63005925,노원구,공릉동,115.7,False,1.0095,0.0,0.5492,0.0341,0.0,0.0186,0.0039
GRID_08353,다사63005950,노원구,공릉동,244.3,False,0.2254,0.0,0.1226,0.0076,0.0,0.0041,0.0008
GRID_08354,다사63005975,노원구,공릉동,33.8,False,1.3236,0.0,0.72,0.0447,0.0,0.0243,0.0069
GRID_08355,다사63006000,노원구,하계동,193.9,False,1.39,0.0,0.7561,0.047,0.0,0.0255,0.0048
GRID_08356,다사63006025,노원구,중계동,44.9,False,0.5768,0.0,0.3138,0.0195,0.0,0.0106,0.0028
GRID_08357,다사63006050,노원구,중계동,319.2,False,2.5494,0.0,1.3869,0.0861,0.0,0.0469,0.0081
GRID_08358,다사63006075,노원구,중계동,3388.8,False,4.6562,0.0,2.533,0.1573,0.0,0.0856,0.0105
GRID_08359,다사63006100,노원구,중계동,3025.1,False,4.4795,0.0,2.4369,0.1513,0.0,0.0823,0.0103
GRID_08360,다사63006125,노원구,중계동,2581.6,False,2.23,0.0,1.2131,0.0753,0.0,0.041,0.0052
GRID_08361,다사63006150,노원구,중계동,253.4,False,0.4124,0.0,0.2244,0.0139,0.0,0.0076,0.0014
GRID_08362,다사63006175,노원구,중계동,0.0,True,0.2266,0.0,0.1233,0.0,0.0,0.0,0.0
GRID_08363,다사63006200,노원구,중계동,51.7,False,0.0263,0.0,0.0143,0.0009,0.0,0.0005,0.0001
GRID_08364,다사63006225,노원구,중계동,24.6,False,0.0,0.1301,0.0593,0.0,0.0232,0.0106,0.0033
GRID_08365,다사63006250,노원구,중계동,31.7,False,0.0,0.1009,0.046,0.0,0.018,0.0082,0.0024
GRID_08366,다사63006275,노원구,상계동,0.0,True,0.0318,0.2751,0.1427,0.0,0.0,0.0,0.0
GRID_08367,다사63006300,노원구,상계동,2201.7,False,0.7586,0.7097,0.7363,0.0256,0.1266,0.0717,0.0093
GRID_08368,다사63006325,노원구,상계동,964.6,False,3.4325,0.9612,2.3056,0.116,0.1714,0.1413,0.0206
GRID_08369,다사63006350,노원구,상계동,4431.6,False,4.2605,0.9616,2.7562,0.1439,0.1715,0.1565,0.0186
GRID_08370,다사63006375,노원구,상계동,27.2,False,2.2586,0.7107,1.5528,0.0763,0.1268,0.0993,0.0297
GRID_08371,다사63006400,노원구,상계동,110.7,False,0.4333,0.2765,0.3618,0.0146,0.0493,0.0304,0.0065
GRID_08372,다사63006425,노원구,상계동,103.5,False,0.0,0.0,0.0,0.0,0.0,0.0,0.0
GRID_08373,다사63006450,노원구,상계동,44.8,False,0.0,0.0,0.0,0.0,0.0,0.0,0.0
GRID_08374,다사63006475,노원구,상계동,0.0,True,0.0,0.0,0.0,0.0,0.0,0.0,0.0
GRID_08375,다사63006500,노원구,상계동,0.0,True,0.0,0.0,0.0,0.0,0.0,0.0,0.0
GRID_08376,다사63006525,노원구,상계동,49.3,False,0.0,0.0,0.0,0.0,0.0,0.0,0.0
GRID_08377,다사63006550,노원구,상계동,0.0,True,0.0,0.0,0.0,0.0,0.0,0.0,0.0
GRID_08378,다사63006575,노원구,상계동,0.0,True,0.0,0.0,0.0,0.0,0.0,0.0,0.0
GRID_08379,다사63006600,노원구,상계동,0.0,True,0.0,0.0,0.0,0.0,0.0,0.0,0.0
GRID_08380,다사63006625,노원구,상계동,0.0,True,0.0,0.0,0.0,0.0,0.0,0.0,0.0
GRID_08381,다사63253825,서초구,내곡동,0.0,True,0.0,0.0,0.0,0.0,0.0,0.0,0.0
GRID_08382,다사63253850,서초구,내곡동,0.0,True,0.0,0.0,0.0,0.0,0.0,0.0,0.0
GRID_08383,다사63253875,서초구,내곡동,0.0,True,0.0,0.0,0.0,0.0,0.0,0.0,0.0
GRID_08384,다사63253900,서초구,내곡동,0.0,True,0.0,0.0,0.0,0.0,0.0,0.0,0.0
GRID_08385,다사63253925,서초구,내곡동,0.0,True,0.0,0.0,0.0,0.0,0.0,0.0,0.0
GRID_08386,다사63253950,서초구,내곡동,0.0,True,0.0,0.0,0.0,0.0,0.0,0.0,0.0
GRID_08387,다사63253975,서초구,내곡동,7.3,False,0.0066,0.0,0.0036,0.0002,0.0,0.0001,0.0001
GRID_08388,다사63254000,서초구,내곡동,25.8,False,1.2467,0.0,0.6782,0.0421,0.0,0.0229,0.007
GRID_08389,다사63254025,서초구,내곡동,47.8,False,1.9021,0.0,1.0348,0.0643,0.0,0.035,0.009
GRID_08390,다사63254050,서초구,내곡동,527.6,False,0.7021,0.0,0.3819,0.0237,0.0,0.0129,0.0021
GRID_08391,다사63254075,서초구,내곡동,29.6,False,0.0,0.0,0.0,0.0,0.0,0.0,0.0
GRID_08392,다사63254100,서초구,내곡동,31.2,False,0.0,0.0,0.0,0.0,0.0,0.0,0.0
GRID_08393,다사63254125,서초구,내곡동,0.0,True,0.0,0.0,0.0,0.0,0.0,0.0,0.0
GRID_08394,다사63254150,강남구,자곡동,0.0,True,0.0,0.0,0.0,0.0,0.0,0.0,0.0
GRID_08395,다사63254175,강남구,자곡동,0.0,True,0.0,0.0,0.0,0.0,0.0,0.0,0.0
GRID_08396,다사63254200,강남구,수서동,0.0,True,0.0,0.1481,0.0675,0.0,0.0,0.0,0.0
GRID_08397,다사63254225,강남구,수서동,121.3,False,0.2991,0.4252,0.3566,0.0101,0.0758,0.0401,0.0083
GRID_08398,다사63254250,강남구,일원동,531.7,False,3.8774,0.6024,2.384,0.131,0.1074,0.1202,0.0192
GRID_08399,다사63254275,강남구,일원동,227.3,False,5.3026,0.6323,3.1729,0.1791,0.1128,0.1489,0.0274
GRID_08400,다사63254300,강남구,수서동,501.3,False,4.3982,0.5067,2.6237,0.1486,0.0904,0.122,0.0196
GRID_08401,다사63254325,강남구,일원동,2858.7,False,4.6331,0.3282,2.6701,0.1565,0.0585,0.1118,0.0141
GRID_08402,다사63254350,강남구,일원동,1747.5,False,6.3753,0.2549,3.5844,0.2154,0.0455,0.1379,0.0185
GRID_08403,다사63254375,강남구,일원동,1304.1,False,5.1703,0.3289,2.9626,0.1747,0.0587,0.1218,0.017
GRID_08404,다사63254400,강남구,일원동,1361.7,False,1.6518,0.2702,1.0218,0.0558,0.0482,0.0523,0.0073
GRID_08405,다사63254425,강남구,일원동,181.4,False,0.1493,0.1111,0.1319,0.005,0.0198,0.0118,0.0023
GRID_08406,다사63254450,송파구,삼전동,42.1,False,0.4204,0.2812,0.357,0.0142,0.0502,0.0306,0.0081
GRID_08407,다사63254475,송파구,잠실동,1316.2,False,2.4545,0.4761,1.5523,0.0829,0.0849,0.0838,0.0117
GRID_08408,다사63254500,송파구,잠실동,4071.6,False,3.0879,0.6014,1.954,0.1043,0.1072,0.1057,0.0127
GRID_08409,다사63254525,송파구,잠실동,962.7,False,1.1456,1.1444,1.1451,0.0387,0.2041,0.1141,0.0166
GRID_08410,다사63254550,송파구,잠실동,124.6,False,2.991,1.4169,2.2732,0.101,0.2527,0.1702,0.0352
GRID_08411,다사63254575,송파구,잠실동,2079.9,False,6.3242,1.3499,4.0559,0.2136,0.2407,0.226,0.0296
GRID_08412,다사63254600,송파구,잠실동,4183.0,False,4.4095,1.194,2.9432,0.149,0.2129,0.1781,0.0214
GRID_08413,다사63254625,송파구,잠실동,2988.1,False,2.417,0.7835,1.6722,0.0817,0.1397,0.1081,0.0135
GRID_08414,다사63254650,송파구,잠실동,448.2,False,2.0682,0.1951,1.2141,0.0699,0.0348,0.0539,0.0088
GRID_08415,다사63254675,송파구,잠실동,0.0,True,0.7297,0.0,0.3969,0.0,0.0,0.0,0.0
GRID_08416,다사63254700,송파구,신천동,0.0,True,0.0,0.0,0.0,0.0,0.0,0.0,0.0
GRID_08417,다사63254725,광진구,자양동,0.0,True,0.0,0.0,0.0,0.0,0.0,0.0,0.0
GRID_08418,다사63254750,광진구,자양동,31.8,False,0.0,0.0,0.0,0.0,0.0,0.0,0.0
GRID_08419,다사63254775,광진구,자양동,783.4,False,1.4245,0.0,0.7749,0.0481,0.0,0.0262,0.0039
GRID_08420,다사63254800,광진구,자양동,1614.7,False,6.017,0.4696,3.4874,0.2033,0.0838,0.1488,0.0201
GRID_08421,다사63254825,광진구,자양동,580.7,False,5.8306,0.9458,3.6031,0.197,0.1687,0.1841,0.0289
GRID_08422,다사63254850,광진구,자양동,977.5,False,5.3612,1.2008,3.4641,0.1811,0.2142,0.1962,0.0285
GRID_08423,다사63254875,광진구,구의동,3192.9,False,5.2276,1.1651,3.3751,0.1766,0.2078,0.1908,0.0236
GRID_08424,다사63254900,광진구,구의동,773.9,False,3.571,0.8488,2.3297,0.1206,0.1514,0.1347,0.0202
GRID_08425,다사63254925,광진구,구의동,2073.5,False,5.3181,0.3365,3.0465,0.1797,0.06,0.1251,0.0164
GRID_08426,다사63254950,광진구,구의동,835.0,False,4.3901,0.0,2.3882,0.1483,0.0,0.0807,0.012
GRID_08427,다사63254975,광진구,능동,9.4,False,1.8832,0.3414,1.1802,0.0636,0.0609,0.0624,0.0266
GRID_08428,다사63255000,광진구,능동,99.3,False,0.2509,0.5945,0.4076,0.0085,0.106,0.053,0.0115
GRID_08429,다사63255025,광진구,능동,644.7,False,0.9158,0.7883,0.8577,0.0309,0.1406,0.0809,0.0125
GRID_08430,다사63255050,광진구,능동,638.7,False,2.8836,1.1446,2.0906,0.0974,0.2041,0.1461,0.0226
GRID_08431,다사63255075,광진구,중곡동,1992.2,False,4.9208,1.0817,3.1702,0.1662,0.1929,0.1784,0.0235
GRID_08432,다사63255100,광진구,중곡동,2775.2,False,7.5374,0.7476,4.4413,0.2546,0.1333,0.1993,0.0251
GRID_08433,다사63255125,광진구,중곡동,1739.6,False,8.5987,0.6931,4.9937,0.2905,0.1236,0.2144,0.0287
GRID_08434,다사63255150,광진구,중곡동,1495.0,False,10.4696,0.5784,5.9592,0.3537,0.1032,0.2394,0.0328
GRID_08435,다사63255175,광진구,중곡동,873.2,False,12.4745,0.6938,7.1025,0.4214,0.1237,0.2857,0.0422
GRID_08436,다사63255200,광진구,중곡동,780.0,False,10.2804,0.7676,5.9426,0.3473,0.1369,0.2514,0.0377
GRID_08437,다사63255225,광진구,중곡동,247.9,False,6.3488,0.7638,3.802,0.2145,0.1362,0.1788,0.0324
GRID_08438,다사63255250,중랑구,면목동,1484.8,False,5.5637,0.5818,3.292,0.1879,0.1038,0.1496,0.0205
GRID_08439,다사63255275,중랑구,면목동,15.6,False,4.242,0.5412,2.5544,0.1433,0.0965,0.122,0.0434
GRID_08440,다사63255300,중랑구,면목동,4789.2,False,2.9782,0.8377,2.0021,0.1006,0.1494,0.1229,0.0145
GRID_08441,다사63255325,중랑구,면목동,72.6,False,6.3214,0.9178,3.8573,0.2135,0.1637,0.1908,0.0444
GRID_08442,다사63255350,중랑구,면목동,2273.8,False,8.4791,0.8127,4.9832,0.2864,0.145,0.2219,0.0287
GRID_08443,다사63255375,중랑구,면목동,3760.2,False,4.1277,1.0394,2.7194,0.1394,0.1854,0.1604,0.0195
GRID_08444,다사63255400,중랑구,면목동,1938.4,False,5.0677,1.0586,3.2396,0.1712,0.1888,0.1792,0.0237
GRID_08445,다사63255425,중랑구,면목동,3095.0,False,7.8934,0.8865,4.6982,0.2666,0.1581,0.2172,0.027
GRID_08446,다사63255450,중랑구,면목동,66.4,False,6.7314,1.2749,4.2433,0.2274,0.2274,0.2274,0.054
GRID_08447,다사63255475,중랑구,상봉동,819.5,False,6.1491,1.6473,4.0963,0.2077,0.2938,0.247,0.0368
GRID_08448,다사63255500,중랑구,상봉동,1490.3,False,7.4579,1.6366,4.8034,0.2519,0.2919,0.2702,0.037
GRID_08449,다사63255525,중랑구,상봉동,1253.5,False,4.8282,1.6874,3.396,0.1631,0.3009,0.226,0.0317
GRID_08450,다사63255550,중랑구,상봉동,1812.2,False,4.4218,1.6708,3.1673,0.1494,0.298,0.2171,0.0289
GRID_08451,다사63255575,중랑구,중화동,2361.3,False,6.3405,1.1528,3.9749,0.2142,0.2056,0.2103,0.0271
GRID_08452,다사63255600,중랑구,중화동,1626.8,False,3.1323,0.4327,1.9013,0.1058,0.0772,0.0928,0.0125
GRID_08453,다사63255625,중랑구,중화동,0.0,True,0.0,0.2276,0.1038,0.0,0.0,0.0,0.0
GRID_08454,다사63255650,중랑구,묵동,0.0,True,0.0,0.1487,0.0678,0.0,0.0,0.0,0.0
GRID_08455,다사63255675,중랑구,묵동,13.6,False,0.0,0.2183,0.0996,0.0,0.0389,0.0178,0.0066
GRID_08456,다사63255700,중랑구,묵동,0.0,True,0.9337,0.2234,0.6098,0.0,0.0,0.0,0.0
GRID_08457,다사63255725,중랑구,묵동,1665.4,False,3.4999,0.5964,2.1759,0.1182,0.1064,0.1128,0.0152
GRID_08458,다사63255750,중랑구,묵동,7.2,False,7.3499,0.943,4.4283,0.2483,0.1682,0.2118,0.1006
GRID_08459,다사63255775,중랑구,묵동,38.0,False,7.4381,1.0107,4.5072,0.2513,0.1803,0.2189,0.0597
GRID_08460,다사63255800,노원구,공릉동,2144.9,False,4.0313,0.781,2.5492,0.1362,0.1393,0.1376,0.0179
GRID_08461,다사63255825,노원구,공릉동,27.5,False,1.9497,0.4996,1.2884,0.0659,0.0891,0.0765,0.0228
GRID_08462,다사63255850,노원구,공릉동,2223.8,False,1.9828,0.1551,1.1494,0.067,0.0277,0.0491,0.0064
GRID_08463,다사63255875,노원구,공릉동,1180.5,False,1.422,0.0,0.7736,0.048,0.0,0.0261,0.0037
GRID_08464,다사63255900,노원구,공릉동,146.7,False,0.7804,0.0,0.4245,0.0264,0.0,0.0143,0.0029
GRID_08465,다사63255925,노원구,공릉동,237.4,False,0.5311,0.0,0.2889,0.0179,0.0,0.0098,0.0018
GRID_08466,다사63255950,노원구,공릉동,81.5,False,0.0931,0.0,0.0506,0.0031,0.0,0.0017,0.0004
GRID_08467,다사63255975,노원구,공릉동,7.0,False,0.9044,0.0,0.492,0.0306,0.0,0.0166,0.008
GRID_08468,다사63256000,노원구,공릉동,40.0,False,0.9659,0.0,0.5254,0.0326,0.0,0.0178,0.0048
GRID_08469,다사63256025,노원구,중계동,244.6,False,0.2838,0.0,0.1544,0.0096,0.0,0.0052,0.0009
GRID_08470,다사63256050,노원구,중계동,952.0,False,1.3174,0.0,0.7166,0.0445,0.0,0.0242,0.0035
GRID_08471,다사63256075,노원구,중계동,444.2,False,1.5369,0.0,0.8361,0.0519,0.0,0.0282,0.0046
GRID_08472,다사63256100,노원구,중계동,2814.3,False,0.2755,0.0,0.1499,0.0093,0.0,0.0051,0.0006
GRID_08473,다사63256125,노원구,중계동,434.3,False,0.1109,0.0,0.0604,0.0037,0.0,0.002,0.0003
GRID_08474,다사63256150,노원구,중계동,17.7,False,0.0,0.0,0.0,0.0,0.0,0.0,0.0
GRID_08475,다사63256175,노원구,중계동,0.0,True,0.0,0.0,0.0,0.0,0.0,0.0,0.0
GRID_08476,다사63256200,노원구,중계동,0.0,True,0.0,0.0,0.0,0.0,0.0,0.0,0.0
GRID_08477,다사63256225,노원구,중계동,0.0,True,0.0,0.0,0.0,0.0,0.0,0.0,0.0
GRID_08478,다사63256250,노원구,중계동,6.8,False,0.0,0.0,0.0,0.0,0.0,0.0,0.0
GRID_08479,다사63256275,노원구,상계동,0.0,True,0.0,0.0029,0.0013,0.0,0.0,0.0,0.0
GRID_08480,다사63256300,노원구,상계동,8.6,False,0.0,0.3787,0.1727,0.0,0.0675,0.0308,0.0136
GRID_08481,다사63256325,노원구,상계동,16.1,False,1.1683,0.5963,0.9074,0.0395,0.1063,0.07,0.0246
GRID_08482,다사63256350,노원구,상계동,72.6,False,2.7732,0.5966,1.7807,0.0937,0.1064,0.0995,0.0231
GRID_08483,다사63256375,노원구,상계동,1057.2,False,2.9666,0.3796,1.7869,0.1002,0.0677,0.0854,0.0123
GRID_08484,다사63256400,노원구,상계동,160.7,False,1.7376,0.0041,0.9471,0.0587,0.0007,0.0323,0.0063
GRID_08485,다사63256425,노원구,상계동,114.2,False,0.1281,0.0,0.0697,0.0043,0.0,0.0024,0.0005
GRID_08486,다사63256450,노원구,상계동,0.0,True,0.0,0.0,0.0,0.0,0.0,0.0,0.0
GRID_08487,다사63256475,노원구,상계동,0.0,True,0.0,0.0,0.0,0.0,0.0,0.0,0.0
GRID_08488,다사63256500,노원구,상계동,10.4,False,0.0,0.0,0.0,0.0,0.0,0.0,0.0
GRID_08489,다사63256525,노원구,상계동,0.0,True,0.0,0.0,0.0,0.0,0.0,0.0,0.0
GRID_08490,다사63256550,노원구,상계동,0.0,True,0.0,0.0,0.0,0.0,0.0,0.0,0.0
GRID_08491,다사63256575,노원구,상계동,0.0,True,0.0,0.0,0.0,0.0,0.0,0.0,0.0
GRID_08492,다사63256600,노원구,상계동,0.0,True,0.0,0.0,0.0,0.0,0.0,0.0,0.0
GRID_08493,다사63503825,서초구,내곡동,0.0,True,0.0,0.0,0.0,0.0,0.0,0.0,0.0
GRID_08494,다사63503850,서초구,내곡동,0.0,True,0.0,0.0,0.0,0.0,0.0,0.0,0.0
GRID_08495,다사63503875,서초구,내곡동,0.0,True,0.0,0.0,0.0,0.0,0.0,0.0,0.0
GRID_08496,다사63503900,서초구,내곡동,0.0,True,0.0,0.0,0.0,0.0,0.0,0.0,0.0
GRID_08497,다사63503925,서초구,내곡동,0.0,True,0.0,0.0,0.0,0.0,0.0,0.0,0.0
GRID_08498,다사63503950,서초구,내곡동,0.0,True,0.0,0.0,0.0,0.0,0.0,0.0,0.0
GRID_08499,다사63503975,서초구,내곡동,27.5,False,0.0,0.0,0.0,0.0,0.0,0.0,0.0
GRID_08500,다사63504000,서초구,내곡동,58.7,False,0.0,0.0,0.0,0.0,0.0,0.0,0.0
GRID_08501,다사63504025,서초구,내곡동,66.3,False,0.9261,0.0,0.5038,0.0313,0.0,0.017,0.004
GRID_08502,다사63504050,서초구,내곡동,71.7,False,0.8387,0.0,0.4563,0.0283,0.0,0.0154,0.0036
GRID_08503,다사63504075,서초구,내곡동,16.2,False,0.1913,0.0,0.1041,0.0065,0.0,0.0035,0.0012
GRID_08504,다사63504100,강남구,자곡동,650.1,False,0.5749,0.0,0.3127,0.0194,0.0,0.0106,0.0016
GRID_08505,다사63504125,강남구,자곡동,2570.8,False,1.0348,0.0,0.563,0.035,0.0,0.019,0.0024
GRID_08506,다사63504150,강남구,자곡동,22.8,False,0.0,0.0,0.0,0.0,0.0,0.0,0.0
GRID_08507,다사63504175,강남구,자곡동,0.0,True,0.0,0.0,0.0,0.0,0.0,0.0,0.0
GRID_08508,다사63504200,강남구,수서동,6.8,False,0.0,0.0424,0.0193,0.0,0.0076,0.0035,0.0017
GRID_08509,다사63504225,강남구,수서동,191.0,False,1.4976,0.2943,0.9489,0.0506,0.0525,0.0515,0.0098
GRID_08510,다사63504250,강남구,수서동,145.2,False,3.3039,0.4554,2.005,0.1116,0.0812,0.0978,0.0196
GRID_08511,다사63504275,강남구,수서동,6201.7,False,2.149,0.4826,1.3891,0.0726,0.0861,0.0787,0.009
GRID_08512,다사63504300,강남구,수서동,90.5,False,0.5221,0.3684,0.452,0.0176,0.0657,0.0396,0.0088
GRID_08513,다사63504325,강남구,일원동,66.6,False,2.8945,0.144,1.6403,0.0978,0.0257,0.0649,0.0154
GRID_08514,다사63504350,강남구,일원동,2530.0,False,4.262,0.0,2.3185,0.144,0.0,0.0783,0.01
GRID_08515,다사63504375,강남구,일원동,785.4,False,2.8799,0.0085,1.5705,0.0973,0.0015,0.0536,0.008
GRID_08516,다사63504400,강남구,일원동,57.7,False,0.6866,0.0,0.3735,0.0232,0.0,0.0126,0.0031
GRID_08517,다사63504425,강남구,일원동,0.0,True,0.6248,0.0493,0.3624,0.0,0.0,0.0,0.0
GRID_08518,다사63504450,송파구,삼전동,1823.8,False,1.0952,0.3235,0.7433,0.037,0.0577,0.0464,0.0062
GRID_08519,다사63504475,송파구,삼전동,3665.5,False,4.1326,0.574,2.5098,0.1396,0.1024,0.1226,0.0149
GRID_08520,다사63504500,송파구,삼전동,317.2,False,5.3481,0.6083,3.1867,0.1807,0.1085,0.1477,0.0256
GRID_08521,다사63504525,송파구,잠실동,3213.9,False,2.5157,1.117,1.8779,0.085,0.1992,0.1371,0.017
GRID_08522,다사63504550,송파구,잠실동,810.4,False,3.0205,1.3698,2.2678,0.102,0.2443,0.1669,0.0249
GRID_08523,다사63504575,송파구,잠실동,95.7,False,3.3646,1.2881,2.4177,0.1137,0.2297,0.1666,0.0364
GRID_08524,다사63504600,송파구,잠실동,3648.3,False,1.6067,1.1022,1.3767,0.0543,0.1966,0.1192,0.0145
GRID_08525,다사63504625,송파구,잠실동,1284.6,False,2.0558,0.7034,1.4391,0.0694,0.1254,0.095,0.0133
GRID_08526,다사63504650,송파구,잠실동,35.1,False,1.3689,0.1316,0.8047,0.0462,0.0235,0.0359,0.01
GRID_08527,다사63504675,송파구,잠실동,0.0,True,0.1549,0.0,0.0843,0.0,0.0,0.0,0.0
GRID_08528,다사63504700,송파구,신천동,0.0,True,0.0,0.0,0.0,0.0,0.0,0.0,0.0
GRID_08529,다사63504725,송파구,신천동,0.0,True,0.0,0.0,0.0,0.0,0.0,0.0,0.0
GRID_08530,다사63504750,광진구,자양동,105.4,False,0.0,0.0,0.0,0.0,0.0,0.0,0.0
GRID_08531,다사63504775,광진구,자양동,26.9,False,0.1599,0.0,0.087,0.0054,0.0,0.0029,0.0009
GRID_08532,다사63504800,광진구,자양동,1377.6,False,4.0006,0.8164,2.5486,0.1351,0.1456,0.1399,0.0194
GRID_08533,다사63504825,광진구,자양동,3552.5,False,4.672,1.6004,3.2713,0.1578,0.2854,0.216,0.0264
GRID_08534,다사63504850,광진구,자양동,2142.5,False,6.0332,1.8432,4.1226,0.2038,0.3287,0.2608,0.034
GRID_08535,다사63504875,광진구,구의동,3099.7,False,6.9672,1.4787,4.4645,0.2354,0.2637,0.2483,0.0309
GRID_08536,다사63504900,광진구,구의동,2721.9,False,4.2112,0.7614,2.6381,0.1423,0.1358,0.1393,0.0176
GRID_08537,다사63504925,광진구,구의동,2901.6,False,5.6149,0.2656,3.1756,0.1897,0.0474,0.1248,0.0156
GRID_08538,다사63504950,광진구,구의동,1735.0,False,5.3826,0.1283,2.9867,0.1818,0.0229,0.1094,0.0147
GRID_08539,다사63504975,광진구,구의동,4382.7,False,3.1713,0.5348,1.969,0.1071,0.0954,0.1018,0.0121
GRID_08540,다사63505000,광진구,구의동,594.6,False,3.9968,0.8154,2.5461,0.135,0.1454,0.1398,0.0219
GRID_08541,다사63505025,광진구,능동,768.8,False,4.8016,0.8962,3.0207,0.1622,0.1598,0.1611,0.0242
GRID_08542,다사63505050,광진구,중곡동,929.7,False,4.3841,0.7548,2.7291,0.1481,0.1346,0.142,0.0208
GRID_08543,다사63505075,광진구,중곡동,792.9,False,9.4062,0.5216,5.3548,0.3178,0.093,0.2153,0.0322
GRID_08544,다사63505100,광진구,중곡동,1568.5,False,13.9419,0.0374,7.6014,0.471,0.0067,0.2593,0.0352
GRID_08545,다사63505125,광진구,중곡동,167.5,False,10.4004,0.2141,5.7554,0.3513,0.0382,0.2085,0.0407
GRID_08546,다사63505150,광진구,중곡동,896.3,False,6.4825,0.4472,3.7304,0.219,0.0798,0.1555,0.0229
GRID_08547,다사63505175,광진구,중곡동,1824.4,False,7.9512,0.5535,4.5779,0.2686,0.0987,0.1911,0.0255
GRID_08548,다사63505200,광진구,중곡동,353.3,False,5.1596,0.6339,3.0959,0.1743,0.113,0.1464,0.0249
GRID_08549,다사63505225,광진구,중곡동,2313.2,False,2.3652,0.647,1.5817,0.0799,0.1154,0.0961,0.0124
GRID_08550,다사63505250,중랑구,면목동,3384.8,False,2.544,0.4896,1.6072,0.0859,0.0873,0.0866,0.0107
GRID_08551,다사63505275,중랑구,면목동,21.5,False,3.1424,0.6488,2.0053,0.1062,0.1157,0.1105,0.0355
GRID_08552,다사63505300,중랑구,면목동,2486.9,False,4.0402,0.9716,2.6409,0.1365,0.1733,0.1533,0.0196
GRID_08553,다사63505325,중랑구,면목동,256.7,False,9.2105,1.0692,5.4981,0.3111,0.1907,0.2562,0.0462
GRID_08554,다사63505350,중랑구,면목동,4221.5,False,10.4254,0.9665,6.1121,0.3522,0.1724,0.2702,0.0324
GRID_08555,다사63505375,중랑구,면목동,1895.2,False,4.6608,1.2447,3.1031,0.1574,0.222,0.1869,0.0248
GRID_08556,다사63505400,중랑구,면목동,19.9,False,4.9991,1.2535,3.2911,0.1689,0.2236,0.1938,0.0638
GRID_08557,다사63505425,중랑구,면목동,4133.2,False,9.7484,0.9732,5.7469,0.3293,0.1736,0.2583,0.031
GRID_08558,다사63505450,중랑구,면목동,2278.2,False,8.4691,1.2419,5.1735,0.2861,0.2215,0.2566,0.0332
GRID_08559,다사63505475,중랑구,면목동,2536.7,False,5.2129,1.58,3.5563,0.1761,0.2818,0.2243,0.0286
GRID_08560,다사63505500,중랑구,상봉동,1141.4,False,4.7282,1.7361,3.3638,0.1597,0.3096,0.2281,0.0324
GRID_08561,다사63505525,중랑구,상봉동,2094.6,False,3.5073,1.7663,2.7134,0.1185,0.315,0.2081,0.0272
GRID_08562,다사63505550,중랑구,상봉동,1338.7,False,3.305,1.5281,2.4947,0.1116,0.2725,0.185,0.0257
GRID_08563,다사63505575,중랑구,상봉동,1906.4,False,4.2401,0.9279,2.7297,0.1432,0.1655,0.1534,0.0203
GRID_08564,다사63505600,중랑구,상봉동,383.1,False,3.3538,0.2848,1.9543,0.1133,0.0508,0.0848,0.0142
GRID_08565,다사63505625,중랑구,상봉동,0.0,True,1.0918,0.0,0.5939,0.0,0.0,0.0,0.0
GRID_08566,다사63505650,중랑구,상봉동,217.4,False,0.0,0.0,0.0,0.0,0.0,0.0,0.0
GRID_08567,다사63505675,중랑구,신내동,12.0,False,0.0,0.0,0.0,0.0,0.0,0.0,0.0
GRID_08568,다사63505700,중랑구,신내동,46.1,False,1.5827,0.2697,0.984,0.0535,0.0481,0.051,0.0132
GRID_08569,다사63505725,중랑구,묵동,1108.9,False,4.8141,0.7421,2.9573,0.1626,0.1324,0.1488,0.0212
GRID_08570,다사63505750,중랑구,묵동,1780.1,False,6.6668,1.0833,4.1207,0.2252,0.1932,0.2106,0.0281
GRID_08571,다사63505775,중랑구,묵동,140.8,False,5.6018,1.1307,3.563,0.1892,0.2017,0.1949,0.0393
GRID_08572,다사63505800,노원구,공릉동,1805.2,False,3.4222,0.8716,2.2591,0.1156,0.1555,0.1338,0.0178
GRID_08573,다사63505825,노원구,공릉동,3252.1,False,2.9445,0.4013,1.7848,0.0995,0.0716,0.0868,0.0107
GRID_08574,다사63505850,노원구,공릉동,1872.7,False,1.4487,0.0766,0.823,0.0489,0.0137,0.0328,0.0044
GRID_08575,다사63505875,노원구,공릉동,739.3,False,0.4467,0.0,0.243,0.0151,0.0,0.0082,0.0012
GRID_08576,다사63505900,노원구,공릉동,6.0,False,0.0268,0.0,0.0146,0.0009,0.0,0.0005,0.0003
GRID_08577,다사63505925,노원구,공릉동,0.0,True,0.0043,0.0,0.0024,0.0,0.0,0.0,0.0
GRID_08578,다사63505950,노원구,공릉동,5.0,False,0.0,0.0,0.0,0.0,0.0,0.0,0.0
GRID_08579,다사63505975,노원구,공릉동,0.0,True,0.0,0.0,0.0,0.0,0.0,0.0,0.0
GRID_08580,다사63506000,노원구,공릉동,0.0,True,0.0,0.0,0.0,0.0,0.0,0.0,0.0
GRID_08581,다사63506025,노원구,중계동,107.6,False,0.0,0.0,0.0,0.0,0.0,0.0,0.0
GRID_08582,다사63506050,노원구,중계동,211.3,False,0.0,0.0,0.0,0.0,0.0,0.0,0.0
GRID_08583,다사63506075,노원구,중계동,0.0,True,0.0,0.0,0.0,0.0,0.0,0.0,0.0
GRID_08584,다사63506100,노원구,중계동,27.5,False,0.0,0.0,0.0,0.0,0.0,0.0,0.0
GRID_08585,다사63506125,노원구,중계동,0.0,True,0.0,0.0,0.0,0.0,0.0,0.0,0.0
GRID_08586,다사63506150,노원구,중계동,0.0,True,0.0,0.0,0.0,0.0,0.0,0.0,0.0
GRID_08587,다사63506175,노원구,중계동,0.0,True,0.0,0.0,0.0,0.0,0.0,0.0,0.0
GRID_08588,다사63506200,노원구,중계동,0.0,True,0.0,0.0,0.0,0.0,0.0,0.0,0.0
GRID_08589,다사63506225,노원구,중계동,8.2,False,0.0,0.0,0.0,0.0,0.0,0.0,0.0
GRID_08590,다사63506250,노원구,중계동,0.0,True,0.0,0.0,0.0,0.0,0.0,0.0,0.0
GRID_08591,다사63506275,노원구,상계동,0.0,True,0.0,0.0,0.0,0.0,0.0,0.0,0.0
GRID_08592,다사63506300,노원구,상계동,0.0,True,0.0,0.0,0.0,0.0,0.0,0.0,0.0
GRID_08593,다사63506325,노원구,상계동,0.0,True,0.0,0.0928,0.0423,0.0,0.0,0.0,0.0
GRID_08594,다사63506350,노원구,상계동,88.8,False,0.0682,0.093,0.0795,0.0023,0.0166,0.0088,0.002
GRID_08595,다사63506375,노원구,상계동,11.9,False,1.53,0.0,0.8323,0.0517,0.0,0.0281,0.011
GRID_08596,다사63506400,노원구,상계동,185.1,False,1.3307,0.0,0.7239,0.045,0.0,0.0245,0.0047
GRID_08597,다사63506425,노원구,상계동,62.5,False,0.2673,0.0,0.1454,0.009,0.0,0.0049,0.0012
GRID_08598,다사63506450,노원구,상계동,0.0,True,0.0,0.0,0.0,0.0,0.0,0.0,0.0
GRID_08599,다사63506475,노원구,상계동,4.0,False,0.0,0.0,0.0,0.0,0.0,0.0,0.0
GRID_08600,다사63506500,노원구,상계동,0.0,True,0.0,0.0,0.0,0.0,0.0,0.0,0.0
GRID_08601,다사63506525,노원구,상계동,0.0,True,0.0,0.0,0.0,0.0,0.0,0.0,0.0
GRID_08602,다사63506550,노원구,상계동,0.0,True,0.0,0.0,0.0,0.0,0.0,0.0,0.0
GRID_08603,다사63753900,서초구,내곡동,0.0,True,0.0,0.0,0.0,0.0,0.0,0.0,0.0
GRID_08604,다사63753925,서초구,내곡동,0.0,True,0.0,0.0,0.0,0.0,0.0,0.0,0.0
GRID_08605,다사63753950,서초구,내곡동,0.0,True,0.0,0.0,0.0,0.0,0.0,0.0,0.0
GRID_08606,다사63753975,서초구,내곡동,6.2,False,0.0,0.0,0.0,0.0,0.0,0.0,0.0
GRID_08607,다사63754000,서초구,내곡동,26.6,False,0.0,0.0,0.0,0.0,0.0,0.0,0.0
GRID_08608,다사63754025,서초구,내곡동,28.3,False,0.6031,0.0,0.3281,0.0204,0.0,0.0111,0.0033
GRID_08609,다사63754050,서초구,내곡동,17.6,False,1.1562,0.0,0.629,0.0391,0.0,0.0212,0.0073
GRID_08610,다사63754075,강남구,세곡동,48.5,False,1.9586,0.0,1.0655,0.0662,0.0,0.036,0.0092
GRID_08611,다사63754100,강남구,세곡동,808.3,False,3.1872,0.0,1.7338,0.1077,0.0,0.0586,0.0087
GRID_08612,다사63754125,강남구,자곡동,2554.9,False,2.5728,0.0,1.3996,0.0869,0.0,0.0473,0.006
GRID_08613,다사63754150,강남구,자곡동,39.6,False,0.9313,0.0,0.5066,0.0315,0.0,0.0171,0.0046
GRID_08614,다사63754175,강남구,자곡동,10.1,False,0.0,0.0,0.0,0.0,0.0,0.0,0.0
GRID_08615,다사63754200,강남구,자곡동,0.0,True,0.0,0.0,0.0,0.0,0.0,0.0,0.0
GRID_08616,다사63754225,강남구,수서동,30.7,False,1.9139,0.0646,1.0706,0.0647,0.0115,0.0404,0.0117
GRID_08617,다사63754250,강남구,수서동,2105.4,False,4.1666,0.1974,2.3566,0.1408,0.0352,0.0926,0.0121
GRID_08618,다사63754275,강남구,수서동,34.1,False,2.7842,0.2198,1.6149,0.0941,0.0392,0.069,0.0194
GRID_08619,다사63754300,강남구,수서동,14.5,False,0.5625,0.1257,0.3633,0.019,0.0224,0.0206,0.0075
GRID_08620,다사63754325,강남구,일원동,4.6,False,0.4983,0.0,0.2711,0.0168,0.0,0.0092,0.0053
GRID_08621,다사63754350,강남구,수서동,348.5,False,0.791,0.0,0.4303,0.0267,0.0,0.0145,0.0025
GRID_08622,다사63754375,강남구,일원동,2256.4,False,0.1649,0.0,0.0897,0.0056,0.0,0.003,0.0004
GRID_08623,다사63754400,강남구,일원동,172.1,False,0.1206,0.0,0.0656,0.0041,0.0,0.0022,0.0004
GRID_08624,다사63754425,송파구,삼전동,117.0,False,1.1739,0.0919,0.6805,0.0397,0.0164,0.029,0.0061
GRID_08625,다사63754450,송파구,삼전동,3347.8,False,1.0868,0.5049,0.8215,0.0367,0.0901,0.061,0.0075
GRID_08626,다사63754475,송파구,삼전동,2264.6,False,2.68,0.7592,1.8041,0.0905,0.1354,0.111,0.0144
GRID_08627,다사63754500,송파구,삼전동,2976.0,False,3.3938,0.7769,2.2005,0.1146,0.1386,0.1255,0.0157
GRID_08628,다사63754525,송파구,삼전동,867.1,False,3.2361,0.825,2.1366,0.1093,0.1471,0.1266,0.0187
GRID_08629,다사63754550,송파구,잠실동,2599.4,False,4.5891,0.9263,2.9189,0.155,0.1652,0.1597,0.0203
GRID_08630,다사63754575,송파구,잠실동,2581.0,False,4.7433,0.8387,2.9628,0.1602,0.1496,0.1554,0.0198
GRID_08631,다사63754600,송파구,잠실동,145.6,False,2.2963,0.7604,1.5959,0.0776,0.1356,0.104,0.0209
GRID_08632,다사63754625,송파구,잠실동,1305.0,False,2.0429,0.3769,1.2832,0.069,0.0672,0.0682,0.0095
GRID_08633,다사63754650,송파구,잠실동,190.8,False,1.64,0.0,0.8922,0.0554,0.0,0.0301,0.0057
GRID_08634,다사63754675,송파구,잠실동,12.1,False,0.4321,0.0,0.235,0.0146,0.0,0.0079,0.0031
GRID_08635,다사63754700,송파구,신천동,16.7,False,0.0,0.0,0.0,0.0,0.0,0.0,0.0
GRID_08636,다사63754725,송파구,신천동,189.5,False,0.0,0.0,0.0,0.0,0.0,0.0,0.0
GRID_08637,다사63754750,송파구,신천동,0.0,True,0.0,0.0,0.0,0.0,0.0,0.0,0.0
GRID_08638,다사63754775,광진구,자양동,782.3,False,0.0,0.3524,0.1607,0.0,0.0629,0.0287,0.0043
GRID_08639,다사63754800,광진구,자양동,24.5,False,1.1677,1.1363,1.1534,0.0394,0.2027,0.1139,0.0352
GRID_08640,다사63754825,광진구,구의동,589.5,False,4.627,1.9247,3.3948,0.1563,0.3433,0.2416,0.0379
GRID_08641,다사63754850,광진구,구의동,1641.1,False,10.0977,2.1366,6.4675,0.3411,0.3811,0.3593,0.0485
GRID_08642,다사63754875,광진구,구의동,2044.1,False,8.292,1.7144,5.2926,0.2801,0.3058,0.2918,0.0383
GRID_08643,다사63754900,광진구,구의동,4018.6,False,5.2533,0.7724,3.21,0.1775,0.1377,0.1594,0.0192
GRID_08644,다사63754925,광진구,구의동,595.8,False,6.7799,0.0025,3.6894,0.229,0.0004,0.1248,0.0195
GRID_08645,다사63754950,광진구,구의동,4875.5,False,5.2477,0.1368,2.9171,0.1773,0.0244,0.1076,0.0127
GRID_08646,다사63754975,광진구,구의동,1106.7,False,4.2852,0.5455,2.5799,0.1448,0.0973,0.1231,0.0176
GRID_08647,다사63755000,광진구,구의동,2155.3,False,8.0475,0.8276,4.7552,0.2719,0.1476,0.2152,0.028
GRID_08648,다사63755025,광진구,구의동,1175.2,False,7.5831,0.9089,4.5397,0.2562,0.1621,0.2133,0.0302
GRID_08649,다사63755050,광진구,중곡동,1747.3,False,6.0501,0.7667,3.6409,0.2044,0.1367,0.1735,0.0232
GRID_08650,다사63755075,광진구,중곡동,2582.4,False,8.3561,0.4403,4.7465,0.2823,0.0785,0.1894,0.0241
GRID_08651,다사63755100,광진구,중곡동,3033.9,False,11.1051,0.0132,6.0472,0.3751,0.0023,0.2052,0.0256
GRID_08652,다사63755125,광진구,중곡동,1582.2,False,4.4599,0.0,2.4262,0.1507,0.0,0.082,0.0111
GRID_08653,다사63755150,광진구,중곡동,82.9,False,0.7781,0.1946,0.512,0.0263,0.0347,0.0301,0.0068
GRID_08654,다사63755175,광진구,중곡동,0.0,True,0.2686,0.2834,0.2754,0.0,0.0,0.0,0.0
GRID_08655,다사63755200,광진구,중곡동,48.6,False,0.0,0.2906,0.1325,0.0,0.0518,0.0236,0.0061
GRID_08656,다사63755225,중랑구,면목동,0.0,True,0.0,0.3167,0.1444,0.0,0.0,0.0,0.0
GRID_08657,다사63755250,중랑구,면목동,0.0,True,0.012,0.35,0.1661,0.0,0.0,0.0,0.0
GRID_08658,다사63755275,중랑구,면목동,0.0,True,0.7831,0.4813,0.6455,0.0,0.0,0.0,0.0
GRID_08659,다사63755300,중랑구,면목동,2379.4,False,1.9083,0.7995,1.4027,0.0645,0.1426,0.1001,0.0129
GRID_08660,다사63755325,중랑구,면목동,4771.9,False,5.9316,0.9051,3.6395,0.2004,0.1614,0.1826,0.0216
GRID_08661,다사63755350,중랑구,면목동,1193.9,False,7.6262,0.8857,4.5525,0.2576,0.158,0.2122,0.0299
GRID_08662,다사63755375,중랑구,면목동,1887.6,False,2.8191,1.0462,2.0106,0.0952,0.1866,0.1369,0.0181
GRID_08663,다사63755400,중랑구,면목동,2196.2,False,2.6538,1.0438,1.9196,0.0896,0.1862,0.1337,0.0174
GRID_08664,다사63755425,중랑구,면목동,4522.2,False,6.6541,0.8083,3.9884,0.2248,0.1442,0.188,0.0223
GRID_08665,다사63755450,중랑구,면목동,2724.9,False,5.1426,0.8443,3.1826,0.1737,0.1506,0.1632,0.0206
GRID_08666,다사63755475,중랑구,면목동,2593.5,False,3.7928,1.0384,2.5368,0.1281,0.1852,0.1541,0.0196
GRID_08667,다사63755500,중랑구,상봉동,1757.2,False,4.1143,1.2583,2.812,0.139,0.2244,0.1779,0.0238
GRID_08668,다사63755525,중랑구,상봉동,1468.7,False,6.1411,1.4101,3.9837,0.2075,0.2515,0.2275,0.0312
GRID_08669,다사63755550,중랑구,상봉동,830.1,False,5.2202,1.2199,3.396,0.1763,0.2176,0.1951,0.029
GRID_08670,다사63755575,중랑구,상봉동,4898.0,False,1.9954,0.6475,1.3808,0.0674,0.1155,0.0893,0.0105
GRID_08671,다사63755600,중랑구,상봉동,3017.9,False,3.347,0.3624,1.986,0.1131,0.0646,0.091,0.0114
GRID_08672,다사63755625,중랑구,상봉동,764.4,False,3.1742,0.0817,1.764,0.1072,0.0146,0.065,0.0098
GRID_08673,다사63755650,중랑구,신내동,0.0,True,0.5386,0.0,0.293,0.0,0.0,0.0,0.0
GRID_08674,다사63755675,중랑구,신내동,24.8,False,0.3656,0.071,0.2313,0.0124,0.0127,0.0125,0.0038
GRID_08675,다사63755700,중랑구,신내동,14.6,False,2.6967,0.3696,1.6356,0.0911,0.0659,0.0796,0.029
GRID_08676,다사63755725,중랑구,신내동,1045.1,False,6.0633,0.6412,3.5909,0.2048,0.1144,0.1636,0.0235
GRID_08677,다사63755750,중랑구,신내동,1349.5,False,4.2539,0.9484,2.7466,0.1437,0.1692,0.1553,0.0215
GRID_08678,다사63755775,노원구,공릉동,333.4,False,1.1326,0.9714,1.0591,0.0383,0.1732,0.0998,0.0172
GRID_08679,다사63755800,노원구,공릉동,691.3,False,1.7346,0.7039,1.2646,0.0586,0.1255,0.0891,0.0136
GRID_08680,다사63755825,노원구,공릉동,414.2,False,1.9015,0.2162,1.133,0.0642,0.0386,0.0525,0.0087
GRID_08681,다사63755850,노원구,공릉동,317.4,False,1.0573,0.0,0.5752,0.0357,0.0,0.0194,0.0034
GRID_08682,다사63755875,노원구,공릉동,157.7,False,0.0,0.0,0.0,0.0,0.0,0.0,0.0
GRID_08683,다사63755900,노원구,공릉동,57.1,False,0.0,0.0,0.0,0.0,0.0,0.0,0.0
GRID_08684,다사63755925,노원구,공릉동,39.7,False,0.0,0.0,0.0,0.0,0.0,0.0,0.0
GRID_08685,다사63755950,노원구,공릉동,6.0,False,0.0,0.0,0.0,0.0,0.0,0.0,0.0
GRID_08686,다사63755975,노원구,공릉동,28.4,False,0.0,0.0,0.0,0.0,0.0,0.0,0.0
GRID_08687,다사63756000,노원구,공릉동,0.0,True,0.0,0.0,0.0,0.0,0.0,0.0,0.0
GRID_08688,다사63756025,노원구,중계동,0.0,True,0.0,0.0,0.0,0.0,0.0,0.0,0.0
GRID_08689,다사63756050,노원구,중계동,55.7,False,0.0,0.0,0.0,0.0,0.0,0.0,0.0
GRID_08690,다사63756075,노원구,중계동,0.0,True,0.0,0.0,0.0,0.0,0.0,0.0,0.0
GRID_08691,다사63756100,노원구,중계동,0.0,True,0.0,0.0,0.0,0.0,0.0,0.0,0.0
GRID_08692,다사63756125,노원구,중계동,5.6,False,0.0,0.0,0.0,0.0,0.0,0.0,0.0
GRID_08693,다사63756150,노원구,중계동,0.0,True,0.0,0.0,0.0,0.0,0.0,0.0,0.0
GRID_08694,다사63756175,노원구,중계동,0.0,True,0.0,0.0,0.0,0.0,0.0,0.0,0.0
GRID_08695,다사63756200,노원구,중계동,0.0,True,0.0,0.0,0.0,0.0,0.0,0.0,0.0
GRID_08696,다사63756225,노원구,중계동,0.0,True,0.0,0.0,0.0,0.0,0.0,0.0,0.0
GRID_08697,다사63756250,노원구,중계동,0.0,True,0.0,0.0,0.0,0.0,0.0,0.0,0.0
GRID_08698,다사63756275,노원구,상계동,0.0,True,0.0,0.0,0.0,0.0,0.0,0.0,0.0
GRID_08699,다사63756300,노원구,상계동,0.0,True,0.0,0.0,0.0,0.0,0.0,0.0,0.0
GRID_08700,다사63756325,노원구,상계동,0.0,True,0.0,0.0,0.0,0.0,0.0,0.0,0.0
GRID_08701,다사63756350,노원구,상계동,0.0,True,0.0,0.0,0.0,0.0,0.0,0.0,0.0
GRID_08702,다사63756375,노원구,상계동,38.5,False,0.1374,0.0,0.0747,0.0046,0.0,0.0025,0.0007
GRID_08703,다사63756400,노원구,상계동,97.2,False,0.2723,0.0,0.1482,0.0092,0.0,0.005,0.0011
GRID_08704,다사63756425,노원구,상계동,8.1,False,0.0,0.0,0.0,0.0,0.0,0.0,0.0
GRID_08705,다사63756450,노원구,상계동,33.0,False,0.0,0.0,0.0,0.0,0.0,0.0,0.0
GRID_08706,다사63756475,노원구,상계동,0.0,True,0.0,0.0,0.0,0.0,0.0,0.0,0.0
GRID_08707,다사63756500,노원구,상계동,6.3,False,0.0,0.0,0.0,0.0,0.0,0.0,0.0
GRID_08708,다사63756525,노원구,상계동,0.0,True,0.0,0.0,0.0,0.0,0.0,0.0,0.0
GRID_08709,다사63756550,노원구,상계동,0.0,True,0.0,0.0,0.0,0.0,0.0,0.0,0.0
GRID_08710,다사64003950,서초구,내곡동,0.0,True,0.0,0.0,0.0,0.0,0.0,0.0,0.0
GRID_08711,다사64003975,서초구,내곡동,34.9,False,0.0,0.0,0.0,0.0,0.0,0.0,0.0
GRID_08712,다사64004000,서초구,내곡동,49.7,False,0.0,0.0,0.0,0.0,0.0,0.0,0.0
GRID_08713,다사64004025,강남구,세곡동,27.0,False,0.2424,0.0,0.1318,0.0082,0.0,0.0045,0.0013
GRID_08714,다사64004050,강남구,세곡동,969.3,False,1.9621,0.0,1.0674,0.0663,0.0,0.0361,0.0052
GRID_08715,다사64004075,강남구,세곡동,483.4,False,4.2622,0.0,2.3186,0.144,0.0,0.0783,0.0127
GRID_08716,다사64004100,강남구,세곡동,1050.3,False,3.867,0.0,2.1036,0.1306,0.0,0.0711,0.0102
GRID_08717,다사64004125,강남구,자곡동,1635.0,False,2.5485,0.0,1.3864,0.0861,0.0,0.0468,0.0063
GRID_08718,다사64004150,강남구,자곡동,2207.0,False,1.0134,0.0,0.5513,0.0342,0.0,0.0186,0.0024
GRID_08719,다사64004175,강남구,자곡동,7.7,False,0.0856,0.0,0.0466,0.0029,0.0,0.0016,0.0007
GRID_08720,다사64004200,강남구,자곡동,0.0,True,0.0,0.0,0.0,0.0,0.0,0.0,0.0
GRID_08721,다사64004225,강남구,수서동,147.2,False,1.2291,0.0,0.6686,0.0415,0.0,0.0226,0.0045
GRID_08722,다사64004250,강남구,수서동,481.6,False,4.0824,0.0,2.2208,0.1379,0.0,0.075,0.0121
GRID_08723,다사64004275,강남구,수서동,3630.8,False,4.0368,0.4268,2.3907,0.1364,0.0761,0.1089,0.0133
GRID_08724,다사64004300,강남구,수서동,0.0,True,1.2912,0.7494,1.0441,0.0,0.0,0.0,0.0
GRID_08725,다사64004325,강남구,수서동,7.0,False,0.0,0.5857,0.2671,0.0,0.1045,0.0476,0.0229
GRID_08726,다사64004350,강남구,수서동,56.3,False,0.0,0.0711,0.0324,0.0,0.0127,0.0058,0.0014
GRID_08727,다사64004375,강남구,수서동,814.7,False,0.0,0.0,0.0,0.0,0.0,0.0,0.0
GRID_08728,다사64004400,강남구,일원동,220.6,False,0.4942,0.0,0.2689,0.0167,0.0,0.0091,0.0017
GRID_08729,다사64004425,송파구,삼전동,1435.1,False,1.7995,0.2569,1.0961,0.0608,0.0458,0.054,0.0074
GRID_08730,다사64004450,송파구,삼전동,2494.2,False,2.6512,0.5217,1.6801,0.0896,0.093,0.0911,0.0117
GRID_08731,다사64004475,송파구,삼전동,1183.9,False,2.2921,0.7583,1.5927,0.0774,0.1352,0.1038,0.0147
GRID_08732,다사64004500,송파구,삼전동,1866.1,False,2.6242,0.7564,1.7725,0.0886,0.1349,0.1097,0.0146
GRID_08733,다사64004525,송파구,삼전동,1912.0,False,2.3299,0.5167,1.5031,0.0787,0.0921,0.0848,0.0112
GRID_08734,다사64004550,송파구,잠실동,4649.1,False,3.8541,0.574,2.3584,0.1302,0.1024,0.1175,0.0139
GRID_08735,다사64004575,송파구,잠실동,2844.4,False,5.1393,1.0325,3.2666,0.1736,0.1841,0.1784,0.0224
GRID_08736,다사64004600,송파구,잠실동,4246.6,False,3.2802,1.051,2.2637,0.1108,0.1874,0.1458,0.0174
GRID_08737,다사64004625,송파구,잠실동,3263.9,False,0.8567,0.6315,0.754,0.0289,0.1126,0.0671,0.0083
GRID_08738,다사64004650,송파구,잠실동,841.4,False,1.5398,0.0995,0.883,0.052,0.0178,0.0364,0.0054
GRID_08739,다사64004675,송파구,잠실동,215.2,False,1.5379,0.0,0.8366,0.052,0.0,0.0283,0.0053
GRID_08740,다사64004700,송파구,신천동,105.0,False,0.5635,0.0,0.3066,0.019,0.0,0.0104,0.0022
GRID_08741,다사64004725,송파구,신천동,0.0,True,0.0,0.0,0.0,0.0,0.0,0.0,0.0
GRID_08742,다사64004750,송파구,신천동,0.0,True,0.0,0.0,0.0,0.0,0.0,0.0,0.0
GRID_08743,다사64004775,송파구,신천동,0.0,True,0.0,0.5934,0.2706,0.0,0.0,0.0,0.0
GRID_08744,다사64004800,광진구,구의동,1531.2,False,0.312,1.3132,0.7686,0.0105,0.2342,0.1125,0.0153
GRID_08745,다사64004825,광진구,구의동,980.3,False,6.5682,1.7557,4.3737,0.2219,0.3131,0.2635,0.0382
GRID_08746,다사64004850,광진구,구의동,2501.2,False,12.8386,1.9231,7.8612,0.4337,0.343,0.3923,0.0501
GRID_08747,다사64004875,광진구,구의동,2554.0,False,8.8849,1.4768,5.5068,0.3001,0.2634,0.2834,0.0361
GRID_08748,다사64004900,광진구,구의동,2126.1,False,3.7468,0.574,2.3,0.1266,0.1024,0.1155,0.0151
GRID_08749,다사64004925,광진구,광장동,24.3,False,4.7401,0.0,2.5786,0.1601,0.0,0.0871,0.027
GRID_08750,다사64004950,광진구,구의동,0.0,True,3.0509,0.0,1.6597,0.0,0.0,0.0,0.0
GRID_08751,다사64004975,광진구,구의동,12.8,False,2.2813,0.3706,1.4101,0.0771,0.0661,0.0721,0.0275
GRID_08752,다사64005000,광진구,구의동,819.1,False,5.2749,0.6279,3.1558,0.1782,0.112,0.148,0.0221
GRID_08753,다사64005025,광진구,구의동,3790.3,False,5.5549,0.702,3.342,0.1877,0.1252,0.1592,0.0193
GRID_08754,다사64005050,광진구,구의동,1405.0,False,4.426,0.5723,2.6688,0.1495,0.1021,0.1279,0.0176
GRID_08755,다사64005075,광진구,중곡동,999.6,False,4.6944,0.2747,2.679,0.1586,0.049,0.1086,0.0157
GRID_08756,다사64005100,광진구,중곡동,1915.3,False,5.9717,0.0,3.2486,0.2017,0.0,0.1097,0.0145
GRID_08757,다사64005125,광진구,중곡동,32.9,False,4.933,0.0,2.6835,0.1666,0.0,0.0907,0.0257
GRID_08758,다사64005150,광진구,중곡동,0.0,True,1.4514,0.0,0.7896,0.0,0.0,0.0,0.0
GRID_08759,다사64005175,광진구,중곡동,0.0,True,0.0,0.0,0.0,0.0,0.0,0.0,0.0
GRID_08760,다사64005200,광진구,중곡동,0.0,True,0.0,0.0,0.0,0.0,0.0,0.0,0.0
GRID_08761,다사64005225,광진구,중곡동,0.0,True,0.0,0.0596,0.0272,0.0,0.0,0.0,0.0
GRID_08762,다사64005250,중랑구,면목동,0.0,True,0.0,0.1542,0.0703,0.0,0.0,0.0,0.0
GRID_08763,다사64005275,중랑구,면목동,0.0,True,0.0,0.164,0.0748,0.0,0.0,0.0,0.0
GRID_08764,다사64005300,중랑구,면목동,103.6,False,0.6801,0.3686,0.5381,0.023,0.0657,0.0425,0.0091
GRID_08765,다사64005325,중랑구,면목동,1430.2,False,2.6451,0.5279,1.6797,0.0894,0.0942,0.0915,0.0126
GRID_08766,다사64005350,중랑구,면목동,22.8,False,3.3045,0.5928,2.0679,0.1116,0.1057,0.1089,0.0344
GRID_08767,다사64005375,중랑구,면목동,598.8,False,2.2817,0.4987,1.4687,0.0771,0.0889,0.0825,0.0129
GRID_08768,다사64005400,중랑구,면목동,3922.5,False,5.3924,0.4873,3.1557,0.1822,0.0869,0.1387,0.0168
GRID_08769,다사64005425,중랑구,면목동,9.3,False,8.228,0.4605,4.686,0.278,0.0821,0.1887,0.0809
GRID_08770,다사64005450,중랑구,망우동,1271.2,False,6.3565,0.4102,3.645,0.2147,0.0732,0.1502,0.021
GRID_08771,다사64005475,중랑구,망우동,3233.7,False,4.7087,0.2421,2.6719,0.1591,0.0432,0.1062,0.0131
GRID_08772,다사64005500,중랑구,망우동,2466.8,False,4.751,0.4718,2.7997,0.1605,0.0841,0.1257,0.0161
GRID_08773,다사64005525,중랑구,망우동,858.7,False,8.7957,0.7076,5.1076,0.2971,0.1262,0.2192,0.0324
GRID_08774,다사64005550,중랑구,상봉동,1525.1,False,9.3347,0.6069,5.3548,0.3153,0.1082,0.2209,0.0301
GRID_08775,다사64005575,중랑구,상봉동,2189.1,False,3.1199,0.5455,1.946,0.1054,0.0973,0.1017,0.0132
GRID_08776,다사64005600,중랑구,상봉동,2483.2,False,4.4872,0.3502,2.6007,0.1516,0.0625,0.1109,0.0142
GRID_08777,다사64005625,중랑구,신내동,3047.2,False,4.8598,0.0721,2.6766,0.1642,0.0129,0.0952,0.0119
GRID_08778,다사64005650,중랑구,신내동,2248.6,False,3.4465,0.0,1.8749,0.1164,0.0,0.0633,0.0082
GRID_08779,다사64005675,중랑구,신내동,270.5,False,1.8684,0.0458,1.0373,0.0631,0.0082,0.0381,0.0068
GRID_08780,다사64005700,중랑구,신내동,3804.6,False,3.3153,0.3421,1.9595,0.112,0.061,0.0887,0.0108
GRID_08781,다사64005725,중랑구,신내동,1761.4,False,5.919,0.5474,3.4696,0.2,0.0976,0.1533,0.0205
GRID_08782,다사64005750,중랑구,신내동,1981.9,False,3.7088,0.6207,2.3006,0.1253,0.1107,0.1186,0.0156
GRID_08783,다사64005775,노원구,공릉동,0.0,True,0.4191,0.5716,0.4887,0.0,0.0,0.0,0.0
GRID_08784,다사64005800,노원구,공릉동,4.8,False,0.5303,0.3198,0.4343,0.0179,0.057,0.0358,0.0203
GRID_08785,다사64005825,노원구,공릉동,90.3,False,2.6223,0.025,1.4379,0.0886,0.0045,0.0502,0.0111
GRID_08786,다사64005850,노원구,공릉동,845.5,False,3.4717,0.0,1.8886,0.1173,0.0,0.0638,0.0095
GRID_08787,다사64005875,노원구,공릉동,102.7,False,1.8562,0.0,1.0098,0.0627,0.0,0.0341,0.0073
GRID_08788,다사64005900,노원구,공릉동,105.4,False,0.0297,0.0,0.0161,0.001,0.0,0.0005,0.0001
GRID_08789,다사64005925,노원구,공릉동,0.0,True,0.0,0.0,0.0,0.0,0.0,0.0,0.0
GRID_08790,다사64005950,노원구,공릉동,0.0,True,0.0,0.0,0.0,0.0,0.0,0.0,0.0
GRID_08791,다사64005975,노원구,공릉동,11.0,False,0.0,0.0,0.0,0.0,0.0,0.0,0.0
GRID_08792,다사64006000,노원구,공릉동,0.0,True,0.0,0.0,0.0,0.0,0.0,0.0,0.0
GRID_08793,다사64006025,노원구,공릉동,0.0,True,0.0,0.0,0.0,0.0,0.0,0.0,0.0
GRID_08794,다사64006050,노원구,중계동,0.0,True,0.0,0.0,0.0,0.0,0.0,0.0,0.0
GRID_08795,다사64006075,노원구,중계동,0.0,True,0.0,0.0,0.0,0.0,0.0,0.0,0.0
GRID_08796,다사64006100,노원구,중계동,0.0,True,0.0,0.0,0.0,0.0,0.0,0.0,0.0
GRID_08797,다사64006125,노원구,중계동,0.0,True,0.0,0.0,0.0,0.0,0.0,0.0,0.0
GRID_08798,다사64006150,노원구,중계동,0.0,True,0.0,0.0,0.0,0.0,0.0,0.0,0.0
GRID_08799,다사64006175,노원구,중계동,0.0,True,0.0,0.0,0.0,0.0,0.0,0.0,0.0
GRID_08800,다사64006200,노원구,중계동,0.0,True,0.0,0.0,0.0,0.0,0.0,0.0,0.0
GRID_08801,다사64006225,노원구,중계동,0.0,True,0.0,0.0,0.0,0.0,0.0,0.0,0.0
GRID_08802,다사64006250,노원구,중계동,0.0,True,0.0,0.0,0.0,0.0,0.0,0.0,0.0
GRID_08803,다사64006275,노원구,상계동,0.0,True,0.0,0.0,0.0,0.0,0.0,0.0,0.0
GRID_08804,다사64006300,노원구,상계동,1157.2,False,0.0,0.0,0.0,0.0,0.0,0.0,0.0
GRID_08805,다사64006325,노원구,상계동,0.0,True,0.0,0.0,0.0,0.0,0.0,0.0,0.0
GRID_08806,다사64006350,노원구,상계동,0.0,True,0.0,0.0,0.0,0.0,0.0,0.0,0.0
GRID_08807,다사64006375,노원구,상계동,120.8,False,0.0,0.0,0.0,0.0,0.0,0.0,0.0
GRID_08808,다사64006400,노원구,상계동,0.0,True,0.0,0.0,0.0,0.0,0.0,0.0,0.0
GRID_08809,다사64006425,노원구,상계동,0.0,True,0.0,0.0,0.0,0.0,0.0,0.0,0.0
GRID_08810,다사64006450,노원구,상계동,9.2,False,0.0,0.0,0.0,0.0,0.0,0.0,0.0
GRID_08811,다사64006475,노원구,상계동,0.0,True,0.0,0.0,0.0,0.0,0.0,0.0,0.0
GRID_08812,다사64006500,노원구,상계동,0.0,True,0.0,0.0,0.0,0.0,0.0,0.0,0.0
GRID_08813,다사64006525,노원구,상계동,0.0,True,0.0,0.0,0.0,0.0,0.0,0.0,0.0
GRID_08814,다사64006550,노원구,상계동,0.0,True,0.0,0.0,0.0,0.0,0.0,0.0,0.0
GRID_08815,다사64253950,강남구,세곡동,0.0,True,0.0,0.0,0.0,0.0,0.0,0.0,0.0
GRID_08816,다사64253975,강남구,세곡동,0.0,True,0.0,0.0,0.0,0.0,0.0,0.0,0.0
GRID_08817,다사64254000,강남구,세곡동,0.0,True,0.0,0.0,0.0,0.0,0.0,0.0,0.0
GRID_08818,다사64254025,강남구,세곡동,0.0,True,0.0994,0.0,0.0541,0.0,0.0,0.0,0.0
GRID_08819,다사64254050,강남구,세곡동,20.9,False,1.9238,0.0,1.0466,0.065,0.0,0.0354,0.0115
GRID_08820,다사64254075,강남구,세곡동,220.5,False,4.8382,0.0,2.632,0.1634,0.0,0.0889,0.0165
GRID_08821,다사64254100,강남구,세곡동,408.1,False,2.4802,0.0,1.3492,0.0838,0.0,0.0456,0.0076
GRID_08822,다사64254125,강남구,자곡동,114.7,False,1.002,0.0,0.5451,0.0338,0.0,0.0184,0.0039
GRID_08823,다사64254150,강남구,자곡동,131.9,False,1.1644,0.0,0.6335,0.0393,0.0,0.0214,0.0044
GRID_08824,다사64254175,강남구,자곡동,60.9,False,0.2248,0.0,0.1223,0.0076,0.0,0.0041,0.001
GRID_08825,다사64254200,강남구,자곡동,0.0,True,0.0,0.0,0.0,0.0,0.0,0.0,0.0
GRID_08826,다사64254225,강남구,수서동,57.6,False,0.2407,0.0,0.131,0.0081,0.0,0.0044,0.0011
GRID_08827,다사64254250,강남구,수서동,125.8,False,1.8086,0.6547,1.2824,0.0611,0.1168,0.0865,0.0179
GRID_08828,다사64254275,강남구,수서동,18.5,False,2.5127,1.5423,2.0702,0.0849,0.2751,0.1716,0.0578
GRID_08829,다사64254300,강남구,수서동,27.2,False,2.2971,1.9397,2.1341,0.0776,0.3459,0.2,0.0599
GRID_08830,다사64254325,강남구,수서동,49.9,False,2.7347,1.7381,2.2802,0.0924,0.31,0.1916,0.0488
GRID_08831,다사64254350,강남구,수서동,234.8,False,0.2349,0.9932,0.5807,0.0079,0.1771,0.0851,0.0156
GRID_08832,다사64254375,강남구,수서동,359.4,False,0.0,0.056,0.0255,0.0,0.01,0.0046,0.0008
GRID_08833,다사64254400,강남구,일원동,17.3,False,0.155,0.0449,0.1048,0.0052,0.008,0.0065,0.0022
GRID_08834,다사64254425,송파구,석촌동,349.9,False,2.1613,0.3201,1.3217,0.073,0.0571,0.0658,0.0112
GRID_08835,다사64254450,송파구,석촌동,965.1,False,3.9005,0.5238,2.3607,0.1318,0.0934,0.1143,0.0166
GRID_08836,다사64254475,송파구,삼전동,864.4,False,5.5002,0.6034,3.2673,0.1858,0.1076,0.1502,0.0222
GRID_08837,다사64254500,송파구,삼전동,1959.0,False,4.7047,0.5516,2.8109,0.1589,0.0984,0.1313,0.0173
GRID_08838,다사64254525,송파구,잠실동,1618.9,False,3.2315,0.5005,1.9861,0.1092,0.0893,0.1001,0.0135
GRID_08839,다사64254550,송파구,잠실동,511.1,False,3.131,0.9781,2.1493,0.1058,0.1745,0.1371,0.022
GRID_08840,다사64254575,송파구,잠실동,7382.7,False,10.3072,1.5905,6.3324,0.3482,0.2837,0.3188,0.0358
GRID_08841,다사64254600,송파구,잠실동,1205.0,False,13.9342,1.9954,8.4901,0.4707,0.3559,0.4183,0.059
GRID_08842,다사64254625,송파구,잠실동,58.0,False,7.7412,1.6778,4.9763,0.2615,0.2992,0.2787,0.0684
GRID_08843,다사64254650,송파구,신천동,22.9,False,1.797,0.9738,1.4216,0.0607,0.1737,0.1122,0.0354
GRID_08844,다사64254675,송파구,신천동,331.5,False,1.2462,0.359,0.8416,0.0421,0.064,0.0521,0.009
GRID_08845,다사64254700,송파구,신천동,24.0,False,0.342,0.2851,0.3161,0.0116,0.0508,0.0295,0.0092
GRID_08846,다사64254725,송파구,신천동,0.0,True,0.0,0.0476,0.0217,0.0,0.0,0.0,0.0
GRID_08847,다사64254750,송파구,신천동,0.0,True,0.0,0.0,0.0,0.0,0.0,0.0,0.0
GRID_08848,다사64254775,송파구,신천동,6.9,False,0.0,0.5162,0.2354,0.0,0.0921,0.042,0.0203
GRID_08849,다사64254800,송파구,신천동,32.7,False,0.0,1.2195,0.5561,0.0,0.2175,0.0992,0.0282
GRID_08850,다사64254825,광진구,구의동,266.1,False,1.9433,1.6233,1.7974,0.0656,0.2895,0.1677,0.03
GRID_08851,다사64254850,광진구,구의동,6805.7,False,7.4171,1.6182,4.7728,0.2506,0.2886,0.2679,0.0304
GRID_08852,다사64254875,광진구,구의동,1248.1,False,5.2458,1.2057,3.4035,0.1772,0.215,0.1945,0.0273
GRID_08853,다사64254900,광진구,광장동,1744.7,False,3.2356,0.521,1.9977,0.1093,0.0929,0.1018,0.0136
GRID_08854,다사64254925,광진구,광장동,5010.2,False,4.4332,0.2438,2.5229,0.1498,0.0435,0.1013,0.0119
GRID_08855,다사64254950,광진구,광장동,162.1,False,2.9351,0.3252,1.745,0.0992,0.058,0.0804,0.0158
GRID_08856,다사64254975,광진구,구의동,31.9,False,1.5346,0.3028,0.9729,0.0518,0.054,0.0528,0.0151
GRID_08857,다사64255000,광진구,구의동,608.8,False,0.719,0.2966,0.5264,0.0243,0.0529,0.0373,0.0058
GRID_08858,다사64255025,광진구,구의동,18.1,False,0.8744,0.3316,0.6269,0.0295,0.0591,0.043,0.0146
GRID_08859,다사64255050,광진구,구의동,1896.2,False,1.672,0.2244,1.0119,0.0565,0.04,0.049,0.0065
GRID_08860,다사64255075,광진구,구의동,13.8,False,0.592,0.0,0.322,0.02,0.0,0.0109,0.004
GRID_08861,다사64255100,광진구,중곡동,21.6,False,2.7948,0.0,1.5204,0.0944,0.0,0.0514,0.0165
GRID_08862,다사64255125,광진구,중곡동,10.5,False,3.7461,0.0,2.0379,0.1265,0.0,0.0688,0.0282
GRID_08863,다사64255150,광진구,중곡동,295.1,False,1.7504,0.0,0.9522,0.0591,0.0,0.0322,0.0057
GRID_08864,다사64255175,광진구,중곡동,0.0,True,0.1266,0.0,0.0688,0.0,0.0,0.0,0.0
GRID_08865,다사64255200,광진구,중곡동,0.0,True,0.0,0.0,0.0,0.0,0.0,0.0,0.0
GRID_08866,다사64255225,광진구,중곡동,0.0,True,0.0,0.0,0.0,0.0,0.0,0.0,0.0
GRID_08867,다사64255250,중랑구,면목동,0.0,True,0.0,0.0,0.0,0.0,0.0,0.0,0.0
GRID_08868,다사64255275,중랑구,면목동,0.0,True,0.0,0.0,0.0,0.0,0.0,0.0,0.0
GRID_08869,다사64255300,중랑구,면목동,0.0,True,0.0,0.0,0.0,0.0,0.0,0.0,0.0
GRID_08870,다사64255325,중랑구,면목동,2195.1,False,0.3146,0.1134,0.2229,0.0106,0.0202,0.015,0.002
GRID_08871,다사64255350,중랑구,면목동,99.9,False,0.9932,0.165,0.6155,0.0336,0.0294,0.0317,0.0069
GRID_08872,다사64255375,중랑구,면목동,444.4,False,1.2048,0.0583,0.682,0.0407,0.0104,0.0269,0.0044
GRID_08873,다사64255400,중랑구,면목동,2817.5,False,4.803,0.0,2.6128,0.1623,0.0,0.0883,0.0111
GRID_08874,다사64255425,중랑구,면목동,2976.3,False,9.1458,0.0098,4.9798,0.309,0.0018,0.1689,0.0211
GRID_08875,다사64255450,중랑구,면목동,207.9,False,6.8463,0.0,3.7244,0.2313,0.0,0.1258,0.0236
GRID_08876,다사64255475,중랑구,망우동,2292.3,False,5.1723,0.0,2.8137,0.1747,0.0,0.0951,0.0123
GRID_08877,다사64255500,중랑구,망우동,1380.7,False,4.5849,0.1716,2.5724,0.1549,0.0306,0.0982,0.0136
GRID_08878,다사64255525,중랑구,망우동,1778.3,False,8.4546,0.3657,4.766,0.2856,0.0652,0.1851,0.0247
GRID_08879,다사64255550,중랑구,망우동,1258.8,False,10.9191,0.4463,6.1435,0.3689,0.0796,0.237,0.0332
GRID_08880,다사64255575,중랑구,신내동,1111.2,False,7.1781,0.3912,4.0833,0.2425,0.0698,0.1637,0.0233
GRID_08881,다사64255600,중랑구,신내동,2673.8,False,4.381,0.2156,2.4816,0.148,0.0385,0.098,0.0124
GRID_08882,다사64255625,중랑구,신내동,11.0,False,5.4245,0.0,2.9509,0.1832,0.0,0.0997,0.0401
GRID_08883,다사64255650,중랑구,신내동,39.0,False,5.1582,0.0107,2.811,0.1743,0.0019,0.0957,0.0259
GRID_08884,다사64255675,중랑구,신내동,1006.1,False,3.1386,0.0522,1.7312,0.106,0.0093,0.0619,0.009
GRID_08885,다사64255700,중랑구,신내동,2703.2,False,3.3295,0.2511,1.9257,0.1125,0.0448,0.0816,0.0103
GRID_08886,다사64255725,중랑구,신내동,228.0,False,3.3674,0.4242,2.0253,0.1138,0.0757,0.0964,0.0177
GRID_08887,다사64255750,중랑구,신내동,86.4,False,1.254,0.4503,0.8875,0.0424,0.0803,0.0597,0.0133
GRID_08888,다사64255775,노원구,공릉동,0.0,True,0.0,0.3591,0.1638,0.0,0.0,0.0,0.0
GRID_08889,다사64255800,노원구,공릉동,264.0,False,0.0,0.1666,0.076,0.0,0.0297,0.0135,0.0024
GRID_08890,다사64255825,노원구,공릉동,0.0,True,1.5544,0.0,0.8456,0.0,0.0,0.0,0.0
GRID_08891,다사64255850,노원구,공릉동,32.3,False,3.7976,0.0,2.0659,0.1283,0.0,0.0698,0.0199
GRID_08892,다사64255875,노원구,공릉동,111.5,False,2.9696,0.0,1.6155,0.1003,0.0,0.0546,0.0116
GRID_08893,다사64255900,노원구,공릉동,138.9,False,1.0325,0.0,0.5617,0.0349,0.0,0.019,0.0038
GRID_08894,다사64255925,노원구,공릉동,0.0,True,0.0865,0.0,0.047,0.0,0.0,0.0,0.0
GRID_08895,다사64255950,노원구,공릉동,0.0,True,0.0,0.0,0.0,0.0,0.0,0.0,0.0
GRID_08896,다사64255975,노원구,공릉동,0.0,True,0.0,0.0,0.0,0.0,0.0,0.0,0.0
GRID_08897,다사64256000,노원구,공릉동,0.0,True,0.0,0.0,0.0,0.0,0.0,0.0,0.0
GRID_08898,다사64256025,노원구,공릉동,0.0,True,0.0,0.0,0.0,0.0,0.0,0.0,0.0
GRID_08899,다사64256050,노원구,공릉동,0.0,True,0.0,0.0,0.0,0.0,0.0,0.0,0.0
GRID_08900,다사64256250,노원구,중계동,0.0,True,0.0,0.0,0.0,0.0,0.0,0.0,0.0
GRID_08901,다사64256275,노원구,상계동,0.0,True,0.0,0.0,0.0,0.0,0.0,0.0,0.0
GRID_08902,다사64256300,노원구,상계동,0.0,True,0.0,0.0,0.0,0.0,0.0,0.0,0.0
GRID_08903,다사64256325,노원구,상계동,0.0,True,0.0,0.0,0.0,0.0,0.0,0.0,0.0
GRID_08904,다사64256350,노원구,상계동,0.0,True,0.0,0.0,0.0,0.0,0.0,0.0,0.0
GRID_08905,다사64256375,노원구,상계동,12.1,False,0.0,0.0,0.0,0.0,0.0,0.0,0.0
GRID_08906,다사64256475,노원구,상계동,0.0,True,0.0,0.0,0.0,0.0,0.0,0.0,0.0
GRID_08907,다사64256500,노원구,상계동,0.0,True,0.0,0.0,0.0,0.0,0.0,0.0,0.0
GRID_08908,다사64256525,노원구,상계동,0.0,True,0.0,0.0,0.0,0.0,0.0,0.0,0.0
GRID_08909,다사64256550,노원구,상계동,0.0,True,0.0,0.0,0.0,0.0,0.0,0.0,0.0
GRID_08910,다사64503950,강남구,세곡동,0.0,True,0.0,0.0,0.0,0.0,0.0,0.0,0.0
GRID_08911,다사64503975,강남구,세곡동,0.0,True,0.0,0.0,0.0,0.0,0.0,0.0,0.0
GRID_08912,다사64504000,강남구,세곡동,1312.2,False,0.4159,0.0,0.2263,0.0141,0.0,0.0076,0.0011
GRID_08913,다사64504025,강남구,세곡동,874.7,False,1.9641,0.0,1.0685,0.0664,0.0,0.0361,0.0053
GRID_08914,다사64504050,강남구,세곡동,276.0,False,4.7985,0.0,2.6104,0.1621,0.0,0.0882,0.0157
GRID_08915,다사64504075,강남구,세곡동,4146.9,False,6.9499,0.0,3.7808,0.2348,0.0,0.1277,0.0153
GRID_08916,다사64504100,강남구,세곡동,564.2,False,4.2065,0.0,2.2884,0.1421,0.0,0.0773,0.0122
GRID_08917,다사64504125,강남구,자곡동,49.3,False,0.7043,0.0,0.3831,0.0238,0.0,0.0129,0.0033
GRID_08918,다사64504150,강남구,자곡동,7.6,False,1.1562,0.0,0.629,0.0391,0.0,0.0212,0.0099
GRID_08919,다사64504175,강남구,자곡동,376.9,False,0.3281,0.0,0.1785,0.0111,0.0,0.006,0.001
GRID_08920,다사64504200,강남구,자곡동,0.0,True,0.0,0.0,0.0,0.0,0.0,0.0,0.0
GRID_08921,다사64504225,강남구,자곡동,9.7,False,0.0,0.1272,0.058,0.0,0.0227,0.0103,0.0044
GRID_08922,다사64504250,강남구,자곡동,71.2,False,0.0035,1.245,0.5696,0.0001,0.222,0.1013,0.0237
GRID_08923,다사64504275,강남구,수서동,111.4,False,2.1482,2.2364,2.1884,0.0726,0.3989,0.2214,0.0469
GRID_08924,다사64504300,강남구,수서동,44.8,False,10.8571,2.6803,7.1285,0.3668,0.478,0.4175,0.1092
GRID_08925,다사64504325,강남구,수서동,4055.0,False,9.7022,2.4552,6.3975,0.3278,0.4379,0.378,0.0455
GRID_08926,다사64504350,강남구,수서동,1537.0,False,2.2713,1.6232,1.9758,0.0767,0.2895,0.1738,0.0237
GRID_08927,다사64504375,강남구,수서동,104.5,False,0.0,0.4055,0.1849,0.0,0.0723,0.033,0.0071
GRID_08928,다사64504400,송파구,가락동,291.4,False,0.1909,0.0012,0.1044,0.0064,0.0002,0.0036,0.0006
GRID_08929,다사64504425,송파구,가락동,2735.0,False,1.4841,0.2642,0.9278,0.0501,0.0471,0.0488,0.0062
GRID_08930,다사64504450,송파구,석촌동,2271.9,False,3.2259,0.4588,1.9641,0.109,0.0818,0.0966,0.0125
GRID_08931,다사64504475,송파구,석촌동,2789.2,False,3.1962,0.7588,2.0847,0.108,0.1353,0.1204,0.0152
GRID_08932,다사64504500,송파구,석촌동,2778.4,False,3.4431,0.8746,2.2718,0.1163,0.156,0.1344,0.0169
GRID_08933,다사64504525,송파구,잠실동,469.2,False,2.4835,0.9943,1.8044,0.0839,0.1773,0.1265,0.0206
GRID_08934,다사64504550,송파구,잠실동,839.4,False,7.8688,1.5133,4.9707,0.2658,0.2699,0.2677,0.0398
GRID_08935,다사64504575,송파구,잠실동,3398.8,False,19.6738,2.5698,11.8744,0.6646,0.4583,0.5705,0.0702
GRID_08936,다사64504600,송파구,잠실동,601.4,False,23.6771,3.0485,14.2704,0.7998,0.5437,0.683,0.1067
GRID_08937,다사64504625,송파구,신천동,1491.2,False,12.6771,3.0183,8.2727,0.4282,0.5383,0.4784,0.0655
GRID_08938,다사64504650,송파구,신천동,4383.7,False,3.2207,2.2676,2.7861,0.1088,0.4044,0.2436,0.029
GRID_08939,다사64504675,송파구,신천동,29.2,False,0.0953,0.8927,0.4589,0.0032,0.1592,0.0744,0.0218
GRID_08940,다사64504700,송파구,신천동,30.4,False,0.0,0.6761,0.3083,0.0,0.1206,0.055,0.016
GRID_08941,다사64504725,송파구,신천동,7.7,False,0.0,0.3887,0.1772,0.0,0.0693,0.0316,0.0146
GRID_08942,다사64504750,송파구,신천동,39.2,False,0.0,0.0,0.0,0.0,0.0,0.0,0.0
GRID_08943,다사64504775,송파구,신천동,37.5,False,0.0,0.1425,0.065,0.0,0.0254,0.0116,0.0032
GRID_08944,다사64504800,송파구,신천동,0.0,True,0.0,0.7657,0.3492,0.0,0.0,0.0,0.0
GRID_08945,다사64504825,송파구,신천동,0.0,True,0.0,1.1235,0.5123,0.0,0.0,0.0,0.0
GRID_08946,다사64504850,광진구,구의동,181.2,False,0.7146,1.119,0.899,0.0241,0.1996,0.1041,0.02
GRID_08947,다사64504875,광진구,광장동,1657.2,False,1.4125,0.7534,1.112,0.0477,0.1344,0.0872,0.0118
GRID_08948,다사64504900,광진구,광장동,3343.8,False,2.5669,0.4365,1.5954,0.0867,0.0779,0.0827,0.0102
GRID_08949,다사64504925,광진구,광장동,1945.0,False,3.4327,0.5764,2.1302,0.116,0.1028,0.11,0.0145
GRID_08950,다사64504950,광진구,광장동,470.7,False,3.5525,0.6746,2.2402,0.12,0.1203,0.1201,0.0195
GRID_08951,다사64504975,광진구,광장동,95.5,False,1.941,0.5782,1.3196,0.0656,0.1031,0.0827,0.0181
GRID_08952,다사64505000,광진구,광장동,46.7,False,0.0,0.314,0.1432,0.0,0.056,0.0255,0.0066
GRID_08953,다사64505025,광진구,광장동,536.6,False,0.0,0.0,0.0,0.0,0.0,0.0,0.0
GRID_08954,다사64505050,광진구,구의동,79.1,False,0.0,0.0,0.0,0.0,0.0,0.0,0.0
GRID_08955,다사64505075,광진구,구의동,0.0,True,0.0,0.0,0.0,0.0,0.0,0.0,0.0
GRID_08956,다사64505100,광진구,중곡동,0.0,True,0.0,0.0,0.0,0.0,0.0,0.0,0.0
GRID_08957,다사64505125,광진구,중곡동,0.0,True,0.5908,0.0,0.3214,0.0,0.0,0.0,0.0
GRID_08958,다사64505150,광진구,중곡동,61.2,False,0.3827,0.0,0.2082,0.0129,0.0,0.007,0.0017
GRID_08959,다사64505175,광진구,중곡동,0.0,True,0.0,0.0,0.0,0.0,0.0,0.0,0.0
GRID_08960,다사64505200,광진구,중곡동,0.0,True,0.0,0.0,0.0,0.0,0.0,0.0,0.0
GRID_08961,다사64505225,광진구,중곡동,0.0,True,0.0,0.0,0.0,0.0,0.0,0.0,0.0
GRID_08962,다사64505250,광진구,중곡동,0.0,True,0.0,0.0,0.0,0.0,0.0,0.0,0.0
GRID_08963,다사64505275,중랑구,면목동,0.0,True,0.0,0.0,0.0,0.0,0.0,0.0,0.0
GRID_08964,다사64505300,중랑구,면목동,0.0,True,0.0,0.0,0.0,0.0,0.0,0.0,0.0
GRID_08965,다사64505325,중랑구,면목동,56.9,False,0.0,0.0,0.0,0.0,0.0,0.0,0.0
GRID_08966,다사64505350,중랑구,면목동,0.0,True,0.0,0.0,0.0,0.0,0.0,0.0,0.0
GRID_08967,다사64505375,중랑구,면목동,0.0,True,0.0,0.0,0.0,0.0,0.0,0.0,0.0
GRID_08968,다사64505400,중랑구,면목동,33.6,False,2.228,0.0,1.212,0.0753,0.0,0.0409,0.0116
GRID_08969,다사64505425,중랑구,면목동,2157.1,False,5.5925,0.0,3.0423,0.1889,0.0,0.1028,0.0134
GRID_08970,다사64505450,중랑구,망우동,72.0,False,5.2981,0.0,2.8822,0.179,0.0,0.0974,0.0227
GRID_08971,다사64505475,중랑구,망우동,2589.7,False,3.846,0.0,2.0922,0.1299,0.0,0.0707,0.009
GRID_08972,다사64505500,중랑구,망우동,1101.0,False,5.2902,0.0,2.8779,0.1787,0.0,0.0972,0.0139
GRID_08973,다사64505525,중랑구,망우동,27.8,False,5.8989,0.1171,3.2624,0.1993,0.0209,0.1179,0.0351
GRID_08974,다사64505550,중랑구,망우동,4243.5,False,8.1201,0.1828,4.5007,0.2743,0.0326,0.1641,0.0196
GRID_08975,다사64505575,중랑구,신내동,186.8,False,7.5421,0.1378,4.1657,0.2548,0.0246,0.1498,0.0286
GRID_08976,다사64505600,중랑구,신내동,2699.2,False,4.5906,0.0,2.4973,0.1551,0.0,0.0844,0.0107
GRID_08977,다사64505625,중랑구,신내동,2506.6,False,3.6946,0.0109,2.0148,0.1248,0.002,0.0688,0.0088
GRID_08978,다사64505650,중랑구,신내동,4048.3,False,4.3056,0.0601,2.3697,0.1455,0.0107,0.084,0.0101
GRID_08979,다사64505675,중랑구,신내동,35.3,False,4.3802,0.1068,2.4315,0.148,0.019,0.0892,0.0248
GRID_08980,다사64505700,중랑구,신내동,3370.3,False,6.1527,0.1264,3.4047,0.2078,0.0225,0.1233,0.0152
GRID_08981,다사64505725,중랑구,신내동,9.4,False,3.9545,0.2057,2.245,0.1336,0.0367,0.0894,0.0382
GRID_08982,다사64505750,중랑구,신내동,119.3,False,0.1949,0.2118,0.2026,0.0066,0.0378,0.0208,0.0043
GRID_08983,다사64505775,중랑구,신내동,0.0,True,0.0,0.0922,0.042,0.0,0.0,0.0,0.0
GRID_08984,다사64505800,노원구,공릉동,106.6,False,0.0,0.0,0.0,0.0,0.0,0.0,0.0
GRID_08985,다사64505825,노원구,공릉동,0.0,True,0.0,0.0,0.0,0.0,0.0,0.0,0.0
GRID_08986,다사64505850,노원구,공릉동,0.0,True,0.7746,0.0,0.4214,0.0,0.0,0.0,0.0
GRID_08987,다사64505875,노원구,공릉동,5.6,False,1.5778,0.0,0.8583,0.0533,0.0,0.029,0.0154
GRID_08988,다사64505900,노원구,공릉동,60.3,False,0.8845,0.0,0.4812,0.0299,0.0,0.0163,0.0039
GRID_08989,다사64505925,노원구,공릉동,0.0,True,0.3236,0.0,0.176,0.0,0.0,0.0,0.0
GRID_08990,다사64505950,노원구,공릉동,0.0,True,0.0,0.0,0.0,0.0,0.0,0.0,0.0
GRID_08991,다사64505975,노원구,공릉동,0.0,True,0.0,0.0,0.0,0.0,0.0,0.0,0.0
GRID_08992,다사64506000,노원구,공릉동,0.0,True,0.0,0.0,0.0,0.0,0.0,0.0,0.0
GRID_08993,다사64506025,노원구,공릉동,0.0,True,0.0,0.0,0.0,0.0,0.0,0.0,0.0
GRID_08994,다사64506050,노원구,공릉동,0.0,True,0.0,0.0,0.0,0.0,0.0,0.0,0.0
GRID_08995,다사64754000,강남구,세곡동,23.0,False,0.9096,0.0,0.4948,0.0307,0.0,0.0167,0.0053
GRID_08996,다사64754025,강남구,세곡동,1440.6,False,3.1037,0.0,1.6884,0.1048,0.0,0.057,0.0078
GRID_08997,다사64754050,강남구,세곡동,25.5,False,5.1634,0.0,2.8089,0.1744,0.0,0.0949,0.029
GRID_08998,다사64754075,강남구,세곡동,1862.9,False,6.2738,0.0,3.413,0.2119,0.0,0.1153,0.0153
GRID_08999,다사64754100,강남구,세곡동,2370.3,False,3.8,0.0,2.0672,0.1284,0.0,0.0698,0.009
GRID_09000,다사64754125,강남구,율현동,9.5,False,1.4262,0.0,0.7759,0.0482,0.0,0.0262,0.0111
GRID_09001,다사64754150,강남구,자곡동,214.2,False,1.3748,0.0,0.7479,0.0464,0.0,0.0253,0.0047
GRID_09002,다사64754175,강남구,자곡동,3446.6,False,1.5374,0.0,0.8363,0.0519,0.0,0.0283,0.0035
GRID_09003,다사64754200,강남구,자곡동,0.0,True,0.3923,0.0,0.2134,0.0,0.0,0.0,0.0
GRID_09004,다사64754225,강남구,자곡동,374.6,False,0.5816,0.1459,0.3829,0.0196,0.026,0.0226,0.0038
GRID_09005,다사64754250,강남구,자곡동,14.4,False,2.0179,1.3187,1.6991,0.0682,0.2352,0.1443,0.0528
GRID_09006,다사64754275,강남구,자곡동,17.7,False,6.8301,2.3232,4.7749,0.2307,0.4143,0.3145,0.1074
GRID_09007,다사64754300,강남구,수서동,1789.5,False,14.3941,2.773,9.0949,0.4863,0.4946,0.49,0.0654
GRID_09008,다사64754325,강남구,수서동,3300.8,False,11.6257,2.545,7.4849,0.3927,0.4539,0.4206,0.0519
GRID_09009,다사64754350,강남구,수서동,1699.3,False,0.9176,1.7022,1.2754,0.031,0.3036,0.1553,0.0209
GRID_09010,다사64754375,송파구,가락동,13.5,False,0.6356,0.4659,0.5582,0.0215,0.0831,0.0496,0.0185
GRID_09011,다사64754400,송파구,가락동,1985.3,False,0.7325,0.0,0.3985,0.0247,0.0,0.0135,0.0018
GRID_09012,다사64754425,송파구,가락동,1196.3,False,1.2404,0.1045,0.7224,0.0419,0.0186,0.0313,0.0044
GRID_09013,다사64754450,송파구,석촌동,1279.0,False,1.467,0.5539,1.0506,0.0496,0.0988,0.072,0.0101
GRID_09014,다사64754475,송파구,석촌동,48.4,False,1.644,1.0594,1.3774,0.0555,0.1889,0.1164,0.0298
GRID_09015,다사64754500,송파구,석촌동,1984.2,False,2.5359,1.2232,1.9373,0.0857,0.2182,0.1461,0.0192
GRID_09016,다사64754525,송파구,석촌동,3067.9,False,2.3454,1.2514,1.8465,0.0792,0.2232,0.1449,0.018
GRID_09017,다사64754550,송파구,잠실동,644.5,False,5.6694,2.1826,4.0794,0.1915,0.3893,0.2817,0.0435
GRID_09018,다사64754575,송파구,신천동,4180.9,False,12.2347,2.9085,7.9819,0.4133,0.5187,0.4614,0.0553
GRID_09019,다사64754600,송파구,신천동,10493.0,False,14.0379,3.4041,9.1889,0.4742,0.6071,0.5348,0.0578
GRID_09020,다사64754625,송파구,신천동,676.5,False,8.7854,3.5324,6.39,0.2968,0.63,0.4487,0.0688
GRID_09021,다사64754650,송파구,신천동,1730.8,False,4.0602,2.7874,3.4798,0.1372,0.4971,0.3013,0.0404
GRID_09022,다사64754675,송파구,신천동,504.8,False,2.4435,1.4684,1.9989,0.0825,0.2619,0.1643,0.0264
GRID_09023,다사64754700,송파구,신천동,100.4,False,0.6489,0.8959,0.7616,0.0219,0.1598,0.0848,0.0184
GRID_09024,다사64754725,송파구,신천동,0.0,True,0.0,0.5804,0.2647,0.0,0.0,0.0,0.0
GRID_09025,다사64754750,송파구,신천동,0.0,True,0.0,0.1303,0.0594,0.0,0.0,0.0,0.0
GRID_09026,다사64754775,송파구,신천동,0.0,True,0.0,0.0,0.0,0.0,0.0,0.0,0.0
GRID_09027,다사64754800,송파구,신천동,0.0,True,0.0,0.0724,0.033,0.0,0.0,0.0,0.0
GRID_09028,다사64754825,송파구,신천동,43.1,False,0.0,0.3599,0.1641,0.0,0.0642,0.0293,0.0077
GRID_09029,다사64754850,송파구,신천동,30.0,False,0.0,0.3563,0.1625,0.0,0.0635,0.029,0.0084
GRID_09030,다사64754875,광진구,광장동,6.8,False,0.3703,0.1332,0.2622,0.0125,0.0238,0.0176,0.0086
GRID_09031,다사64754900,광진구,광장동,140.5,False,1.453,0.469,1.0043,0.0491,0.0836,0.0648,0.0131
GRID_09032,다사64754925,광진구,광장동,4837.7,False,3.1699,0.7596,2.0708,0.1071,0.1355,0.12,0.0141
GRID_09033,다사64754950,광진구,광장동,1488.0,False,5.3139,0.867,3.2861,0.1795,0.1546,0.1682,0.023
GRID_09034,다사64754975,광진구,광장동,592.5,False,3.8691,0.7616,2.4521,0.1307,0.1358,0.133,0.0208
GRID_09035,다사64755000,광진구,광장동,13.7,False,0.498,0.4724,0.4864,0.0168,0.0843,0.0476,0.0177
GRID_09036,다사64755025,광진구,광장동,23.4,False,0.0,0.0747,0.0341,0.0,0.0133,0.0061,0.0019
GRID_09037,다사64755050,광진구,구의동,64.8,False,0.0,0.0,0.0,0.0,0.0,0.0,0.0
GRID_09038,다사64755075,광진구,구의동,0.0,True,0.0,0.0,0.0,0.0,0.0,0.0,0.0
GRID_09039,다사64755100,광진구,구의동,132.6,False,0.0,0.0,0.0,0.0,0.0,0.0,0.0
GRID_09040,다사64755125,광진구,중곡동,24.8,False,0.0,0.0,0.0,0.0,0.0,0.0,0.0
GRID_09041,다사64755150,광진구,중곡동,0.0,True,0.0,0.0,0.0,0.0,0.0,0.0,0.0
GRID_09042,다사64755175,광진구,중곡동,0.0,True,0.0,0.0,0.0,0.0,0.0,0.0,0.0
GRID_09043,다사64755200,광진구,중곡동,59.8,False,0.0,0.0,0.0,0.0,0.0,0.0,0.0
GRID_09044,다사64755225,광진구,중곡동,0.0,True,0.0,0.0,0.0,0.0,0.0,0.0,0.0
GRID_09045,다사64755250,광진구,중곡동,148.1,False,0.0,0.0,0.0,0.0,0.0,0.0,0.0
GRID_09046,다사64755275,중랑구,면목동,0.0,True,0.0,0.0,0.0,0.0,0.0,0.0,0.0
GRID_09047,다사64755300,중랑구,면목동,0.0,True,0.0,0.0,0.0,0.0,0.0,0.0,0.0
GRID_09048,다사64755325,중랑구,면목동,0.0,True,0.0,0.0,0.0,0.0,0.0,0.0,0.0
GRID_09049,다사64755350,중랑구,면목동,117.3,False,0.0,0.0,0.0,0.0,0.0,0.0,0.0
GRID_09050,다사64755375,중랑구,면목동,0.0,True,0.0,0.0,0.0,0.0,0.0,0.0,0.0
GRID_09051,다사64755400,중랑구,면목동,0.0,True,1.7131,0.0,0.9319,0.0,0.0,0.0,0.0
GRID_09052,다사64755425,중랑구,면목동,586.8,False,3.4439,0.0,1.8735,0.1163,0.0,0.0633,0.0099
GRID_09053,다사64755450,중랑구,망우동,2395.0,False,1.6336,0.0,0.8887,0.0552,0.0,0.03,0.0039
GRID_09054,다사64755475,중랑구,망우동,2340.6,False,0.7702,0.0,0.419,0.026,0.0,0.0142,0.0018
GRID_09055,다사64755500,중랑구,망우동,662.1,False,2.2708,0.0,1.2353,0.0767,0.0,0.0417,0.0064
GRID_09056,다사64755525,중랑구,망우동,2496.5,False,1.9271,0.0,1.0483,0.0651,0.0,0.0354,0.0045
GRID_09057,다사64755550,중랑구,망우동,845.1,False,5.1112,0.0,2.7805,0.1727,0.0,0.0939,0.0139
GRID_09058,다사64755575,중랑구,망우동,111.7,False,7.7521,0.0158,4.2244,0.2619,0.0028,0.1437,0.0304
GRID_09059,다사64755600,중랑구,신내동,801.6,False,5.8753,0.0691,3.2277,0.1985,0.0123,0.1136,0.017
GRID_09060,다사64755625,중랑구,신내동,7.5,False,4.2598,0.1029,2.3643,0.1439,0.0184,0.0867,0.0405
GRID_09061,다사64755650,중랑구,신내동,13.9,False,3.1418,0.1632,1.7836,0.1061,0.0291,0.071,0.0263
GRID_09062,다사64755675,중랑구,망우동,3889.5,False,6.0419,0.1728,3.3656,0.2041,0.0308,0.1251,0.0151
GRID_09063,다사64755700,중랑구,망우동,89.1,False,9.4207,0.1543,5.1952,0.3182,0.0275,0.1857,0.0413
GRID_09064,다사64755725,중랑구,신내동,486.9,False,5.941,0.1377,3.2947,0.2007,0.0246,0.1204,0.0194
GRID_09065,다사64755750,중랑구,신내동,613.9,False,1.6712,0.0882,0.9494,0.0565,0.0157,0.0379,0.0059
GRID_09066,다사64755775,중랑구,신내동,30.3,False,0.952,0.0185,0.5263,0.0322,0.0033,0.019,0.0055
GRID_09067,다사64755800,노원구,공릉동,0.0,True,0.0885,0.0,0.0481,0.0,0.0,0.0,0.0
GRID_09068,다사64755825,노원구,공릉동,40.8,False,0.0,0.0,0.0,0.0,0.0,0.0,0.0
GRID_09069,다사64755850,노원구,공릉동,230.6,False,0.0,0.0,0.0,0.0,0.0,0.0,0.0
GRID_09070,다사64755875,노원구,공릉동,0.0,True,0.169,0.0,0.0919,0.0,0.0,0.0,0.0
GRID_09071,다사64755900,노원구,공릉동,10.9,False,0.6617,0.0,0.3599,0.0224,0.0,0.0122,0.0049
GRID_09072,다사64755925,노원구,공릉동,194.1,False,1.2474,0.0,0.6786,0.0421,0.0,0.0229,0.0043
GRID_09073,다사64755950,노원구,공릉동,56.6,False,1.0576,0.0,0.5753,0.0357,0.0,0.0194,0.0048
GRID_09074,다사64755975,노원구,공릉동,194.1,False,0.0,0.0,0.0,0.0,0.0,0.0,0.0
GRID_09075,다사64756000,노원구,공릉동,104.9,False,0.0,0.0,0.0,0.0,0.0,0.0,0.0
GRID_09076,다사64756025,노원구,공릉동,41.8,False,0.0,0.0,0.0,0.0,0.0,0.0,0.0
GRID_09077,다사64756050,노원구,공릉동,58.7,False,0.0,0.0,0.0,0.0,0.0,0.0,0.0
GRID_09078,다사65004000,강남구,세곡동,0.0,True,0.4621,0.0,0.2514,0.0,0.0,0.0,0.0
GRID_09079,다사65004025,강남구,세곡동,0.0,True,2.0465,0.0,1.1133,0.0,0.0,0.0,0.0
GRID_09080,다사65004050,강남구,세곡동,973.1,False,4.7182,0.0,2.5667,0.1594,0.0,0.0867,0.0126
GRID_09081,다사65004075,강남구,율현동,68.0,False,3.6347,0.0,1.9773,0.1228,0.0,0.0668,0.0158
GRID_09082,다사65004100,강남구,율현동,16.6,False,2.4391,0.0,1.3269,0.0824,0.0,0.0448,0.0156
GRID_09083,다사65004125,강남구,율현동,1175.6,False,2.8251,0.0,1.5369,0.0954,0.0,0.0519,0.0073
GRID_09084,다사65004150,강남구,율현동,8.8,False,3.1497,0.0,1.7134,0.1064,0.0,0.0579,0.0254
GRID_09085,다사65004175,강남구,자곡동,497.9,False,2.8956,0.0,1.5752,0.0978,0.0,0.0532,0.0086
GRID_09086,다사65004200,강남구,자곡동,1191.6,False,1.5612,0.0,0.8493,0.0527,0.0,0.0287,0.0041
GRID_09087,다사65004225,강남구,자곡동,11.9,False,0.9673,0.0132,0.5322,0.0327,0.0024,0.0188,0.0074
GRID_09088,다사65004250,강남구,자곡동,61.6,False,2.2718,0.8555,1.6259,0.0767,0.1526,0.1113,0.0269
GRID_09089,다사65004275,강남구,수서동,70.6,False,3.9196,1.7785,2.9433,0.1324,0.3172,0.2167,0.0507
GRID_09090,다사65004300,강남구,수서동,2951.6,False,6.9304,2.1919,4.7697,0.2341,0.3909,0.3056,0.0382
GRID_09091,다사65004325,강남구,수서동,2448.1,False,3.5134,1.9824,2.8153,0.1187,0.3536,0.2258,0.0289
GRID_09092,다사65004350,강남구,수서동,17.6,False,0.5181,1.208,0.8327,0.0175,0.2154,0.1078,0.0369
GRID_09093,다사65004375,송파구,가락동,649.0,False,1.4201,0.1793,0.8543,0.048,0.032,0.0407,0.0063
GRID_09094,다사65004400,송파구,가락동,2618.2,False,1.5832,0.0524,0.8851,0.0535,0.0093,0.0334,0.0042
GRID_09095,다사65004425,송파구,가락동,2842.6,False,0.7566,0.1504,0.4802,0.0256,0.0268,0.0261,0.0033
GRID_09096,다사65004450,송파구,석촌동,1246.6,False,1.3201,0.7146,1.044,0.0446,0.1274,0.0824,0.0116
GRID_09097,다사65004475,송파구,석촌동,2804.6,False,4.7871,1.1919,3.1476,0.1617,0.2126,0.1849,0.0233
GRID_09098,다사65004500,송파구,석촌동,1750.0,False,6.1888,1.2798,3.9503,0.2091,0.2282,0.2178,0.0292
GRID_09099,다사65004525,송파구,석촌동,1599.7,False,4.3983,1.2927,2.9822,0.1486,0.2305,0.186,0.0252
GRID_09100,다사65004550,송파구,송파동,1605.8,False,1.6385,2.2408,1.9131,0.0554,0.3996,0.2123,0.0288
GRID_09101,다사65004575,송파구,신천동,707.8,False,1.5825,2.8559,2.1632,0.0535,0.5093,0.2613,0.0398
GRID_09102,다사65004600,송파구,신천동,1750.6,False,4.4916,3.0725,3.8445,0.1517,0.548,0.3324,0.0445
GRID_09103,다사65004625,송파구,신천동,1792.4,False,4.4341,3.2385,3.8889,0.1498,0.5776,0.3449,0.046
GRID_09104,다사65004650,송파구,신천동,641.9,False,4.315,2.5767,3.5223,0.1458,0.4595,0.2888,0.0447
GRID_09105,다사65004675,송파구,신천동,2005.9,False,3.8192,1.5975,2.8061,0.129,0.2849,0.2001,0.0263
GRID_09106,다사65004700,송파구,신천동,1137.9,False,1.9853,0.8849,1.4835,0.0671,0.1578,0.1085,0.0154
GRID_09107,다사65004725,송파구,풍납동,15.8,False,2.0268,0.5708,1.3629,0.0685,0.1018,0.0837,0.0297
GRID_09108,다사65004750,송파구,신천동,178.8,False,1.5633,0.1228,0.9064,0.0528,0.0219,0.0387,0.0075
GRID_09109,다사65004775,송파구,신천동,4.1,False,0.3766,0.0,0.2049,0.0127,0.0,0.0069,0.0042
GRID_09110,다사65004800,송파구,신천동,68.6,False,0.0,0.0,0.0,0.0,0.0,0.0,0.0
GRID_09111,다사65004825,송파구,신천동,220.0,False,0.0,0.0,0.0,0.0,0.0,0.0,0.0
GRID_09112,다사65004850,송파구,신천동,0.0,True,0.0,0.0,0.0,0.0,0.0,0.0,0.0
GRID_09113,다사65004875,송파구,신천동,0.0,True,0.0,0.0598,0.0273,0.0,0.0,0.0,0.0
GRID_09114,다사65004900,광진구,광장동,64.9,False,0.1437,0.4551,0.2857,0.0049,0.0812,0.0397,0.0095
GRID_09115,다사65004925,광진구,광장동,1443.8,False,1.9255,0.7435,1.3865,0.065,0.1326,0.0959,0.0132
GRID_09116,다사65004950,광진구,광장동,1335.1,False,6.0422,0.8502,3.6746,0.2041,0.1516,0.1802,0.025
GRID_09117,다사65004975,광진구,광장동,2026.3,False,6.3594,0.7455,3.7995,0.2148,0.133,0.1775,0.0233
GRID_09118,다사65005000,광진구,광장동,1241.7,False,2.505,0.4586,1.5718,0.0846,0.0818,0.0833,0.0117
GRID_09119,다사65005025,광진구,광장동,129.3,False,0.4002,0.0639,0.2468,0.0135,0.0114,0.0125,0.0026
GRID_09120,다사65005050,광진구,광장동,0.0,True,0.0,0.0,0.0,0.0,0.0,0.0,0.0
GRID_09121,다사65005075,광진구,광장동,0.0,True,0.0,0.0,0.0,0.0,0.0,0.0,0.0
GRID_09122,다사65005100,광진구,구의동,0.0,True,0.0,0.0,0.0,0.0,0.0,0.0,0.0
GRID_09123,다사65005225,광진구,중곡동,0.0,True,0.0,0.0,0.0,0.0,0.0,0.0,0.0
GRID_09124,다사65005250,광진구,중곡동,0.0,True,0.0,0.0,0.0,0.0,0.0,0.0,0.0
GRID_09125,다사65005350,중랑구,면목동,0.0,True,0.0,0.0,0.0,0.0,0.0,0.0,0.0
GRID_09126,다사65005375,중랑구,면목동,0.0,True,0.0,0.0,0.0,0.0,0.0,0.0,0.0
GRID_09127,다사65005400,중랑구,면목동,0.0,True,0.4086,0.0,0.2223,0.0,0.0,0.0,0.0
GRID_09128,다사65005425,중랑구,면목동,0.0,True,0.6929,0.0,0.3769,0.0,0.0,0.0,0.0
GRID_09129,다사65005450,중랑구,망우동,0.0,True,0.0,0.0,0.0,0.0,0.0,0.0,0.0
GRID_09130,다사65005475,중랑구,망우동,32.2,False,0.0,0.0,0.0,0.0,0.0,0.0,0.0
GRID_09131,다사65005500,중랑구,망우동,65.4,False,0.0,0.0,0.0,0.0,0.0,0.0,0.0
GRID_09132,다사65005525,중랑구,망우동,285.9,False,0.1041,0.0,0.0567,0.0035,0.0,0.0019,0.0003
GRID_09133,다사65005550,중랑구,망우동,1704.3,False,3.3224,0.0,1.8074,0.1122,0.0,0.0611,0.0082
GRID_09134,다사65005575,중랑구,망우동,3253.3,False,6.3758,0.0647,3.4979,0.2154,0.0115,0.1224,0.0151
GRID_09135,다사65005600,중랑구,망우동,171.2,False,7.8821,0.1268,4.3457,0.2663,0.0226,0.1552,0.0301
GRID_09136,다사65005625,중랑구,망우동,487.0,False,6.7044,0.1611,3.7206,0.2265,0.0287,0.1363,0.022
GRID_09137,다사65005650,중랑구,망우동,1919.0,False,3.816,0.2155,2.1742,0.1289,0.0384,0.0877,0.0116
GRID_09138,다사65005675,중랑구,망우동,73.8,False,5.2262,0.2167,2.9419,0.1765,0.0387,0.1137,0.0263
GRID_09139,다사65005700,중랑구,망우동,57.3,False,6.6133,0.1624,3.6717,0.2234,0.029,0.1347,0.0331
GRID_09140,다사65005725,중랑구,신내동,78.8,False,5.1619,0.1286,2.8667,0.1744,0.0229,0.1053,0.024
GRID_09141,다사65005750,중랑구,신내동,240.0,False,4.027,0.0802,2.2273,0.136,0.0143,0.0805,0.0147
GRID_09142,다사65005775,중랑구,신내동,196.8,False,3.3828,0.0122,1.8458,0.1143,0.0022,0.0632,0.0119
GRID_09143,다사65005800,노원구,공릉동,0.0,True,0.8097,0.0,0.4405,0.0,0.0,0.0,0.0
GRID_09144,다사65005825,노원구,공릉동,0.0,True,0.0,0.0,0.0,0.0,0.0,0.0,0.0
GRID_09145,다사65005850,노원구,공릉동,0.0,True,0.0,0.0,0.0,0.0,0.0,0.0,0.0
GRID_09146,다사65005875,노원구,공릉동,0.0,True,0.0,0.0,0.0,0.0,0.0,0.0,0.0
GRID_09147,다사65005900,노원구,공릉동,0.0,True,0.4076,0.0,0.2217,0.0,0.0,0.0,0.0
GRID_09148,다사65005925,노원구,공릉동,53.1,False,2.0464,0.0,1.1132,0.0691,0.0,0.0376,0.0094
GRID_09149,다사65005950,노원구,공릉동,53.8,False,2.4954,0.0,1.3575,0.0843,0.0,0.0459,0.0115
GRID_09150,다사65005975,노원구,공릉동,213.6,False,1.1112,0.0,0.6045,0.0375,0.0,0.0204,0.0038
GRID_09151,다사65006000,노원구,공릉동,21.7,False,0.1943,0.0,0.1057,0.0066,0.0,0.0036,0.0011
GRID_09152,다사65006025,노원구,공릉동,97.0,False,0.0,0.0,0.0,0.0,0.0,0.0,0.0
GRID_09153,다사65006050,노원구,공릉동,128.3,False,0.0,0.0,0.0,0.0,0.0,0.0,0.0
GRID_09154,다사65254025,강남구,세곡동,19.5,False,1.2953,0.0,0.7046,0.0438,0.0,0.0238,0.0079
GRID_09155,다사65254050,강남구,세곡동,43.4,False,4.6988,0.0,2.5561,0.1587,0.0,0.0863,0.0228
GRID_09156,다사65254075,강남구,세곡동,315.7,False,3.9793,0.0,2.1647,0.1344,0.0,0.0731,0.0127
GRID_09157,다사65254100,강남구,율현동,58.8,False,2.0052,0.0,1.0908,0.0677,0.0,0.0368,0.009
GRID_09158,다사65254125,강남구,율현동,12.0,False,2.436,0.0,1.3252,0.0823,0.0,0.0448,0.0175
GRID_09159,다사65254150,강남구,율현동,21.8,False,2.0046,0.0,1.0905,0.0677,0.0,0.0368,0.0118
GRID_09160,다사65254175,강남구,자곡동,2015.9,False,2.5985,0.0,1.4136,0.0878,0.0,0.0478,0.0063
GRID_09161,다사65254200,강남구,자곡동,1280.6,False,1.4487,0.0,0.7881,0.0489,0.0,0.0266,0.0037
GRID_09162,다사65254225,강남구,자곡동,993.9,False,0.3498,0.0,0.1903,0.0118,0.0,0.0064,0.0009
GRID_09163,다사65254250,강남구,자곡동,32.0,False,0.335,0.0832,0.2202,0.0113,0.0148,0.0129,0.0037
GRID_09164,다사65254275,강남구,수서동,118.1,False,0.2666,0.7507,0.4873,0.009,0.1339,0.0659,0.0138
GRID_09165,다사65254300,강남구,수서동,362.0,False,0.1254,1.0953,0.5677,0.0042,0.1953,0.0914,0.0155
GRID_09166,다사65254325,송파구,가락동,113.1,False,0.3393,0.9208,0.6045,0.0115,0.1642,0.0811,0.0171
GRID_09167,다사65254350,송파구,가락동,97.7,False,0.252,0.2775,0.2636,0.0085,0.0495,0.0272,0.0059
GRID_09168,다사65254375,송파구,가락동,840.8,False,0.8815,0.0255,0.4912,0.0298,0.0045,0.0183,0.0027
GRID_09169,다사65254400,송파구,가락동,82.6,False,1.3718,0.204,0.8393,0.0463,0.0364,0.0418,0.0094
GRID_09170,다사65254425,송파구,가락동,6625.4,False,0.7183,0.3219,0.5375,0.0243,0.0574,0.0394,0.0045
GRID_09171,다사65254450,송파구,가락동,1589.3,False,4.1082,0.8847,2.6383,0.1388,0.1578,0.1474,0.02
GRID_09172,다사65254475,송파구,석촌동,1077.0,False,7.5171,1.2996,4.682,0.2539,0.2318,0.2438,0.0349
GRID_09173,다사65254500,송파구,송파동,590.9,False,6.9139,1.4876,4.4395,0.2336,0.2653,0.248,0.0389
GRID_09174,다사65254525,송파구,송파동,3395.8,False,3.9111,1.5173,2.8196,0.1321,0.2706,0.1953,0.024
GRID_09175,다사65254550,송파구,송파동,1756.8,False,2.4618,1.6545,2.0937,0.0832,0.2951,0.1798,0.0241
GRID_09176,다사65254575,송파구,송파동,765.4,False,1.8845,2.0278,1.9498,0.0637,0.3616,0.1995,0.03
GRID_09177,다사65254600,송파구,방이동,2047.3,False,2.1666,2.2886,2.2222,0.0732,0.4082,0.2259,0.0296
GRID_09178,다사65254625,송파구,신천동,2450.7,False,2.7693,2.3023,2.5564,0.0936,0.4106,0.2381,0.0305
GRID_09179,다사65254650,송파구,신천동,5722.4,False,3.4456,1.9886,2.7812,0.1164,0.3547,0.225,0.026
GRID_09180,다사65254675,송파구,신천동,479.0,False,2.5626,1.281,1.9782,0.0866,0.2285,0.1513,0.0245
GRID_09181,다사65254700,송파구,신천동,657.7,False,1.5443,0.7506,1.1824,0.0522,0.1339,0.0894,0.0138
GRID_09182,다사65254725,송파구,풍납동,1448.4,False,3.123,0.3626,1.8642,0.1055,0.0647,0.0869,0.0119
GRID_09183,다사65254750,송파구,풍납동,4846.2,False,2.7137,0.0,1.4763,0.0917,0.0,0.0499,0.0059
GRID_09184,다사65254775,송파구,신천동,212.1,False,1.9362,0.0,1.0533,0.0654,0.0,0.0356,0.0066
GRID_09185,다사65254800,송파구,신천동,264.7,False,1.5477,0.0,0.842,0.0523,0.0,0.0284,0.0051
GRID_09186,다사65254825,송파구,신천동,4.5,False,0.406,0.0,0.2208,0.0137,0.0,0.0075,0.0044
GRID_09187,다사65254850,송파구,신천동,0.0,True,0.0,0.0,0.0,0.0,0.0,0.0,0.0
GRID_09188,다사65254875,송파구,신천동,0.0,True,0.0,0.0,0.0,0.0,0.0,0.0,0.0
GRID_09189,다사65254900,송파구,신천동,0.0,True,0.0,0.2732,0.1246,0.0,0.0,0.0,0.0
GRID_09190,다사65254925,광진구,광장동,189.7,False,0.0011,0.5328,0.2436,0.0,0.095,0.0433,0.0083
GRID_09191,다사65254950,광진구,광장동,395.9,False,2.8338,0.6288,1.8283,0.0957,0.1121,0.1032,0.0172
GRID_09192,다사65254975,광진구,광장동,776.7,False,6.0121,0.5346,3.5143,0.2031,0.0953,0.154,0.0231
GRID_09193,다사65255000,광진구,광장동,1907.0,False,5.6859,0.2763,3.2191,0.1921,0.0493,0.127,0.0168
GRID_09194,다사65255025,광진구,광장동,547.0,False,2.4596,0.0,1.338,0.0831,0.0,0.0452,0.0072
GRID_09195,다사65255050,광진구,광장동,40.4,False,0.2032,0.0,0.1105,0.0069,0.0,0.0037,0.001
GRID_09196,다사65255075,광진구,광장동,34.9,False,0.0795,0.0,0.0432,0.0027,0.0,0.0015,0.0004
GRID_09197,다사65255100,광진구,광장동,4.3,False,0.0,0.0,0.0,0.0,0.0,0.0,0.0
GRID_09198,다사65255350,중랑구,면목동,0.0,True,0.0,0.0,0.0,0.0,0.0,0.0,0.0
GRID_09199,다사65255375,중랑구,면목동,0.0,True,0.0,0.0,0.0,0.0,0.0,0.0,0.0
GRID_09200,다사65255400,중랑구,면목동,0.0,True,0.0,0.0,0.0,0.0,0.0,0.0,0.0
GRID_09201,다사65255425,중랑구,면목동,367.6,False,0.0,0.0,0.0,0.0,0.0,0.0,0.0
GRID_09202,다사65255450,중랑구,망우동,0.0,True,0.0,0.0,0.0,0.0,0.0,0.0,0.0
GRID_09203,다사65255475,중랑구,망우동,0.0,True,0.0,0.0,0.0,0.0,0.0,0.0,0.0
GRID_09204,다사65255500,중랑구,망우동,0.0,True,0.0,0.0,0.0,0.0,0.0,0.0,0.0
GRID_09205,다사65255525,중랑구,망우동,18.2,False,0.1793,0.0,0.0975,0.0061,0.0,0.0033,0.0011
GRID_09206,다사65255550,중랑구,망우동,2374.0,False,3.5113,0.0,1.9102,0.1186,0.0,0.0645,0.0083
GRID_09207,다사65255575,중랑구,망우동,3197.4,False,5.1114,0.0843,2.8191,0.1727,0.015,0.1008,0.0125
GRID_09208,다사65255600,중랑구,망우동,548.2,False,6.1816,0.15,3.4312,0.2088,0.0268,0.1258,0.0199
GRID_09209,다사65255625,중랑구,망우동,796.9,False,5.8489,0.1803,3.264,0.1976,0.0322,0.1222,0.0183
GRID_09210,다사65255650,중랑구,망우동,11.1,False,2.7551,0.2038,1.5917,0.0931,0.0363,0.0672,0.027
GRID_09211,다사65255675,중랑구,망우동,1122.7,False,2.7769,0.1962,1.6001,0.0938,0.035,0.067,0.0095
GRID_09212,다사65255700,중랑구,신내동,146.0,False,2.9626,0.1352,1.6733,0.1001,0.0241,0.0654,0.0131
GRID_09213,다사65255725,중랑구,신내동,40.9,False,2.7567,0.0863,1.539,0.0931,0.0154,0.0577,0.0154
GRID_09214,다사65255750,중랑구,신내동,94.0,False,4.5334,0.0434,2.4859,0.1531,0.0077,0.0868,0.0191
GRID_09215,다사65255775,중랑구,신내동,1127.1,False,3.4155,0.0,1.8581,0.1154,0.0,0.0628,0.0089
GRID_09216,다사65255875,노원구,공릉동,0.0,True,0.0,0.0,0.0,0.0,0.0,0.0,0.0
GRID_09217,다사65255900,노원구,공릉동,0.0,True,0.0,0.0245,0.0112,0.0,0.0,0.0,0.0
GRID_09218,다사65255925,노원구,공릉동,0.0,True,0.917,0.0508,0.522,0.0,0.0,0.0,0.0
GRID_09219,다사65255950,노원구,공릉동,33.5,False,1.7587,0.0479,0.9786,0.0594,0.0085,0.0362,0.0102
GRID_09220,다사65255975,노원구,공릉동,201.0,False,1.8963,0.0165,1.0391,0.0641,0.0029,0.0362,0.0068
GRID_09221,다사65256000,노원구,공릉동,85.5,False,1.0422,0.0,0.567,0.0352,0.0,0.0192,0.0043
GRID_09222,다사65256025,노원구,공릉동,79.3,False,0.0904,0.0,0.0492,0.0031,0.0,0.0017,0.0004
GRID_09223,다사65256050,노원구,공릉동,164.6,False,0.0,0.0,0.0,0.0,0.0,0.0,0.0
GRID_09224,다사65504025,강남구,세곡동,0.0,True,0.3136,0.0,0.1706,0.0,0.0,0.0,0.0
GRID_09225,다사65504050,강남구,세곡동,49.2,False,2.1514,0.0,1.1704,0.0727,0.0,0.0395,0.0101
GRID_09226,다사65504075,강남구,세곡동,14.7,False,1.8392,0.0,1.0005,0.0621,0.0,0.0338,0.0123
GRID_09227,다사65504100,강남구,율현동,10.6,False,0.5424,0.0,0.2951,0.0183,0.0,0.01,0.0041
GRID_09228,다사65504125,강남구,율현동,132.8,False,0.3517,0.0,0.1913,0.0119,0.0,0.0065,0.0013
GRID_09229,다사65504150,강남구,율현동,879.1,False,0.0375,0.0,0.0204,0.0013,0.0,0.0007,0.0001
GRID_09230,다사65504175,강남구,자곡동,2576.6,False,1.0373,0.0,0.5643,0.035,0.0,0.0191,0.0024
GRID_09231,다사65504200,강남구,자곡동,270.3,False,1.5571,0.0,0.8471,0.0526,0.0,0.0286,0.0051
GRID_09232,다사65504225,강남구,자곡동,74.5,False,0.5603,0.0,0.3048,0.0189,0.0,0.0103,0.0024
GRID_09233,다사65504250,강남구,자곡동,46.1,False,0.0,0.0,0.0,0.0,0.0,0.0,0.0
GRID_09234,다사65504275,강남구,수서동,26.0,False,0.1136,0.0,0.0618,0.0038,0.0,0.0021,0.0006
GRID_09235,다사65504300,송파구,가락동,1448.6,False,0.1636,0.0,0.089,0.0055,0.0,0.003,0.0004
GRID_09236,다사65504325,송파구,문정동,388.0,False,1.1098,0.176,0.684,0.0375,0.0314,0.0347,0.0058
GRID_09237,다사65504350,송파구,가락동,135.1,False,2.2672,0.4186,1.4242,0.0766,0.0747,0.0757,0.0154
GRID_09238,다사65504375,송파구,가락동,356.9,False,0.6161,0.5276,0.5757,0.0208,0.0941,0.0542,0.0092
GRID_09239,다사65504400,송파구,가락동,498.1,False,0.5008,0.511,0.5054,0.0169,0.0911,0.0508,0.0082
GRID_09240,다사65504425,송파구,가락동,3127.8,False,4.2502,0.4138,2.5008,0.1436,0.0738,0.1118,0.0139
GRID_09241,다사65504450,송파구,석촌동,261.5,False,8.8976,0.7488,5.1818,0.3006,0.1336,0.2244,0.0403
GRID_09242,다사65504475,송파구,송파동,1127.2,False,8.423,1.1133,5.0898,0.2845,0.1986,0.2453,0.0349
GRID_09243,다사65504500,송파구,송파동,4436.7,False,4.3475,1.3616,2.9859,0.1469,0.2428,0.1906,0.0227
GRID_09244,다사65504525,송파구,송파동,1538.7,False,2.8569,1.3442,2.1671,0.0965,0.2397,0.1618,0.022
GRID_09245,다사65504550,송파구,송파동,1580.4,False,5.6999,1.1537,3.6268,0.1926,0.2058,0.1986,0.027
GRID_09246,다사65504575,송파구,방이동,1567.1,False,4.4497,1.2634,2.9968,0.1503,0.2253,0.1845,0.0251
GRID_09247,다사65504600,송파구,방이동,836.1,False,1.9954,1.7598,1.888,0.0674,0.3138,0.1798,0.0267
GRID_09248,다사65504625,송파구,방이동,4337.6,False,3.0419,1.7102,2.4347,0.1028,0.305,0.195,0.0233
GRID_09249,다사65504650,송파구,신천동,4094.7,False,4.7334,1.3545,3.1926,0.1599,0.2416,0.1971,0.0237
GRID_09250,다사65504675,송파구,신천동,715.0,False,2.7434,0.8821,1.8947,0.0927,0.1573,0.1222,0.0186
GRID_09251,다사65504700,송파구,신천동,4481.3,False,1.0508,0.4445,0.7744,0.0355,0.0793,0.0555,0.0066
GRID_09252,다사65504725,송파구,풍납동,611.1,False,1.6145,0.0118,0.8837,0.0545,0.0021,0.0306,0.0048
GRID_09253,다사65504750,송파구,풍납동,242.9,False,1.2159,0.0,0.6615,0.0411,0.0,0.0223,0.0041
GRID_09254,다사65504775,송파구,풍납동,18.2,False,3.3588,0.0,1.8272,0.1135,0.0,0.0617,0.0209
GRID_09255,다사65504800,송파구,풍납동,284.8,False,3.8195,0.0,2.0778,0.129,0.0,0.0702,0.0124
GRID_09256,다사65504825,송파구,풍납동,1867.0,False,2.1589,0.0,1.1744,0.0729,0.0,0.0397,0.0053
GRID_09257,다사65504850,송파구,풍납동,36.3,False,1.1844,0.0,0.6443,0.04,0.0,0.0218,0.006
GRID_09258,다사65504875,송파구,풍납동,0.0,True,0.1269,0.0,0.069,0.0,0.0,0.0,0.0
GRID_09259,다사65504900,송파구,풍납동,0.0,True,0.0,0.0,0.0,0.0,0.0,0.0,0.0
GRID_09260,다사65504925,송파구,풍납동,5.8,False,0.0,0.184,0.0839,0.0,0.0328,0.015,0.0078
GRID_09261,다사65504950,강동구,천호동,20.6,False,0.6501,0.2624,0.4733,0.022,0.0468,0.0333,0.0108
GRID_09262,다사65504975,광진구,광장동,23.0,False,2.3705,0.1855,1.3741,0.0801,0.0331,0.0586,0.0185
GRID_09263,다사65505000,광진구,광장동,622.5,False,3.4561,0.0,1.8801,0.1168,0.0,0.0635,0.0099
GRID_09264,다사65505025,광진구,광장동,1436.7,False,2.2239,0.0,1.2098,0.0751,0.0,0.0409,0.0056
GRID_09265,다사65505050,광진구,광장동,1572.8,False,0.2857,0.0,0.1554,0.0097,0.0,0.0053,0.0007
GRID_09266,다사65505075,광진구,광장동,42.1,False,0.1463,0.0,0.0796,0.0049,0.0,0.0027,0.0007
GRID_09267,다사65505100,광진구,광장동,0.0,True,0.0,0.0,0.0,0.0,0.0,0.0,0.0
GRID_09268,다사65505375,중랑구,면목동,0.0,True,0.0,0.0,0.0,0.0,0.0,0.0,0.0
GRID_09269,다사65505400,중랑구,면목동,0.0,True,0.0,0.0,0.0,0.0,0.0,0.0,0.0
GRID_09270,다사65505425,중랑구,망우동,15.7,False,0.0,0.0,0.0,0.0,0.0,0.0,0.0
GRID_09271,다사65505450,중랑구,망우동,0.0,True,0.0,0.0,0.0,0.0,0.0,0.0,0.0
GRID_09272,다사65505475,중랑구,망우동,0.0,True,0.0,0.0,0.0,0.0,0.0,0.0,0.0
GRID_09273,다사65505500,중랑구,망우동,0.0,True,0.0,0.0,0.0,0.0,0.0,0.0,0.0
GRID_09274,다사65505525,중랑구,망우동,0.0,True,0.012,0.0,0.0065,0.0,0.0,0.0,0.0
GRID_09275,다사65505550,중랑구,망우동,72.2,False,2.1523,0.0,1.1708,0.0727,0.0,0.0396,0.0092
GRID_09276,다사65505575,중랑구,망우동,841.6,False,3.1415,0.0693,1.7406,0.1061,0.0124,0.0634,0.0094
GRID_09277,다사65505600,중랑구,망우동,247.8,False,1.5447,0.1323,0.9006,0.0522,0.0236,0.0391,0.0071
GRID_09278,다사65505625,중랑구,망우동,49.0,False,0.7266,0.1613,0.4688,0.0245,0.0288,0.0265,0.0068
GRID_09279,다사65505650,중랑구,망우동,2227.8,False,0.148,0.1486,0.1482,0.005,0.0265,0.0148,0.0019
GRID_09280,다사65505675,중랑구,망우동,317.7,False,1.2697,0.1164,0.7438,0.0429,0.0208,0.0328,0.0057
GRID_09281,다사65505700,중랑구,신내동,197.2,False,2.3653,0.0551,1.3118,0.0799,0.0098,0.0479,0.0091
GRID_09282,다사65505725,중랑구,신내동,6562.4,False,3.102,0.0219,1.6975,0.1048,0.0039,0.0588,0.0067
GRID_09283,다사65505750,중랑구,신내동,432.9,False,2.4593,0.0,1.3379,0.0831,0.0,0.0452,0.0074
GRID_09284,다사65505775,중랑구,신내동,24.7,False,1.1188,0.0,0.6086,0.0378,0.0,0.0206,0.0063
GRID_09285,다사65505800,중랑구,신내동,0.0,True,0.0,0.0,0.0,0.0,0.0,0.0,0.0
GRID_09286,다사65505875,노원구,공릉동,0.0,True,0.0,0.0283,0.0129,0.0,0.0,0.0,0.0
GRID_09287,다사65505900,노원구,공릉동,0.0,True,0.0,0.0874,0.0398,0.0,0.0,0.0,0.0
GRID_09288,다사65505925,노원구,공릉동,0.0,True,0.0,0.1195,0.0545,0.0,0.0,0.0,0.0
GRID_09289,다사65505950,노원구,공릉동,0.0,True,0.2639,0.1159,0.1964,0.0,0.0,0.0,0.0
GRID_09290,다사65505975,노원구,공릉동,42.9,False,0.9015,0.0776,0.5258,0.0305,0.0138,0.0229,0.006
GRID_09291,다사65506000,노원구,공릉동,123.6,False,1.0084,0.0148,0.5554,0.0341,0.0026,0.0197,0.0041
GRID_09292,다사65506025,노원구,공릉동,257.8,False,0.2259,0.0,0.1229,0.0076,0.0,0.0042,0.0007
GRID_09293,다사65754000,강남구,세곡동,0.0,True,0.0,0.0,0.0,0.0,0.0,0.0,0.0
GRID_09294,다사65754025,강남구,세곡동,0.0,True,0.0,0.0,0.0,0.0,0.0,0.0,0.0
GRID_09295,다사65754050,강남구,세곡동,8.0,False,0.7829,0.0,0.4259,0.0264,0.0,0.0144,0.0065
GRID_09296,다사65754075,강남구,세곡동,60.1,False,0.9065,0.0,0.4931,0.0306,0.0,0.0167,0.0041
GRID_09297,다사65754100,강남구,율현동,0.0,True,0.1205,0.0,0.0655,0.0,0.0,0.0,0.0
GRID_09298,다사65754125,강남구,율현동,0.0,True,0.0,0.0,0.0,0.0,0.0,0.0,0.0
GRID_09299,다사65754150,강남구,율현동,139.2,False,0.0,0.0,0.0,0.0,0.0,0.0,0.0
GRID_09300,다사65754175,강남구,율현동,1209.1,False,0.5939,0.0,0.3231,0.0201,0.0,0.0109,0.0015
GRID_09301,다사65754200,강남구,자곡동,810.5,False,1.2425,0.0,0.6759,0.042,0.0,0.0228,0.0034
GRID_09302,다사65754225,강남구,자곡동,24.9,False,0.6816,0.0,0.3708,0.023,0.0,0.0125,0.0038
GRID_09303,다사65754250,송파구,문정동,79.7,False,0.0508,0.0,0.0277,0.0017,0.0,0.0009,0.0002
GRID_09304,다사65754275,송파구,문정동,374.8,False,1.8032,0.0555,1.0062,0.0609,0.0099,0.0376,0.0063
GRID_09305,다사65754300,송파구,문정동,27.0,False,1.8607,0.2176,1.1114,0.0629,0.0388,0.0519,0.0156
GRID_09306,다사65754325,송파구,문정동,2101.7,False,2.6256,0.6357,1.7182,0.0887,0.1134,0.1,0.0131
GRID_09307,다사65754350,송파구,가락동,313.8,False,4.5497,0.9297,2.899,0.1537,0.1658,0.1592,0.0277
GRID_09308,다사65754375,송파구,가락동,229.2,False,3.9075,1.0339,2.5972,0.132,0.1844,0.1559,0.0287
GRID_09309,다사65754400,송파구,가락동,185.4,False,1.6595,0.9712,1.3456,0.0561,0.1732,0.1095,0.0209
GRID_09310,다사65754425,송파구,가락동,8.6,False,3.5269,0.6345,2.208,0.1191,0.1132,0.1164,0.0515
GRID_09311,다사65754450,송파구,송파동,1316.4,False,6.3478,0.4289,3.6488,0.2144,0.0765,0.1515,0.0211
GRID_09312,다사65754475,송파구,송파동,101.9,False,4.4674,0.6163,2.7113,0.1509,0.1099,0.1322,0.0285
GRID_09313,다사65754500,송파구,송파동,818.4,False,2.172,0.8184,1.5548,0.0734,0.146,0.1065,0.0159
GRID_09314,다사65754525,송파구,송파동,1963.4,False,2.8875,0.8201,1.9448,0.0975,0.1463,0.1198,0.0158
GRID_09315,다사65754550,송파구,송파동,564.4,False,5.6393,0.6858,3.3805,0.1905,0.1223,0.1594,0.0252
GRID_09316,다사65754575,송파구,방이동,5449.6,False,4.3479,0.9398,2.7938,0.1469,0.1676,0.1563,0.0182
GRID_09317,다사65754600,송파구,방이동,1194.1,False,2.5881,1.2344,1.9708,0.0874,0.2201,0.1479,0.0209
GRID_09318,다사65754625,송파구,방이동,5294.2,False,4.8762,1.2263,3.2118,0.1647,0.2187,0.1893,0.0221
GRID_09319,다사65754650,송파구,방이동,1746.2,False,5.4043,1.0149,3.4028,0.1826,0.181,0.1819,0.0244
GRID_09320,다사65754675,송파구,신천동,3582.7,False,3.4454,0.7264,2.2055,0.1164,0.1296,0.1224,0.015
GRID_09321,다사65754700,송파구,신천동,855.0,False,2.1311,0.259,1.2774,0.072,0.0462,0.0602,0.0089
GRID_09322,다사65754725,송파구,풍납동,1702.0,False,2.2577,0.0,1.2282,0.0763,0.0,0.0415,0.0056
GRID_09323,다사65754750,송파구,풍납동,14.0,False,1.9806,0.1676,1.1538,0.0669,0.0299,0.05,0.0185
GRID_09324,다사65754775,송파구,풍납동,2626.2,False,3.2351,0.2806,1.8879,0.1093,0.0501,0.0823,0.0104
GRID_09325,다사65754800,송파구,풍납동,3031.9,False,3.021,0.2584,1.7613,0.1021,0.0461,0.0765,0.0095
GRID_09326,다사65754825,송파구,풍납동,16.7,False,1.9534,0.1071,1.1115,0.066,0.0191,0.0446,0.0155
GRID_09327,다사65754850,송파구,풍납동,13.0,False,1.853,0.0,1.008,0.0626,0.0,0.0341,0.0129
GRID_09328,다사65754875,송파구,풍납동,112.0,False,0.832,0.0,0.4526,0.0281,0.0,0.0153,0.0032
GRID_09329,다사65754900,송파구,풍납동,7.6,False,0.1457,0.0,0.0793,0.0049,0.0,0.0027,0.0012
GRID_09330,다사65754925,강동구,천호동,269.0,False,0.0,0.0,0.0,0.0,0.0,0.0,0.0
GRID_09331,다사65754950,강동구,천호동,59.2,False,0.0,0.0,0.0,0.0,0.0,0.0,0.0
GRID_09332,다사65754975,강동구,천호동,0.0,True,0.0334,0.0,0.0182,0.0,0.0,0.0,0.0
GRID_09333,다사65755000,강동구,천호동,0.0,True,0.364,0.0,0.198,0.0,0.0,0.0,0.0
GRID_09334,다사65755025,강동구,암사동,0.0,True,0.0919,0.0,0.05,0.0,0.0,0.0,0.0
GRID_09335,다사65755050,광진구,광장동,82.4,False,0.1109,0.0,0.0603,0.0037,0.0,0.002,0.0005
GRID_09336,다사65755075,광진구,광장동,90.1,False,0.0047,0.0,0.0026,0.0002,0.0,0.0001,0.0
GRID_09337,다사65755100,광진구,광장동,18.4,False,0.0,0.0,0.0,0.0,0.0,0.0,0.0
GRID_09338,다사65755450,중랑구,망우동,0.0,True,0.0,0.0,0.0,0.0,0.0,0.0,0.0
GRID_09339,다사65755475,중랑구,망우동,8.5,False,0.0,0.0,0.0,0.0,0.0,0.0,0.0
GRID_09340,다사65755500,중랑구,망우동,51.5,False,0.0,0.0,0.0,0.0,0.0,0.0,0.0
GRID_09341,다사65755525,중랑구,망우동,49.5,False,0.0,0.0,0.0,0.0,0.0,0.0,0.0
GRID_09342,다사65755550,중랑구,망우동,16.3,False,1.1758,0.0,0.6396,0.0397,0.0,0.0216,0.0076
GRID_09343,다사65755575,중랑구,망우동,1523.2,False,2.4654,0.0238,1.352,0.0833,0.0042,0.0472,0.0064
GRID_09344,다사65755600,중랑구,망우동,38.7,False,1.1817,0.0785,0.6786,0.0399,0.014,0.0281,0.0076
GRID_09345,다사65755625,중랑구,망우동,181.3,False,0.0,0.1038,0.0473,0.0,0.0185,0.0084,0.0016
GRID_09346,다사65755650,중랑구,망우동,229.2,False,0.0,0.0927,0.0423,0.0,0.0165,0.0075,0.0014
GRID_09347,다사65755675,중랑구,신내동,56.6,False,0.1785,0.0483,0.1191,0.006,0.0086,0.0072,0.0018
GRID_09348,다사65755700,중랑구,신내동,165.4,False,2.0382,0.0,1.1088,0.0689,0.0,0.0375,0.0073
GRID_09349,다사65755725,중랑구,신내동,1190.3,False,2.4195,0.0,1.3162,0.0817,0.0,0.0445,0.0063
GRID_09350,다사65755750,중랑구,신내동,134.4,False,1.3773,0.0,0.7492,0.0465,0.0,0.0253,0.0052
GRID_09351,다사65755775,중랑구,신내동,64.4,False,0.0,0.0,0.0,0.0,0.0,0.0,0.0
GRID_09352,다사65755900,노원구,공릉동,0.0,True,0.0,0.1245,0.0568,0.0,0.0,0.0,0.0
GRID_09353,다사65755925,노원구,공릉동,0.0,True,0.0,0.1601,0.073,0.0,0.0,0.0,0.0
GRID_09354,다사65755950,노원구,공릉동,0.0,True,0.0,0.1561,0.0712,0.0,0.0,0.0,0.0
GRID_09355,다사65755975,노원구,공릉동,0.0,True,0.001,0.1137,0.0524,0.0,0.0,0.0,0.0
GRID_09356,다사65756000,노원구,공릉동,19.7,False,0.1882,0.0443,0.1225,0.0064,0.0079,0.0071,0.0023
GRID_09357,다사66004000,강남구,세곡동,0.0,True,0.0,0.0,0.0,0.0,0.0,0.0,0.0
GRID_09358,다사66004025,강남구,세곡동,0.0,True,0.0,0.0,0.0,0.0,0.0,0.0,0.0
GRID_09359,다사66004050,강남구,세곡동,12.4,False,0.412,0.0,0.2241,0.0139,0.0,0.0076,0.0029
GRID_09360,다사66004075,강남구,세곡동,118.9,False,0.9549,0.0,0.5195,0.0323,0.0,0.0175,0.0037
GRID_09361,다사66004100,강남구,율현동,14.7,False,0.6139,0.0,0.334,0.0207,0.0,0.0113,0.0041
GRID_09362,다사66004125,강남구,율현동,51.3,False,0.0,0.0,0.0,0.0,0.0,0.0,0.0
GRID_09363,다사66004150,강남구,율현동,39.6,False,0.0,0.0,0.0,0.0,0.0,0.0,0.0
GRID_09364,다사66004175,강남구,율현동,0.0,True,0.0077,0.0,0.0042,0.0,0.0,0.0,0.0
GRID_09365,다사66004200,송파구,문정동,45.9,False,1.5072,0.0,0.8199,0.0509,0.0,0.0277,0.0072
GRID_09366,다사66004225,송파구,문정동,907.4,False,1.8534,0.0,1.0082,0.0626,0.0,0.0341,0.005
GRID_09367,다사66004250,송파구,문정동,35.1,False,0.5798,0.2565,0.4324,0.0196,0.0457,0.0315,0.0088
GRID_09368,다사66004275,송파구,문정동,1771.3,False,2.5525,0.433,1.586,0.0862,0.0772,0.0821,0.011
GRID_09369,다사66004300,송파구,문정동,1085.2,False,2.1333,0.8089,1.5294,0.0721,0.1443,0.105,0.015
GRID_09370,다사66004325,송파구,문정동,1536.7,False,1.3816,1.1946,1.2963,0.0467,0.2131,0.1225,0.0167
GRID_09371,다사66004350,송파구,문정동,1207.6,False,4.3505,1.2449,2.9344,0.147,0.222,0.1812,0.0255
GRID_09372,다사66004375,송파구,가락동,779.8,False,6.1568,1.3144,3.9487,0.208,0.2344,0.22,0.033
GRID_09373,다사66004400,송파구,가락동,1183.7,False,3.4202,1.2612,2.4357,0.1155,0.2249,0.1654,0.0234
GRID_09374,다사66004425,송파구,가락동,244.5,False,1.7113,0.8237,1.3065,0.0578,0.1469,0.0984,0.0179
GRID_09375,다사66004450,송파구,송파동,1404.8,False,2.6697,0.3123,1.5947,0.0902,0.0557,0.0745,0.0103
GRID_09376,다사66004475,송파구,송파동,2397.9,False,2.7937,0.2414,1.6299,0.0944,0.0431,0.071,0.0091
GRID_09377,다사66004500,송파구,송파동,181.9,False,2.4954,0.1659,1.4331,0.0843,0.0296,0.0593,0.0114
GRID_09378,다사66004525,송파구,송파동,1164.6,False,2.2375,0.2868,1.3479,0.0756,0.0511,0.0644,0.0091
GRID_09379,다사66004550,송파구,방이동,37.9,False,3.4015,0.4215,2.0426,0.1149,0.0752,0.0968,0.0264
GRID_09380,다사66004575,송파구,방이동,1695.7,False,2.9614,0.7465,1.9514,0.1,0.1331,0.1151,0.0155
GRID_09381,다사66004600,송파구,방이동,2651.9,False,3.3841,1.0425,2.3163,0.1143,0.1859,0.147,0.0186
GRID_09382,다사66004625,송파구,방이동,150.5,False,4.7066,1.0493,3.0388,0.159,0.1871,0.1718,0.0342
GRID_09383,다사66004650,송파구,방이동,99.4,False,2.6335,0.946,1.864,0.089,0.1687,0.1253,0.0272
GRID_09384,다사66004675,송파구,방이동,159.6,False,1.3815,0.6608,1.0528,0.0467,0.1178,0.0791,0.0156
GRID_09385,다사66004700,송파구,방이동,3839.5,False,1.5941,0.2024,0.9595,0.0539,0.0361,0.0458,0.0055
GRID_09386,다사66004725,송파구,풍납동,179.6,False,2.9315,0.1728,1.6735,0.099,0.0308,0.0679,0.0131
GRID_09387,다사66004750,송파구,풍납동,927.7,False,3.6574,0.4341,2.1876,0.1236,0.0774,0.1025,0.015
GRID_09388,다사66004775,송파구,풍납동,3825.8,False,3.1011,0.57,1.9469,0.1048,0.1017,0.1033,0.0125
GRID_09389,다사66004800,송파구,풍납동,3930.2,False,1.7181,0.5433,1.1824,0.058,0.0969,0.0758,0.0092
GRID_09390,다사66004825,송파구,풍납동,181.7,False,0.8384,0.5332,0.6992,0.0283,0.0951,0.0588,0.0113
GRID_09391,다사66004850,송파구,풍납동,2132.8,False,1.1459,0.7874,0.9824,0.0387,0.1404,0.0851,0.0111
GRID_09392,다사66004875,송파구,풍납동,422.8,False,0.9614,0.8839,0.926,0.0325,0.1576,0.0896,0.0148
GRID_09393,다사66004900,송파구,풍납동,103.7,False,0.4389,0.6338,0.5278,0.0148,0.113,0.0596,0.0128
GRID_09394,다사66004925,강동구,천호동,29.0,False,0.0,0.055,0.0251,0.0,0.0098,0.0045,0.0013
GRID_09395,다사66004950,강동구,천호동,6.4,False,0.0,0.0,0.0,0.0,0.0,0.0,0.0
GRID_09396,다사66004975,강동구,천호동,0.0,True,0.0,0.0,0.0,0.0,0.0,0.0,0.0
GRID_09397,다사66005000,강동구,천호동,0.0,True,0.0,0.0,0.0,0.0,0.0,0.0,0.0
GRID_09398,다사66005025,강동구,암사동,0.0,True,0.0,0.0,0.0,0.0,0.0,0.0,0.0
GRID_09399,다사66005050,강동구,암사동,0.0,True,0.0,0.0,0.0,0.0,0.0,0.0,0.0
GRID_09400,다사66005075,강동구,암사동,0.0,True,0.0,0.0,0.0,0.0,0.0,0.0,0.0
GRID_09401,다사66005100,강동구,암사동,0.0,True,0.0,0.0,0.0,0.0,0.0,0.0,0.0
GRID_09402,다사66005475,중랑구,망우동,8.3,False,0.0,0.0,0.0,0.0,0.0,0.0,0.0
GRID_09403,다사66005500,중랑구,망우동,53.1,False,0.0,0.0,0.0,0.0,0.0,0.0,0.0
GRID_09404,다사66005525,중랑구,망우동,261.3,False,0.0,0.0,0.0,0.0,0.0,0.0,0.0
GRID_09405,다사66005550,중랑구,망우동,0.0,True,1.4263,0.0,0.7759,0.0,0.0,0.0,0.0
GRID_09406,다사66005575,중랑구,망우동,53.6,False,2.6359,0.0,1.434,0.089,0.0,0.0484,0.0121
GRID_09407,다사66005600,중랑구,망우동,55.3,False,1.3761,0.0028,0.7499,0.0465,0.0005,0.0255,0.0063
GRID_09408,다사66005625,중랑구,망우동,47.4,False,0.0,0.0228,0.0104,0.0,0.0041,0.0019,0.0005
GRID_09409,다사66005650,중랑구,망우동,38.5,False,0.0,0.014,0.0064,0.0,0.0025,0.0011,0.0003
GRID_09410,다사66005675,중랑구,신내동,117.7,False,0.0,0.0,0.0,0.0,0.0,0.0,0.0
GRID_09411,다사66005700,중랑구,신내동,28.0,False,0.5576,0.0,0.3033,0.0188,0.0,0.0102,0.003
GRID_09412,다사66005725,중랑구,신내동,0.0,True,1.0195,0.0,0.5546,0.0,0.0,0.0,0.0
GRID_09413,다사66005750,중랑구,신내동,0.0,True,0.1056,0.0,0.0574,0.0,0.0,0.0,0.0
GRID_09414,다사66005775,중랑구,신내동,0.0,True,0.0,0.0,0.0,0.0,0.0,0.0,0.0
GRID_09415,다사66254025,강남구,세곡동,0.0,True,0.0,0.0,0.0,0.0,0.0,0.0,0.0
GRID_09416,다사66254050,강남구,세곡동,11.3,False,0.2662,0.0,0.1448,0.009,0.0,0.0049,0.0019
GRID_09417,다사66254075,강남구,세곡동,98.6,False,1.6121,0.0601,0.9044,0.0545,0.0107,0.0345,0.0075
GRID_09418,다사66254100,강남구,율현동,176.3,False,1.5974,0.2454,0.9809,0.054,0.0438,0.0493,0.0095
GRID_09419,다사66254125,강남구,율현동,176.2,False,0.2554,0.2912,0.2717,0.0086,0.0519,0.0284,0.0055
GRID_09420,다사66254150,송파구,장지동,0.0,True,0.0,0.1848,0.0843,0.0,0.0,0.0,0.0
GRID_09421,다사66254175,송파구,장지동,180.8,False,0.316,0.247,0.2846,0.0107,0.0441,0.0259,0.005
GRID_09422,다사66254200,송파구,문정동,368.2,False,3.2601,0.4089,1.96,0.1101,0.0729,0.0932,0.0158
GRID_09423,다사66254225,송파구,문정동,1480.7,False,4.9898,0.562,2.9707,0.1686,0.1002,0.1374,0.0188
GRID_09424,다사66254250,송파구,문정동,264.8,False,3.5942,0.7016,2.2752,0.1214,0.1251,0.1231,0.0221
GRID_09425,다사66254275,송파구,문정동,1000.3,False,2.3936,0.7085,1.6252,0.0809,0.1264,0.1016,0.0147
GRID_09426,다사66254300,송파구,문정동,1739.3,False,1.4797,1.0754,1.2954,0.05,0.1918,0.1147,0.0154
GRID_09427,다사66254325,송파구,문정동,641.4,False,0.9083,1.4354,1.1487,0.0307,0.256,0.1334,0.0206
GRID_09428,다사66254350,송파구,문정동,16.5,False,2.6022,1.5795,2.1358,0.0879,0.2817,0.1763,0.0616
GRID_09429,다사66254375,송파구,가락동,939.3,False,7.7262,1.5343,4.9027,0.261,0.2736,0.2668,0.039
GRID_09430,다사66254400,송파구,가락동,349.5,False,7.1602,1.3339,4.5034,0.2419,0.2379,0.2401,0.041
GRID_09431,다사66254425,송파구,가락동,3283.3,False,3.1698,0.8673,2.1198,0.1071,0.1547,0.1288,0.0159
GRID_09432,다사66254450,송파구,가락동,361.2,False,3.5805,0.3152,2.0915,0.121,0.0562,0.0914,0.0155
GRID_09433,다사66254475,송파구,송파동,5477.8,False,3.6087,0.1348,2.0246,0.1219,0.024,0.0773,0.009
GRID_09434,다사66254500,송파구,송파동,2557.7,False,3.8648,0.0691,2.1339,0.1306,0.0123,0.0766,0.0098
GRID_09435,다사66254525,송파구,방이동,1173.7,False,2.5859,0.2575,1.5242,0.0874,0.0459,0.0685,0.0097
GRID_09436,다사66254550,송파구,방이동,1130.5,False,2.6984,0.3897,1.6456,0.0912,0.0695,0.0813,0.0116
GRID_09437,다사66254575,송파구,방이동,3636.5,False,4.2074,0.542,2.536,0.1421,0.0967,0.1214,0.0148
GRID_09438,다사66254600,송파구,방이동,857.9,False,5.391,0.5437,3.1806,0.1821,0.097,0.1433,0.0212
GRID_09439,다사66254625,송파구,방이동,39.3,False,3.7701,0.6792,2.3606,0.1274,0.1211,0.1245,0.0337
GRID_09440,다사66254650,송파구,방이동,0.0,True,0.7377,0.6432,0.6946,0.0,0.0,0.0,0.0
GRID_09441,다사66254675,송파구,방이동,0.0,True,0.0328,0.3862,0.1939,0.0,0.0,0.0,0.0
GRID_09442,다사66254700,송파구,방이동,0.0,True,0.0828,0.0493,0.0675,0.0,0.0,0.0,0.0
GRID_09443,다사66254725,송파구,방이동,68.6,False,1.4789,0.292,0.9377,0.05,0.0521,0.0509,0.012
GRID_09444,다사66254750,송파구,방이동,1201.0,False,3.8872,0.5768,2.3776,0.1313,0.1029,0.1183,0.0167
GRID_09445,다사66254775,송파구,풍납동,37.2,False,6.3897,0.7249,3.8065,0.2159,0.1293,0.1764,0.0484
GRID_09446,다사66254800,송파구,풍납동,351.1,False,7.7832,0.7499,4.576,0.2629,0.1337,0.204,0.0348
GRID_09447,다사66254825,송파구,풍납동,814.6,False,4.3522,1.4132,3.012,0.147,0.252,0.1949,0.0291
GRID_09448,다사66254850,송파구,풍납동,1754.4,False,1.8093,1.7505,1.7825,0.0611,0.3122,0.1756,0.0235
GRID_09449,다사66254875,송파구,풍납동,1912.5,False,2.8564,1.7709,2.3614,0.0965,0.3158,0.1965,0.026
GRID_09450,다사66254900,강동구,천호동,882.5,False,1.3478,1.4707,1.4039,0.0455,0.2623,0.1444,0.0213
GRID_09451,다사66254925,강동구,천호동,32.0,False,0.0,0.7491,0.3416,0.0,0.1336,0.0609,0.0174
GRID_09452,다사66254950,강동구,천호동,194.1,False,0.0,0.0,0.0,0.0,0.0,0.0,0.0
GRID_09453,다사66254975,강동구,천호동,64.9,False,0.0,0.0358,0.0163,0.0,0.0064,0.0029,0.0007
GRID_09454,다사66255000,강동구,암사동,0.0,True,0.0,0.1407,0.0642,0.0,0.0,0.0,0.0
GRID_09455,다사66255025,강동구,암사동,0.0,True,0.0,0.0829,0.0378,0.0,0.0,0.0,0.0
GRID_09456,다사66255050,강동구,암사동,0.0,True,0.0,0.0,0.0,0.0,0.0,0.0,0.0
GRID_09457,다사66255075,강동구,암사동,0.0,True,0.0,0.0,0.0,0.0,0.0,0.0,0.0
GRID_09458,다사66255100,강동구,암사동,0.0,True,0.0,0.0,0.0,0.0,0.0,0.0,0.0
GRID_09459,다사66255125,강동구,암사동,0.0,True,0.0,0.0,0.0,0.0,0.0,0.0,0.0
GRID_09460,다사66255600,중랑구,망우동,0.0,True,0.0,0.0,0.0,0.0,0.0,0.0,0.0
GRID_09461,다사66255625,중랑구,망우동,0.0,True,0.0,0.0,0.0,0.0,0.0,0.0,0.0
GRID_09462,다사66255650,중랑구,망우동,0.0,True,0.0,0.0,0.0,0.0,0.0,0.0,0.0
GRID_09463,다사66504050,강남구,세곡동,0.0,True,0.0,0.0505,0.023,0.0,0.0,0.0,0.0
GRID_09464,다사66504075,강남구,세곡동,25.6,False,1.0668,0.3513,0.7406,0.036,0.0627,0.0482,0.0147
GRID_09465,다사66504100,강남구,세곡동,47.6,False,3.0907,0.5757,1.9438,0.1044,0.1027,0.1036,0.0267
GRID_09466,다사66504125,송파구,장지동,133.4,False,1.8271,0.6313,1.2818,0.0617,0.1126,0.0849,0.0173
GRID_09467,다사66504150,송파구,장지동,73.8,False,0.0,0.7227,0.3296,0.0,0.1289,0.0588,0.0136
GRID_09468,다사66504175,송파구,장지동,574.2,False,0.3177,0.8101,0.5423,0.0107,0.1445,0.0717,0.0113
GRID_09469,다사66504200,송파구,문정동,2169.3,False,4.9887,0.7857,3.0721,0.1685,0.1401,0.1556,0.0203
GRID_09470,다사66504225,송파구,문정동,1745.4,False,7.5306,1.0104,4.5574,0.2544,0.1802,0.2206,0.0295
GRID_09471,다사66504250,송파구,문정동,7220.0,False,4.2266,1.1295,2.8143,0.1428,0.2014,0.1695,0.0191
GRID_09472,다사66504275,송파구,문정동,553.9,False,4.0321,0.96,2.6313,0.1362,0.1712,0.1522,0.0241
GRID_09473,다사66504300,송파구,문정동,901.0,False,3.3145,0.948,2.2354,0.112,0.1691,0.138,0.0203
GRID_09474,다사66504325,송파구,문정동,566.0,False,2.5468,1.2624,1.9611,0.086,0.2251,0.1495,0.0236
GRID_09475,다사66504350,송파구,가락동,977.0,False,4.6319,1.4779,3.1937,0.1565,0.2636,0.2053,0.0298
GRID_09476,다사66504375,송파구,가락동,934.1,False,8.5716,1.3743,5.2896,0.2896,0.2451,0.2693,0.0394
GRID_09477,다사66504400,송파구,가락동,10083.1,False,8.4758,1.1994,5.1578,0.2863,0.2139,0.2533,0.0275
GRID_09478,다사66504425,송파구,가락동,715.2,False,4.995,0.884,3.1203,0.1687,0.1577,0.1637,0.0249
GRID_09479,다사66504450,송파구,가락동,2190.6,False,4.4562,0.703,2.7448,0.1505,0.1254,0.1391,0.0181
GRID_09480,다사66504475,송파구,가락동,1975.3,False,3.3648,0.5287,2.0715,0.1137,0.0943,0.1048,0.0138
GRID_09481,다사66504500,송파구,송파동,279.8,False,3.1311,0.5891,1.972,0.1058,0.1051,0.1055,0.0187
GRID_09482,다사66504525,송파구,방이동,2589.7,False,2.6421,0.4866,1.6592,0.0893,0.0868,0.0881,0.0112
GRID_09483,다사66504550,송파구,방이동,1813.2,False,2.1282,0.4399,1.3583,0.0719,0.0785,0.0749,0.01
GRID_09484,다사66504575,송파구,방이동,46.9,False,3.7379,0.4158,2.223,0.1263,0.0742,0.1025,0.0265
GRID_09485,다사66504600,송파구,방이동,2286.5,False,4.4903,0.4496,2.6478,0.1517,0.0802,0.1191,0.0154
GRID_09486,다사66504625,송파구,방이동,395.7,False,2.5247,0.4481,1.5778,0.0853,0.0799,0.0828,0.0138
GRID_09487,다사66504650,송파구,방이동,84.6,False,0.0,0.3375,0.1539,0.0,0.0602,0.0274,0.0062
GRID_09488,다사66504675,송파구,방이동,0.0,True,0.0,0.1268,0.0578,0.0,0.0,0.0,0.0
GRID_09489,다사66504700,송파구,방이동,0.0,True,0.0,0.0,0.0,0.0,0.0,0.0,0.0
GRID_09490,다사66504725,송파구,방이동,150.4,False,0.5571,0.2753,0.4286,0.0188,0.0491,0.0326,0.0065
GRID_09491,다사66504750,강동구,성내동,1227.5,False,2.6609,0.5568,1.7014,0.0899,0.0993,0.0942,0.0132
GRID_09492,다사66504775,강동구,성내동,1975.1,False,6.4233,0.7031,3.8149,0.217,0.1254,0.1752,0.0231
GRID_09493,다사66504800,강동구,성내동,860.1,False,9.8532,0.975,5.8047,0.3329,0.1739,0.2604,0.0385
GRID_09494,다사66504825,강동구,성내동,792.3,False,7.2613,1.7906,4.7667,0.2453,0.3193,0.2791,0.0418
GRID_09495,다사66504850,송파구,풍납동,1257.6,False,5.3803,2.1898,3.9254,0.1818,0.3905,0.277,0.0388
GRID_09496,다사66504875,송파구,풍납동,887.8,False,7.3492,2.2439,5.0212,0.2483,0.4002,0.3175,0.0468
GRID_09497,다사66504900,강동구,천호동,1658.6,False,5.3503,1.9169,3.7847,0.1807,0.3419,0.2542,0.0343
GRID_09498,다사66504925,강동구,천호동,5485.3,False,1.2018,1.131,1.1695,0.0406,0.2017,0.1141,0.0132
GRID_09499,다사66504950,강동구,천호동,2259.1,False,0.4804,0.2669,0.383,0.0162,0.0476,0.0305,0.004
GRID_09500,다사66504975,강동구,천호동,611.1,False,0.109,0.4617,0.2698,0.0037,0.0823,0.0396,0.0062
GRID_09501,다사66505000,강동구,암사동,784.2,False,0.0,0.5944,0.2711,0.0,0.106,0.0483,0.0073
GRID_09502,다사66505025,강동구,암사동,231.7,False,0.0,0.5212,0.2377,0.0,0.093,0.0424,0.0078
GRID_09503,다사66505050,강동구,암사동,23.5,False,0.0,0.2625,0.1197,0.0,0.0468,0.0213,0.0067
GRID_09504,다사66505075,강동구,암사동,9.0,False,0.0,0.0,0.0,0.0,0.0,0.0,0.0
GRID_09505,다사66505100,강동구,암사동,0.0,True,0.0,0.0,0.0,0.0,0.0,0.0,0.0
GRID_09506,다사66505125,강동구,암사동,0.0,True,0.0,0.0,0.0,0.0,0.0,0.0,0.0
GRID_09507,다사66505150,강동구,암사동,0.0,True,0.0,0.0,0.0,0.0,0.0,0.0,0.0
GRID_09508,다사66754075,송파구,장지동,6.2,False,0.8624,0.5158,0.7043,0.0291,0.092,0.0578,0.0293
GRID_09509,다사66754100,송파구,장지동,78.8,False,9.5063,0.7624,5.5191,0.3211,0.136,0.2367,0.054
GRID_09510,다사66754125,송파구,장지동,185.8,False,9.8108,0.8235,5.7126,0.3314,0.1469,0.2473,0.0473
GRID_09511,다사66754150,송파구,장지동,422.8,False,1.3596,1.0461,1.2166,0.0459,0.1866,0.1101,0.0182
GRID_09512,다사66754175,송파구,장지동,684.8,False,2.1811,1.1358,1.7045,0.0737,0.2026,0.1325,0.0203
GRID_09513,다사66754200,송파구,문정동,4304.0,False,8.6379,1.013,5.161,0.2918,0.1807,0.2411,0.0288
GRID_09514,다사66754225,송파구,문정동,629.0,False,10.5069,1.1255,6.229,0.3549,0.2007,0.2846,0.0442
GRID_09515,다사66754250,송파구,문정동,998.6,False,6.0145,1.2091,3.8232,0.2032,0.2156,0.2089,0.0302
GRID_09516,다사66754275,송파구,문정동,647.9,False,4.9512,0.9983,3.1487,0.1673,0.178,0.1722,0.0266
GRID_09517,다사66754300,송파구,문정동,2829.3,False,4.0648,0.7297,2.544,0.1373,0.1301,0.134,0.0169
GRID_09518,다사66754325,송파구,문정동,2286.9,False,3.2754,0.7183,2.1094,0.1106,0.1281,0.1186,0.0153
GRID_09519,다사66754350,송파구,가락동,889.2,False,3.2606,0.9033,2.1857,0.1101,0.1611,0.1334,0.0196
GRID_09520,다사66754375,송파구,가락동,2571.8,False,4.6917,0.8769,2.9522,0.1585,0.1564,0.1575,0.0201
GRID_09521,다사66754400,송파구,가락동,1066.9,False,4.9949,0.8412,3.1008,0.1687,0.15,0.1602,0.023
GRID_09522,다사66754425,송파구,가락동,350.5,False,5.7282,0.9544,3.5513,0.1935,0.1702,0.1829,0.0312
GRID_09523,다사66754450,송파구,가락동,2189.3,False,7.2041,1.0075,4.3785,0.2434,0.1797,0.2143,0.0279
GRID_09524,다사66754475,송파구,가락동,1484.9,False,6.5192,0.9105,3.9616,0.2202,0.1624,0.1939,0.0265
GRID_09525,다사66754500,송파구,오금동,1135.1,False,1.6683,0.9484,1.34,0.0564,0.1691,0.1078,0.0153
GRID_09526,다사66754525,송파구,오금동,11.0,False,2.3316,0.8179,1.6413,0.0788,0.1459,0.1094,0.044
GRID_09527,다사66754550,송파구,방이동,935.1,False,3.126,0.5501,1.9514,0.1056,0.0981,0.1022,0.0149
GRID_09528,다사66754575,송파구,방이동,4737.0,False,4.7476,0.638,2.8737,0.1604,0.1138,0.1391,0.0164
GRID_09529,다사66754600,송파구,방이동,61.2,False,3.8782,0.7236,2.4397,0.131,0.129,0.1301,0.0315
GRID_09530,다사66754625,송파구,방이동,441.6,False,0.4123,0.6241,0.5089,0.0139,0.1113,0.0583,0.0096
GRID_09531,다사66754650,송파구,방이동,369.9,False,0.0,0.5037,0.2297,0.0,0.0898,0.041,0.0069
GRID_09532,다사66754675,송파구,방이동,324.5,False,0.0,0.2274,0.1037,0.0,0.0406,0.0185,0.0032
GRID_09533,다사66754700,송파구,방이동,33.3,False,0.214,0.0,0.1164,0.0072,0.0,0.0039,0.0011
GRID_09534,다사66754725,송파구,방이동,1787.4,False,0.8001,0.1272,0.4933,0.027,0.0227,0.025,0.0033
GRID_09535,다사66754750,강동구,성내동,4417.9,False,2.0374,0.3796,1.2814,0.0688,0.0677,0.0683,0.0081
GRID_09536,다사66754775,강동구,성내동,646.1,False,3.3691,0.5108,2.0657,0.1138,0.0911,0.1035,0.016
GRID_09537,다사66754800,강동구,성내동,2923.0,False,5.8872,0.7639,3.5509,0.1989,0.1362,0.1703,0.0213
GRID_09538,다사66754825,강동구,성내동,2521.5,False,3.7586,1.801,2.8659,0.127,0.3212,0.2155,0.0275
GRID_09539,다사66754850,강동구,성내동,2790.3,False,8.7979,2.2694,5.8209,0.2972,0.4047,0.3462,0.0436
GRID_09540,다사66754875,강동구,천호동,1838.8,False,13.1376,2.3228,8.2061,0.4438,0.4143,0.4303,0.0572
GRID_09541,다사66754900,강동구,천호동,5929.4,False,8.4435,1.851,5.4373,0.2852,0.3301,0.3057,0.0352
GRID_09542,다사66754925,강동구,천호동,4266.7,False,3.7377,1.0745,2.5233,0.1263,0.1916,0.1561,0.0187
GRID_09543,다사66754950,강동구,천호동,71.7,False,2.7131,0.5011,1.7044,0.0917,0.0894,0.0906,0.0211
GRID_09544,다사66754975,강동구,천호동,1862.0,False,2.5362,0.7614,1.7269,0.0857,0.1358,0.1085,0.0144
GRID_09545,다사66755000,강동구,암사동,138.4,False,4.4248,0.9136,2.8237,0.1495,0.1629,0.1556,0.0315
GRID_09546,다사66755025,강동구,암사동,5379.0,False,2.7858,0.8297,1.8938,0.0941,0.148,0.1187,0.0138
GRID_09547,다사66755050,강동구,암사동,31.8,False,0.6545,0.5328,0.599,0.0221,0.095,0.0554,0.0159
GRID_09548,다사66755075,강동구,암사동,214.0,False,0.0,0.1012,0.0461,0.0,0.018,0.0082,0.0015
GRID_09549,다사66755100,강동구,암사동,71.1,False,0.0,0.0,0.0,0.0,0.0,0.0,0.0
GRID_09550,다사66755125,강동구,암사동,14.1,False,0.0,0.0,0.0,0.0,0.0,0.0,0.0
GRID_09551,다사66755150,강동구,암사동,0.0,True,0.0,0.0,0.0,0.0,0.0,0.0,0.0
GRID_09552,다사66755175,강동구,암사동,0.0,True,0.0,0.0,0.0,0.0,0.0,0.0,0.0
GRID_09553,다사67004100,송파구,장지동,37.4,False,9.5583,0.7547,5.5439,0.3229,0.1346,0.237,0.065
GRID_09554,다사67004125,송파구,장지동,173.8,False,10.0773,0.8156,5.854,0.3404,0.1455,0.2515,0.0487
GRID_09555,다사67004150,송파구,장지동,115.6,False,2.0244,1.0014,1.5579,0.0684,0.1786,0.1186,0.0249
GRID_09556,다사67004175,송파구,장지동,128.0,False,2.3173,1.0846,1.7552,0.0783,0.1934,0.1308,0.0269
GRID_09557,다사67004200,송파구,장지동,2401.5,False,6.3412,0.9621,3.8883,0.2142,0.1716,0.1948,0.025
GRID_09558,다사67004225,송파구,장지동,2891.7,False,8.462,0.906,5.0164,0.2859,0.1616,0.2292,0.0288
GRID_09559,다사67004250,송파구,문정동,2473.0,False,6.5207,0.9189,3.9663,0.2203,0.1639,0.1946,0.0249
GRID_09560,다사67004275,송파구,문정동,105.1,False,4.4975,0.6885,2.7606,0.1519,0.1228,0.1386,0.0297
GRID_09561,다사67004300,송파구,문정동,651.2,False,3.3001,0.4532,2.0019,0.1115,0.0808,0.0975,0.015
GRID_09562,다사67004325,송파구,문정동,880.7,False,2.8537,0.3045,1.6913,0.0964,0.0543,0.0772,0.0114
GRID_09563,다사67004350,송파구,문정동,1259.0,False,3.1524,0.2455,1.8269,0.1065,0.0438,0.0779,0.0109
GRID_09564,다사67004375,송파구,가락동,2182.9,False,2.4113,0.4181,1.5024,0.0815,0.0746,0.0783,0.0102
GRID_09565,다사67004400,송파구,가락동,1033.2,False,3.4795,0.7895,2.2529,0.1175,0.1408,0.1281,0.0185
GRID_09566,다사67004425,송파구,가락동,2611.4,False,5.0614,1.153,3.2792,0.171,0.2056,0.1868,0.0237
GRID_09567,다사67004450,송파구,가락동,245.3,False,8.133,1.1828,4.9637,0.2747,0.2109,0.2457,0.0446
GRID_09568,다사67004475,송파구,오금동,174.3,False,8.4019,0.9578,5.0074,0.2838,0.1708,0.2323,0.045
GRID_09569,다사67004500,송파구,오금동,29.8,False,4.546,1.0292,2.9423,0.1536,0.1836,0.1672,0.0488
GRID_09570,다사67004525,송파구,오금동,2948.4,False,2.3121,0.8806,1.6593,0.0781,0.1571,0.1141,0.0143
GRID_09571,다사67004550,송파구,오금동,3694.3,False,3.0865,0.5318,1.9215,0.1043,0.0948,0.1,0.0122
GRID_09572,다사67004575,송파구,오금동,23.0,False,5.0716,0.876,3.1584,0.1713,0.1562,0.1644,0.0517
GRID_09573,다사67004600,송파구,방이동,1939.0,False,4.45,1.0077,2.8803,0.1503,0.1797,0.1637,0.0216
GRID_09574,다사67004625,송파구,방이동,952.5,False,1.7201,0.9043,1.3481,0.0581,0.1613,0.1052,0.0153
GRID_09575,다사67004650,송파구,방이동,2377.4,False,0.5052,0.8021,0.6406,0.0171,0.1431,0.0745,0.0096
GRID_09576,다사67004675,송파구,방이동,250.1,False,0.1325,0.4937,0.2972,0.0045,0.088,0.0426,0.0077
GRID_09577,다사67004700,송파구,방이동,503.7,False,1.3761,0.0595,0.7757,0.0465,0.0106,0.0301,0.0048
GRID_09578,다사67004725,강동구,성내동,75.9,False,2.7103,0.012,1.4799,0.0916,0.0021,0.0508,0.0117
GRID_09579,다사67004750,강동구,성내동,119.3,False,2.8365,0.1923,1.6308,0.0958,0.0343,0.0678,0.0141
GRID_09580,다사67004775,강동구,성내동,1342.1,False,4.2575,0.2628,2.4359,0.1438,0.0469,0.0996,0.0138
GRID_09581,다사67004800,강동구,성내동,1335.6,False,3.8256,0.5826,2.3468,0.1292,0.1039,0.1177,0.0163
GRID_09582,다사67004825,강동구,성내동,4284.5,False,2.4516,1.4579,1.9985,0.0828,0.26,0.1636,0.0196
GRID_09583,다사67004850,강동구,성내동,3871.6,False,8.7579,2.1065,5.7249,0.2959,0.3757,0.3323,0.0402
GRID_09584,다사67004875,강동구,천호동,743.9,False,11.3957,2.1372,7.1738,0.385,0.3812,0.3832,0.0579
GRID_09585,다사67004900,강동구,천호동,2844.7,False,8.056,1.5052,5.0688,0.2721,0.2684,0.2705,0.034
GRID_09586,다사67004925,강동구,천호동,2537.6,False,5.1604,0.6205,3.0902,0.1743,0.1107,0.1453,0.0185
GRID_09587,다사67004950,강동구,천호동,2205.7,False,3.7458,0.4957,2.2638,0.1265,0.0884,0.1091,0.0142
GRID_09588,다사67004975,강동구,천호동,290.0,False,6.5696,0.8563,3.9644,0.2219,0.1527,0.1904,0.0336
GRID_09589,다사67005000,강동구,천호동,2247.0,False,9.8033,1.0148,5.7957,0.3312,0.181,0.2627,0.034
GRID_09590,다사67005025,강동구,암사동,2005.5,False,8.3266,0.9274,4.9525,0.2813,0.1654,0.2284,0.03
GRID_09591,다사67005050,강동구,암사동,1582.0,False,4.1397,0.6184,2.534,0.1398,0.1103,0.1264,0.0172
GRID_09592,다사67005075,강동구,암사동,11.5,False,2.1976,0.1692,1.2727,0.0742,0.0302,0.0541,0.0214
GRID_09593,다사67005100,강동구,암사동,614.1,False,1.4716,0.0,0.8005,0.0497,0.0,0.027,0.0042
GRID_09594,다사67005125,강동구,암사동,149.8,False,0.4183,0.0,0.2276,0.0141,0.0,0.0077,0.0015
GRID_09595,다사67005150,강동구,암사동,17.8,False,0.0,0.0,0.0,0.0,0.0,0.0,0.0
GRID_09596,다사67005175,강동구,암사동,0.0,True,0.0,0.0,0.0,0.0,0.0,0.0,0.0
GRID_09597,다사67254100,송파구,장지동,130.9,False,2.0061,0.5549,1.3443,0.0678,0.099,0.082,0.0168
GRID_09598,다사67254125,송파구,장지동,112.9,False,2.4298,0.61,1.6,0.0821,0.1088,0.0943,0.0199
GRID_09599,다사67254150,송파구,장지동,52.8,False,0.9872,0.6012,0.8112,0.0333,0.1072,0.067,0.0168
GRID_09600,다사67254175,송파구,장지동,123.5,False,0.7796,0.6708,0.73,0.0263,0.1196,0.0689,0.0143
GRID_09601,다사67254200,송파구,장지동,3805.6,False,1.6119,0.6514,1.1739,0.0545,0.1162,0.0826,0.01
GRID_09602,다사67254225,송파구,장지동,130.7,False,4.4504,0.6336,2.7099,0.1503,0.113,0.1333,0.0273
GRID_09603,다사67254250,송파구,장지동,57.4,False,5.915,0.414,3.4066,0.1998,0.0738,0.1424,0.035
GRID_09604,다사67254275,송파구,장지동,66.3,False,5.9307,0.1116,3.2772,0.2003,0.0199,0.1181,0.0281
GRID_09605,다사67254300,송파구,문정동,2306.6,False,5.5039,0.0728,3.0273,0.1859,0.013,0.1071,0.0138
GRID_09606,다사67254325,송파구,문정동,301.4,False,3.432,0.0,1.867,0.1159,0.0,0.0631,0.011
GRID_09607,다사67254350,송파구,문정동,3766.0,False,3.141,0.0407,1.7273,0.1061,0.0073,0.061,0.0074
GRID_09608,다사67254375,송파구,가락동,73.3,False,3.1074,0.3869,1.8668,0.105,0.069,0.0886,0.0206
GRID_09609,다사67254400,송파구,가락동,2302.0,False,3.8177,0.7069,2.3991,0.129,0.1261,0.1276,0.0165
GRID_09610,다사67254425,송파구,가락동,628.6,False,4.0819,1.0726,2.7096,0.1379,0.1913,0.1622,0.0252
GRID_09611,다사67254450,송파구,오금동,399.5,False,3.8657,1.1081,2.6082,0.1306,0.1976,0.1612,0.0269
GRID_09612,다사67254475,송파구,오금동,18.2,False,4.6991,0.9438,2.9867,0.1587,0.1683,0.1631,0.0552
GRID_09613,다사67254500,송파구,오금동,1333.0,False,4.9876,0.8093,3.0823,0.1685,0.1443,0.1575,0.0219
GRID_09614,다사67254525,송파구,오금동,304.4,False,3.7502,0.6574,2.3399,0.1267,0.1172,0.1224,0.0214
GRID_09615,다사67254550,송파구,오금동,2589.4,False,1.9633,0.4406,1.2689,0.0663,0.0786,0.0719,0.0091
GRID_09616,다사67254575,송파구,방이동,143.7,False,2.2519,0.8205,1.5992,0.0761,0.1463,0.1081,0.0217
GRID_09617,다사67254600,송파구,방이동,156.7,False,2.8614,0.9876,2.007,0.0967,0.1761,0.1329,0.0263
GRID_09618,다사67254625,송파구,방이동,143.8,False,3.0641,1.068,2.1538,0.1035,0.1905,0.1432,0.0288
GRID_09619,다사67254650,송파구,방이동,1967.2,False,2.4543,1.0723,1.8241,0.0829,0.1912,0.1323,0.0174
GRID_09620,다사67254675,송파구,방이동,221.8,False,1.6501,0.76,1.2442,0.0557,0.1355,0.0921,0.017
GRID_09621,다사67254700,강동구,성내동,773.9,False,2.1954,0.3213,1.3408,0.0742,0.0573,0.0665,0.01
GRID_09622,다사67254725,강동구,성내동,1857.6,False,2.5112,0.352,1.5266,0.0848,0.0628,0.0748,0.0099
GRID_09623,다사67254750,강동구,성내동,1717.3,False,2.0815,0.463,1.3435,0.0703,0.0826,0.0759,0.0102
GRID_09624,다사67254775,강동구,성내동,90.2,False,3.1397,0.6042,1.9835,0.1061,0.1078,0.1068,0.0237
GRID_09625,다사67254800,강동구,성내동,1373.2,False,3.9288,0.8494,2.5246,0.1327,0.1515,0.1413,0.0196
GRID_09626,다사67254825,강동구,성내동,2294.8,False,4.6097,0.9411,2.9369,0.1557,0.1679,0.1613,0.0208
GRID_09627,다사67254850,강동구,성내동,2060.3,False,6.4742,1.457,4.1864,0.2187,0.2599,0.2375,0.0311
GRID_09628,다사67254875,강동구,천호동,6392.3,False,5.3691,1.4317,3.5737,0.1814,0.2553,0.2151,0.0245
GRID_09629,다사67254900,강동구,천호동,864.9,False,4.3157,0.8143,2.719,0.1458,0.1452,0.1455,0.0215
GRID_09630,다사67254925,강동구,천호동,1190.1,False,5.2713,0.0,2.8676,0.1781,0.0,0.0969,0.0137
GRID_09631,다사67254950,강동구,천호동,41.2,False,4.8149,0.3798,2.7925,0.1627,0.0677,0.1194,0.0319
GRID_09632,다사67254975,강동구,천호동,2865.1,False,4.7587,0.7202,2.9171,0.1608,0.1284,0.146,0.0183
GRID_09633,다사67255000,강동구,암사동,1269.8,False,6.7809,0.8697,4.0854,0.2291,0.1551,0.1953,0.0273
GRID_09634,다사67255025,강동구,암사동,2970.2,False,5.2101,0.8218,3.209,0.176,0.1466,0.1626,0.0203
GRID_09635,다사67255050,강동구,암사동,1298.5,False,4.8752,0.7348,2.9872,0.1647,0.1311,0.1494,0.0208
GRID_09636,다사67255075,강동구,암사동,25.8,False,4.8168,0.3987,2.8021,0.1627,0.0711,0.1209,0.0368
GRID_09637,다사67255100,강동구,암사동,42.9,False,3.4919,0.2738,2.0245,0.118,0.0488,0.0864,0.0229
GRID_09638,다사67255125,강동구,암사동,51.6,False,1.8082,0.0945,1.0268,0.0611,0.0168,0.0409,0.0103
GRID_09639,다사67255150,강동구,암사동,275.5,False,1.0068,0.0,0.5477,0.034,0.0,0.0185,0.0033
GRID_09640,다사67255175,강동구,암사동,11.9,False,0.5634,0.0,0.3065,0.019,0.0,0.0104,0.004
GRID_09641,다사67255200,강동구,암사동,0.0,True,0.0,0.0,0.0,0.0,0.0,0.0,0.0
GRID_09642,다사67504100,송파구,장지동,0.0,True,0.0,0.2168,0.0988,0.0,0.0,0.0,0.0
GRID_09643,다사67504125,송파구,장지동,0.0,True,0.2779,0.262,0.2706,0.0,0.0,0.0,0.0
GRID_09644,다사67504150,송파구,장지동,0.0,True,1.067,0.1578,0.6524,0.0,0.0,0.0,0.0
GRID_09645,다사67504175,송파구,장지동,14.9,False,1.5389,0.0724,0.8702,0.052,0.0129,0.0342,0.0124
GRID_09646,다사67504200,송파구,장지동,3489.8,False,2.6092,0.2248,1.5219,0.0881,0.0401,0.0662,0.0081
GRID_09647,다사67504225,송파구,장지동,875.9,False,5.6134,0.2103,3.1496,0.1896,0.0375,0.1203,0.0177
GRID_09648,다사67504250,송파구,장지동,642.0,False,5.6218,0.0332,3.0734,0.1899,0.0059,0.106,0.0164
GRID_09649,다사67504275,송파구,장지동,3825.8,False,4.6965,0.0,2.5549,0.1587,0.0,0.0863,0.0105
GRID_09650,다사67504300,송파구,문정동,891.4,False,4.2042,0.0,2.2871,0.142,0.0,0.0773,0.0114
GRID_09651,다사67504325,송파구,문정동,3010.7,False,2.4764,0.0,1.3472,0.0837,0.0,0.0455,0.0057
GRID_09652,다사67504350,송파구,가락동,383.6,False,1.4671,0.0444,0.8184,0.0496,0.0079,0.0306,0.0051
GRID_09653,다사67504375,송파구,가락동,1731.5,False,1.8992,0.2852,1.1632,0.0642,0.0509,0.0581,0.0078
GRID_09654,다사67504400,송파구,가락동,2483.5,False,3.6968,0.4608,2.2212,0.1249,0.0822,0.1054,0.0135
GRID_09655,다사67504425,송파구,가락동,740.3,False,4.8524,0.7414,2.9778,0.1639,0.1322,0.1495,0.0226
GRID_09656,다사67504450,송파구,오금동,98.6,False,2.6056,0.8834,1.8203,0.088,0.1576,0.1197,0.026
GRID_09657,다사67504475,송파구,오금동,2648.9,False,2.2771,0.759,1.5848,0.0769,0.1354,0.1036,0.0131
GRID_09658,다사67504500,송파구,오금동,3422.7,False,6.6626,0.3995,3.8066,0.2251,0.0712,0.1549,0.019
GRID_09659,다사67504525,송파구,오금동,2316.5,False,6.2135,0.2088,3.4753,0.2099,0.0372,0.1312,0.0169
GRID_09660,다사67504550,송파구,오금동,42.8,False,1.1833,0.1402,0.7077,0.04,0.025,0.0331,0.0088
GRID_09661,다사67504575,송파구,방이동,66.0,False,0.08,0.4856,0.265,0.0027,0.0866,0.041,0.0097
GRID_09662,다사67504600,송파구,방이동,26.1,False,0.4613,0.7929,0.6126,0.0156,0.1414,0.073,0.0221
GRID_09663,다사67504625,송파구,방이동,3311.0,False,1.8404,1.1462,1.5239,0.0622,0.2044,0.127,0.0157
GRID_09664,다사67504650,송파구,방이동,1040.6,False,1.9886,1.1807,1.6202,0.0672,0.2106,0.1326,0.0191
GRID_09665,다사67504675,송파구,방이동,330.5,False,1.8445,0.888,1.4083,0.0623,0.1584,0.1061,0.0183
GRID_09666,다사67504700,강동구,성내동,1655.4,False,1.7909,0.6584,1.2745,0.0605,0.1174,0.0865,0.0117
GRID_09667,다사67504725,강동구,성내동,983.7,False,1.3451,0.6915,1.047,0.0454,0.1233,0.081,0.0117
GRID_09668,다사67504750,강동구,성내동,2869.2,False,3.7425,0.7218,2.365,0.1264,0.1287,0.1275,0.016
GRID_09669,다사67504775,강동구,성내동,3266.7,False,5.2636,0.8768,3.2632,0.1778,0.1564,0.168,0.0208
GRID_09670,다사67504800,강동구,성내동,1127.0,False,4.1841,1.0972,2.7765,0.1413,0.1957,0.1661,0.0236
GRID_09671,다사67504825,강동구,성내동,1752.3,False,6.8777,1.166,4.2732,0.2323,0.208,0.2212,0.0296
GRID_09672,다사67504850,강동구,천호동,1310.7,False,6.189,1.2574,3.9402,0.2091,0.2243,0.216,0.0301
GRID_09673,다사67504875,강동구,천호동,1752.3,False,2.4433,1.0838,1.8234,0.0825,0.1933,0.133,0.0178
GRID_09674,다사67504900,강동구,천호동,2389.9,False,2.6051,0.6019,1.6916,0.088,0.1073,0.0968,0.0124
GRID_09675,다사67504925,강동구,천호동,767.1,False,4.697,0.0,2.5552,0.1587,0.0,0.0863,0.013
GRID_09676,다사67504950,강동구,천호동,847.9,False,5.3469,0.0991,2.9539,0.1806,0.0177,0.1063,0.0158
GRID_09677,다사67504975,강동구,암사동,1560.4,False,5.3879,0.3905,3.1091,0.182,0.0697,0.1308,0.0178
GRID_09678,다사67505000,강동구,암사동,1901.7,False,3.6144,0.5186,2.2027,0.1221,0.0925,0.1086,0.0144
GRID_09679,다사67505025,강동구,암사동,3415.8,False,0.3054,0.7058,0.488,0.0103,0.1259,0.063,0.0077
GRID_09680,다사67505050,강동구,암사동,1205.4,False,2.8601,0.6992,1.8747,0.0966,0.1247,0.1094,0.0154
GRID_09681,다사67505075,강동구,암사동,18.0,False,3.7794,0.6052,2.332,0.1277,0.1079,0.1187,0.0403
GRID_09682,다사67505100,강동구,암사동,7.3,False,2.7984,0.542,1.7695,0.0945,0.0967,0.0955,0.0451
GRID_09683,다사67505125,강동구,암사동,360.0,False,1.5946,0.329,1.0175,0.0539,0.0587,0.0561,0.0095
GRID_09684,다사67505150,강동구,암사동,101.7,False,1.5705,0.022,0.8643,0.0531,0.0039,0.0306,0.0066
GRID_09685,다사67505175,강동구,암사동,117.4,False,1.0551,0.0,0.574,0.0356,0.0,0.0194,0.0041
GRID_09686,다사67505200,강동구,암사동,5.2,False,0.0,0.0,0.0,0.0,0.0,0.0,0.0
GRID_09687,다사67754150,송파구,장지동,0.0,True,0.4661,0.0,0.2536,0.0,0.0,0.0,0.0
GRID_09688,다사67754175,송파구,장지동,27.3,False,2.5941,0.0,1.4112,0.0876,0.0,0.0477,0.0143
GRID_09689,다사67754200,송파구,장지동,58.6,False,5.7193,0.0,3.1113,0.1932,0.0,0.1051,0.0257
GRID_09690,다사67754225,송파구,장지동,1065.9,False,8.2193,0.0,4.4713,0.2777,0.0,0.151,0.0217
GRID_09691,다사67754250,송파구,거여동,1789.2,False,6.8913,0.0,3.7489,0.2328,0.0,0.1266,0.0169
GRID_09692,다사67754275,송파구,거여동,3381.4,False,3.3376,0.0,1.8156,0.1127,0.0,0.0613,0.0075
GRID_09693,다사67754300,송파구,장지동,996.2,False,0.8971,0.0,0.488,0.0303,0.0,0.0165,0.0024
GRID_09694,다사67754325,송파구,장지동,1192.1,False,0.2698,0.0,0.1468,0.0091,0.0,0.005,0.0007
GRID_09695,다사67754350,송파구,문정동,729.1,False,1.1238,0.1386,0.6745,0.038,0.0247,0.0319,0.0048
GRID_09696,다사67754375,송파구,가락동,347.2,False,2.2876,0.4022,1.4279,0.0773,0.0717,0.0748,0.0128
GRID_09697,다사67754400,송파구,가락동,27.0,False,3.8959,0.5124,2.353,0.1316,0.0914,0.1133,0.034
GRID_09698,다사67754425,송파구,오금동,2276.3,False,4.1532,0.5102,2.492,0.1403,0.091,0.1178,0.0152
GRID_09699,다사67754450,송파구,오금동,2027.5,False,3.1188,0.4963,1.9229,0.1054,0.0885,0.0977,0.0128
GRID_09700,다사67754475,송파구,오금동,444.7,False,6.2427,0.363,3.5616,0.2109,0.0647,0.1442,0.0236
GRID_09701,다사67754500,송파구,오금동,605.2,False,8.2632,0.048,4.5171,0.2791,0.0086,0.1558,0.0243
GRID_09702,다사67754525,송파구,오금동,216.5,False,5.5223,0.0,3.0041,0.1866,0.0,0.1015,0.0189
GRID_09703,다사67754550,송파구,방이동,1290.2,False,1.6511,0.0,0.8982,0.0558,0.0,0.0303,0.0042
GRID_09704,다사67754575,송파구,방이동,66.6,False,0.0641,0.1315,0.0948,0.0022,0.0234,0.0119,0.0028
GRID_09705,다사67754600,송파구,방이동,53.1,False,0.0,0.5713,0.2605,0.0,0.1019,0.0465,0.0116
GRID_09706,다사67754625,송파구,방이동,1602.0,False,0.053,0.9297,0.4528,0.0018,0.1658,0.0766,0.0104
GRID_09707,다사67754650,송파구,방이동,2578.7,False,1.8707,0.993,1.4705,0.0632,0.1771,0.1151,0.0147
GRID_09708,다사67754675,강동구,둔촌동,2105.4,False,1.7662,0.7503,1.303,0.0597,0.1338,0.0935,0.0122
GRID_09709,다사67754700,강동구,둔촌동,5335.9,False,0.594,0.8237,0.6987,0.0201,0.1469,0.0779,0.0091
GRID_09710,다사67754725,강동구,둔촌동,392.7,False,1.8943,0.8823,1.4329,0.064,0.1574,0.1066,0.0178
GRID_09711,다사67754750,강동구,둔촌동,913.1,False,8.9008,0.8083,5.2106,0.3007,0.1441,0.2293,0.0336
GRID_09712,다사67754775,강동구,성내동,1860.6,False,9.2106,0.8097,5.3798,0.3111,0.1444,0.2351,0.0312
GRID_09713,다사67754800,강동구,성내동,2821.0,False,4.935,1.0622,3.169,0.1667,0.1894,0.1771,0.0223
GRID_09714,다사67754825,강동구,성내동,2254.3,False,5.8384,1.2076,3.7267,0.1972,0.2154,0.2055,0.0266
GRID_09715,다사67754850,강동구,길동,1848.7,False,5.162,1.2575,3.3815,0.1744,0.2243,0.1971,0.0262
GRID_09716,다사67754875,강동구,길동,2213.6,False,2.6982,1.102,1.9703,0.0912,0.1965,0.1392,0.0181
GRID_09717,다사67754900,강동구,천호동,3906.6,False,3.6249,0.6777,2.281,0.1225,0.1209,0.1217,0.0147
GRID_09718,다사67754925,강동구,천호동,415.2,False,3.2502,0.3634,1.9338,0.1098,0.0648,0.0893,0.0148
GRID_09719,다사67754950,강동구,천호동,3036.4,False,2.7339,0.2901,1.6195,0.0924,0.0517,0.0738,0.0092
GRID_09720,다사67754975,강동구,천호동,3954.1,False,5.7558,0.2365,3.239,0.1944,0.0422,0.125,0.0151
GRID_09721,다사67755000,강동구,암사동,1725.6,False,6.1718,0.2514,3.4721,0.2085,0.0448,0.1339,0.018
GRID_09722,다사67755025,강동구,암사동,3877.1,False,3.0986,0.5034,1.9152,0.1047,0.0898,0.0979,0.0118
GRID_09723,다사67755050,강동구,암사동,1067.6,False,3.6885,0.6769,2.3152,0.1246,0.1207,0.1228,0.0176
GRID_09724,다사67755075,강동구,암사동,62.4,False,4.5809,0.7411,2.83,0.1547,0.1322,0.1445,0.0348
GRID_09725,다사67755100,강동구,암사동,301.3,False,1.4556,0.6731,1.0988,0.0492,0.12,0.0815,0.0143
GRID_09726,다사67755125,강동구,암사동,133.7,False,0.0,0.4436,0.2023,0.0,0.0791,0.0361,0.0074
GRID_09727,다사67755150,강동구,암사동,90.9,False,0.709,0.1129,0.4372,0.024,0.0201,0.0222,0.0049
GRID_09728,다사67755175,강동구,암사동,166.3,False,0.3037,0.0,0.1652,0.0103,0.0,0.0056,0.0011
GRID_09729,다사67755200,강동구,암사동,18.3,False,0.0,0.0,0.0,0.0,0.0,0.0,0.0
GRID_09730,다사68004150,송파구,장지동,0.0,True,0.7127,0.0,0.3877,0.0,0.0,0.0,0.0
GRID_09731,다사68004175,송파구,장지동,2908.4,False,3.9846,0.0,2.1676,0.1346,0.0,0.0732,0.0092
GRID_09732,다사68004200,송파구,장지동,96.2,False,7.6853,0.0,4.1808,0.2596,0.0,0.1412,0.0309
GRID_09733,다사68004225,송파구,장지동,1175.6,False,7.8536,0.0,4.2724,0.2653,0.0,0.1443,0.0204
GRID_09734,다사68004250,송파구,거여동,1930.9,False,6.9928,0.0,3.8041,0.2362,0.0,0.1285,0.017
GRID_09735,다사68004275,송파구,거여동,298.9,False,5.6231,0.0,3.059,0.19,0.0,0.1033,0.0181
GRID_09736,다사68004300,송파구,거여동,0.0,True,2.2681,0.0,1.2338,0.0,0.0,0.0,0.0
GRID_09737,다사68004325,송파구,거여동,54.0,False,0.5125,0.1869,0.364,0.0173,0.0333,0.0246,0.0061
GRID_09738,다사68004350,송파구,거여동,42.0,False,0.6491,0.3199,0.499,0.0219,0.0571,0.0379,0.0101
GRID_09739,다사68004375,송파구,거여동,26.2,False,3.1853,0.5108,1.9657,0.1076,0.0911,0.1001,0.0303
GRID_09740,다사68004400,송파구,오금동,1441.4,False,3.2765,0.588,2.0505,0.1107,0.1049,0.108,0.0149
GRID_09741,다사68004425,송파구,오금동,1251.4,False,3.2372,0.4784,1.9792,0.1094,0.0853,0.0984,0.0138
GRID_09742,다사68004450,송파구,오금동,33.8,False,4.1924,0.3156,2.4246,0.1416,0.0563,0.1027,0.0289
GRID_09743,다사68004475,송파구,오금동,3198.3,False,6.3176,0.1605,3.5099,0.2134,0.0286,0.1291,0.016
GRID_09744,다사68004500,송파구,오금동,2319.9,False,6.3208,0.0,3.4385,0.2135,0.0,0.1162,0.015
GRID_09745,다사68004525,송파구,방이동,22.8,False,3.7252,0.0,2.0265,0.1258,0.0,0.0685,0.0216
GRID_09746,다사68004550,송파구,방이동,34.7,False,1.5203,0.0,0.827,0.0514,0.0,0.0279,0.0078
GRID_09747,다사68004575,송파구,방이동,37.6,False,0.2237,0.0,0.1217,0.0076,0.0,0.0041,0.0011
GRID_09748,다사68004600,송파구,방이동,89.4,False,0.2092,0.1785,0.1952,0.0071,0.0318,0.0184,0.0041
GRID_09749,다사68004625,송파구,방이동,507.7,False,1.2759,0.4727,0.9096,0.0431,0.0843,0.0619,0.0099
GRID_09750,다사68004650,송파구,방이동,22.2,False,4.156,0.5842,2.5272,0.1404,0.1042,0.1239,0.0394
GRID_09751,다사68004675,강동구,둔촌동,2365.5,False,3.6499,0.5753,2.2479,0.1233,0.1026,0.1139,0.0147
GRID_09752,다사68004700,강동구,둔촌동,1970.4,False,1.9896,0.7421,1.4208,0.0672,0.1324,0.0969,0.0128
GRID_09753,다사68004725,강동구,둔촌동,4102.7,False,2.963,0.7841,1.9695,0.1001,0.1399,0.1182,0.0142
GRID_09754,다사68004750,강동구,둔촌동,3970.2,False,7.9526,0.6985,4.6447,0.2687,0.1246,0.2029,0.0245
GRID_09755,다사68004775,강동구,둔촌동,1237.7,False,7.3469,0.6395,4.2883,0.2482,0.114,0.187,0.0263
GRID_09756,다사68004800,강동구,둔촌동,900.9,False,3.2149,0.6956,2.0661,0.1086,0.1241,0.1156,0.017
GRID_09757,다사68004825,강동구,길동,1897.0,False,5.2954,0.8324,3.2602,0.1789,0.1485,0.165,0.0219
GRID_09758,다사68004850,강동구,길동,2797.7,False,4.4185,0.9585,2.8408,0.1493,0.171,0.1592,0.0201
GRID_09759,다사68004875,강동구,길동,3365.2,False,3.9517,0.8332,2.5296,0.1335,0.1486,0.1404,0.0173
GRID_09760,다사68004900,강동구,길동,1584.1,False,4.8326,0.7112,2.9532,0.1633,0.1268,0.1467,0.0199
GRID_09761,다사68004925,강동구,천호동,1686.3,False,2.8957,0.6951,1.8922,0.0978,0.124,0.1097,0.0148
GRID_09762,다사68004950,강동구,천호동,2164.4,False,1.4188,0.5661,1.0299,0.0479,0.101,0.0721,0.0094
GRID_09763,다사68004975,강동구,천호동,3527.6,False,3.1647,0.7197,2.0498,0.1069,0.1284,0.1167,0.0143
GRID_09764,다사68005000,강동구,천호동,609.3,False,5.6417,0.6544,3.3675,0.1906,0.1167,0.1569,0.0245
GRID_09765,다사68005025,강동구,암사동,2163.8,False,4.3,0.7337,2.6738,0.1453,0.1309,0.1387,0.0181
GRID_09766,다사68005050,강동구,암사동,846.0,False,3.4319,0.8798,2.2682,0.1159,0.1569,0.1346,0.02
GRID_09767,다사68005075,강동구,암사동,4618.2,False,3.6681,0.7816,2.3518,0.1239,0.1394,0.131,0.0155
GRID_09768,다사68005100,강동구,암사동,76.7,False,1.6091,0.6311,1.1631,0.0544,0.1126,0.0809,0.0186
GRID_09769,다사68005125,강동구,암사동,52.4,False,0.0,0.4069,0.1855,0.0,0.0726,0.0331,0.0083
GRID_09770,다사68005150,강동구,암사동,30.2,False,0.0,0.0837,0.0382,0.0,0.0149,0.0068,0.002
GRID_09771,다사68005175,강동구,암사동,7.1,False,0.0,0.0,0.0,0.0,0.0,0.0,0.0
GRID_09772,다사68005200,강동구,암사동,79.5,False,0.0,0.0,0.0,0.0,0.0,0.0,0.0
GRID_09773,다사68254150,송파구,장지동,4.6,False,1.2655,0.0,0.6884,0.0427,0.0,0.0233,0.0135
GRID_09774,다사68254175,송파구,장지동,5328.7,False,5.1722,0.0,2.8137,0.1747,0.0,0.0951,0.0111
GRID_09775,다사68254200,송파구,장지동,1063.7,False,9.2392,0.0,5.0261,0.3121,0.0,0.1698,0.0244
GRID_09776,다사68254225,송파구,장지동,3009.0,False,7.7404,0.0,4.2108,0.2615,0.0,0.1422,0.0178
GRID_09777,다사68254250,송파구,거여동,212.6,False,5.3349,0.0,2.9022,0.1802,0.0,0.098,0.0183
GRID_09778,다사68254275,송파구,거여동,38.7,False,5.6284,0.0,3.0618,0.1901,0.0,0.1034,0.0281
GRID_09779,다사68254300,송파구,거여동,1607.6,False,3.4408,0.0847,1.9104,0.1162,0.0151,0.0701,0.0095
GRID_09780,다사68254325,송파구,거여동,269.5,False,1.9024,0.3079,1.1753,0.0643,0.0549,0.06,0.0107
GRID_09781,다사68254350,송파구,거여동,1110.4,False,3.755,0.457,2.2511,0.1268,0.0815,0.1062,0.0151
GRID_09782,다사68254375,송파구,거여동,2289.6,False,6.4012,0.4925,3.7068,0.2162,0.0878,0.1577,0.0204
GRID_09783,다사68254400,송파구,거여동,2825.0,False,4.3494,0.5065,2.5971,0.1469,0.0903,0.1211,0.0152
GRID_09784,다사68254425,송파구,거여동,130.0,False,3.7754,0.3659,2.2207,0.1275,0.0653,0.0991,0.0203
GRID_09785,다사68254450,송파구,마천동,2076.4,False,4.4465,0.1026,2.4657,0.1502,0.0183,0.0901,0.0118
GRID_09786,다사68254475,송파구,오금동,1283.4,False,2.7121,0.0,1.4754,0.0916,0.0,0.0498,0.007
GRID_09787,다사68254500,송파구,오금동,213.2,False,2.008,0.0,1.0924,0.0678,0.0,0.0369,0.0069
GRID_09788,다사68254525,송파구,오금동,0.0,True,1.485,0.0,0.8078,0.0,0.0,0.0,0.0
GRID_09789,다사68254550,송파구,방이동,0.0,True,0.5803,0.0,0.3157,0.0,0.0,0.0,0.0
GRID_09790,다사68254575,송파구,방이동,11.5,False,0.4244,0.0,0.2309,0.0143,0.0,0.0078,0.0031
GRID_09791,다사68254600,송파구,방이동,60.3,False,0.4737,0.0669,0.2882,0.016,0.0119,0.0141,0.0034
GRID_09792,다사68254625,송파구,방이동,104.8,False,1.098,0.2923,0.7306,0.0371,0.0521,0.0439,0.0094
GRID_09793,다사68254650,강동구,둔촌동,347.9,False,3.0543,0.4291,1.8572,0.1032,0.0765,0.091,0.0155
GRID_09794,다사68254675,강동구,둔촌동,1068.7,False,2.3888,0.4406,1.5004,0.0807,0.0786,0.0797,0.0114
GRID_09795,다사68254700,강동구,둔촌동,3853.4,False,1.734,0.4002,1.1258,0.0586,0.0714,0.0644,0.0078
GRID_09796,다사68254725,강동구,둔촌동,1202.4,False,4.8127,0.4938,2.8433,0.1626,0.0881,0.1286,0.0181
GRID_09797,다사68254750,강동구,둔촌동,1100.9,False,7.3558,0.6269,4.2874,0.2485,0.1118,0.1862,0.0266
GRID_09798,다사68254775,강동구,둔촌동,3359.3,False,5.9515,0.6089,3.5153,0.201,0.1086,0.1589,0.0196
GRID_09799,다사68254800,강동구,둔촌동,1825.2,False,4.6333,0.4711,2.7353,0.1565,0.084,0.1235,0.0164
GRID_09800,다사68254825,강동구,길동,1084.9,False,4.7417,0.3775,2.7516,0.1602,0.0673,0.1178,0.0169
GRID_09801,다사68254850,강동구,길동,1849.4,False,3.7775,0.5272,2.2953,0.1276,0.094,0.1123,0.0149
GRID_09802,다사68254875,강동구,길동,9392.1,False,3.431,0.5974,2.1389,0.1159,0.1065,0.1116,0.0122
GRID_09803,다사68254900,강동구,길동,1793.4,False,4.2121,0.7906,2.6519,0.1423,0.141,0.1417,0.0189
GRID_09804,다사68254925,강동구,천호동,1325.1,False,4.8652,0.7966,3.0099,0.1644,0.1421,0.1542,0.0214
GRID_09805,다사68254950,강동구,천호동,1601.7,False,5.9587,0.8212,3.616,0.2013,0.1465,0.1763,0.0239
GRID_09806,다사68254975,강동구,천호동,4282.7,False,5.9594,0.9975,3.6967,0.2013,0.1779,0.1906,0.0228
GRID_09807,다사68255000,강동구,천호동,1765.9,False,8.2809,0.9332,4.9304,0.2797,0.1664,0.2281,0.0305
GRID_09808,다사68255025,강동구,명일동,137.4,False,8.6379,0.8066,5.0668,0.2918,0.1439,0.2243,0.0455
GRID_09809,다사68255050,강동구,암사동,1975.1,False,5.0444,0.8396,3.127,0.1704,0.1497,0.161,0.0212
GRID_09810,다사68255075,강동구,암사동,2431.3,False,3.2902,0.7026,2.1102,0.1111,0.1253,0.1176,0.0151
GRID_09811,다사68255100,강동구,암사동,386.4,False,1.6739,0.4278,1.1057,0.0565,0.0763,0.0656,0.011
GRID_09812,다사68255125,강동구,암사동,63.3,False,0.3768,0.2291,0.3094,0.0127,0.0409,0.0256,0.0061
GRID_09813,다사68255150,강동구,암사동,0.0,True,0.0,0.0,0.0,0.0,0.0,0.0,0.0
GRID_09814,다사68255175,강동구,암사동,36.0,False,0.0,0.0,0.0,0.0,0.0,0.0,0.0
GRID_09815,다사68255200,강동구,암사동,50.5,False,0.0,0.0,0.0,0.0,0.0,0.0,0.0
GRID_09816,다사68504175,송파구,장지동,10.8,False,3.9371,0.0,2.1418,0.133,0.0,0.0724,0.0293
GRID_09817,다사68504200,송파구,장지동,3201.0,False,6.7885,0.0,3.693,0.2293,0.0,0.1248,0.0155
GRID_09818,다사68504225,송파구,장지동,1935.8,False,5.5521,0.0,3.0204,0.1876,0.0,0.102,0.0135
GRID_09819,다사68504250,송파구,거여동,3545.1,False,3.4434,0.0,1.8732,0.1163,0.0,0.0633,0.0077
GRID_09820,다사68504275,송파구,거여동,14.0,False,4.9444,0.0,2.6898,0.167,0.0,0.0909,0.0336
GRID_09821,다사68504300,송파구,거여동,1658.0,False,3.9407,0.1,2.1893,0.1331,0.0178,0.0805,0.0109
GRID_09822,다사68504325,송파구,거여동,1959.2,False,1.3465,0.327,0.8816,0.0455,0.0583,0.0513,0.0068
GRID_09823,다사68504350,송파구,거여동,1567.6,False,4.4091,0.4855,2.6199,0.1489,0.0866,0.1205,0.0164
GRID_09824,다사68504375,송파구,거여동,28.3,False,7.6638,0.599,4.4422,0.2589,0.1068,0.1895,0.0561
GRID_09825,다사68504400,송파구,거여동,159.0,False,5.7008,0.5175,3.3372,0.1926,0.0923,0.1469,0.0289
GRID_09826,다사68504425,송파구,거여동,2082.1,False,4.9618,0.2635,2.8194,0.1676,0.047,0.1126,0.0147
GRID_09827,다사68504450,송파구,마천동,2606.7,False,4.2115,0.0,2.291,0.1423,0.0,0.0774,0.0098
GRID_09828,다사68504475,송파구,마천동,26.8,False,0.81,0.0,0.4407,0.0274,0.0,0.0149,0.0045
GRID_09829,다사68504500,송파구,마천동,4.8,False,0.0,0.0,0.0,0.0,0.0,0.0,0.0
GRID_09830,다사68504625,송파구,방이동,1501.8,False,0.4003,0.0793,0.2539,0.0135,0.0141,0.0138,0.0019
GRID_09831,다사68504650,강동구,둔촌동,490.2,False,0.4103,0.1923,0.3109,0.0139,0.0343,0.0232,0.0037
GRID_09832,다사68504675,강동구,둔촌동,0.0,True,0.6951,0.2018,0.4702,0.0,0.0,0.0,0.0
GRID_09833,다사68504700,강동구,둔촌동,260.7,False,0.9251,0.1333,0.564,0.0312,0.0238,0.0278,0.005
GRID_09834,다사68504725,강동구,둔촌동,689.9,False,4.4043,0.2685,2.5184,0.1488,0.0479,0.1028,0.0157
GRID_09835,다사68504750,강동구,둔촌동,1051.8,False,9.3751,0.4819,5.3198,0.3167,0.0859,0.2115,0.0304
GRID_09836,다사68504775,강동구,둔촌동,1496.6,False,6.4441,0.4816,3.7252,0.2177,0.0859,0.1576,0.0216
GRID_09837,다사68504800,강동구,둔촌동,1039.2,False,4.0233,0.3937,2.3682,0.1359,0.0702,0.106,0.0153
GRID_09838,다사68504825,강동구,둔촌동,1489.5,False,4.76,0.4076,2.7753,0.1608,0.0727,0.1206,0.0165
GRID_09839,다사68504850,강동구,길동,1176.3,False,4.1623,0.3659,2.4312,0.1406,0.0653,0.1062,0.015
GRID_09840,다사68504875,강동구,길동,1689.5,False,3.4061,0.4129,2.0412,0.1151,0.0736,0.0962,0.0129
GRID_09841,다사68504900,강동구,길동,3293.2,False,4.0367,0.6136,2.4758,0.1364,0.1094,0.1241,0.0153
GRID_09842,다사68504925,강동구,길동,4513.8,False,3.7624,0.6403,2.3387,0.1271,0.1142,0.1212,0.0144
GRID_09843,다사68504950,강동구,명일동,75.6,False,5.2241,0.8116,3.212,0.1765,0.1448,0.162,0.0373
GRID_09844,다사68504975,강동구,명일동,3019.1,False,6.0295,0.9949,3.7337,0.2037,0.1774,0.1917,0.0239
GRID_09845,다사68505000,강동구,명일동,2366.6,False,9.8151,0.9383,5.7673,0.3316,0.1673,0.2567,0.033
GRID_09846,다사68505025,강동구,명일동,5779.2,False,10.9271,0.6553,6.2432,0.3691,0.1169,0.2541,0.0293
GRID_09847,다사68505050,강동구,명일동,487.6,False,7.5323,0.5669,4.3561,0.2545,0.1011,0.1845,0.0298
GRID_09848,다사68505075,강동구,고덕동,3339.8,False,4.3131,0.4058,2.5314,0.1457,0.0724,0.1123,0.0138
GRID_09849,다사68505100,강동구,고덕동,2356.8,False,2.5351,0.1171,1.4325,0.0856,0.0209,0.0561,0.0072
GRID_09850,다사68505125,강동구,암사동,11.4,False,0.7863,0.0,0.4277,0.0266,0.0,0.0144,0.0057
GRID_09851,다사68505150,강동구,암사동,0.0,True,0.1449,0.0,0.0788,0.0,0.0,0.0,0.0
GRID_09852,다사68505175,강동구,암사동,44.0,False,0.0,0.0,0.0,0.0,0.0,0.0,0.0
GRID_09853,다사68505200,강동구,암사동,4.4,False,0.0,0.0,0.0,0.0,0.0,0.0,0.0
GRID_09854,다사68754200,송파구,장지동,0.0,True,1.4385,0.0,0.7826,0.0,0.0,0.0,0.0
GRID_09855,다사68754225,송파구,장지동,42.8,False,0.6157,0.0,0.335,0.0208,0.0,0.0113,0.003
GRID_09856,다사68754250,송파구,거여동,627.2,False,2.1726,0.0,1.1819,0.0734,0.0,0.0399,0.0062
GRID_09857,다사68754275,송파구,거여동,1278.4,False,5.1846,0.0,2.8204,0.1751,0.0,0.0953,0.0133
GRID_09858,다사68754300,송파구,거여동,1328.4,False,3.7598,0.0295,2.0588,0.127,0.0053,0.0715,0.0099
GRID_09859,다사68754325,송파구,거여동,41.2,False,0.6368,0.2538,0.4621,0.0215,0.0453,0.0323,0.0086
GRID_09860,다사68754350,송파구,거여동,2818.9,False,2.1365,0.5502,1.4131,0.0722,0.0981,0.084,0.0106
GRID_09861,다사68754375,송파구,거여동,6035.7,False,5.3661,0.6797,3.2291,0.1813,0.1212,0.1539,0.0177
GRID_09862,다사68754400,송파구,거여동,4227.4,False,5.6304,0.6072,3.3398,0.1902,0.1083,0.1529,0.0183
GRID_09863,다사68754425,송파구,마천동,821.0,False,4.8848,0.3525,2.8181,0.165,0.0629,0.1184,0.0176
GRID_09864,다사68754450,송파구,마천동,1478.6,False,3.6398,0.052,2.0038,0.123,0.0093,0.0711,0.0097
GRID_09865,다사68754475,송파구,마천동,49.7,False,1.3966,0.0,0.7598,0.0472,0.0,0.0257,0.0065
GRID_09866,다사68754500,송파구,마천동,0.0,True,0.3983,0.0,0.2167,0.0,0.0,0.0,0.0
GRID_09867,다사68754700,강동구,둔촌동,20.9,False,0.5314,0.1117,0.34,0.018,0.0199,0.0189,0.0061
GRID_09868,다사68754725,강동구,둔촌동,693.4,False,3.8061,0.3731,2.2406,0.1286,0.0665,0.1003,0.0153
GRID_09869,다사68754750,강동구,둔촌동,14.3,False,8.1865,0.5482,4.7034,0.2766,0.0978,0.195,0.0715
GRID_09870,다사68754775,강동구,둔촌동,81.5,False,5.85,0.5909,3.4519,0.1976,0.1054,0.1556,0.0353
GRID_09871,다사68754800,강동구,둔촌동,1219.9,False,1.4313,0.4892,1.0017,0.0484,0.0872,0.0661,0.0093
GRID_09872,다사68754825,강동구,둔촌동,1164.4,False,2.8571,0.2811,1.6824,0.0965,0.0501,0.0754,0.0107
GRID_09873,다사68754850,강동구,길동,2510.9,False,4.5457,0.1171,2.5263,0.1536,0.0209,0.0931,0.0119
GRID_09874,다사68754875,강동구,길동,3775.8,False,4.6246,0.1296,2.5749,0.1562,0.0231,0.0955,0.0116
GRID_09875,다사68754900,강동구,길동,2301.0,False,3.2493,0.2276,1.8714,0.1098,0.0406,0.0782,0.0101
GRID_09876,다사68754925,강동구,길동,44.8,False,2.2988,0.3842,1.4257,0.0777,0.0685,0.0735,0.0192
GRID_09877,다사68754950,강동구,명일동,1506.8,False,1.9891,0.54,1.3283,0.0672,0.0963,0.0805,0.011
GRID_09878,다사68754975,강동구,명일동,3072.9,False,3.712,0.7127,2.3443,0.1254,0.1271,0.1262,0.0157
GRID_09879,다사68755000,강동구,명일동,5099.1,False,4.9723,0.6683,3.0097,0.168,0.1192,0.1457,0.0171
GRID_09880,다사68755025,강동구,명일동,2937.5,False,5.1588,0.6799,3.1164,0.1743,0.1213,0.1501,0.0188
GRID_09881,다사68755050,강동구,명일동,389.2,False,4.8995,0.656,2.9645,0.1655,0.117,0.1434,0.024
GRID_09882,다사68755075,강동구,고덕동,1956.6,False,5.1289,0.4007,2.9729,0.1733,0.0715,0.1268,0.0167
GRID_09883,다사68755100,강동구,고덕동,2335.5,False,3.9942,0.0969,2.217,0.1349,0.0173,0.0813,0.0105
GRID_09884,다사68755125,강동구,고덕동,1891.1,False,1.7861,0.0,0.9716,0.0603,0.0,0.0328,0.0044
GRID_09885,다사68755150,강동구,고덕동,0.0,True,0.6052,0.0,0.3292,0.0,0.0,0.0,0.0
GRID_09886,다사68755175,강동구,고덕동,121.9,False,0.0,0.0,0.0,0.0,0.0,0.0,0.0
GRID_09887,다사68755200,강동구,고덕동,9.9,False,0.0,0.0,0.0,0.0,0.0,0.0,0.0
GRID_09888,다사69004275,송파구,거여동,0.0,True,2.2905,0.0,1.246,0.0,0.0,0.0,0.0
GRID_09889,다사69004300,송파구,거여동,1177.8,False,2.4112,0.0,1.3117,0.0815,0.0,0.0443,0.0063
GRID_09890,다사69004325,송파구,거여동,1551.8,False,1.9664,0.1699,1.1472,0.0664,0.0303,0.05,0.0068
GRID_09891,다사69004350,송파구,거여동,26.3,False,4.2799,0.4635,2.5396,0.1446,0.0827,0.1163,0.0352
GRID_09892,다사69004375,송파구,거여동,4625.4,False,6.3174,0.5998,3.7102,0.2134,0.107,0.1649,0.0195
GRID_09893,다사69004400,송파구,마천동,534.5,False,4.321,0.542,2.5978,0.146,0.0967,0.1235,0.0197
GRID_09894,다사69004425,송파구,마천동,3063.7,False,2.8493,0.3093,1.691,0.0963,0.0552,0.0775,0.0097
GRID_09895,다사69004450,송파구,마천동,3057.0,False,1.8884,0.1441,1.093,0.0638,0.0257,0.0464,0.0058
GRID_09896,다사69004475,송파구,마천동,155.9,False,1.5495,0.0,0.8429,0.0523,0.0,0.0285,0.0056
GRID_09897,다사69004500,송파구,마천동,0.0,True,0.5871,0.0,0.3194,0.0,0.0,0.0,0.0
GRID_09898,다사69004725,강동구,둔촌동,0.0,True,0.6272,0.3549,0.503,0.0,0.0,0.0,0.0
GRID_09899,다사69004750,강동구,둔촌동,4.4,False,3.7672,0.5276,2.2899,0.1273,0.0941,0.1121,0.0665
GRID_09900,다사69004775,강동구,둔촌동,37.7,False,3.0634,0.5697,1.9263,0.1035,0.1016,0.1026,0.0281
GRID_09901,다사69004800,강동구,둔촌동,42.8,False,1.0458,0.4694,0.783,0.0353,0.0837,0.0574,0.0152
GRID_09902,다사69004825,강동구,둔촌동,194.2,False,0.9962,0.2542,0.6578,0.0337,0.0453,0.039,0.0074
GRID_09903,다사69004850,강동구,둔촌동,10.1,False,2.214,0.0,1.2044,0.0748,0.0,0.0407,0.0169
GRID_09904,다사69004875,강동구,길동,1594.0,False,2.2361,0.0,1.2165,0.0755,0.0,0.0411,0.0056
GRID_09905,다사69004900,강동구,길동,449.3,False,1.3591,0.0,0.7393,0.0459,0.0,0.025,0.0041
GRID_09906,다사69004925,강동구,길동,108.0,False,0.8478,0.1044,0.5088,0.0286,0.0186,0.0241,0.0051
GRID_09907,다사69004950,강동구,길동,29.4,False,1.5509,0.1661,0.9194,0.0524,0.0296,0.042,0.0123
GRID_09908,다사69004975,강동구,명일동,1447.9,False,3.3567,0.2269,1.9295,0.1134,0.0405,0.0801,0.011
GRID_09909,다사69005000,강동구,명일동,1660.1,False,3.5123,0.4402,2.1114,0.1186,0.0785,0.1003,0.0135
GRID_09910,다사69005025,강동구,명일동,12.5,False,1.8937,0.6886,1.3442,0.064,0.1228,0.0908,0.0349
GRID_09911,다사69005050,강동구,명일동,797.6,False,5.178,0.7014,3.1366,0.1749,0.1251,0.1522,0.0228
GRID_09912,다사69005075,강동구,고덕동,13.0,False,7.7191,0.4998,4.4271,0.2608,0.0891,0.1825,0.0692
GRID_09913,다사69005100,강동구,고덕동,3603.4,False,6.9475,0.3197,3.9252,0.2347,0.057,0.1537,0.0188
GRID_09914,다사69005125,강동구,고덕동,3005.1,False,4.7934,0.0474,2.6292,0.1619,0.0085,0.0919,0.0115
GRID_09915,다사69005150,강동구,고덕동,123.3,False,1.7387,0.0,0.9458,0.0587,0.0,0.032,0.0066
GRID_09916,다사69005175,강동구,고덕동,53.5,False,0.0,0.0,0.0,0.0,0.0,0.0,0.0
GRID_09917,다사69005200,강동구,고덕동,40.7,False,0.0,0.0,0.0,0.0,0.0,0.0,0.0
GRID_09918,다사69005225,강동구,고덕동,0.0,True,0.0,0.0,0.0,0.0,0.0,0.0,0.0
GRID_09919,다사69254300,송파구,거여동,9.8,False,1.8235,0.0,0.992,0.0616,0.0,0.0335,0.0141
GRID_09920,다사69254325,송파구,거여동,241.2,False,2.6887,0.1196,1.5172,0.0908,0.0213,0.0591,0.0108
GRID_09921,다사69254350,송파구,거여동,6.8,False,5.031,0.3001,2.8737,0.17,0.0535,0.1169,0.0569
GRID_09922,다사69254375,송파구,마천동,48.9,False,5.5852,0.411,3.2257,0.1887,0.0733,0.1361,0.0348
GRID_09923,다사69254400,송파구,마천동,2283.9,False,3.9489,0.4225,2.3408,0.1334,0.0753,0.1069,0.0138
GRID_09924,다사69254425,송파구,마천동,1224.6,False,2.3114,0.3314,1.4085,0.0781,0.0591,0.0694,0.0098
GRID_09925,다사69254450,송파구,마천동,2172.7,False,1.4536,0.1625,0.8648,0.0491,0.029,0.0399,0.0052
GRID_09926,다사69254475,송파구,마천동,534.6,False,0.4231,0.0,0.2301,0.0143,0.0,0.0078,0.0012
GRID_09927,다사69254750,강동구,둔촌동,0.0,True,0.0,0.3735,0.1703,0.0,0.0,0.0,0.0
GRID_09928,다사69254775,강동구,둔촌동,0.0,True,0.0513,0.4111,0.2154,0.0,0.0,0.0,0.0
GRID_09929,다사69254800,강동구,둔촌동,0.0,True,0.1512,0.3214,0.2288,0.0,0.0,0.0,0.0
GRID_09930,다사69254825,강동구,둔촌동,0.0,True,0.0,0.129,0.0588,0.0,0.0,0.0,0.0
GRID_09931,다사69254850,강동구,둔촌동,1111.4,False,0.4512,0.0,0.2455,0.0152,0.0,0.0083,0.0012
GRID_09932,다사69254875,강동구,길동,58.1,False,1.0017,0.0,0.5449,0.0338,0.0,0.0184,0.0045
GRID_09933,다사69254900,강동구,길동,114.1,False,0.7054,0.0,0.3837,0.0238,0.0,0.013,0.0027
GRID_09934,다사69254925,강동구,길동,15.9,False,0.0,0.0,0.0,0.0,0.0,0.0,0.0
GRID_09935,다사69254950,강동구,명일동,106.5,False,0.058,0.0,0.0315,0.002,0.0,0.0011,0.0002
GRID_09936,다사69254975,강동구,명일동,127.0,False,3.1292,0.0,1.7023,0.1057,0.0,0.0575,0.0119
GRID_09937,다사69255000,강동구,명일동,973.5,False,3.9186,0.3002,2.2686,0.1324,0.0535,0.0964,0.014
GRID_09938,다사69255025,강동구,명일동,6017.2,False,2.4258,0.5511,1.5709,0.0819,0.0983,0.0894,0.0103
GRID_09939,다사69255050,강동구,명일동,517.9,False,6.1354,0.6713,3.6438,0.2073,0.1197,0.1673,0.0268
GRID_09940,다사69255075,강동구,고덕동,1029.5,False,6.7161,0.6279,3.9399,0.2269,0.112,0.1745,0.0252
GRID_09941,다사69255100,강동구,고덕동,1459.1,False,6.5025,0.433,3.7348,0.2197,0.0772,0.1547,0.0212
GRID_09942,다사69255125,강동구,고덕동,45.2,False,6.8448,0.1382,3.7866,0.2312,0.0247,0.137,0.0358
GRID_09943,다사69255150,강동구,고덕동,9.9,False,3.2844,0.0,1.7867,0.111,0.0,0.0604,0.0253
GRID_09944,다사69255175,강동구,고덕동,12.6,False,0.2472,0.0,0.1345,0.0084,0.0,0.0045,0.0017
GRID_09945,다사69255200,강동구,고덕동,61.6,False,0.0,0.0,0.0,0.0,0.0,0.0,0.0
GRID_09946,다사69255225,강동구,고덕동,0.0,True,0.0,0.0,0.0,0.0,0.0,0.0,0.0
GRID_09947,다사69255250,강동구,고덕동,0.0,True,0.0,0.0,0.0,0.0,0.0,0.0,0.0
GRID_09948,다사69504300,송파구,거여동,0.0,True,0.6769,0.0,0.3682,0.0,0.0,0.0,0.0
GRID_09949,다사69504325,송파구,거여동,0.0,True,2.2297,0.0623,1.2413,0.0,0.0,0.0,0.0
GRID_09950,다사69504350,송파구,마천동,1572.7,False,3.7958,0.2297,2.1697,0.1282,0.041,0.0884,0.012
GRID_09951,다사69504375,송파구,마천동,53.2,False,3.3189,0.3325,1.9571,0.1121,0.0593,0.088,0.022
GRID_09952,다사69504400,송파구,마천동,1644.4,False,2.4929,0.3432,1.5127,0.0842,0.0612,0.0737,0.01
GRID_09953,다사69504425,송파구,마천동,237.5,False,2.8911,0.2587,1.6907,0.0977,0.0461,0.0742,0.0135
GRID_09954,다사69504450,송파구,마천동,19.7,False,1.0014,0.1021,0.5913,0.0338,0.0182,0.0267,0.0088
GRID_09955,다사69504475,송파구,마천동,0.0,True,0.0,0.0,0.0,0.0,0.0,0.0,0.0
GRID_09956,다사69504825,강동구,둔촌동,0.0,True,0.0,0.0,0.0,0.0,0.0,0.0,0.0
GRID_09957,다사69504850,강동구,둔촌동,7.0,False,0.0,0.0,0.0,0.0,0.0,0.0,0.0
GRID_09958,다사69504875,강동구,둔촌동,41.4,False,0.3918,0.0,0.2131,0.0132,0.0,0.0072,0.0019
GRID_09959,다사69504900,강동구,길동,49.2,False,0.1654,0.0,0.09,0.0056,0.0,0.003,0.0008
GRID_09960,다사69504925,강동구,명일동,14.9,False,0.072,0.0,0.0392,0.0024,0.0,0.0013,0.0005
GRID_09961,다사69504950,강동구,명일동,25.6,False,0.7024,0.0,0.3821,0.0237,0.0,0.0129,0.0039
GRID_09962,다사69504975,강동구,상일동,45.7,False,3.3977,0.0,1.8483,0.1148,0.0,0.0624,0.0162
GRID_09963,다사69505000,강동구,명일동,1231.2,False,4.6455,0.2754,2.6527,0.1569,0.0491,0.1078,0.0151
GRID_09964,다사69505025,강동구,명일동,2358.3,False,3.0566,0.5217,1.9007,0.1033,0.093,0.0986,0.0127
GRID_09965,다사69505050,강동구,명일동,773.4,False,5.8885,0.6398,3.4951,0.1989,0.1141,0.1602,0.0241
GRID_09966,다사69505075,강동구,고덕동,168.8,False,5.3513,0.5972,3.1834,0.1808,0.1065,0.1469,0.0286
GRID_09967,다사69505100,강동구,고덕동,2565.5,False,5.948,0.4058,3.4208,0.2009,0.0724,0.1423,0.0181
GRID_09968,다사69505125,강동구,고덕동,32.5,False,9.0458,0.1164,4.974,0.3056,0.0208,0.1757,0.05
GRID_09969,다사69505150,강동구,고덕동,813.4,False,5.9384,0.0,3.2305,0.2006,0.0,0.1091,0.0163
GRID_09970,다사69505175,강동구,고덕동,720.5,False,3.3103,0.0,1.8008,0.1118,0.0,0.0608,0.0092
GRID_09971,다사69505200,강동구,고덕동,20.9,False,1.1868,0.0,0.6456,0.0401,0.0,0.0218,0.0071
GRID_09972,다사69505225,강동구,고덕동,41.1,False,0.0,0.0,0.0,0.0,0.0,0.0,0.0
GRID_09973,다사69505250,강동구,고덕동,0.0,True,0.0,0.0,0.0,0.0,0.0,0.0,0.0
GRID_09974,다사69754325,송파구,거여동,0.0,True,1.0337,0.0,0.5623,0.0,0.0,0.0,0.0
GRID_09975,다사69754350,송파구,마천동,174.7,False,1.7181,0.0868,0.9742,0.058,0.0155,0.0386,0.0075
GRID_09976,다사69754375,송파구,마천동,1034.3,False,1.0064,0.1733,0.6265,0.034,0.0309,0.0326,0.0047
GRID_09977,다사69754400,송파구,마천동,2144.9,False,0.9615,0.1823,0.6062,0.0325,0.0325,0.0325,0.0042
GRID_09978,다사69754425,송파구,마천동,2221.2,False,1.4961,0.1112,0.8646,0.0505,0.0198,0.0365,0.0047
GRID_09979,다사69754450,송파구,마천동,24.6,False,0.6863,0.0,0.3734,0.0232,0.0,0.0126,0.0039
GRID_09980,다사69754475,송파구,마천동,10.2,False,0.0,0.0,0.0,0.0,0.0,0.0,0.0
GRID_09981,다사69754875,강동구,둔촌동,13.2,False,0.0113,0.0,0.0061,0.0004,0.0,0.0002,0.0001
GRID_09982,다사69754900,강동구,길동,0.0,True,0.6842,0.0,0.3722,0.0,0.0,0.0,0.0
GRID_09983,다사69754925,강동구,명일동,0.0,True,1.1069,0.0,0.6022,0.0,0.0,0.0,0.0
GRID_09984,다사69754950,강동구,상일동,642.6,False,0.9596,0.0,0.522,0.0324,0.0,0.0176,0.0027
GRID_09985,다사69754975,강동구,상일동,596.6,False,2.3621,0.0,1.285,0.0798,0.0,0.0434,0.0068
GRID_09986,다사69755000,강동구,상일동,10.8,False,3.4045,0.1296,1.9111,0.115,0.0231,0.0731,0.0296
GRID_09987,다사69755025,강동구,상일동,268.1,False,2.1199,0.3489,1.3123,0.0716,0.0622,0.0673,0.012
GRID_09988,다사69755050,강동구,상일동,3032.4,False,3.5891,0.5877,2.2204,0.1212,0.1048,0.1138,0.0142
GRID_09989,다사69755075,강동구,고덕동,514.4,False,3.567,0.6112,2.2191,0.1205,0.109,0.1153,0.0185
GRID_09990,다사69755100,강동구,고덕동,232.2,False,5.1047,0.3748,2.9478,0.1724,0.0668,0.1243,0.0228
GRID_09991,다사69755125,강동구,고덕동,396.8,False,7.7405,0.0,4.2108,0.2615,0.0,0.1422,0.0238
GRID_09992,다사69755150,강동구,고덕동,119.9,False,6.4986,0.0,3.5352,0.2195,0.0,0.1194,0.0249
GRID_09993,다사69755175,강동구,고덕동,106.5,False,6.5788,0.0,3.5789,0.2222,0.0,0.1209,0.0258
GRID_09994,다사69755200,강동구,고덕동,40.6,False,3.4399,0.0,1.8713,0.1162,0.0,0.0632,0.017
GRID_09995,다사69755225,강동구,고덕동,118.3,False,0.168,0.0,0.0914,0.0057,0.0,0.0031,0.0006
GRID_09996,다사69755250,강동구,고덕동,9.1,False,0.0,0.0,0.0,0.0,0.0,0.0,0.0
GRID_09997,다사69755275,강동구,고덕동,0.0,True,0.0,0.0,0.0,0.0,0.0,0.0,0.0
GRID_09998,다사70004425,송파구,마천동,0.0,True,0.4646,0.0,0.2528,0.0,0.0,0.0,0.0
GRID_09999,다사70004450,송파구,마천동,0.0,True,0.0,0.0,0.0,0.0,0.0,0.0,0.0
GRID_10000,다사70004900,강동구,명일동,0.0,True,1.0511,0.0,0.5718,0.0,0.0,0.0,0.0
GRID_10001,다사70004925,강동구,명일동,22.3,False,1.5922,0.0,0.8661,0.0538,0.0,0.0293,0.0093
GRID_10002,다사70004950,강동구,명일동,633.4,False,1.7716,0.0,0.9637,0.0598,0.0,0.0326,0.005
GRID_10003,다사70004975,강동구,상일동,171.7,False,1.6996,0.0,0.9246,0.0574,0.0,0.0312,0.0061
GRID_10004,다사70005000,강동구,상일동,2419.4,False,2.9259,0.0,1.5917,0.0988,0.0,0.0538,0.0069
GRID_10005,다사70005025,강동구,상일동,10.5,False,1.9585,0.2981,1.2013,0.0662,0.0532,0.0602,0.0247
GRID_10006,다사70005050,강동구,상일동,0.0,True,2.2577,0.5948,1.4995,0.0,0.0,0.0,0.0
GRID_10007,다사70005075,강동구,고덕동,6821.2,False,3.2148,0.64,2.0407,0.1086,0.1141,0.1111,0.0126
GRID_10008,다사70005100,강동구,고덕동,447.5,False,4.0931,0.4256,2.4207,0.1383,0.0759,0.1098,0.018
GRID_10009,다사70005125,강동구,고덕동,1169.1,False,4.7545,0.2096,2.682,0.1606,0.0374,0.1044,0.0148
GRID_10010,다사70005150,강동구,고덕동,1175.9,False,3.5018,0.0,1.905,0.1183,0.0,0.0644,0.0091
GRID_10011,다사70005175,강동구,고덕동,49.6,False,4.9558,0.0,2.6959,0.1674,0.0,0.0911,0.0232
GRID_10012,다사70005200,강동구,고덕동,349.2,False,2.0774,0.0,1.1301,0.0702,0.0,0.0382,0.0065
GRID_10013,다사70005225,강동구,고덕동,22.8,False,0.118,0.0,0.0642,0.004,0.0,0.0022,0.0007
GRID_10014,다사70005250,강동구,고덕동,135.7,False,0.0,0.0,0.0,0.0,0.0,0.0,0.0
GRID_10015,다사70005275,강동구,고덕동,8.3,False,0.0,0.0,0.0,0.0,0.0,0.0,0.0
GRID_10016,다사70005300,강동구,강일동,20.3,False,0.0,0.0,0.0,0.0,0.0,0.0,0.0
GRID_10017,다사70254925,강동구,상일동,0.0,True,0.9016,0.0,0.4905,0.0,0.0,0.0,0.0
GRID_10018,다사70254950,강동구,상일동,67.6,False,2.3435,0.0,1.2749,0.0792,0.0,0.0431,0.0102
GRID_10019,다사70254975,강동구,상일동,58.6,False,3.5896,0.0,1.9528,0.1213,0.0,0.066,0.0161
GRID_10020,다사70255000,강동구,상일동,789.2,False,4.3569,0.0531,2.3944,0.1472,0.0095,0.0844,0.0126
GRID_10021,다사70255025,강동구,상일동,19.9,False,3.4307,0.3807,2.0399,0.1159,0.0679,0.094,0.0309
GRID_10022,다사70255050,강동구,상일동,46.6,False,3.2716,0.6177,2.0614,0.1105,0.1102,0.1104,0.0286
GRID_10023,다사70255075,강동구,고덕동,1329.7,False,5.1411,0.7025,3.1171,0.1737,0.1253,0.1516,0.0211
GRID_10024,다사70255100,강동구,고덕동,3761.8,False,5.0408,0.6114,3.021,0.1703,0.1091,0.1424,0.0173
GRID_10025,다사70255125,강동구,고덕동,58.2,False,3.6403,0.3699,2.149,0.123,0.066,0.097,0.0238
GRID_10026,다사70255150,강동구,고덕동,10.5,False,1.6127,0.0403,0.8957,0.0545,0.0072,0.0329,0.0135
GRID_10027,다사70255175,강동구,고덕동,36.9,False,1.8619,0.0,1.0129,0.0629,0.0,0.0342,0.0094
GRID_10028,다사70255200,강동구,고덕동,619.2,False,1.1293,0.0,0.6144,0.0382,0.0,0.0208,0.0032
GRID_10029,다사70255225,강동구,고덕동,0.0,True,0.0,0.0,0.0,0.0,0.0,0.0,0.0
GRID_10030,다사70255250,강동구,고덕동,48.7,False,0.0,0.0,0.0,0.0,0.0,0.0,0.0
GRID_10031,다사70255275,강동구,강일동,74.7,False,0.0,0.0,0.0,0.0,0.0,0.0,0.0
GRID_10032,다사70255300,강동구,강일동,5.6,False,0.0099,0.0,0.0054,0.0003,0.0,0.0002,0.0001
GRID_10033,다사70255325,강동구,강일동,0.0,True,0.0,0.0,0.0,0.0,0.0,0.0,0.0
GRID_10034,다사70504925,강동구,상일동,0.0,True,0.2693,0.0,0.1465,0.0,0.0,0.0,0.0
GRID_10035,다사70504950,강동구,상일동,1931.5,False,2.8894,0.0,1.5718,0.0976,0.0,0.0531,0.007
GRID_10036,다사70504975,강동구,상일동,39.8,False,3.879,0.0,2.1102,0.131,0.0,0.0713,0.0192
GRID_10037,다사70505000,강동구,상일동,5102.8,False,4.8231,0.0704,2.6559,0.1629,0.0126,0.0944,0.0111
GRID_10038,다사70505025,강동구,상일동,4739.8,False,3.2216,0.4028,1.9362,0.1088,0.0718,0.092,0.0109
GRID_10039,다사70505050,강동구,상일동,2096.2,False,3.4708,0.6433,2.1814,0.1172,0.1147,0.1161,0.0152
GRID_10040,다사70505075,강동구,상일동,3129.4,False,6.9885,0.7871,4.1606,0.2361,0.1404,0.1924,0.0239
GRID_10041,다사70505100,강동구,고덕동,17.5,False,5.6176,0.6747,3.3636,0.1898,0.1203,0.1581,0.0542
GRID_10042,다사70505125,강동구,고덕동,501.8,False,3.7876,0.3918,2.2391,0.128,0.0699,0.1015,0.0163
GRID_10043,다사70505150,강동구,고덕동,22.1,False,2.8741,0.0574,1.5897,0.0971,0.0102,0.0575,0.0183
GRID_10044,다사70505175,강동구,고덕동,8.8,False,1.435,0.0,0.7806,0.0485,0.0,0.0264,0.0116
GRID_10045,다사70505200,강동구,고덕동,76.7,False,0.5065,0.0,0.2755,0.0171,0.0,0.0093,0.0021
GRID_10046,다사70505225,강동구,강일동,59.3,False,0.0,0.0,0.0,0.0,0.0,0.0,0.0
GRID_10047,다사70505250,강동구,강일동,50.4,False,0.0,0.0,0.0,0.0,0.0,0.0,0.0
GRID_10048,다사70505275,강동구,강일동,231.7,False,0.7411,0.0,0.4031,0.025,0.0,0.0136,0.0025
GRID_10049,다사70505300,강동구,강일동,60.2,False,1.064,0.0,0.5788,0.0359,0.0,0.0196,0.0048
GRID_10050,다사70505325,강동구,강일동,0.0,True,0.3133,0.0,0.1704,0.0,0.0,0.0,0.0
GRID_10051,다사70754950,강동구,상일동,532.8,False,3.2284,0.0,1.7563,0.1091,0.0,0.0593,0.0094
GRID_10052,다사70754975,강동구,상일동,1177.6,False,4.1668,0.0,2.2667,0.1408,0.0,0.0766,0.0108
GRID_10053,다사70755000,강동구,상일동,1693.6,False,4.0597,0.0,2.2085,0.1371,0.0,0.0746,0.01
GRID_10054,다사70755025,강동구,상일동,3292.2,False,4.1105,0.3241,2.3839,0.1389,0.0578,0.1019,0.0126
GRID_10055,다사70755050,강동구,상일동,2142.2,False,3.8952,0.7606,2.4658,0.1316,0.1356,0.1334,0.0174
GRID_10056,다사70755075,강동구,상일동,939.2,False,6.5509,0.9495,3.9967,0.2213,0.1693,0.1976,0.0289
GRID_10057,다사70755100,강동구,고덕동,789.0,False,4.7489,0.8388,2.9659,0.1604,0.1496,0.1555,0.0233
GRID_10058,다사70755125,강동구,고덕동,584.4,False,3.9406,0.4593,2.3532,0.1331,0.0819,0.1098,0.0172
GRID_10059,다사70755150,강동구,고덕동,679.5,False,3.8577,0.0,2.0986,0.1303,0.0,0.0709,0.0109
GRID_10060,다사70755175,강동구,고덕동,386.6,False,1.9542,0.0,1.0631,0.066,0.0,0.0359,0.006
GRID_10061,다사70755200,강동구,강일동,171.1,False,1.5228,0.0,0.8284,0.0514,0.0,0.028,0.0054
GRID_10062,다사70755225,강동구,강일동,1589.9,False,1.6015,0.0,0.8712,0.0541,0.0,0.0294,0.004
GRID_10063,다사70755250,강동구,강일동,127.1,False,1.3689,0.0,0.7447,0.0462,0.0,0.0252,0.0052
GRID_10064,다사70755275,강동구,강일동,7.9,False,1.2759,0.0,0.6941,0.0431,0.0,0.0234,0.0107
GRID_10065,다사70755300,강동구,강일동,114.1,False,1.1729,0.0,0.6381,0.0396,0.0,0.0216,0.0045
GRID_10066,다사70755325,강동구,강일동,4.2,False,0.3903,0.0,0.2123,0.0132,0.0,0.0072,0.0044
GRID_10067,다사71004950,강동구,상일동,62.0,False,2.2782,0.0,1.2393,0.077,0.0,0.0419,0.0101
GRID_10068,다사71004975,강동구,상일동,259.5,False,3.6444,0.0,1.9825,0.1231,0.0,0.067,0.012
GRID_10069,다사71005000,강동구,상일동,743.4,False,5.3804,0.0,2.9269,0.1818,0.0,0.0989,0.015
GRID_10070,다사71005025,강동구,상일동,1007.6,False,5.5154,0.2652,3.1213,0.1863,0.0473,0.1229,0.0178
GRID_10071,다사71005050,강동구,상일동,200.2,False,4.376,0.6992,2.6994,0.1478,0.1247,0.1373,0.0259
GRID_10072,다사71005075,강동구,상일동,915.8,False,4.9713,0.8924,3.1113,0.1679,0.1592,0.1639,0.024
GRID_10073,다사71005100,강동구,강일동,1725.1,False,3.253,0.7918,2.1307,0.1099,0.1412,0.1242,0.0167
GRID_10074,다사71005125,강동구,강일동,2618.8,False,2.2994,0.4252,1.4447,0.0777,0.0758,0.0768,0.0098
GRID_10075,다사71005150,강동구,강일동,261.9,False,5.6345,0.11,3.1153,0.1903,0.0196,0.1125,0.0202
GRID_10076,다사71005175,강동구,강일동,3134.2,False,6.7142,0.0,3.6525,0.2268,0.0,0.1234,0.0153
GRID_10077,다사71005200,강동구,강일동,1374.0,False,4.6549,0.0,2.5322,0.1572,0.0,0.0855,0.0118
GRID_10078,다사71005225,강동구,강일동,2314.2,False,3.9674,0.0,2.1582,0.134,0.0,0.0729,0.0094
GRID_10079,다사71005250,강동구,강일동,2426.9,False,3.8254,0.0,2.081,0.1292,0.0,0.0703,0.009
GRID_10080,다사71005275,강동구,강일동,402.9,False,1.4661,0.0,0.7976,0.0495,0.0,0.0269,0.0045
GRID_10081,다사71005300,강동구,강일동,95.0,False,0.3356,0.0,0.1826,0.0113,0.0,0.0062,0.0014
GRID_10082,다사71005325,강동구,강일동,4.9,False,0.0,0.0,0.0,0.0,0.0,0.0,0.0
GRID_10083,다사71254950,강동구,상일동,8.5,False,0.0099,0.0,0.0054,0.0003,0.0,0.0002,0.0001
GRID_10084,다사71254975,강동구,상일동,587.3,False,1.4807,0.0,0.8055,0.05,0.0,0.0272,0.0043
GRID_10085,다사71255000,강동구,상일동,2172.7,False,2.7935,0.0,1.5197,0.0944,0.0,0.0513,0.0067
GRID_10086,다사71255025,강동구,상일동,163.3,False,2.5263,0.2866,1.505,0.0853,0.0511,0.0697,0.0137
GRID_10087,다사71255050,강동구,상일동,2061.9,False,2.1322,0.5487,1.4101,0.072,0.0979,0.0838,0.011
GRID_10088,다사71255075,강동구,상일동,10.2,False,4.346,0.6824,2.6754,0.1468,0.1217,0.1354,0.056
GRID_10089,다사71255100,강동구,강일동,1006.6,False,3.3421,0.6511,2.115,0.1129,0.1161,0.1144,0.0165
GRID_10090,다사71255125,강동구,강일동,1142.3,False,1.8454,0.4636,1.2153,0.0623,0.0827,0.0716,0.0102
GRID_10091,다사71255150,강동구,강일동,694.0,False,6.2414,0.1699,3.4728,0.2108,0.0303,0.1285,0.0196
GRID_10092,다사71255175,강동구,강일동,613.7,False,8.3284,0.0,4.5307,0.2813,0.0,0.1531,0.0238
GRID_10093,다사71255200,강동구,강일동,19.0,False,4.9347,0.0,2.6845,0.1667,0.0,0.0907,0.0303
GRID_10094,다사71255225,강동구,강일동,1537.1,False,3.368,0.0,1.8322,0.1138,0.0,0.0619,0.0084
GRID_10095,다사71255250,강동구,강일동,3835.5,False,3.4433,0.0,1.8732,0.1163,0.0,0.0633,0.0077
GRID_10096,다사71255275,강동구,강일동,541.3,False,1.9616,0.0,1.0671,0.0663,0.0,0.036,0.0057
GRID_10097,다사71255300,강동구,강일동,35.7,False,0.0,0.0,0.0,0.0,0.0,0.0,0.0
GRID_10098,다사71255325,강동구,강일동,4.2,False,0.0,0.0,0.0,0.0,0.0,0.0,0.0
GRID_10099,다사71255350,강동구,강일동,0.0,True,0.0,0.0,0.0,0.0,0.0,0.0,0.0
GRID_10100,다사71504950,강동구,상일동,0.0,True,0.0,0.0,0.0,0.0,0.0,0.0,0.0
GRID_10101,다사71504975,강동구,상일동,70.5,False,0.0,0.0,0.0,0.0,0.0,0.0,0.0
GRID_10102,다사71505000,강동구,상일동,79.4,False,0.7376,0.0,0.4013,0.0249,0.0,0.0136,0.0031
GRID_10103,다사71505025,강동구,상일동,113.3,False,1.7795,0.2233,1.0699,0.0601,0.0398,0.0509,0.0107
GRID_10104,다사71505050,강동구,상일동,36.5,False,2.1778,0.4732,1.4005,0.0736,0.0844,0.0785,0.0217
GRID_10105,다사71505075,강동구,상일동,578.4,False,3.2394,0.6007,2.0361,0.1094,0.1071,0.1084,0.017
GRID_10106,다사71505100,강동구,강일동,202.2,False,3.8366,0.5709,2.3475,0.1296,0.1018,0.1169,0.022
GRID_10107,다사71505125,강동구,강일동,1386.3,False,3.5928,0.3921,2.1333,0.1214,0.0699,0.0979,0.0135
GRID_10108,다사71505150,강동구,강일동,1888.1,False,4.3635,0.1121,2.4249,0.1474,0.02,0.0893,0.0118
GRID_10109,다사71505175,강동구,강일동,844.3,False,3.7426,0.0,2.036,0.1264,0.0,0.0688,0.0102
GRID_10110,다사71505200,강동구,강일동,2855.0,False,2.4568,0.0,1.3365,0.083,0.0,0.0451,0.0057
GRID_10111,다사71505225,강동구,강일동,186.4,False,0.9414,0.0,0.5121,0.0318,0.0,0.0173,0.0033
GRID_10112,다사71505250,강동구,강일동,12.1,False,1.4196,0.0,0.7722,0.048,0.0,0.0261,0.0101
GRID_10113,다사71754950,강동구,상일동,14.5,False,0.0,0.0,0.0,0.0,0.0,0.0,0.0
GRID_10114,다사71754975,강동구,상일동,17.7,False,0.0315,0.0,0.0171,0.0011,0.0,0.0006,0.0002
GRID_10115,다사71755000,강동구,상일동,2119.6,False,0.7952,0.0,0.4326,0.0269,0.0,0.0146,0.0019
GRID_10116,다사71755025,강동구,상일동,856.5,False,2.0071,0.0488,1.1141,0.0678,0.0087,0.0409,0.006
GRID_10117,다사71755050,강동구,상일동,1803.1,False,1.8041,0.2648,1.1022,0.0609,0.0472,0.0547,0.0073
GRID_10118,다사71755075,강동구,상일동,1202.6,False,0.8674,0.375,0.6429,0.0293,0.0669,0.0464,0.0065
GRID_10119,다사71755100,강동구,강일동,971.7,False,1.9921,0.3493,1.243,0.0673,0.0623,0.065,0.0094
GRID_10120,다사71755125,강동구,강일동,986.1,False,3.2496,0.1947,1.8566,0.1098,0.0347,0.0756,0.011
GRID_10121,다사71755150,강동구,강일동,0.0,True,2.2566,0.0,1.2276,0.0,0.0,0.0,0.0
GRID_10122,다사72004950,강동구,상일동,0.0,True,0.0,0.0,0.0,0.0,0.0,0.0,0.0
GRID_10123,다사72004975,강동구,상일동,0.0,True,0.0,0.0,0.0,0.0,0.0,0.0,0.0
GRID_10124,다사72005000,강동구,상일동,0.0,True,0.424,0.0,0.2306,0.0,0.0,0.0,0.0
GRID_10125,다사72005025,강동구,상일동,0.0,True,0.472,0.0,0.2568,0.0,0.0,0.0,0.0
