{
"type": "FeatureCollection",
"name": "seoul_subway_nodes_5179",
"crs": { "type": "name", "properties": { "name": "urn:ogc:def:crs:EPSG::5179" } },
"features": [
{ "type": "Feature", "properties": { "역사_ID": 9010, "역사명": "동탄", "호선": "수도권 광역급행철도", "위도": 37.20034, "경도": 127.09569 }, "geometry": { "type": "Point", "coordinates": [ 964120.606766407610849, 1911358.633122785016894 ] } },
{ "type": "Feature", "properties": { "역사_ID": 9009, "역사명": "구성", "호선": "수도권 광역급행철도", "위도": 37.29913, "경도": 127.10389 }, "geometry": { "type": "Point", "coordinates": [ 964894.159391475724988, 1922315.189309772802517 ] } },
{ "type": "Feature", "properties": { "역사_ID": 9008, "역사명": "성남", "호선": "수도권 광역급행철도", "위도": 37.39467, "경도": 127.12058 }, "geometry": { "type": "Point", "coordinates": [ 966415.921885480056517, 1932908.369720732327551 ] } },
{ "type": "Feature", "properties": { "역사_ID": 9007, "역사명": "수서", "호선": "수도권 광역급행철도", "위도": 37.48637, "경도": 127.10161 }, "geometry": { "type": "Point", "coordinates": [ 964779.804394965409301, 1943088.693858257029206 ] } },
{ "type": "Feature", "properties": { "역사_ID": 9006, "역사명": "삼성", "호선": "수도권 광역급행철도", "위도": 37.50887, "경도": 127.06324 }, "geometry": { "type": "Point", "coordinates": [ 961399.220681553590111, 1945599.966856831219047 ] } },
{ "type": "Feature", "properties": { "역사_ID": 9005, "역사명": "서울", "호선": "수도권 광역급행철도", "위도": 37.55569, "경도": 126.97296 }, "geometry": { "type": "Point", "coordinates": [ 953449.344498025486246, 1950835.249742518411949 ] } },
{ "type": "Feature", "properties": { "역사_ID": 9004, "역사명": "연신내", "호선": "수도권 광역급행철도", "위도": 37.61878, "경도": 126.9213 }, "geometry": { "type": "Point", "coordinates": [ 948929.576000259723514, 1957861.655038079945371 ] } },
{ "type": "Feature", "properties": { "역사_ID": 9002, "역사명": "대곡", "호선": "수도권 광역급행철도", "위도": 37.63191, "경도": 126.81113 }, "geometry": { "type": "Point", "coordinates": [ 939217.627156307804398, 1959384.040747908409685 ] } },
{ "type": "Feature", "properties": { "역사_ID": 9001, "역사명": "킨텍스", "호선": "수도권 광역급행철도", "위도": 37.66532, "경도": 126.74843 }, "geometry": { "type": "Point", "coordinates": [ 933714.922552633564919, 1963133.274313370231539 ] } },
{ "type": "Feature", "properties": { "역사_ID": 9000, "역사명": "운정", "호선": "수도권 광역급행철도", "위도": 37.71614, "경도": 126.72841 }, "geometry": { "type": "Point", "coordinates": [ 931995.649266716442071, 1968786.034452643943951 ] } },
{ "type": "Feature", "properties": { "역사_ID": 4929, "역사명": "김포공항", "호선": "김포골드라인", "위도": 37.56236, "경도": 126.801868 }, "geometry": { "type": "Point", "coordinates": [ 938343.019478083821014, 1951673.744955074740574 ] } },
{ "type": "Feature", "properties": { "역사_ID": 4928, "역사명": "고촌", "호선": "김포골드라인", "위도": 37.601243, "경도": 126.770345 }, "geometry": { "type": "Point", "coordinates": [ 935592.469745591748506, 1956008.826335479738191 ] } },
{ "type": "Feature", "properties": { "역사_ID": 4927, "역사명": "풍무", "호선": "김포골드라인", "위도": 37.612488, "경도": 126.732387 }, "geometry": { "type": "Point", "coordinates": [ 932252.021208451129496, 1957283.142296915641055 ] } },
{ "type": "Feature", "properties": { "역사_ID": 4926, "역사명": "사우(김포시청)", "호선": "김포골드라인", "위도": 37.620249, "경도": 126.719731 }, "geometry": { "type": "Point", "coordinates": [ 931142.168245773296803, 1958153.414986380375922 ] } },
{ "type": "Feature", "properties": { "역사_ID": 4925, "역사명": "걸포북변", "호선": "김포골드라인", "위도": 37.63165, "경도": 126.705975 }, "geometry": { "type": "Point", "coordinates": [ 929938.900021409033798, 1959428.511595251504332 ] } },
{ "type": "Feature", "properties": { "역사_ID": 4924, "역사명": "운양", "호선": "김포골드라인", "위도": 37.653867, "경도": 126.68393 }, "geometry": { "type": "Point", "coordinates": [ 928015.161067036911845, 1961910.137271538143978 ] } },
{ "type": "Feature", "properties": { "역사_ID": 4923, "역사명": "장기", "호선": "김포골드라인", "위도": 37.643986, "경도": 126.669017 }, "geometry": { "type": "Point", "coordinates": [ 926689.962005492532626, 1960825.407130088191479 ] } },
{ "type": "Feature", "properties": { "역사_ID": 4922, "역사명": "마산", "호선": "김포골드라인", "위도": 37.640732, "경도": 126.644344 }, "geometry": { "type": "Point", "coordinates": [ 924509.95467085542623, 1960483.949700687779114 ] } },
{ "type": "Feature", "properties": { "역사_ID": 4921, "역사명": "구래", "호선": "김포골드라인", "위도": 37.645384, "경도": 126.628633 }, "geometry": { "type": "Point", "coordinates": [ 923128.622642239672132, 1961012.841684774728492 ] } },
{ "type": "Feature", "properties": { "역사_ID": 4920, "역사명": "양촌", "호선": "김포골드라인", "위도": 37.642379, "경도": 126.614309 }, "geometry": { "type": "Point", "coordinates": [ 921861.795996692846529, 1960691.276107365265489 ] } },
{ "type": "Feature", "properties": { "역사_ID": 4815, "역사명": "원시", "호선": "서해선", "위도": 37.302371, "경도": 126.786691 }, "geometry": { "type": "Point", "coordinates": [ 936784.33389476838056, 1922839.685102178016677 ] } },
{ "type": "Feature", "properties": { "역사_ID": 4814, "역사명": "원곡", "호선": "서해선", "위도": 37.31321, "경도": 126.796261 }, "geometry": { "type": "Point", "coordinates": [ 937641.420937881339341, 1924035.82117655640468 ] } },
{ "type": "Feature", "properties": { "역사_ID": 4813, "역사명": "초지", "호선": "서해선", "위도": 37.319619, "경도": 126.808147 }, "geometry": { "type": "Point", "coordinates": [ 938699.862756891176105, 1924739.068436443340033 ] } },
{ "type": "Feature", "properties": { "역사_ID": 4812, "역사명": "선부", "호선": "서해선", "위도": 37.334353, "경도": 126.809904 }, "geometry": { "type": "Point", "coordinates": [ 938867.478614905383438, 1926372.542791923973709 ] } },
{ "type": "Feature", "properties": { "역사_ID": 4811, "역사명": "달미", "호선": "서해선", "위도": 37.348847, "경도": 126.809409 }, "geometry": { "type": "Point", "coordinates": [ 938835.384787198971026, 1927980.853853823151439 ] } },
{ "type": "Feature", "properties": { "역사_ID": 4810, "역사명": "시흥능곡", "호선": "서해선", "위도": 37.369864, "경도": 126.808573 }, "geometry": { "type": "Point", "coordinates": [ 938778.415783853270113, 1930313.066722487797961 ] } },
{ "type": "Feature", "properties": { "역사_ID": 4809, "역사명": "시흥시청", "호선": "서해선", "위도": 37.382223, "경도": 126.805625 }, "geometry": { "type": "Point", "coordinates": [ 938527.472969440626912, 1931686.120864022057503 ] } },
{ "type": "Feature", "properties": { "역사_ID": 4808, "역사명": "신현", "호선": "서해선", "위도": 37.409008, "경도": 126.788017 }, "geometry": { "type": "Point", "coordinates": [ 936991.05535655899439, 1934669.34351641102694 ] } },
{ "type": "Feature", "properties": { "역사_ID": 4807, "역사명": "신천", "호선": "서해선", "위도": 37.439066, "경도": 126.786788 }, "geometry": { "type": "Point", "coordinates": [ 936907.517664219369181, 1938004.904517010087147 ] } },
{ "type": "Feature", "properties": { "역사_ID": 4806, "역사명": "시흥대야", "호선": "서해선", "위도": 37.450145, "경도": 126.793041 }, "geometry": { "type": "Point", "coordinates": [ 937469.902207271195948, 1939229.883321213535964 ] } },
{ "type": "Feature", "properties": { "역사_ID": 4805, "역사명": "소새울", "호선": "서해선", "위도": 37.468467, "경도": 126.797252 }, "geometry": { "type": "Point", "coordinates": [ 937857.531794399954379, 1941259.81419098097831 ] } },
{ "type": "Feature", "properties": { "역사_ID": 4804, "역사명": "소사", "호선": "서해선", "위도": 37.483279, "경도": 126.795023 }, "geometry": { "type": "Point", "coordinates": [ 937672.726342372363433, 1942904.595584 ] } },
{ "type": "Feature", "properties": { "역사_ID": 4713, "역사명": "신설동", "호선": "우이신설선", "위도": 37.576095, "경도": 127.023242 }, "geometry": { "type": "Point", "coordinates": [ 957902.000492651830427, 1953075.366301718400791 ] } },
{ "type": "Feature", "properties": { "역사_ID": 4712, "역사명": "보문", "호선": "우이신설선", "위도": 37.585286, "경도": 127.019381 }, "geometry": { "type": "Point", "coordinates": [ 957566.286742719472386, 1954096.800392432603985 ] } },
{ "type": "Feature", "properties": { "역사_ID": 4711, "역사명": "성신여대입구(돈암)", "호선": "우이신설선", "위도": 37.592467, "경도": 127.016516 }, "geometry": { "type": "Point", "coordinates": [ 957317.436147619620897, 1954894.796952980337664 ] } },
{ "type": "Feature", "properties": { "역사_ID": 4710, "역사명": "정릉", "호선": "우이신설선", "위도": 37.603133, "경도": 127.013396 }, "geometry": { "type": "Point", "coordinates": [ 957048.128772079595365, 1956079.564342889934778 ] } },
{ "type": "Feature", "properties": { "역사_ID": 4709, "역사명": "북한산보국문", "호선": "우이신설선", "위도": 37.612072, "경도": 127.008251 }, "geometry": { "type": "Point", "coordinates": [ 956599.178223803639412, 1957073.674141576280817 ] } },
{ "type": "Feature", "properties": { "역사_ID": 4708, "역사명": "솔샘", "호선": "우이신설선", "위도": 37.620238, "경도": 127.013626 }, "geometry": { "type": "Point", "coordinates": [ 957078.262647417606786, 1957977.186653427779675 ] } },
{ "type": "Feature", "properties": { "역사_ID": 4707, "역사명": "삼양사거리", "호선": "우이신설선", "위도": 37.621337, "경도": 127.020473 }, "geometry": { "type": "Point", "coordinates": [ 957683.126182697480544, 1958096.007132087601349 ] } },
{ "type": "Feature", "properties": { "역사_ID": 4706, "역사명": "삼양", "호선": "우이신설선", "위도": 37.626914, "경도": 127.018106 }, "geometry": { "type": "Point", "coordinates": [ 957477.42103441094514, 1958715.822750068968162 ] } },
{ "type": "Feature", "properties": { "역사_ID": 4705, "역사명": "화계", "호선": "우이신설선", "위도": 37.634133, "경도": 127.017511 }, "geometry": { "type": "Point", "coordinates": [ 957429.035711503238417, 1959517.012503068428487 ] } },
{ "type": "Feature", "properties": { "역사_ID": 4704, "역사명": "가오리", "호선": "우이신설선", "위도": 37.641537, "경도": 127.016789 }, "geometry": { "type": "Point", "coordinates": [ 957369.562495221500285, 1960338.786372532136738 ] } },
{ "type": "Feature", "properties": { "역사_ID": 4703, "역사명": "4.19민주묘지", "호선": "우이신설선", "위도": 37.649502, "경도": 127.013684 }, "geometry": { "type": "Point", "coordinates": [ 957100.208942503784783, 1961223.890009163878858 ] } },
{ "type": "Feature", "properties": { "역사_ID": 4702, "역사명": "솔밭공원", "호선": "우이신설선", "위도": 37.65603, "경도": 127.013273 }, "geometry": { "type": "Point", "coordinates": [ 957067.711380948428996, 1961948.337121072225273 ] } },
{ "type": "Feature", "properties": { "역사_ID": 4701, "역사명": "북한산우이", "호선": "우이신설선", "위도": 37.662909, "경도": 127.012706 }, "geometry": { "type": "Point", "coordinates": [ 957021.664067292935215, 1962711.799006364075467 ] } },
{ "type": "Feature", "properties": { "역사_ID": 4615, "역사명": "탑석", "호선": "의정부선", "위도": 37.733579, "경도": 127.088704 }, "geometry": { "type": "Point", "coordinates": [ 963758.98295613238588, 1970520.314191880635917 ] } },
{ "type": "Feature", "properties": { "역사_ID": 4614, "역사명": "송산", "호선": "의정부선", "위도": 37.737279, "경도": 127.087159 }, "geometry": { "type": "Point", "coordinates": [ 963624.656226855935529, 1970931.420292447786778 ] } },
{ "type": "Feature", "properties": { "역사_ID": 4613, "역사명": "어룡", "호선": "의정부선", "위도": 37.742802, "경도": 127.085035 }, "geometry": { "type": "Point", "coordinates": [ 963440.226585641386919, 1971545.013021449325606 ] } },
{ "type": "Feature", "properties": { "역사_ID": 4612, "역사명": "곤제", "호선": "의정부선", "위도": 37.750471, "경도": 127.083715 }, "geometry": { "type": "Point", "coordinates": [ 963327.714237244683318, 1972396.389884843956679 ] } },
{ "type": "Feature", "properties": { "역사_ID": 4611, "역사명": "효자", "호선": "의정부선", "위도": 37.754025, "경도": 127.076902 }, "geometry": { "type": "Point", "coordinates": [ 962729.308604529127479, 1972793.391269012354314 ] } },
{ "type": "Feature", "properties": { "역사_ID": 4610, "역사명": "경기도청북부청사", "호선": "의정부선", "위도": 37.75059, "경도": 127.071495 }, "geometry": { "type": "Point", "coordinates": [ 962251.258804400451481, 1972414.451578214997426 ] } },
{ "type": "Feature", "properties": { "역사_ID": 4609, "역사명": "새말", "호선": "의정부선", "위도": 37.748885, "경도": 127.06362 }, "geometry": { "type": "Point", "coordinates": [ 961556.632732127676718, 1972228.490672224666923 ] } },
{ "type": "Feature", "properties": { "역사_ID": 4608, "역사명": "동오", "호선": "의정부선", "위도": 37.745271, "경도": 127.056947 }, "geometry": { "type": "Point", "coordinates": [ 960966.866515363333747, 1971830.286159264156595 ] } },
{ "type": "Feature", "properties": { "역사_ID": 4607, "역사명": "의정부중앙", "호선": "의정부선", "위도": 37.743676, "경도": 127.049565 }, "geometry": { "type": "Point", "coordinates": [ 960315.65458629548084, 1971656.428171957843006 ] } },
{ "type": "Feature", "properties": { "역사_ID": 4606, "역사명": "흥선", "호선": "의정부선", "위도": 37.743302, "경도": 127.037023 }, "geometry": { "type": "Point", "coordinates": [ 959210.464676317758858, 1971620.325233950046822 ] } },
{ "type": "Feature", "properties": { "역사_ID": 4605, "역사명": "의정부시청", "호선": "의정부선", "위도": 37.739256, "경도": 127.034781 }, "geometry": { "type": "Point", "coordinates": [ 959010.706214417004958, 1971172.408564222045243 ] } },
{ "type": "Feature", "properties": { "역사_ID": 4604, "역사명": "경전철의정부", "호선": "의정부선", "위도": 37.737202, "경도": 127.043257 }, "geometry": { "type": "Point", "coordinates": [ 959756.397717251558788, 1970940.843617686070502 ] } },
{ "type": "Feature", "properties": { "역사_ID": 4603, "역사명": "범골", "호선": "의정부선", "위도": 37.728755, "경도": 127.04353 }, "geometry": { "type": "Point", "coordinates": [ 959775.882459367276169, 1970003.549158324254677 ] } },
{ "type": "Feature", "properties": { "역사_ID": 4602, "역사명": "회룡", "호선": "의정부선", "위도": 37.725006, "경도": 127.047073 }, "geometry": { "type": "Point", "coordinates": [ 960086.08112943219021, 1969586.089667671592906 ] } },
{ "type": "Feature", "properties": { "역사_ID": 4601, "역사명": "발곡", "호선": "의정부선", "위도": 37.727048, "경도": 127.052803 }, "geometry": { "type": "Point", "coordinates": [ 960592.11855256173294, 1969810.217977839987725 ] } },
{ "type": "Feature", "properties": { "역사_ID": 4517, "역사명": "전대.에버랜드", "호선": "에버라인선", "위도": 37.285342, "경도": 127.219561 }, "geometry": { "type": "Point", "coordinates": [ 975141.164891172782518, 1920748.883875698316842 ] } },
{ "type": "Feature", "properties": { "역사_ID": 4515, "역사명": "둔전", "호선": "에버라인선", "위도": 37.267051, "경도": 127.21364 }, "geometry": { "type": "Point", "coordinates": [ 974610.168591407244094, 1918721.274849938461557 ] } },
{ "type": "Feature", "properties": { "역사_ID": 4514, "역사명": "보평", "호선": "에버라인선", "위도": 37.258965, "경도": 127.218457 }, "geometry": { "type": "Point", "coordinates": [ 975034.595220097806305, 1917822.944066850235686 ] } },
{ "type": "Feature", "properties": { "역사_ID": 4513, "역사명": "고진", "호선": "에버라인선", "위도": 37.24484, "경도": 127.214251 }, "geometry": { "type": "Point", "coordinates": [ 974656.902973928838037, 1916257.057724644429982 ] } },
{ "type": "Feature", "properties": { "역사_ID": 4512, "역사명": "운동장.송담대", "호선": "에버라인선", "위도": 37.237845, "경도": 127.209198 }, "geometry": { "type": "Point", "coordinates": [ 974206.367484981194139, 1915482.409939967328683 ] } },
{ "type": "Feature", "properties": { "역사_ID": 4511, "역사명": "김량장", "호선": "에버라인선", "위도": 37.237247, "경도": 127.198781 }, "geometry": { "type": "Point", "coordinates": [ 973282.184357976424508, 1915418.957576638786122 ] } },
{ "type": "Feature", "properties": { "역사_ID": 4510, "역사명": "명지대", "호선": "에버라인선", "위도": 37.237964, "경도": 127.190294 }, "geometry": { "type": "Point", "coordinates": [ 972529.654407754889689, 1915500.928808116586879 ] } },
{ "type": "Feature", "properties": { "역사_ID": 4509, "역사명": "시청.용인대", "호선": "에버라인선", "위도": 37.239151, "경도": 127.178406 }, "geometry": { "type": "Point", "coordinates": [ 971475.655276848934591, 1915636.127717559458688 ] } },
{ "type": "Feature", "properties": { "역사_ID": 4508, "역사명": "삼가", "호선": "에버라인선", "위도": 37.242115, "경도": 127.168075 }, "geometry": { "type": "Point", "coordinates": [ 970560.479159442707896, 1915968.111166348913684 ] } },
{ "type": "Feature", "properties": { "역사_ID": 4506, "역사명": "초당", "호선": "에버라인선", "위도": 37.260752, "경도": 127.159443 }, "geometry": { "type": "Point", "coordinates": [ 969802.315203943639062, 1918038.391021174378693 ] } },
{ "type": "Feature", "properties": { "역사_ID": 4505, "역사명": "동백", "호선": "에버라인선", "위도": 37.269043, "경도": 127.152716 }, "geometry": { "type": "Point", "coordinates": [ 969209.19614209770225, 1918960.352168299723417 ] } },
{ "type": "Feature", "properties": { "역사_ID": 4504, "역사명": "어정", "호선": "에버라인선", "위도": 37.274917, "경도": 127.143714 }, "geometry": { "type": "Point", "coordinates": [ 968413.514478892553598, 1919614.974964684341103 ] } },
{ "type": "Feature", "properties": { "역사_ID": 4503, "역사명": "지석", "호선": "에버라인선", "위도": 37.269606, "경도": 127.136515 }, "geometry": { "type": "Point", "coordinates": [ 967773.022162096691318, 1919028.206091537605971 ] } },
{ "type": "Feature", "properties": { "역사_ID": 4502, "역사명": "강남대", "호선": "에버라인선", "위도": 37.270161, "경도": 127.126033 }, "geometry": { "type": "Point", "coordinates": [ 966843.916433674516156, 1919093.399036700604483 ] } },
{ "type": "Feature", "properties": { "역사_ID": 4501, "역사명": "기흥", "호선": "에버라인선", "위도": 37.275449, "경도": 127.116665 }, "geometry": { "type": "Point", "coordinates": [ 966015.719029813073575, 1919683.368724891683087 ] } },
{ "type": "Feature", "properties": { "역사_ID": 4411, "역사명": "관악산(서울대)", "호선": "신림선", "위도": 37.4691018, "경도": 126.9450639 }, "geometry": { "type": "Point", "coordinates": [ 950928.751289910869673, 1941242.969139113556594 ] } },
{ "type": "Feature", "properties": { "역사_ID": 4410, "역사명": "서울대벤처타운", "호선": "신림선", "위도": 37.4720019, "경도": 126.9339351 }, "geometry": { "type": "Point", "coordinates": [ 949946.59216714638751, 1941570.573004004079849 ] } },
{ "type": "Feature", "properties": { "역사_ID": 4409, "역사명": "서원", "호선": "신림선", "위도": 37.4782341, "경도": 126.9330365 }, "geometry": { "type": "Point", "coordinates": [ 949871.297038746532053, 1942262.473678157432005 ] } },
{ "type": "Feature", "properties": { "역사_ID": 4408, "역사명": "신림", "호선": "신림선", "위도": 37.4849266, "경도": 126.9296159 }, "geometry": { "type": "Point", "coordinates": [ 949573.356265844660811, 1943006.791151233483106 ] } },
{ "type": "Feature", "properties": { "역사_ID": 4407, "역사명": "당곡", "호선": "신림선", "위도": 37.4902998, "경도": 126.9275133 }, "geometry": { "type": "Point", "coordinates": [ 949391.092608451726846, 1943604.042957742931321 ] } },
{ "type": "Feature", "properties": { "역사_ID": 4406, "역사명": "보라매병원", "호선": "신림선", "위도": 37.4929598, "경도": 126.9234964 }, "geometry": { "type": "Point", "coordinates": [ 949037.795279084239155, 1943901.321011998225003 ] } },
{ "type": "Feature", "properties": { "역사_ID": 4405, "역사명": "보라매공원", "호선": "신림선", "위도": 37.4955691, "경도": 126.9180827 }, "geometry": { "type": "Point", "coordinates": [ 948561.016279640723951, 1944193.752036630641669 ] } },
{ "type": "Feature", "properties": { "역사_ID": 4404, "역사명": "보라매", "호선": "신림선", "위도": 37.5002739, "경도": 126.9204355 }, "geometry": { "type": "Point", "coordinates": [ 948772.209677485283464, 1944714.43856716575101 ] } },
{ "type": "Feature", "properties": { "역사_ID": 4403, "역사명": "서울지방병무청", "호선": "신림선", "위도": 37.5060464, "경도": 126.9227083 }, "geometry": { "type": "Point", "coordinates": [ 948977.033148502232507, 1945353.629110414069146 ] } },
{ "type": "Feature", "properties": { "역사_ID": 4402, "역사명": "대방", "호선": "신림선", "위도": 37.5133059, "경도": 126.9257265 }, "geometry": { "type": "Point", "coordinates": [ 949248.709546899655834, 1946157.396882779197767 ] } },
{ "type": "Feature", "properties": { "역사_ID": 4401, "역사명": "샛강", "호선": "신림선", "위도": 37.5170969, "경도": 126.929399 }, "geometry": { "type": "Point", "coordinates": [ 949575.819536891765893, 1946576.012306537711993 ] } },
{ "type": "Feature", "properties": { "역사_ID": 4319, "역사명": "광교(경기대)", "호선": "신분당선(연장)", "위도": 37.30211, "경도": 127.044483 }, "geometry": { "type": "Point", "coordinates": [ 959630.690248714876361, 1922669.501783250132576 ] } },
{ "type": "Feature", "properties": { "역사_ID": 4318, "역사명": "광교중앙(아주대)", "호선": "신분당선(연장)", "위도": 37.288617, "경도": 127.051478 }, "geometry": { "type": "Point", "coordinates": [ 960243.51154993835371, 1921169.628425073577091 ] } },
{ "type": "Feature", "properties": { "역사_ID": 4317, "역사명": "상현", "호선": "신분당선(연장)", "위도": 37.297664, "경도": 127.069342 }, "geometry": { "type": "Point", "coordinates": [ 961831.535645271535031, 1922165.938711574301124 ] } },
{ "type": "Feature", "properties": { "역사_ID": 4316, "역사명": "성복", "호선": "신분당선(연장)", "위도": 37.313335, "경도": 127.0801 }, "geometry": { "type": "Point", "coordinates": [ 962792.725061233853921, 1923900.187526840018108 ] } },
{ "type": "Feature", "properties": { "역사_ID": 4315, "역사명": "수지구청", "호선": "신분당선(연장)", "위도": 37.322702, "경도": 127.095026 }, "geometry": { "type": "Point", "coordinates": [ 964119.774560303776525, 1924933.590924629941583 ] } },
{ "type": "Feature", "properties": { "역사_ID": 4314, "역사명": "동천", "호선": "신분당선(연장)", "위도": 37.337928, "경도": 127.102976 }, "geometry": { "type": "Point", "coordinates": [ 964831.236451062024571, 1926619.7768991261255 ] } },
{ "type": "Feature", "properties": { "역사_ID": 4313, "역사명": "미금", "호선": "신분당선(연장)", "위도": 37.349982, "경도": 127.108918 }, "geometry": { "type": "Point", "coordinates": [ 965363.123657508986071, 1927954.856817552354187 ] } },
{ "type": "Feature", "properties": { "역사_ID": 4312, "역사명": "정자", "호선": "신분당선", "위도": 37.367098, "경도": 127.108403 }, "geometry": { "type": "Point", "coordinates": [ 965325.386794179910794, 1929853.906338121043518 ] } },
{ "type": "Feature", "properties": { "역사_ID": 4311, "역사명": "판교", "호선": "신분당선", "위도": 37.394761, "경도": 127.112217 }, "geometry": { "type": "Point", "coordinates": [ 965675.715715505415574, 1932921.475239530671388 ] } },
{ "type": "Feature", "properties": { "역사_ID": 4310, "역사명": "청계산입구", "호선": "신분당선", "위도": 37.447211, "경도": 127.055664 }, "geometry": { "type": "Point", "coordinates": [ 960697.372199433040805, 1938762.460843322565779 ] } },
{ "type": "Feature", "properties": { "역사_ID": 4309, "역사명": "양재시민의숲(매헌)", "호선": "신분당선", "위도": 37.470023, "경도": 127.03842 }, "geometry": { "type": "Point", "coordinates": [ 959184.489213906577788, 1941300.620170291047543 ] } },
{ "type": "Feature", "properties": { "역사_ID": 4308, "역사명": "양재(서초구청)", "호선": "신분당선", "위도": 37.483809, "경도": 127.034653 }, "geometry": { "type": "Point", "coordinates": [ 958858.946140261250548, 1942831.721861884463578 ] } },
{ "type": "Feature", "properties": { "역사_ID": 4307, "역사명": "강남", "호선": "신분당선", "위도": 37.496837, "경도": 127.028104 }, "geometry": { "type": "Point", "coordinates": [ 958287.194940811605193, 1944279.974919310538098 ] } },
{ "type": "Feature", "properties": { "역사_ID": 4306, "역사명": "신논현", "호선": "신분당선(연장2)", "위도": 37.504598, "경도": 127.02506 }, "geometry": { "type": "Point", "coordinates": [ 958022.466911392635666, 1945142.361977848690003 ] } },
{ "type": "Feature", "properties": { "역사_ID": 4305, "역사명": "논현", "호선": "신분당선(연장2)", "위도": 37.511093, "경도": 127.021415 }, "geometry": { "type": "Point", "coordinates": [ 957703.966760492068715, 1945864.574114172719419 ] } },
{ "type": "Feature", "properties": { "역사_ID": 4304, "역사명": "신사", "호선": "신분당선(연장2)", "위도": 37.516334, "경도": 127.020114 }, "geometry": { "type": "Point", "coordinates": [ 957591.952929013874382, 1946446.616794155212119 ] } },
{ "type": "Feature", "properties": { "역사_ID": 4217, "역사명": "영종", "호선": "공항철도1호선", "위도": 37.51202, "경도": 126.524254 }, "geometry": { "type": "Point", "coordinates": [ 913766.477651221910492, 1946307.000440527684987 ] } },
{ "type": "Feature", "properties": { "역사_ID": 4215, "역사명": "인천공항2터미널", "호선": "공항철도1호선", "위도": 37.460699, "경도": 126.441442 }, "geometry": { "type": "Point", "coordinates": [ 906383.563695551012643, 1940692.197978549869731 ] } },
{ "type": "Feature", "properties": { "역사_ID": 4213, "역사명": "인천공항1터미널", "호선": "공항철도1호선", "위도": 37.447464, "경도": 126.452508 }, "geometry": { "type": "Point", "coordinates": [ 907345.917031778371893, 1939212.877822495531291 ] } },
{ "type": "Feature", "properties": { "역사_ID": 4212, "역사명": "공항화물청사", "호선": "공항철도1호선", "위도": 37.459041, "경도": 126.477516 }, "geometry": { "type": "Point", "coordinates": [ 909571.959115014062263, 1940473.00513063184917 ] } },
{ "type": "Feature", "properties": { "역사_ID": 4211, "역사명": "운서", "호선": "공항철도1호선", "위도": 37.492904, "경도": 126.49379 }, "geometry": { "type": "Point", "coordinates": [ 911051.411482023773715, 1944214.493391063064337 ] } },
{ "type": "Feature", "properties": { "역사_ID": 4210, "역사명": "청라국제도시", "호선": "공항철도1호선", "위도": 37.556409, "경도": 126.624648 }, "geometry": { "type": "Point", "coordinates": [ 922685.033107939409092, 1951144.527040645480156 ] } },
{ "type": "Feature", "properties": { "역사_ID": 4209, "역사명": "검암", "호선": "공항철도1호선", "위도": 37.569098, "경도": 126.674007 }, "geometry": { "type": "Point", "coordinates": [ 927057.09289924101904, 1952512.873527962248772 ] } },
{ "type": "Feature", "properties": { "역사_ID": 4208, "역사명": "계양", "호선": "공항철도1호선", "위도": 37.571662, "경도": 126.7363 }, "geometry": { "type": "Point", "coordinates": [ 932560.54731708241161, 1952750.806394717656076 ] } },
{ "type": "Feature", "properties": { "역사_ID": 4207, "역사명": "김포공항", "호선": "공항철도1호선", "위도": 37.561842, "경도": 126.801904 }, "geometry": { "type": "Point", "coordinates": [ 938345.772044504527003, 1951616.251336508430541 ] } },
{ "type": "Feature", "properties": { "역사_ID": 4206, "역사명": "마곡나루", "호선": "공항철도1호선", "위도": 37.565543, "경도": 126.827378 }, "geometry": { "type": "Point", "coordinates": [ 940598.543087908765301, 1952010.455032038968056 ] } },
{ "type": "Feature", "properties": { "역사_ID": 4204, "역사명": "디지털미디어시티", "호선": "공항철도1호선", "위도": 37.576958, "경도": 126.898609 }, "geometry": { "type": "Point", "coordinates": [ 946897.355592559208162, 1953234.257167552830651 ] } },
{ "type": "Feature", "properties": { "역사_ID": 4203, "역사명": "홍대입구", "호선": "공항철도1호선", "위도": 37.557438, "경도": 126.926715 }, "geometry": { "type": "Point", "coordinates": [ 949365.917115041054785, 1951053.089086339110509 ] } },
{ "type": "Feature", "properties": { "역사_ID": 4202, "역사명": "공덕", "호선": "공항철도1호선", "위도": 37.54253, "경도": 126.952024 }, "geometry": { "type": "Point", "coordinates": [ 951591.653653286397457, 1949385.789343523792922 ] } },
{ "type": "Feature", "properties": { "역사_ID": 4201, "역사명": "서울역", "호선": "공항철도1호선", "위도": 37.553247, "경도": 126.969769 }, "geometry": { "type": "Point", "coordinates": [ 953165.969394431216642, 1950565.796443116152659 ] } },
{ "type": "Feature", "properties": { "역사_ID": 4138, "역사명": "중앙보훈병원", "호선": "9호선(연장)", "위도": 37.529191, "경도": 127.148739 }, "geometry": { "type": "Point", "coordinates": [ 968964.054163737921044, 1947822.81015947367996 ] } },
{ "type": "Feature", "properties": { "역사_ID": 4137, "역사명": "둔촌오륜", "호선": "9호선(연장)", "위도": 37.519683, "경도": 127.137989 }, "geometry": { "type": "Point", "coordinates": [ 968010.166478052502498, 1946771.559199191397056 ] } },
{ "type": "Feature", "properties": { "역사_ID": 4136, "역사명": "올림픽공원(한국체대)", "호선": "9호선(연장)", "위도": 37.516269, "경도": 127.130288 }, "geometry": { "type": "Point", "coordinates": [ 967328.16115354350768, 1946395.444358916953206 ] } },
{ "type": "Feature", "properties": { "역사_ID": 4135, "역사명": "한성백제", "호선": "9호선(연장)", "위도": 37.516404, "경도": 127.116503 }, "geometry": { "type": "Point", "coordinates": [ 966110.022573448368348, 1946415.298100979533046 ] } },
{ "type": "Feature", "properties": { "역사_ID": 4134, "역사명": "송파나루", "호선": "9호선(연장)", "위도": 37.510372, "경도": 127.112216 }, "geometry": { "type": "Point", "coordinates": [ 965728.416854913928546, 1945747.639451855793595 ] } },
{ "type": "Feature", "properties": { "역사_ID": 4133, "역사명": "석촌", "호선": "9호선(연장)", "위도": 37.505208, "경도": 127.10704 }, "geometry": { "type": "Point", "coordinates": [ 965268.577889284933917, 1945176.625181564828381 ] } },
{ "type": "Feature", "properties": { "역사_ID": 4132, "역사명": "석촌고분", "호선": "9호선(연장)", "위도": 37.502558, "경도": 127.097033 }, "geometry": { "type": "Point", "coordinates": [ 964382.855392268509604, 1944886.365384234581143 ] } },
{ "type": "Feature", "properties": { "역사_ID": 4131, "역사명": "삼전", "호선": "9호선(연장)", "위도": 37.504738, "경도": 127.088025 }, "geometry": { "type": "Point", "coordinates": [ 963587.718264039023779, 1945131.669385322602466 ] } },
{ "type": "Feature", "properties": { "역사_ID": 4130, "역사명": "종합운동장", "호선": "9호선(연장)", "위도": 37.511426, "경도": 127.076275 }, "geometry": { "type": "Point", "coordinates": [ 962552.534445487777703, 1945878.271318185143173 ] } },
{ "type": "Feature", "properties": { "역사_ID": 4129, "역사명": "봉은사", "호선": "9호선(연장)", "위도": 37.514219, "경도": 127.060245 }, "geometry": { "type": "Point", "coordinates": [ 961137.295237171463668, 1946194.637602151371539 ] } },
{ "type": "Feature", "properties": { "역사_ID": 4128, "역사명": "삼성중앙", "호선": "9호선(연장)", "위도": 37.513011, "경도": 127.053282 }, "geometry": { "type": "Point", "coordinates": [ 960521.310756630264223, 1946063.516396735329181 ] } },
{ "type": "Feature", "properties": { "역사_ID": 4127, "역사명": "선정릉", "호선": "9호선(연장)", "위도": 37.510297, "경도": 127.043999 }, "geometry": { "type": "Point", "coordinates": [ 959699.462204878218472, 1945766.350524009903893 ] } },
{ "type": "Feature", "properties": { "역사_ID": 4126, "역사명": "언주", "호선": "9호선(연장)", "위도": 37.507287, "경도": 127.033868 }, "geometry": { "type": "Point", "coordinates": [ 958802.443532864679582, 1945436.79710452654399 ] } },
{ "type": "Feature", "properties": { "역사_ID": 4125, "역사명": "신논현", "호선": "9호선", "위도": 37.504598, "경도": 127.02506 }, "geometry": { "type": "Point", "coordinates": [ 958022.466911392635666, 1945142.361977848690003 ] } },
{ "type": "Feature", "properties": { "역사_ID": 4124, "역사명": "사평", "호선": "9호선", "위도": 37.504206, "경도": 127.015259 }, "geometry": { "type": "Point", "coordinates": [ 957155.976965948473662, 1945103.289031978929415 ] } },
{ "type": "Feature", "properties": { "역사_ID": 4123, "역사명": "고속터미널", "호선": "9호선", "위도": 37.50598, "경도": 127.004403 }, "geometry": { "type": "Point", "coordinates": [ 956197.495475660078228, 1945305.101136113749817 ] } },
{ "type": "Feature", "properties": { "역사_ID": 4122, "역사명": "신반포", "호선": "9호선", "위도": 37.503415, "경도": 126.995925 }, "geometry": { "type": "Point", "coordinates": [ 955446.652452526730485, 1945024.510207247454673 ] } },
{ "type": "Feature", "properties": { "역사_ID": 4121, "역사명": "구반포", "호선": "9호선", "위도": 37.501364, "경도": 126.987332 }, "geometry": { "type": "Point", "coordinates": [ 954685.903772722929716, 1944801.067209046101198 ] } },
{ "type": "Feature", "properties": { "역사_ID": 4120, "역사명": "동작(현충원)", "호선": "9호선", "위도": 37.502878, "경도": 126.978153 }, "geometry": { "type": "Point", "coordinates": [ 953875.50878522079438, 1944973.49540231260471 ] } },
{ "type": "Feature", "properties": { "역사_ID": 4119, "역사명": "흑석(중앙대입구)", "호선": "9호선", "위도": 37.50877, "경도": 126.963708 }, "geometry": { "type": "Point", "coordinates": [ 952602.474257208639756, 1945634.355309346690774 ] } },
{ "type": "Feature", "properties": { "역사_ID": 4118, "역사명": "노들", "호선": "9호선", "위도": 37.512887, "경도": 126.953222 }, "geometry": { "type": "Point", "coordinates": [ 951678.367787273949943, 1946096.446009819628671 ] } },
{ "type": "Feature", "properties": { "역사_ID": 4117, "역사명": "노량진", "호선": "9호선", "위도": 37.513534, "경도": 126.941005 }, "geometry": { "type": "Point", "coordinates": [ 950599.105209775036201, 1946174.571490318980068 ] } },
{ "type": "Feature", "properties": { "역사_ID": 4116, "역사명": "샛강", "호선": "9호선", "위도": 37.517274, "경도": 126.928422 }, "geometry": { "type": "Point", "coordinates": [ 949489.600382663891651, 1946596.18466379493475 ] } },
{ "type": "Feature", "properties": { "역사_ID": 4115, "역사명": "여의도", "호선": "9호선", "위도": 37.52176, "경도": 126.92403 }, "geometry": { "type": "Point", "coordinates": [ 949104.522717836662196, 1947096.248692122055218 ] } },
{ "type": "Feature", "properties": { "역사_ID": 4114, "역사명": "국회의사당", "호선": "9호선", "위도": 37.528105, "경도": 126.917874 }, "geometry": { "type": "Point", "coordinates": [ 948564.900646404828876, 1947803.540705807041377 ] } },
{ "type": "Feature", "properties": { "역사_ID": 4113, "역사명": "당산", "호선": "9호선", "위도": 37.533406, "경도": 126.902809 }, "geometry": { "type": "Point", "coordinates": [ 947237.519473603693768, 1948400.004183065146208 ] } },
{ "type": "Feature", "properties": { "역사_ID": 4112, "역사명": "선유도", "호선": "9호선", "위도": 37.53802, "경도": 126.893525 }, "geometry": { "type": "Point", "coordinates": [ 946420.561314760008827, 1948917.15335421054624 ] } },
{ "type": "Feature", "properties": { "역사_ID": 4111, "역사명": "신목동", "호선": "9호선", "위도": 37.544277, "경도": 126.88308 }, "geometry": { "type": "Point", "coordinates": [ 945502.336223085061647, 1949617.339541255962104 ] } },
{ "type": "Feature", "properties": { "역사_ID": 4110, "역사명": "염창", "호선": "9호선", "위도": 37.546936, "경도": 126.874916 }, "geometry": { "type": "Point", "coordinates": [ 944783.09631556365639, 1949917.106394757516682 ] } },
{ "type": "Feature", "properties": { "역사_ID": 4109, "역사명": "등촌", "호선": "9호선", "위도": 37.550632, "경도": 126.865689 }, "geometry": { "type": "Point", "coordinates": [ 943970.785809652647004, 1950332.619612930575386 ] } },
{ "type": "Feature", "properties": { "역사_ID": 4108, "역사명": "증미", "호선": "9호선", "위도": 37.557402, "경도": 126.861939 }, "geometry": { "type": "Point", "coordinates": [ 943644.64009287499357, 1951085.961962668923661 ] } },
{ "type": "Feature", "properties": { "역사_ID": 4107, "역사명": "가양", "호선": "9호선", "위도": 37.561391, "경도": 126.854456 }, "geometry": { "type": "Point", "coordinates": [ 942986.75275032420177, 1951533.036899391096085 ] } },
{ "type": "Feature", "properties": { "역사_ID": 4106, "역사명": "양천향교", "호선": "9호선", "위도": 37.568381, "경도": 126.841333 }, "geometry": { "type": "Point", "coordinates": [ 941833.176128517836332, 1952316.58962637395598 ] } },
{ "type": "Feature", "properties": { "역사_ID": 4105, "역사명": "마곡나루", "호선": "9호선", "위도": 37.566778, "경도": 126.82731 }, "geometry": { "type": "Point", "coordinates": [ 940593.518535722163506, 1952147.516167376888916 ] } },
{ "type": "Feature", "properties": { "역사_ID": 4104, "역사명": "신방화", "호선": "9호선", "위도": 37.567532, "경도": 126.816601 }, "geometry": { "type": "Point", "coordinates": [ 939648.384035849943757, 1952237.993353164754808 ] } },
{ "type": "Feature", "properties": { "역사_ID": 4103, "역사명": "공항시장", "호선": "9호선", "위도": 37.563726, "경도": 126.810678 }, "geometry": { "type": "Point", "coordinates": [ 939122.214369770488702, 1951819.553579869214445 ] } },
{ "type": "Feature", "properties": { "역사_ID": 4102, "역사명": "김포공항", "호선": "9호선", "위도": 37.561916, "경도": 126.802152 }, "geometry": { "type": "Point", "coordinates": [ 938367.736075442517176, 1951624.298669240204617 ] } },
{ "type": "Feature", "properties": { "역사_ID": 4101, "역사명": "개화", "호선": "9호선", "위도": 37.578608, "경도": 126.798153 }, "geometry": { "type": "Point", "coordinates": [ 938028.381963888183236, 1953478.841389420209453 ] } },
{ "type": "Feature", "properties": { "역사_ID": 3763, "역사명": "석남(거북시장)", "호선": "7호선", "위도": 37.5062285, "경도": 126.6762813 }, "geometry": { "type": "Point", "coordinates": [ 927196.836042837821878, 1945535.969870711676776 ] } },
{ "type": "Feature", "properties": { "역사_ID": 3762, "역사명": "산곡", "호선": "7호선", "위도": 37.5086, "경도": 126.7035277 }, "geometry": { "type": "Point", "coordinates": [ 929607.237236024811864, 1945778.34540744125843 ] } },
{ "type": "Feature", "properties": { "역사_ID": 3761, "역사명": "부평구청", "호선": "7호선(인천)", "위도": 37.50848, "경도": 126.72077 }, "geometry": { "type": "Point", "coordinates": [ 931131.037974085542373, 1945752.272239461075515 ] } },
{ "type": "Feature", "properties": { "역사_ID": 3760, "역사명": "굴포천", "호선": "7호선(인천)", "위도": 37.50681, "경도": 126.73234 }, "geometry": { "type": "Point", "coordinates": [ 932152.108256121748127, 1945558.587966702878475 ] } },
{ "type": "Feature", "properties": { "역사_ID": 3759, "역사명": "삼산체육관", "호선": "7호선(인천)", "위도": 37.50724, "경도": 126.74179 }, "geometry": { "type": "Point", "coordinates": [ 932987.72233653452713, 1945599.522542095277458 ] } },
{ "type": "Feature", "properties": { "역사_ID": 3758, "역사명": "상동", "호선": "7호선(인천)", "위도": 37.505814, "경도": 126.753163 }, "geometry": { "type": "Point", "coordinates": [ 933991.652579749934375, 1945433.275914951227605 ] } },
{ "type": "Feature", "properties": { "역사_ID": 3757, "역사명": "부천시청", "호선": "7호선(인천)", "위도": 37.50444, "경도": 126.76364 }, "geometry": { "type": "Point", "coordinates": [ 934916.470997398369946, 1945273.539510932983831 ] } },
{ "type": "Feature", "properties": { "역사_ID": 3756, "역사명": "신중동", "호선": "7호선(인천)", "위도": 37.50282, "경도": 126.77566 }, "geometry": { "type": "Point", "coordinates": [ 935977.495925291674212, 1945085.563112988369539 ] } },
{ "type": "Feature", "properties": { "역사_ID": 3755, "역사명": "춘의", "호선": "7호선(인천)", "위도": 37.50365, "경도": 126.78828 }, "geometry": { "type": "Point", "coordinates": [ 937093.656025159405544, 1945169.136556055396795 ] } },
{ "type": "Feature", "properties": { "역사_ID": 3754, "역사명": "부천종합운동장", "호선": "7호선(인천)", "위도": 37.50502, "경도": 126.79661 }, "geometry": { "type": "Point", "coordinates": [ 937831.06026394595392, 1945315.595297754043713 ] } },
{ "type": "Feature", "properties": { "역사_ID": 3753, "역사명": "까치울", "호선": "7호선(인천)", "위도": 37.50613, "경도": 126.81093 }, "geometry": { "type": "Point", "coordinates": [ 939097.647565360064618, 1945429.379798213485628 ] } },
{ "type": "Feature", "properties": { "역사_ID": 3227, "역사명": "운연(서창)", "호선": "인천2호선", "위도": 37.440127, "경도": 126.75997 }, "geometry": { "type": "Point", "coordinates": [ 934536.021806663484313, 1938140.907356581883505 ] } },
{ "type": "Feature", "properties": { "역사_ID": 3226, "역사명": "인천대공원", "호선": "인천2호선", "위도": 37.448769, "경도": 126.752618 }, "geometry": { "type": "Point", "coordinates": [ 933893.249363574432209, 1939104.818545012269169 ] } },
{ "type": "Feature", "properties": { "역사_ID": 3225, "역사명": "남동구청", "호선": "인천2호선", "위도": 37.448161, "경도": 126.736939 }, "geometry": { "type": "Point", "coordinates": [ 932505.857134637073614, 1939048.480366050731391 ] } },
{ "type": "Feature", "properties": { "역사_ID": 3224, "역사명": "만수", "호선": "인천2호선", "위도": 37.454911, "경도": 126.732094 }, "geometry": { "type": "Point", "coordinates": [ 932083.404914757469669, 1939800.836355685954913 ] } },
{ "type": "Feature", "properties": { "역사_ID": 3223, "역사명": "모래내시장", "호선": "인천2호선", "위도": 37.45583, "경도": 126.719298 }, "geometry": { "type": "Point", "coordinates": [ 930952.503531723632477, 1939912.09613855695352 ] } },
{ "type": "Feature", "properties": { "역사_ID": 3222, "역사명": "석천사거리", "호선": "인천2호선", "위도": 37.456805, "경도": 126.709986 }, "geometry": { "type": "Point", "coordinates": [ 930129.817352230777033, 1940027.132988623576239 ] } },
{ "type": "Feature", "properties": { "역사_ID": 3221, "역사명": "인천시청", "호선": "인천2호선", "위도": 37.456833, "경도": 126.701306 }, "geometry": { "type": "Point", "coordinates": [ 929362.156715440796688, 1940036.712710064137354 ] } },
{ "type": "Feature", "properties": { "역사_ID": 3220, "역사명": "석바위시장", "호선": "인천2호선", "위도": 37.457611, "경도": 126.692575 }, "geometry": { "type": "Point", "coordinates": [ 928590.698804253363051, 1940129.610390866873786 ] } },
{ "type": "Feature", "properties": { "역사_ID": 3219, "역사명": "시민공원(문화창작지대)", "호선": "인천2호선", "위도": 37.458335, "경도": 126.681192 }, "geometry": { "type": "Point", "coordinates": [ 927584.657631057780236, 1940218.624144446104765 ] } },
{ "type": "Feature", "properties": { "역사_ID": 3218, "역사명": "주안", "호선": "인천2호선", "위도": 37.464992, "경도": 126.679098 }, "geometry": { "type": "Point", "coordinates": [ 927405.897583615616895, 1940958.796229885658249 ] } },
{ "type": "Feature", "properties": { "역사_ID": 3217, "역사명": "주안국가산단", "호선": "인천2호선", "위도": 37.473703, "경도": 126.68113 }, "geometry": { "type": "Point", "coordinates": [ 927593.998016013414599, 1941923.674225412542 ] } },
{ "type": "Feature", "properties": { "역사_ID": 3216, "역사명": "가재울", "호선": "인천2호선", "위도": 37.484192, "경도": 126.683673 }, "geometry": { "type": "Point", "coordinates": [ 927828.947892771568149, 1943085.42609683657065 ] } },
{ "type": "Feature", "properties": { "역사_ID": 3215, "역사명": "인천가좌", "호선": "인천2호선", "위도": 37.4897, "경도": 126.675208 }, "geometry": { "type": "Point", "coordinates": [ 927085.902042838511989, 1943703.036315379198641 ] } },
{ "type": "Feature", "properties": { "역사_ID": 3214, "역사명": "서부여성회관", "호선": "인천2호선", "위도": 37.500168, "경도": 126.675795 }, "geometry": { "type": "Point", "coordinates": [ 927147.965374146704562, 1944863.959806269034743 ] } },
{ "type": "Feature", "properties": { "역사_ID": 3213, "역사명": "석남(거북시장)", "호선": "인천2호선", "위도": 37.506193, "경도": 126.676203 }, "geometry": { "type": "Point", "coordinates": [ 927189.881007469724864, 1945532.091880243038759 ] } },
{ "type": "Feature", "properties": { "역사_ID": 3212, "역사명": "가정중앙시장", "호선": "인천2호선", "위도": 37.517054, "경도": 126.676672 }, "geometry": { "type": "Point", "coordinates": [ 927241.878078861744143, 1946736.711970723466948 ] } },
{ "type": "Feature", "properties": { "역사_ID": 3211, "역사명": "가정(루원시티)", "호선": "인천2호선", "위도": 37.524649, "경도": 126.675539 }, "geometry": { "type": "Point", "coordinates": [ 927149.137541358824819, 1947580.223946214420721 ] } },
{ "type": "Feature", "properties": { "역사_ID": 3210, "역사명": "서구청", "호선": "인천2호선", "위도": 37.543742, "경도": 126.676787 }, "geometry": { "type": "Point", "coordinates": [ 927277.958535591955297, 1949697.555126405553892 ] } },
{ "type": "Feature", "properties": { "역사_ID": 3209, "역사명": "아시아드경기장(공촌사거리)", "호선": "인천2호선", "위도": 37.5517, "경도": 126.677122 }, "geometry": { "type": "Point", "coordinates": [ 927315.280927584739402, 1950580.208412237465382 ] } },
{ "type": "Feature", "properties": { "역사_ID": 3208, "역사명": "검바위", "호선": "인천2호선", "위도": 37.561405, "경도": 126.677566 }, "geometry": { "type": "Point", "coordinates": [ 927363.921671294257976, 1951656.602650349959731 ] } },
{ "type": "Feature", "properties": { "역사_ID": 3207, "역사명": "검암", "호선": "인천2호선", "위도": 37.56866, "경도": 126.675687 }, "geometry": { "type": "Point", "coordinates": [ 927205.028966131736524, 1952462.975928564788774 ] } },
{ "type": "Feature", "properties": { "역사_ID": 3206, "역사명": "독정", "호선": "인천2호선", "위도": 37.585212, "경도": 126.675844 }, "geometry": { "type": "Point", "coordinates": [ 927235.003632823703811, 1954299.250078954733908 ] } },
{ "type": "Feature", "properties": { "역사_ID": 3205, "역사명": "완정", "호선": "인천2호선", "위도": 37.592928, "경도": 126.673203 }, "geometry": { "type": "Point", "coordinates": [ 927009.360726876882836, 1955157.368706409819424 ] } },
{ "type": "Feature", "properties": { "역사_ID": 3204, "역사명": "마전", "호선": "인천2호선", "위도": 37.597566, "경도": 126.666998 }, "geometry": { "type": "Point", "coordinates": [ 926466.130342622287571, 1955676.783819423057139 ] } },
{ "type": "Feature", "properties": { "역사_ID": 3203, "역사명": "검단사거리", "호선": "인천2호선", "위도": 37.60185, "경도": 126.657108 }, "geometry": { "type": "Point", "coordinates": [ 925597.333659080555663, 1956159.874180626124144 ] } },
{ "type": "Feature", "properties": { "역사_ID": 3202, "역사명": "왕길", "호선": "인천2호선", "위도": 37.59518, "경도": 126.642696 }, "geometry": { "type": "Point", "coordinates": [ 924318.395772986579686, 1955431.371050748042762 ] } },
{ "type": "Feature", "properties": { "역사_ID": 3201, "역사명": "검단오류(검단산업단지)", "호선": "인천2호선", "위도": 37.594877, "경도": 126.627178 }, "geometry": { "type": "Point", "coordinates": [ 922948.148754953872412, 1955410.373432283289731 ] } },
{ "type": "Feature", "properties": { "역사_ID": 3139, "역사명": "송도달빛축제공원", "호선": "인천1호선", "위도": 37.407143, "경도": 126.62597 }, "geometry": { "type": "Point", "coordinates": [ 922648.064245650079101, 1934583.022238314384595 ] } },
{ "type": "Feature", "properties": { "역사_ID": 3138, "역사명": "국제업무지구", "호선": "인천1호선", "위도": 37.399907, "경도": 126.630347 }, "geometry": { "type": "Point", "coordinates": [ 923028.035981248132885, 1933776.648916105739772 ] } },
{ "type": "Feature", "properties": { "역사_ID": 3137, "역사명": "센트럴파크", "호선": "인천1호선", "위도": 37.393054, "경도": 126.634729 }, "geometry": { "type": "Point", "coordinates": [ 923408.915663981577381, 1933012.782514641992748 ] } },
{ "type": "Feature", "properties": { "역사_ID": 3136, "역사명": "인천대입구", "호선": "인천1호선", "위도": 37.386007, "경도": 126.639484 }, "geometry": { "type": "Point", "coordinates": [ 923822.691138972411864, 1932227.111153413075954 ] } },
{ "type": "Feature", "properties": { "역사_ID": 3135, "역사명": "지식정보단지", "호선": "인천1호선", "위도": 37.378384, "경도": 126.645168 }, "geometry": { "type": "Point", "coordinates": [ 924318.21677625621669, 1931376.81347418599762 ] } },
{ "type": "Feature", "properties": { "역사_ID": 3134, "역사명": "테크노파크", "호선": "인천1호선", "위도": 37.382268, "경도": 126.656365 }, "geometry": { "type": "Point", "coordinates": [ 925313.404450970701873, 1931798.797621806850657 ] } },
{ "type": "Feature", "properties": { "역사_ID": 3133, "역사명": "캠퍼스타운", "호선": "인천1호선", "위도": 37.387855, "경도": 126.661673 }, "geometry": { "type": "Point", "coordinates": [ 925788.835000929422677, 1932414.451709868852049 ] } },
{ "type": "Feature", "properties": { "역사_ID": 3132, "역사명": "동막", "호선": "인천1호선", "위도": 37.397878, "경도": 126.674005 }, "geometry": { "type": "Point", "coordinates": [ 926890.2558342597913, 1933516.811925468966365 ] } },
{ "type": "Feature", "properties": { "역사_ID": 3131, "역사명": "동춘", "호선": "인천1호선", "위도": 37.404737, "경도": 126.681015 }, "geometry": { "type": "Point", "coordinates": [ 927517.337239954504184, 1934272.365339122712612 ] } },
{ "type": "Feature", "properties": { "역사_ID": 3130, "역사명": "원인재", "호선": "인천1호선", "위도": 37.412333, "경도": 126.687869 }, "geometry": { "type": "Point", "coordinates": [ 928131.204978870344348, 1935109.849595674313605 ] } },
{ "type": "Feature", "properties": { "역사_ID": 3129, "역사명": "신연수", "호선": "인천1호선", "위도": 37.41804, "경도": 126.693863 }, "geometry": { "type": "Point", "coordinates": [ 928667.060810121824034, 1935738.455305198207498 ] } },
{ "type": "Feature", "properties": { "역사_ID": 3128, "역사명": "선학", "호선": "인천1호선", "위도": 37.426684, "경도": 126.698863 }, "geometry": { "type": "Point", "coordinates": [ 929117.654395916033536, 1936693.684588240692392 ] } },
{ "type": "Feature", "properties": { "역사_ID": 3127, "역사명": "문학경기장", "호선": "인천1호선", "위도": 37.434935, "경도": 126.698579 }, "geometry": { "type": "Point", "coordinates": [ 929100.309328543953598, 1937609.298787724692374 ] } },
{ "type": "Feature", "properties": { "역사_ID": 3126, "역사명": "인천터미널", "호선": "인천1호선", "위도": 37.442383, "경도": 126.699706 }, "geometry": { "type": "Point", "coordinates": [ 929207.030707645812072, 1938434.765039345715195 ] } },
{ "type": "Feature", "properties": { "역사_ID": 3125, "역사명": "예술회관", "호선": "인천1호선", "위도": 37.449396, "경도": 126.701012 }, "geometry": { "type": "Point", "coordinates": [ 929329.157068082946353, 1939211.838238296331838 ] } },
{ "type": "Feature", "properties": { "역사_ID": 3124, "역사명": "인천시청", "호선": "인천1호선", "위도": 37.457263, "경도": 126.702143 }, "geometry": { "type": "Point", "coordinates": [ 929436.587708016391844, 1940083.791623934172094 ] } },
{ "type": "Feature", "properties": { "역사_ID": 3123, "역사명": "간석오거리", "호선": "인천1호선", "위도": 37.467048, "경도": 126.707938 }, "geometry": { "type": "Point", "coordinates": [ 929958.241559617221355, 1941165.060615542344749 ] } },
{ "type": "Feature", "properties": { "역사_ID": 3122, "역사명": "부평삼거리", "호선": "인천1호선", "위도": 37.477679, "경도": 126.710208 }, "geometry": { "type": "Point", "coordinates": [ 930168.871940289624035, 1942342.829959466354921 ] } },
{ "type": "Feature", "properties": { "역사_ID": 3121, "역사명": "동수", "호선": "인천1호선", "위도": 37.485312, "경도": 126.718247 }, "geometry": { "type": "Point", "coordinates": [ 930886.700124484719709, 1943183.741520095616579 ] } },
{ "type": "Feature", "properties": { "역사_ID": 3120, "역사명": "부평", "호선": "인천1호선", "위도": 37.490535, "경도": 126.723453 }, "geometry": { "type": "Point", "coordinates": [ 931351.740115416701883, 1943759.398515369743109 ] } },
{ "type": "Feature", "properties": { "역사_ID": 3119, "역사명": "부평시장", "호선": "인천1호선", "위도": 37.498383, "경도": 126.722244 }, "geometry": { "type": "Point", "coordinates": [ 931252.055070331552997, 1944630.978924894239753 ] } },
{ "type": "Feature", "properties": { "역사_ID": 3118, "역사명": "부평구청", "호선": "인천1호선", "위도": 37.508407, "경도": 126.720555 }, "geometry": { "type": "Point", "coordinates": [ 931111.968709176639095, 1945744.330604566726834 ] } },
{ "type": "Feature", "properties": { "역사_ID": 3117, "역사명": "갈산", "호선": "인천1호선", "위도": 37.517268, "경도": 126.721514 }, "geometry": { "type": "Point", "coordinates": [ 931204.861659414600581, 1946726.717506234999746 ] } },
{ "type": "Feature", "properties": { "역사_ID": 3116, "역사명": "작전", "호선": "인천1호선", "위도": 37.530415, "경도": 126.722527 }, "geometry": { "type": "Point", "coordinates": [ 931306.438505798461847, 1948184.581013045273721 ] } },
{ "type": "Feature", "properties": { "역사_ID": 3115, "역사명": "경인교대입구", "호선": "인천1호선", "위도": 37.538157, "경도": 126.722597 }, "geometry": { "type": "Point", "coordinates": [ 931319.72414039762225, 1949043.4733977150172 ] } },
{ "type": "Feature", "properties": { "역사_ID": 3114, "역사명": "계산", "호선": "인천1호선", "위도": 37.543238, "경도": 126.728128 }, "geometry": { "type": "Point", "coordinates": [ 931813.000011153169908, 1949603.164632568135858 ] } },
{ "type": "Feature", "properties": { "역사_ID": 3113, "역사명": "임학", "호선": "인천1호선", "위도": 37.545059, "경도": 126.738665 }, "geometry": { "type": "Point", "coordinates": [ 932745.48657887079753, 1949797.607571869855747 ] } },
{ "type": "Feature", "properties": { "역사_ID": 3112, "역사명": "박촌", "호선": "인천1호선", "위도": 37.553703, "경도": 126.745077 }, "geometry": { "type": "Point", "coordinates": [ 933319.617226999602281, 1950752.057879425119609 ] } },
{ "type": "Feature", "properties": { "역사_ID": 3111, "역사명": "귤현", "호선": "인천1호선", "위도": 37.566379, "경도": 126.742654 }, "geometry": { "type": "Point", "coordinates": [ 933116.929373692721128, 1952160.134622460231185 ] } },
{ "type": "Feature", "properties": { "역사_ID": 3110, "역사명": "계양", "호선": "인천1호선", "위도": 37.571449, "경도": 126.73578 }, "geometry": { "type": "Point", "coordinates": [ 932514.435176158556715, 1952727.548141721868888 ] } },
{ "type": "Feature", "properties": { "역사_ID": 3109, "역사명": "아라(북부법원?검찰청)", "호선": "인천1호선", "위도": 37.592259, "경도": 126.713301 }, "geometry": { "type": "Point", "coordinates": [ 930548.697844020440243, 1955052.735835047438741 ] } },
{ "type": "Feature", "properties": { "역사_ID": 3108, "역사명": "신검단중앙", "호선": "인천1호선", "위도": 37.602676, "경도": 126.698527 }, "geometry": { "type": "Point", "coordinates": [ 929254.263122039963491, 1956219.501912145409733 ] } },
{ "type": "Feature", "properties": { "역사_ID": 3107, "역사명": "검단호수공원", "호선": "인천1호선", "위도": 37.60244, "경도": 126.688566 }, "geometry": { "type": "Point", "coordinates": [ 928374.767840306274593, 1956200.870400585932657 ] } },
{ "type": "Feature", "properties": { "역사_ID": 2828, "역사명": "남위례", "호선": "8호선", "위도": 37.4624, "경도": 127.13977 }, "geometry": { "type": "Point", "coordinates": [ 968143.229586185887456, 1940415.804486985784024 ] } },
{ "type": "Feature", "properties": { "역사_ID": 2827, "역사명": "모란", "호선": "8호선", "위도": 37.433824, "경도": 127.129837 }, "geometry": { "type": "Point", "coordinates": [ 967252.352235295111313, 1937248.923610058845952 ] } },
{ "type": "Feature", "properties": { "역사_ID": 2826, "역사명": "수진", "호선": "8호선", "위도": 37.437428, "경도": 127.140722 }, "geometry": { "type": "Point", "coordinates": [ 968216.855848916224204, 1937645.032508947653696 ] } },
{ "type": "Feature", "properties": { "역사_ID": 2825, "역사명": "신흥", "호선": "8호선", "위도": 37.440918, "경도": 127.147564 }, "geometry": { "type": "Point", "coordinates": [ 968823.575968315592036, 1938029.934993595583364 ] } },
{ "type": "Feature", "properties": { "역사_ID": 2824, "역사명": "단대오거리", "호선": "8호선", "위도": 37.44521, "경도": 127.156866 }, "geometry": { "type": "Point", "coordinates": [ 969648.165562596987002, 1938503.061913816491142 ] } },
{ "type": "Feature", "properties": { "역사_ID": 2823, "역사명": "남한산성입구(성남법원.검찰청)", "호선": "8호선", "위도": 37.451535, "경도": 127.159816 }, "geometry": { "type": "Point", "coordinates": [ 969911.64122684893664, 1939203.825158649822697 ] } },
{ "type": "Feature", "properties": { "역사_ID": 2822, "역사명": "산성", "호선": "8호선", "위도": 37.457122, "경도": 127.149908 }, "geometry": { "type": "Point", "coordinates": [ 969037.60570343839936, 1939826.870016142493114 ] } },
{ "type": "Feature", "properties": { "역사_ID": 2821, "역사명": "복정", "호선": "8호선", "위도": 37.471052, "경도": 127.126732 }, "geometry": { "type": "Point", "coordinates": [ 966994.019958777585998, 1941380.1692846249789 ] } },
{ "type": "Feature", "properties": { "역사_ID": 2820, "역사명": "장지", "호선": "8호선", "위도": 37.478703, "경도": 127.126191 }, "geometry": { "type": "Point", "coordinates": [ 966949.551583610358648, 1942229.182295017875731 ] } },
{ "type": "Feature", "properties": { "역사_ID": 2819, "역사명": "문정", "호선": "8호선", "위도": 37.485855, "경도": 127.1225 }, "geometry": { "type": "Point", "coordinates": [ 966626.390610558562912, 1943023.948111323174089 ] } },
{ "type": "Feature", "properties": { "역사_ID": 2818, "역사명": "가락시장", "호선": "8호선", "위도": 37.492888, "경도": 127.118398 }, "geometry": { "type": "Point", "coordinates": [ 966266.906900967238471, 1943805.672827444970608 ] } },
{ "type": "Feature", "properties": { "역사_ID": 2817, "역사명": "송파", "호선": "8호선", "위도": 37.499703, "경도": 127.112183 }, "geometry": { "type": "Point", "coordinates": [ 965720.622467665933073, 1944563.996327789733186 ] } },
{ "type": "Feature", "properties": { "역사_ID": 2816, "역사명": "석촌", "호선": "8호선", "위도": 37.505557, "경도": 127.106832 }, "geometry": { "type": "Point", "coordinates": [ 965250.355684747453779, 1945215.421223763376474 ] } },
{ "type": "Feature", "properties": { "역사_ID": 2815, "역사명": "잠실(송파구청)", "호선": "8호선", "위도": 37.514692, "경도": 127.104338 }, "geometry": { "type": "Point", "coordinates": [ 965034.187350496067666, 1946229.814178068889305 ] } },
{ "type": "Feature", "properties": { "역사_ID": 2814, "역사명": "몽촌토성(평화의문)", "호선": "8호선", "위도": 37.517409, "경도": 127.112359 }, "geometry": { "type": "Point", "coordinates": [ 965744.271493453532457, 1946528.297252770978957 ] } },
{ "type": "Feature", "properties": { "역사_ID": 2813, "역사명": "강동구청", "호선": "8호선", "위도": 37.530341, "경도": 127.120508 }, "geometry": { "type": "Point", "coordinates": [ 966470.187280345708132, 1947960.085535222897306 ] } },
{ "type": "Feature", "properties": { "역사_ID": 2812, "역사명": "천호(풍납토성)", "호선": "8호선", "위도": 37.538113, "경도": 127.123254 }, "geometry": { "type": "Point", "coordinates": [ 966716.263804688234814, 1948821.366194766480476 ] } },
{ "type": "Feature", "properties": { "역사_ID": 2811, "역사명": "암사", "호선": "8호선", "위도": 37.55021, "경도": 127.127562 }, "geometry": { "type": "Point", "coordinates": [ 967102.172947622952051, 1950161.940672021592036 ] } },
{ "type": "Feature", "properties": { "역사_ID": 2810, "역사명": "암사역사공원", "호선": "8호선", "위도": 37.55695, "경도": 127.13702 }, "geometry": { "type": "Point", "coordinates": [ 967940.498037679237314, 1950906.437059622490779 ] } },
{ "type": "Feature", "properties": { "역사_ID": 2809, "역사명": "장자호수공원", "호선": "별내선", "위도": 37.58738, "경도": 127.13794 }, "geometry": { "type": "Point", "coordinates": [ 968034.764135920675471, 1954282.167082242434844 ] } },
{ "type": "Feature", "properties": { "역사_ID": 2808, "역사명": "구리", "호선": "별내선", "위도": 37.60262, "경도": 127.1407 }, "geometry": { "type": "Point", "coordinates": [ 968284.90612439753022, 1955972.033134076744318 ] } },
{ "type": "Feature", "properties": { "역사_ID": 2807, "역사명": "동구릉", "호선": "별내선", "위도": 37.61105, "경도": 127.13793 }, "geometry": { "type": "Point", "coordinates": [ 968044.006552246515639, 1956908.240590990521014 ] } },
{ "type": "Feature", "properties": { "역사_ID": 2806, "역사명": "다산", "호선": "별내선", "위도": 37.62429, "경도": 127.14973 }, "geometry": { "type": "Point", "coordinates": [ 969090.949402103549801, 1958373.206419830908999 ] } },
{ "type": "Feature", "properties": { "역사_ID": 2805, "역사명": "별내", "호선": "별내선", "위도": 37.64232, "경도": 127.1276 }, "geometry": { "type": "Point", "coordinates": [ 967146.052793349255808, 1960381.076889371499419 ] } },
{ "type": "Feature", "properties": { "역사_ID": 2761, "역사명": "부평구청", "호선": "7호선", "위도": 37.507394, "경도": 126.721599 }, "geometry": { "type": "Point", "coordinates": [ 931203.310107158962637, 1945631.179022036259994 ] } },
{ "type": "Feature", "properties": { "역사_ID": 2760, "역사명": "굴포천", "호선": "7호선", "위도": 37.506997, "경도": 126.73128 }, "geometry": { "type": "Point", "coordinates": [ 932058.590575314476155, 1945580.09958605770953 ] } },
{ "type": "Feature", "properties": { "역사_ID": 2759, "역사명": "삼산체육관", "호선": "7호선", "위도": 37.506411, "경도": 126.742153 }, "geometry": { "type": "Point", "coordinates": [ 933019.064834377146326, 1945507.290428597247228 ] } },
{ "type": "Feature", "properties": { "역사_ID": 2758, "역사명": "상동", "호선": "7호선", "위도": 37.505781, "경도": 126.753083 }, "geometry": { "type": "Point", "coordinates": [ 933984.552704794565216, 1945429.670843870844692 ] } },
{ "type": "Feature", "properties": { "역사_ID": 2757, "역사명": "부천시청", "호선": "7호선", "위도": 37.504631, "경도": 126.763538 }, "geometry": { "type": "Point", "coordinates": [ 934907.621387622551993, 1945294.800579757895321 ] } },
{ "type": "Feature", "properties": { "역사_ID": 2756, "역사명": "신중동", "호선": "7호선", "위도": 37.503048, "경도": 126.77596 }, "geometry": { "type": "Point", "coordinates": [ 936004.20712134684436, 1945110.654521547723562 ] } },
{ "type": "Feature", "properties": { "역사_ID": 2755, "역사명": "춘의", "호선": "7호선", "위도": 37.503663, "경도": 126.787036 }, "geometry": { "type": "Point", "coordinates": [ 936983.712831848417409, 1945171.411146745318547 ] } },
{ "type": "Feature", "properties": { "역사_ID": 2754, "역사명": "부천종합운동장", "호선": "7호선", "위도": 37.50538, "경도": 126.797337 }, "geometry": { "type": "Point", "coordinates": [ 937895.615041830693372, 1945355.055420351680368 ] } },
{ "type": "Feature", "properties": { "역사_ID": 2753, "역사명": "까치울", "호선": "7호선", "위도": 37.506207, "경도": 126.810939 }, "geometry": { "type": "Point", "coordinates": [ 939098.50558102526702, 1945437.916727124014869 ] } },
{ "type": "Feature", "properties": { "역사_ID": 2752, "역사명": "온수(성공회대입구)", "호선": "7호선", "위도": 37.492092, "경도": 126.823023 }, "geometry": { "type": "Point", "coordinates": [ 940155.278512635151856, 1943864.180766783189029 ] } },
{ "type": "Feature", "properties": { "역사_ID": 2751, "역사명": "천왕", "호선": "7호선", "위도": 37.486637, "경도": 126.838713 }, "geometry": { "type": "Point", "coordinates": [ 941538.038402728969231, 1943249.119621560676023 ] } },
{ "type": "Feature", "properties": { "역사_ID": 2750, "역사명": "광명사거리", "호선": "7호선", "위도": 37.479252, "경도": 126.854876 }, "geometry": { "type": "Point", "coordinates": [ 942961.352043845574372, 1942419.882457291940227 ] } },
{ "type": "Feature", "properties": { "역사_ID": 2749, "역사명": "철산", "호선": "7호선", "위도": 37.47605, "경도": 126.867911 }, "geometry": { "type": "Point", "coordinates": [ 944111.469493999145925, 1942056.823290650267154 ] } },
{ "type": "Feature", "properties": { "역사_ID": 2748, "역사명": "가산디지털단지", "호선": "7호선", "위도": 37.480338, "경도": 126.882656 }, "geometry": { "type": "Point", "coordinates": [ 945418.336586979567073, 1942523.901502205058932 ] } },
{ "type": "Feature", "properties": { "역사_ID": 2747, "역사명": "남구로", "호선": "7호선", "위도": 37.486056, "경도": 126.887249 }, "geometry": { "type": "Point", "coordinates": [ 945828.553397048497573, 1943155.626600024988875 ] } },
{ "type": "Feature", "properties": { "역사_ID": 2746, "역사명": "대림(구로구청)", "호선": "7호선", "위도": 37.493013, "경도": 126.897075 }, "geometry": { "type": "Point", "coordinates": [ 946702.191957714152522, 1943921.855727275134996 ] } },
{ "type": "Feature", "properties": { "역사_ID": 2745, "역사명": "신풍", "호선": "7호선", "위도": 37.50008, "경도": 126.90993 }, "geometry": { "type": "Point", "coordinates": [ 947843.483626001980156, 1944698.696640374837443 ] } },
{ "type": "Feature", "properties": { "역사_ID": 2744, "역사명": "보라매", "호선": "7호선", "위도": 37.499872, "경도": 126.920428 }, "geometry": { "type": "Point", "coordinates": [ 948771.272164873080328, 1944669.854204771108925 ] } },
{ "type": "Feature", "properties": { "역사_ID": 2743, "역사명": "신대방삼거리", "호선": "7호선", "위도": 37.499701, "경도": 126.928276 }, "geometry": { "type": "Point", "coordinates": [ 949464.852558678830974, 1944646.639855679823086 ] } },
{ "type": "Feature", "properties": { "역사_ID": 2742, "역사명": "장승배기", "호선": "7호선", "위도": 37.504898, "경도": 126.93915 }, "geometry": { "type": "Point", "coordinates": [ 950429.458422919968143, 1945217.432954238960519 ] } },
{ "type": "Feature", "properties": { "역사_ID": 2741, "역사명": "상도", "호선": "7호선", "위도": 37.502834, "경도": 126.94791 }, "geometry": { "type": "Point", "coordinates": [ 951202.371050977963023, 1944983.86602077097632 ] } },
{ "type": "Feature", "properties": { "역사_ID": 2740, "역사명": "숭실대입구(살피재)", "호선": "7호선", "위도": 37.496029, "경도": 126.953822 }, "geometry": { "type": "Point", "coordinates": [ 951720.538440466159955, 1944225.843350586947054 ] } },
{ "type": "Feature", "properties": { "역사_ID": 2739, "역사명": "남성", "호선": "7호선", "위도": 37.484596, "경도": 126.971251 }, "geometry": { "type": "Point", "coordinates": [ 953254.063865172443911, 1942948.626737023703754 ] } },
{ "type": "Feature", "properties": { "역사_ID": 2738, "역사명": "이수", "호선": "7호선", "위도": 37.485196, "경도": 126.981605 }, "geometry": { "type": "Point", "coordinates": [ 954169.819197372649796, 1943010.102294504176825 ] } },
{ "type": "Feature", "properties": { "역사_ID": 2737, "역사명": "내방", "호선": "7호선", "위도": 37.487618, "경도": 126.993513 }, "geometry": { "type": "Point", "coordinates": [ 955224.03258467791602, 1943273.077348618069664 ] } },
{ "type": "Feature", "properties": { "역사_ID": 2736, "역사명": "고속터미널", "호선": "7호선", "위도": 37.503367, "경도": 127.005068 }, "geometry": { "type": "Point", "coordinates": [ 956254.746112732565962, 1945014.8956233789213 ] } },
{ "type": "Feature", "properties": { "역사_ID": 2735, "역사명": "반포", "호선": "7호선", "위도": 37.508178, "경도": 127.011727 }, "geometry": { "type": "Point", "coordinates": [ 956846.084295993437991, 1945545.571723266271874 ] } },
{ "type": "Feature", "properties": { "역사_ID": 2734, "역사명": "논현", "호선": "7호선", "위도": 37.511093, "경도": 127.021415 }, "geometry": { "type": "Point", "coordinates": [ 957703.966760492068715, 1945864.574114172719419 ] } },
{ "type": "Feature", "properties": { "역사_ID": 2733, "역사명": "학동", "호선": "7호선", "위도": 37.514229, "경도": 127.031656 }, "geometry": { "type": "Point", "coordinates": [ 958610.775472396751866, 1946207.939770605647936 ] } },
{ "type": "Feature", "properties": { "역사_ID": 2732, "역사명": "강남구청", "호선": "7호선", "위도": 37.517179, "경도": 127.041255 }, "geometry": { "type": "Point", "coordinates": [ 959460.673839359777048, 1946531.044746755156666 ] } },
{ "type": "Feature", "properties": { "역사_ID": 2731, "역사명": "청담", "호선": "7호선", "위도": 37.519365, "경도": 127.05335 }, "geometry": { "type": "Point", "coordinates": [ 960530.666941054398194, 1946768.424939214717597 ] } },
{ "type": "Feature", "properties": { "역사_ID": 2730, "역사명": "뚝섬유원지", "호선": "7호선", "위도": 37.53154, "경도": 127.066704 }, "geometry": { "type": "Point", "coordinates": [ 961716.954333999077789, 1948113.648557275300846 ] } },
{ "type": "Feature", "properties": { "역사_ID": 2729, "역사명": "건대입구", "호선": "7호선", "위도": 37.540786, "경도": 127.071011 }, "geometry": { "type": "Point", "coordinates": [ 962102.172446990618482, 1949137.693532827310264 ] } },
{ "type": "Feature", "properties": { "역사_ID": 2728, "역사명": "어린이대공원(세종대)", "호선": "7호선", "위도": 37.548014, "경도": 127.074658 }, "geometry": { "type": "Point", "coordinates": [ 962427.985664248233661, 1949938.135086320806295 ] } },
{ "type": "Feature", "properties": { "역사_ID": 2727, "역사명": "군자(능동)", "호선": "7호선", "위도": 37.556897, "경도": 127.079338 }, "geometry": { "type": "Point", "coordinates": [ 962845.799219491542317, 1950921.794205524725839 ] } },
{ "type": "Feature", "properties": { "역사_ID": 2726, "역사명": "중곡", "호선": "7호선", "위도": 37.565923, "경도": 127.08432 }, "geometry": { "type": "Point", "coordinates": [ 963290.256189235020429, 1951921.222148602129892 ] } },
{ "type": "Feature", "properties": { "역사_ID": 2725, "역사명": "용마산", "호선": "7호선", "위도": 37.573647, "경도": 127.086727 }, "geometry": { "type": "Point", "coordinates": [ 963506.594186402508058, 1952777.221518243895844 ] } },
{ "type": "Feature", "properties": { "역사_ID": 2724, "역사명": "사가정", "호선": "7호선", "위도": 37.580894, "경도": 127.088478 }, "geometry": { "type": "Point", "coordinates": [ 963664.735810349113308, 1953580.56011884403415 ] } },
{ "type": "Feature", "properties": { "역사_ID": 2723, "역사명": "면목", "호선": "7호선", "위도": 37.588579, "경도": 127.087503 }, "geometry": { "type": "Point", "coordinates": [ 963582.392005936941132, 1954433.5498559596017 ] } },
{ "type": "Feature", "properties": { "역사_ID": 2722, "역사명": "상봉(시외버스터미널)", "호선": "7호선", "위도": 37.595577, "경도": 127.085716 }, "geometry": { "type": "Point", "coordinates": [ 963428.049341366975568, 1955210.638202858623117 ] } },
{ "type": "Feature", "properties": { "역사_ID": 2721, "역사명": "중화", "호선": "7호선", "위도": 37.602545, "경도": 127.079264 }, "geometry": { "type": "Point", "coordinates": [ 962861.944032576866448, 1955986.237055521691218 ] } },
{ "type": "Feature", "properties": { "역사_ID": 2720, "역사명": "먹골", "호선": "7호선", "위도": 37.610637, "경도": 127.077725 }, "geometry": { "type": "Point", "coordinates": [ 962730.134798193234019, 1956884.617262719199061 ] } },
{ "type": "Feature", "properties": { "역사_ID": 2719, "역사명": "태릉입구", "호선": "7호선", "위도": 37.618294, "경도": 127.075397 }, "geometry": { "type": "Point", "coordinates": [ 962528.507736594649032, 1957735.054339652182534 ] } },
{ "type": "Feature", "properties": { "역사_ID": 2718, "역사명": "공릉(서울과학기술대)", "호선": "7호선", "위도": 37.625742, "경도": 127.072896 }, "geometry": { "type": "Point", "coordinates": [ 962311.552073890925385, 1958562.379530752077699 ] } },
{ "type": "Feature", "properties": { "역사_ID": 2717, "역사명": "하계", "호선": "7호선", "위도": 37.636352, "경도": 127.06799 }, "geometry": { "type": "Point", "coordinates": [ 961884.054769861046225, 1959741.497270783875138 ] } },
{ "type": "Feature", "properties": { "역사_ID": 2716, "역사명": "중계", "호선": "7호선", "위도": 37.644583, "경도": 127.064303 }, "geometry": { "type": "Point", "coordinates": [ 961562.992671747575514, 1960656.198925375239924 ] } },
{ "type": "Feature", "properties": { "역사_ID": 2715, "역사명": "노원", "호선": "7호선", "위도": 37.654836, "경도": 127.060462 }, "geometry": { "type": "Point", "coordinates": [ 961229.470060994848609, 1961795.312088110949844 ] } },
{ "type": "Feature", "properties": { "역사_ID": 2714, "역사명": "마들", "호선": "7호선", "위도": 37.66494, "경도": 127.057675 }, "geometry": { "type": "Point", "coordinates": [ 960988.922200847649947, 1962917.471312516601756 ] } },
{ "type": "Feature", "properties": { "역사_ID": 2713, "역사명": "수락산", "호선": "7호선", "위도": 37.67785, "경도": 127.055315 }, "geometry": { "type": "Point", "coordinates": [ 960787.573561852797866, 1964350.778046543942764 ] } },
{ "type": "Feature", "properties": { "역사_ID": 2712, "역사명": "도봉산", "호선": "7호선", "위도": 37.689241, "경도": 127.046509 }, "geometry": { "type": "Point", "coordinates": [ 960017.169201383600011, 1965618.295402037212625 ] } },
{ "type": "Feature", "properties": { "역사_ID": 2711, "역사명": "장암", "호선": "7호선", "위도": 37.700109, "경도": 127.053196 }, "geometry": { "type": "Point", "coordinates": [ 960612.49290974647738, 1966821.237273204140365 ] } },
{ "type": "Feature", "properties": { "역사_ID": 2649, "역사명": "신내", "호선": "6호선", "위도": 37.613174, "경도": 127.102231 }, "geometry": { "type": "Point", "coordinates": [ 964894.228862292249687, 1957156.639435666846111 ] } },
{ "type": "Feature", "properties": { "역사_ID": 2648, "역사명": "봉화산(서울의료원)", "호선": "6호선", "위도": 37.617283, "경도": 127.091401 }, "geometry": { "type": "Point", "coordinates": [ 963940.38922142481897, 1957616.619802608853206 ] } },
{ "type": "Feature", "properties": { "역사_ID": 2647, "역사명": "화랑대(서울여대입구)", "호선": "6호선", "위도": 37.620064, "경도": 127.084689 }, "geometry": { "type": "Point", "coordinates": [ 963349.405436856672168, 1957927.759247941896319 ] } },
{ "type": "Feature", "properties": { "역사_ID": 2646, "역사명": "태릉입구", "호선": "6호선", "위도": 37.617338, "경도": 127.074735 }, "geometry": { "type": "Point", "coordinates": [ 962469.604996613808908, 1957629.25478305388242 ] } },
{ "type": "Feature", "properties": { "역사_ID": 2645, "역사명": "석계", "호선": "6호선", "위도": 37.614872, "경도": 127.065595 }, "geometry": { "type": "Point", "coordinates": [ 961661.71362905704882, 1957359.356520387576893 ] } },
{ "type": "Feature", "properties": { "역사_ID": 2644, "역사명": "돌곶이", "호선": "6호선", "위도": 37.610537, "경도": 127.056431 }, "geometry": { "type": "Point", "coordinates": [ 960850.670862650265917, 1956882.189431070582941 ] } },
{ "type": "Feature", "properties": { "역사_ID": 2643, "역사명": "상월곡(한국과학기술연구원)", "호선": "6호선", "위도": 37.606377, "경도": 127.048491 }, "geometry": { "type": "Point", "coordinates": [ 960147.664435324841179, 1956423.996566142654046 ] } },
{ "type": "Feature", "properties": { "역사_ID": 2642, "역사명": "월곡(동덕여대)", "호선": "6호선", "위도": 37.601948, "경도": 127.041518 }, "geometry": { "type": "Point", "coordinates": [ 959529.791492945398204, 1955935.60148415225558 ] } },
{ "type": "Feature", "properties": { "역사_ID": 2641, "역사명": "고려대(종암)", "호선": "6호선", "위도": 37.590508, "경도": 127.036296 }, "geometry": { "type": "Point", "coordinates": [ 959062.575952387880534, 1954668.649689389392734 ] } },
{ "type": "Feature", "properties": { "역사_ID": 2640, "역사명": "안암(고대병원앞)", "호선": "6호선", "위도": 37.586272, "경도": 127.029005 }, "geometry": { "type": "Point", "coordinates": [ 958416.540441145654768, 1954201.888360597658902 ] } },
{ "type": "Feature", "properties": { "역사_ID": 2639, "역사명": "보문", "호선": "6호선", "위도": 37.585274, "경도": 127.019351 }, "geometry": { "type": "Point", "coordinates": [ 957563.631222979165614, 1954095.482601995812729 ] } },
{ "type": "Feature", "properties": { "역사_ID": 2638, "역사명": "창신", "호선": "6호선", "위도": 37.579661, "경도": 127.015241 }, "geometry": { "type": "Point", "coordinates": [ 957197.544720458914526, 1953474.611779337981716 ] } },
{ "type": "Feature", "properties": { "역사_ID": 2637, "역사명": "동묘앞", "호선": "6호선", "위도": 37.572279, "경도": 127.015653 }, "geometry": { "type": "Point", "coordinates": [ 957229.700997608830221, 1952655.427426624344662 ] } },
{ "type": "Feature", "properties": { "역사_ID": 2636, "역사명": "신당", "호선": "6호선", "위도": 37.566154, "경도": 127.016146 }, "geometry": { "type": "Point", "coordinates": [ 957269.736653385101818, 1951975.665186578407884 ] } },
{ "type": "Feature", "properties": { "역사_ID": 2635, "역사명": "청구", "호선": "6호선", "위도": 37.560608, "경도": 127.013986 }, "geometry": { "type": "Point", "coordinates": [ 957075.798914064886048, 1951361.349280050722882 ] } },
{ "type": "Feature", "properties": { "역사_ID": 2634, "역사명": "약수", "호선": "6호선", "위도": 37.554263, "경도": 127.010358 }, "geometry": { "type": "Point", "coordinates": [ 956751.709015003521927, 1950659.067801381461322 ] } },
{ "type": "Feature", "properties": { "역사_ID": 2633, "역사명": "버티고개", "호선": "6호선", "위도": 37.548013, "경도": 127.007055 }, "geometry": { "type": "Point", "coordinates": [ 956456.329207409522496, 1949967.188406196655706 ] } },
{ "type": "Feature", "properties": { "역사_ID": 2632, "역사명": "한강진", "호선": "6호선", "위도": 37.539631, "경도": 127.001725 }, "geometry": { "type": "Point", "coordinates": [ 955980.579127555247396, 1949039.733145575039089 ] } },
{ "type": "Feature", "properties": { "역사_ID": 2631, "역사명": "이태원", "호선": "6호선", "위도": 37.534488, "경도": 126.994302 }, "geometry": { "type": "Point", "coordinates": [ 955321.731563280103728, 1948472.646640268387273 ] } },
{ "type": "Feature", "properties": { "역사_ID": 2630, "역사명": "녹사평(용산구청)", "호선": "6호선", "위도": 37.534675, "경도": 126.986695 }, "geometry": { "type": "Point", "coordinates": [ 954649.763962005265057, 1948497.034444032702595 ] } },
{ "type": "Feature", "properties": { "역사_ID": 2629, "역사명": "삼각지", "호선": "6호선", "위도": 37.535534, "경도": 126.974032 }, "geometry": { "type": "Point", "coordinates": [ 953531.519279749016277, 1948598.517690596636385 ] } },
{ "type": "Feature", "properties": { "역사_ID": 2628, "역사명": "효창공원앞", "호선": "6호선", "위도": 37.539233, "경도": 126.961384 }, "geometry": { "type": "Point", "coordinates": [ 952416.429647132754326, 1949015.226868595229462 ] } },
{ "type": "Feature", "properties": { "역사_ID": 2627, "역사명": "공덕", "호선": "6호선", "위도": 37.543555, "경도": 126.951678 }, "geometry": { "type": "Point", "coordinates": [ 951561.750854674959555, 1949499.685930934268981 ] } },
{ "type": "Feature", "properties": { "역사_ID": 2626, "역사명": "대흥(서강대앞)", "호선": "6호선", "위도": 37.547771, "경도": 126.942069 }, "geometry": { "type": "Point", "coordinates": [ 950715.66965832724236, 1949972.423250925494358 ] } },
{ "type": "Feature", "properties": { "역사_ID": 2625, "역사명": "광흥창(서강)", "호선": "6호선", "위도": 37.547456, "경도": 126.931993 }, "geometry": { "type": "Point", "coordinates": [ 949825.396655796910636, 1949942.805437045404688 ] } },
{ "type": "Feature", "properties": { "역사_ID": 2624, "역사명": "상수", "호선": "6호선", "위도": 37.547716, "경도": 126.922852 }, "geometry": { "type": "Point", "coordinates": [ 949018.101210704888217, 1949976.568921639816836 ] } },
{ "type": "Feature", "properties": { "역사_ID": 2623, "역사명": "합정", "호선": "6호선", "위도": 37.549209, "경도": 126.913366 }, "geometry": { "type": "Point", "coordinates": [ 948181.189176634536125, 1950147.396327993832529 ] } },
{ "type": "Feature", "properties": { "역사_ID": 2622, "역사명": "망원", "호선": "6호선", "위도": 37.556094, "경도": 126.910052 }, "geometry": { "type": "Point", "coordinates": [ 947893.246663470519707, 1950913.085628733970225 ] } },
{ "type": "Feature", "properties": { "역사_ID": 2621, "역사명": "마포구청", "호선": "6호선", "위도": 37.563515, "경도": 126.903343 }, "geometry": { "type": "Point", "coordinates": [ 947305.899990285630338, 1951740.151262760860845 ] } },
{ "type": "Feature", "properties": { "역사_ID": 2620, "역사명": "월드컵경기장(성산)", "호선": "6호선", "위도": 37.569532, "경도": 126.899298 }, "geometry": { "type": "Point", "coordinates": [ 946952.927372766193002, 1952409.985921608051285 ] } },
{ "type": "Feature", "properties": { "역사_ID": 2619, "역사명": "디지털미디어시티", "호선": "6호선", "위도": 37.576108, "경도": 126.901391 }, "geometry": { "type": "Point", "coordinates": [ 947142.406822324846871, 1953138.384550638962537 ] } },
{ "type": "Feature", "properties": { "역사_ID": 2618, "역사명": "증산(명지대앞)", "호선": "6호선", "위도": 37.583876, "경도": 126.909645 }, "geometry": { "type": "Point", "coordinates": [ 947876.663307044305839, 1953995.598821015097201 ] } },
{ "type": "Feature", "properties": { "역사_ID": 2617, "역사명": "새절(신사)", "호선": "6호선", "위도": 37.591148, "경도": 126.913629 }, "geometry": { "type": "Point", "coordinates": [ 948233.456515545258299, 1954800.193417635979131 ] } },
{ "type": "Feature", "properties": { "역사_ID": 2616, "역사명": "구산", "호선": "6호선", "위도": 37.611377, "경도": 126.91727 }, "geometry": { "type": "Point", "coordinates": [ 948568.825587848783471, 1957042.520052422769368 ] } },
{ "type": "Feature", "properties": { "역사_ID": 2615, "역사명": "연신내", "호선": "6호선", "위도": 37.618636, "경도": 126.920625 }, "geometry": { "type": "Point", "coordinates": [ 948869.907938667573035, 1957846.046251063467935 ] } },
{ "type": "Feature", "properties": { "역사_ID": 2614, "역사명": "독바위", "호선": "6호선", "위도": 37.618456, "경도": 126.933031 }, "geometry": { "type": "Point", "coordinates": [ 949964.631427333457395, 1957819.390239001018927 ] } },
{ "type": "Feature", "properties": { "역사_ID": 2613, "역사명": "불광", "호선": "6호선", "위도": 37.610873, "경도": 126.92939 }, "geometry": { "type": "Point", "coordinates": [ 949638.194157665828243, 1956980.032212455989793 ] } },
{ "type": "Feature", "properties": { "역사_ID": 2612, "역사명": "역촌", "호선": "6호선", "위도": 37.606021, "경도": 126.922744 }, "geometry": { "type": "Point", "coordinates": [ 949048.305961137986742, 1956445.307633819291368 ] } },
{ "type": "Feature", "properties": { "역사_ID": 2611, "역사명": "응암", "호선": "6호선", "위도": 37.598605, "경도": 126.915577 }, "geometry": { "type": "Point", "coordinates": [ 948410.581653880886734, 1955626.445229093544185 ] } },
{ "type": "Feature", "properties": { "역사_ID": 2566, "역사명": "하남검단산", "호선": "5호선", "위도": 37.53972, "경도": 127.22345 }, "geometry": { "type": "Point", "coordinates": [ 975568.654354058904573, 1948968.904484661994502 ] } },
{ "type": "Feature", "properties": { "역사_ID": 2565, "역사명": "하남시청(덕풍-신장)", "호선": "5호선", "위도": 37.54205, "경도": 127.20612 }, "geometry": { "type": "Point", "coordinates": [ 974038.469103558920324, 1949232.047236426500604 ] } },
{ "type": "Feature", "properties": { "역사_ID": 2564, "역사명": "하남풍산", "호선": "5호선", "위도": 37.552034, "경도": 127.203864 }, "geometry": { "type": "Point", "coordinates": [ 973842.661213293671608, 1950340.336547762388363 ] } },
{ "type": "Feature", "properties": { "역사_ID": 2563, "역사명": "미사", "호선": "5호선", "위도": 37.560927, "경도": 127.193877 }, "geometry": { "type": "Point", "coordinates": [ 972963.732476641540416, 1951329.78832768718712 ] } },
{ "type": "Feature", "properties": { "역사_ID": 2562, "역사명": "강일", "호선": "5호선", "위도": 37.55749, "경도": 127.17593 }, "geometry": { "type": "Point", "coordinates": [ 971377.364685410750099, 1950953.787002488039434 ] } },
{ "type": "Feature", "properties": { "역사_ID": 2561, "역사명": "마천", "호선": "5호선", "위도": 37.49499, "경도": 127.152781 }, "geometry": { "type": "Point", "coordinates": [ 969307.187348322826438, 1944027.108790929894894 ] } },
{ "type": "Feature", "properties": { "역사_ID": 2560, "역사명": "거여", "호선": "5호선", "위도": 37.493105, "경도": 127.14415 }, "geometry": { "type": "Point", "coordinates": [ 968543.447307067108341, 1943820.830406280234456 ] } },
{ "type": "Feature", "properties": { "역사_ID": 2559, "역사명": "개롱", "호선": "5호선", "위도": 37.498079, "경도": 127.13482 }, "geometry": { "type": "Point", "coordinates": [ 967720.828738622018136, 1944375.820359156932682 ] } },
{ "type": "Feature", "properties": { "역사_ID": 2558, "역사명": "오금", "호선": "5호선", "위도": 37.502057, "경도": 127.127938 }, "geometry": { "type": "Point", "coordinates": [ 967114.25403962819837, 1944819.535074076615274 ] } },
{ "type": "Feature", "properties": { "역사_ID": 2557, "역사명": "방이", "호선": "5호선", "위도": 37.508857, "경도": 127.126133 }, "geometry": { "type": "Point", "coordinates": [ 966957.710623340331949, 1945574.582185759209096 ] } },
{ "type": "Feature", "properties": { "역사_ID": 2556, "역사명": "올림픽공원(한국체대)", "호선": "5호선", "위도": 37.516201, "경도": 127.130923 }, "geometry": { "type": "Point", "coordinates": [ 967384.247380033135414, 1946387.67987101781182 ] } },
{ "type": "Feature", "properties": { "역사_ID": 2555, "역사명": "둔촌동", "호선": "5호선", "위도": 37.527788, "경도": 127.136248 }, "geometry": { "type": "Point", "coordinates": [ 967859.796125346096233, 1947671.35110272327438 ] } },
{ "type": "Feature", "properties": { "역사_ID": 2554, "역사명": "상일동", "호선": "5호선", "위도": 37.556712, "경도": 127.166417 }, "geometry": { "type": "Point", "coordinates": [ 970536.845083888387308, 1950870.411771981976926 ] } },
{ "type": "Feature", "properties": { "역사_ID": 2553, "역사명": "고덕", "호선": "5호선", "위도": 37.555004, "경도": 127.154151 }, "geometry": { "type": "Point", "coordinates": [ 969452.770797141944058, 1950684.834525821730494 ] } },
{ "type": "Feature", "properties": { "역사_ID": 2552, "역사명": "명일", "호선": "5호선", "위도": 37.55137, "경도": 127.143999 }, "geometry": { "type": "Point", "coordinates": [ 968554.562183038331568, 1950285.010841383598745 ] } },
{ "type": "Feature", "properties": { "역사_ID": 2551, "역사명": "굽은다리(강동구민회관앞)", "호선": "5호선", "위도": 37.545477, "경도": 127.142853 }, "geometry": { "type": "Point", "coordinates": [ 968450.852402267279103, 1949631.601132215699181 ] } },
{ "type": "Feature", "properties": { "역사_ID": 2550, "역사명": "길동", "호선": "5호선", "위도": 37.537801, "경도": 127.140004 }, "geometry": { "type": "Point", "coordinates": [ 968195.920152714475989, 1948780.954841196304187 ] } },
{ "type": "Feature", "properties": { "역사_ID": 2549, "역사명": "강동", "호선": "5호선", "위도": 37.535804, "경도": 127.132481 }, "geometry": { "type": "Point", "coordinates": [ 967530.427621332230046, 1948561.970762859331444 ] } },
{ "type": "Feature", "properties": { "역사_ID": 2548, "역사명": "천호(풍납토성)", "호선": "5호선", "위도": 37.53864, "경도": 127.123308 }, "geometry": { "type": "Point", "coordinates": [ 966721.268681148882024, 1948879.814564804080874 ] } },
{ "type": "Feature", "properties": { "역사_ID": 2547, "역사명": "광나루(장신대)", "호선": "5호선", "위도": 37.545303, "경도": 127.10357 }, "geometry": { "type": "Point", "coordinates": [ 964980.631117216660641, 1949626.203551011625677 ] } },
{ "type": "Feature", "properties": { "역사_ID": 2546, "역사명": "아차산(어린이대공원후문)", "호선": "5호선", "위도": 37.551691, "경도": 127.089761 }, "geometry": { "type": "Point", "coordinates": [ 963763.875081499340013, 1950340.148695457261056 ] } },
{ "type": "Feature", "properties": { "역사_ID": 2545, "역사명": "군자(능동)", "호선": "5호선", "위도": 37.557088, "경도": 127.079577 }, "geometry": { "type": "Point", "coordinates": [ 962867.003335958230309, 1950942.890158356400207 ] } },
{ "type": "Feature", "properties": { "역사_ID": 2544, "역사명": "장한평", "호선": "5호선", "위도": 37.56144, "경도": 127.064623 }, "geometry": { "type": "Point", "coordinates": [ 961548.452109756297432, 1951431.733734970912337 ] } },
{ "type": "Feature", "properties": { "역사_ID": 2543, "역사명": "답십리", "호선": "5호선", "위도": 37.566747, "경도": 127.052704 }, "geometry": { "type": "Point", "coordinates": [ 960498.588842137716711, 1952025.460497450083494 ] } },
{ "type": "Feature", "properties": { "역사_ID": 2542, "역사명": "마장", "호선": "5호선", "위도": 37.5661, "경도": 127.042973 }, "geometry": { "type": "Point", "coordinates": [ 959638.875205052783713, 1951957.814089009771124 ] } },
{ "type": "Feature", "properties": { "역사_ID": 2541, "역사명": "왕십리(성동구청)", "호선": "5호선", "위도": 37.56184, "경도": 127.037059 }, "geometry": { "type": "Point", "coordinates": [ 959114.264955434133299, 1951487.74573185457848 ] } },
{ "type": "Feature", "properties": { "역사_ID": 2540, "역사명": "행당", "호선": "5호선", "위도": 37.557322, "경도": 127.029476 }, "geometry": { "type": "Point", "coordinates": [ 958442.041083241230808, 1950989.823266657302156 ] } },
{ "type": "Feature", "properties": { "역사_ID": 2539, "역사명": "신금호", "호선": "5호선", "위도": 37.554548, "경도": 127.020331 }, "geometry": { "type": "Point", "coordinates": [ 957632.754457097267732, 1950686.145293162204325 ] } },
{ "type": "Feature", "properties": { "역사_ID": 2538, "역사명": "청구", "호선": "5호선", "위도": 37.560276, "경도": 127.013639 }, "geometry": { "type": "Point", "coordinates": [ 957044.961474281386472, 1951324.674134749919176 ] } },
{ "type": "Feature", "properties": { "역사_ID": 2537, "역사명": "동대문역사문화공원", "호선": "5호선", "위도": 37.564665, "경도": 127.005353 }, "geometry": { "type": "Point", "coordinates": [ 956315.706326751620509, 1951815.430488465586677 ] } },
{ "type": "Feature", "properties": { "역사_ID": 2536, "역사명": "을지로4가", "호선": "5호선", "위도": 37.567352, "경도": 126.998032 }, "geometry": { "type": "Point", "coordinates": [ 955670.747054329724051, 1952116.967937150271609 ] } },
{ "type": "Feature", "properties": { "역사_ID": 2535, "역사명": "종로3가", "호선": "5호선", "위도": 37.57254, "경도": 126.990305 }, "geometry": { "type": "Point", "coordinates": [ 954991.486074595013633, 1952696.22421375871636 ] } },
{ "type": "Feature", "properties": { "역사_ID": 2534, "역사명": "광화문(세종문화회관)", "호선": "5호선", "위도": 37.571525, "경도": 126.97717 }, "geometry": { "type": "Point", "coordinates": [ 953830.967733034747653, 1952589.987783497897908 ] } },
{ "type": "Feature", "properties": { "역사_ID": 2533, "역사명": "서대문", "호선": "5호선", "위도": 37.565773, "경도": 126.966641 }, "geometry": { "type": "Point", "coordinates": [ 952897.56473610305693, 1951957.056688241660595 ] } },
{ "type": "Feature", "properties": { "역사_ID": 2532, "역사명": "충정로(경기대입구)", "호선": "5호선", "위도": 37.560236, "경도": 126.9629 }, "geometry": { "type": "Point", "coordinates": [ 952563.673266595811583, 1951344.635369080118835 ] } },
{ "type": "Feature", "properties": { "역사_ID": 2531, "역사명": "애오개", "호선": "5호선", "위도": 37.553736, "경도": 126.95682 }, "geometry": { "type": "Point", "coordinates": [ 952022.520028116530739, 1950626.578846043907106 ] } },
{ "type": "Feature", "properties": { "역사_ID": 2530, "역사명": "공덕", "호선": "5호선", "위도": 37.544431, "경도": 126.951372 }, "geometry": { "type": "Point", "coordinates": [ 951535.285989987314679, 1949597.031258643371984 ] } },
{ "type": "Feature", "properties": { "역사_ID": 2529, "역사명": "마포", "호선": "5호선", "위도": 37.539574, "경도": 126.945932 }, "geometry": { "type": "Point", "coordinates": [ 951051.547914524795488, 1949060.99052732414566 ] } },
{ "type": "Feature", "properties": { "역사_ID": 2528, "역사명": "여의나루", "호선": "5호선", "위도": 37.527098, "경도": 126.932901 }, "geometry": { "type": "Point", "coordinates": [ 949891.984090567100793, 1947683.707844854099676 ] } },
{ "type": "Feature", "properties": { "역사_ID": 2527, "역사명": "여의도", "호선": "5호선", "위도": 37.521747, "경도": 126.924357 }, "geometry": { "type": "Point", "coordinates": [ 949133.409437093534507, 1947094.629540467401966 ] } },
{ "type": "Feature", "properties": { "역사_ID": 2526, "역사명": "신길", "호선": "5호선", "위도": 37.517623, "경도": 126.914839 }, "geometry": { "type": "Point", "coordinates": [ 948289.499515963252634, 1946642.283673300640658 ] } },
{ "type": "Feature", "properties": { "역사_ID": 2525, "역사명": "영등포시장", "호선": "5호선", "위도": 37.522669, "경도": 126.905139 }, "geometry": { "type": "Point", "coordinates": [ 947435.845521008362994, 1947207.485952706774697 ] } },
{ "type": "Feature", "properties": { "역사_ID": 2524, "역사명": "영등포구청", "호선": "5호선", "위도": 37.5242, "경도": 126.89503 }, "geometry": { "type": "Point", "coordinates": [ 946543.660107306437567, 1947383.039212389616296 ] } },
{ "type": "Feature", "properties": { "역사_ID": 2523, "역사명": "양평", "호선": "5호선", "위도": 37.525569, "경도": 126.886129 }, "geometry": { "type": "Point", "coordinates": [ 945758.13367112481501, 1947540.018321936484426 ] } },
{ "type": "Feature", "properties": { "역사_ID": 2522, "역사명": "오목교(목동운동장앞)", "호선": "5호선", "위도": 37.524496, "경도": 126.875181 }, "geometry": { "type": "Point", "coordinates": [ 944789.96370714053046, 1947427.344281280646101 ] } },
{ "type": "Feature", "properties": { "역사_ID": 2521, "역사명": "목동", "호선": "5호선", "위도": 37.526065, "경도": 126.864931 }, "geometry": { "type": "Point", "coordinates": [ 943885.422515299287625, 1947607.482482224004343 ] } },
{ "type": "Feature", "properties": { "역사_ID": 2520, "역사명": "신정(은행정)", "호선": "5호선", "위도": 37.524997, "경도": 126.856191 }, "geometry": { "type": "Point", "coordinates": [ 943112.338327359058894, 1947494.243408323498443 ] } },
{ "type": "Feature", "properties": { "역사_ID": 2519, "역사명": "까치산", "호선": "5호선", "위도": 37.531768, "경도": 126.846683 }, "geometry": { "type": "Point", "coordinates": [ 942277.409764712676406, 1948251.245293641928583 ] } },
{ "type": "Feature", "properties": { "역사_ID": 2518, "역사명": "화곡", "호선": "5호선", "위도": 37.541513, "경도": 126.840461 }, "geometry": { "type": "Point", "coordinates": [ 941735.253329140483402, 1949336.243785938480869 ] } },
{ "type": "Feature", "properties": { "역사_ID": 2517, "역사명": "우장산", "호선": "5호선", "위도": 37.548768, "경도": 126.836318 }, "geometry": { "type": "Point", "coordinates": [ 941374.931673164479434, 1950143.728237604955211 ] } },
{ "type": "Feature", "properties": { "역사_ID": 2516, "역사명": "발산", "호선": "5호선", "위도": 37.558598, "경도": 126.837668 }, "geometry": { "type": "Point", "coordinates": [ 941501.867152869119309, 1951233.4822470638901 ] } },
{ "type": "Feature", "properties": { "역사_ID": 2515, "역사명": "마곡", "호선": "5호선", "위도": 37.560183, "경도": 126.825448 }, "geometry": { "type": "Point", "coordinates": [ 940423.828101458610035, 1951417.007163027767092 ] } },
{ "type": "Feature", "properties": { "역사_ID": 2514, "역사명": "송정", "호선": "5호선", "위도": 37.561184, "경도": 126.811973 }, "geometry": { "type": "Point", "coordinates": [ 939234.519623788190074, 1951536.691012068185955 ] } },
{ "type": "Feature", "properties": { "역사_ID": 2513, "역사명": "김포공항", "호선": "5호선", "위도": 37.562384, "경도": 126.801292 }, "geometry": { "type": "Point", "coordinates": [ 938292.167981724371202, 1951676.785709494026378 ] } },
{ "type": "Feature", "properties": { "역사_ID": 2512, "역사명": "개화산", "호선": "5호선", "위도": 37.572399, "경도": 126.806171 }, "geometry": { "type": "Point", "coordinates": [ 938731.276373953558505, 1952784.717680303379893 ] } },
{ "type": "Feature", "properties": { "역사_ID": 2511, "역사명": "방화", "호선": "5호선", "위도": 37.577446, "경도": 126.812741 }, "geometry": { "type": "Point", "coordinates": [ 939315.544831675826572, 1953340.398831685306504 ] } },
{ "type": "Feature", "properties": { "역사_ID": 1982, "역사명": "부천종합운동장", "호선": "서해선", "위도": 37.505457, "경도": 126.797289 }, "geometry": { "type": "Point", "coordinates": [ 937891.436332611949183, 1945363.629859391832724 ] } },
{ "type": "Feature", "properties": { "역사_ID": 1981, "역사명": "원종", "호선": "서해선", "위도": 37.5239, "경도": 126.8049 }, "geometry": { "type": "Point", "coordinates": [ 938579.254722458659671, 1947404.79318737750873 ] } },
{ "type": "Feature", "properties": { "역사_ID": 1980, "역사명": "김포공항", "호선": "서해선", "위도": 37.5617, "경도": 126.8041 }, "geometry": { "type": "Point", "coordinates": [ 938539.603520272532478, 1951599.058635446010157 ] } },
{ "type": "Feature", "properties": { "역사_ID": 1958, "역사명": "대화", "호선": "일산선", "위도": 37.676087, "경도": 126.747569 }, "geometry": { "type": "Point", "coordinates": [ 933648.572791215498, 1964328.463756625307724 ] } },
{ "type": "Feature", "properties": { "역사_ID": 1957, "역사명": "주엽", "호선": "일산선", "위도": 37.670072, "경도": 126.761334 }, "geometry": { "type": "Point", "coordinates": [ 934857.167102447012439, 1963651.455578886438161 ] } },
{ "type": "Feature", "properties": { "역사_ID": 1956, "역사명": "정발산", "호선": "일산선", "위도": 37.659477, "경도": 126.773359 }, "geometry": { "type": "Point", "coordinates": [ 935908.554678952903487, 1962467.673552578547969 ] } },
{ "type": "Feature", "properties": { "역사_ID": 1955, "역사명": "마두", "호선": "일산선", "위도": 37.652206, "경도": 126.77762 }, "geometry": { "type": "Point", "coordinates": [ 936278.176154496963136, 1961658.068066361825913 ] } },
{ "type": "Feature", "properties": { "역사_ID": 1954, "역사명": "백석", "호선": "일산선", "위도": 37.643114, "경도": 126.78787 }, "geometry": { "type": "Point", "coordinates": [ 937174.691971422173083, 1960642.417603443609551 ] } },
{ "type": "Feature", "properties": { "역사_ID": 1953, "역사명": "대곡", "호선": "일산선", "위도": 37.631626, "경도": 126.811024 }, "geometry": { "type": "Point", "coordinates": [ 939208.042784363729879, 1959352.600417253561318 ] } },
{ "type": "Feature", "properties": { "역사_ID": 1952, "역사명": "화정", "호선": "일산선", "위도": 37.634592, "경도": 126.83265 }, "geometry": { "type": "Point", "coordinates": [ 941118.580883355927654, 1959667.878346336307004 ] } },
{ "type": "Feature", "properties": { "역사_ID": 1951, "역사명": "원당", "호선": "일산선", "위도": 37.653324, "경도": 126.843041 }, "geometry": { "type": "Point", "coordinates": [ 942049.961411101161502, 1961739.671592828817666 ] } },
{ "type": "Feature", "properties": { "역사_ID": 1950, "역사명": "삼송", "호선": "일산선", "위도": 37.653083, "경도": 126.895558 }, "geometry": { "type": "Point", "coordinates": [ 946682.334448728244752, 1961681.780655724462122 ] } },
{ "type": "Feature", "properties": { "역사_ID": 1949, "역사명": "지축", "호선": "일산선", "위도": 37.648017, "경도": 126.91397 }, "geometry": { "type": "Point", "coordinates": [ 948302.954989684396423, 1961109.415693525224924 ] } },
{ "type": "Feature", "properties": { "역사_ID": 1948, "역사명": "원흥", "호선": "일산선", "위도": 37.650658, "경도": 126.872642 }, "geometry": { "type": "Point", "coordinates": [ 944659.100330540561117, 1961426.008209434105083 ] } },
{ "type": "Feature", "properties": { "역사_ID": 1919, "역사명": "연천", "호선": "경원선", "위도": 38.10073, "경도": 127.07372 }, "geometry": { "type": "Point", "coordinates": [ 962624.922645917511545, 2011262.090741427615285 ] } },
{ "type": "Feature", "properties": { "역사_ID": 1918, "역사명": "전곡", "호선": "경원선", "위도": 38.02458, "경도": 127.0718 }, "geometry": { "type": "Point", "coordinates": [ 962417.650604047463275, 2002813.717107515083626 ] } },
{ "type": "Feature", "properties": { "역사_ID": 1917, "역사명": "청산", "호선": "경원선", "위도": 37.98172, "경도": 127.06912 }, "geometry": { "type": "Point", "coordinates": [ 962160.411320301122032, 1998059.361907731508836 ] } },
{ "type": "Feature", "properties": { "역사_ID": 1916, "역사명": "소요산", "호선": "경원선", "위도": 37.9481, "경도": 127.061034 }, "geometry": { "type": "Point", "coordinates": [ 961432.719589085434563, 1994332.465786271961406 ] } },
{ "type": "Feature", "properties": { "역사_ID": 1915, "역사명": "동두천", "호선": "경원선", "위도": 37.927878, "경도": 127.05479 }, "geometry": { "type": "Point", "coordinates": [ 960873.404053975595161, 1992091.402943329419941 ] } },
{ "type": "Feature", "properties": { "역사_ID": 1914, "역사명": "보산", "호선": "경원선", "위도": 37.913702, "경도": 127.057277 }, "geometry": { "type": "Point", "coordinates": [ 961084.502049286151305, 1990517.514881409006193 ] } },
{ "type": "Feature", "properties": { "역사_ID": 1913, "역사명": "동두천중앙", "호선": "경원선", "위도": 37.901885, "경도": 127.056482 }, "geometry": { "type": "Point", "coordinates": [ 961008.385282583069056, 1989206.737151171313599 ] } },
{ "type": "Feature", "properties": { "역사_ID": 1912, "역사명": "지행", "호선": "경원선", "위도": 37.892334, "경도": 127.055716 }, "geometry": { "type": "Point", "coordinates": [ 960935.995114583871327, 1988147.365049951244146 ] } },
{ "type": "Feature", "properties": { "역사_ID": 1911, "역사명": "덕정", "호선": "경원선", "위도": 37.843188, "경도": 127.061277 }, "geometry": { "type": "Point", "coordinates": [ 961399.322569277603179, 1982692.283152955817059 ] } },
{ "type": "Feature", "properties": { "역사_ID": 1910, "역사명": "덕계", "호선": "경원선", "위도": 37.818486, "경도": 127.056486 }, "geometry": { "type": "Point", "coordinates": [ 960964.77623194816988, 1979953.594442044850439 ] } },
{ "type": "Feature", "properties": { "역사_ID": 1909, "역사명": "양주", "호선": "경원선", "위도": 37.774381, "경도": 127.044708 }, "geometry": { "type": "Point", "coordinates": [ 959904.316400003852323, 1975065.169506250647828 ] } },
{ "type": "Feature", "properties": { "역사_ID": 1908, "역사명": "녹양", "호선": "경원선", "위도": 37.75938, "경도": 127.042292 }, "geometry": { "type": "Point", "coordinates": [ 959683.405068457825109, 1973401.868489506654441 ] } },
{ "type": "Feature", "properties": { "역사_ID": 1907, "역사명": "가능", "호선": "경원선", "위도": 37.748577, "경도": 127.044213 }, "geometry": { "type": "Point", "coordinates": [ 959846.776758983149193, 1972202.467808167217299 ] } },
{ "type": "Feature", "properties": { "역사_ID": 1906, "역사명": "의정부", "호선": "경원선", "위도": 37.738415, "경도": 127.045958 }, "geometry": { "type": "Point", "coordinates": [ 959995.036708173458464, 1971074.265827707247809 ] } },
{ "type": "Feature", "properties": { "역사_ID": 1905, "역사명": "회룡", "호선": "경원선", "위도": 37.724416, "경도": 127.04736 }, "geometry": { "type": "Point", "coordinates": [ 960111.056542196078226, 1969520.508193839108571 ] } },
{ "type": "Feature", "properties": { "역사_ID": 1904, "역사명": "망월사", "호선": "경원선", "위도": 37.709914, "경도": 127.047455 }, "geometry": { "type": "Point", "coordinates": [ 960111.653870355454274, 1967911.505426204530522 ] } },
{ "type": "Feature", "properties": { "역사_ID": 1903, "역사명": "도봉산", "호선": "경원선", "위도": 37.689534, "경도": 127.046049 }, "geometry": { "type": "Point", "coordinates": [ 959976.769744218559936, 1965650.999260947341099 ] } },
{ "type": "Feature", "properties": { "역사_ID": 1902, "역사명": "도봉", "호선": "경원선", "위도": 37.679563, "경도": 127.045595 }, "geometry": { "type": "Point", "coordinates": [ 959931.3784827333875, 1964544.940616002306342 ] } },
{ "type": "Feature", "properties": { "역사_ID": 1901, "역사명": "방학", "호선": "경원선", "위도": 37.667503, "경도": 127.044273 }, "geometry": { "type": "Point", "coordinates": [ 959808.301823215326294, 1963207.488041600212455 ] } },
{ "type": "Feature", "properties": { "역사_ID": 1891, "역사명": "인천", "호선": "수인선", "위도": 37.476403, "경도": 126.617326 }, "geometry": { "type": "Point", "coordinates": [ 921955.025251586106606, 1942274.198774439049885 ] } },
{ "type": "Feature", "properties": { "역사_ID": 1890, "역사명": "신포", "호선": "수인선", "위도": 37.46874, "경도": 126.623853 }, "geometry": { "type": "Point", "coordinates": [ 922524.23665162967518, 1941418.633240083698183 ] } },
{ "type": "Feature", "properties": { "역사_ID": 1889, "역사명": "숭의", "호선": "수인선", "위도": 37.460789, "경도": 126.638297 }, "geometry": { "type": "Point", "coordinates": [ 923793.443034100113437, 1940524.722724009538069 ] } },
{ "type": "Feature", "properties": { "역사_ID": 1888, "역사명": "인하대", "호선": "수인선", "위도": 37.448493, "경도": 126.649619 }, "geometry": { "type": "Point", "coordinates": [ 924782.43405206175521, 1939151.443204885814339 ] } },
{ "type": "Feature", "properties": { "역사_ID": 1886, "역사명": "송도", "호선": "수인선", "위도": 37.428514, "경도": 126.657772 }, "geometry": { "type": "Point", "coordinates": [ 925483.784964084275998, 1936928.402712910436094 ] } },
{ "type": "Feature", "properties": { "역사_ID": 1885, "역사명": "연수", "호선": "수인선", "위도": 37.417804, "경도": 126.67894 }, "geometry": { "type": "Point", "coordinates": [ 927346.31219292327296, 1935723.667078691069037 ] } },
{ "type": "Feature", "properties": { "역사_ID": 1884, "역사명": "원인재", "호선": "수인선", "위도": 37.413049, "경도": 126.686648 }, "geometry": { "type": "Point", "coordinates": [ 928023.836924880975857, 1935190.216739092720672 ] } },
{ "type": "Feature", "properties": { "역사_ID": 1883, "역사명": "남동인더스파크", "호선": "수인선", "위도": 37.407722, "경도": 126.695216 }, "geometry": { "type": "Point", "coordinates": [ 928777.016858672257513, 1934592.71342725912109 ] } },
{ "type": "Feature", "properties": { "역사_ID": 1882, "역사명": "호구포", "호선": "수인선", "위도": 37.401637, "경도": 126.708627 }, "geometry": { "type": "Point", "coordinates": [ 929958.239423160324804, 1933907.577600338729098 ] } },
{ "type": "Feature", "properties": { "역사_ID": 1881, "역사명": "인천논현", "호선": "수인선", "위도": 37.400614, "경도": 126.722478 }, "geometry": { "type": "Point", "coordinates": [ 931183.229373453068547, 1933783.886963287368417 ] } },
{ "type": "Feature", "properties": { "역사_ID": 1880, "역사명": "소래포구", "호선": "수인선", "위도": 37.40095, "경도": 126.733522 }, "geometry": { "type": "Point", "coordinates": [ 932161.028103153104894, 1933813.163768440019339 ] } },
{ "type": "Feature", "properties": { "역사_ID": 1879, "역사명": "월곶", "호선": "수인선", "위도": 37.391769, "경도": 126.742699 }, "geometry": { "type": "Point", "coordinates": [ 932965.096270813257433, 1932788.033020917093381 ] } },
{ "type": "Feature", "properties": { "역사_ID": 1878, "역사명": "달월", "호선": "수인선", "위도": 37.379681, "경도": 126.745177 }, "geometry": { "type": "Point", "coordinates": [ 933173.719693664927036, 1931445.195652886293828 ] } },
{ "type": "Feature", "properties": { "역사_ID": 1877, "역사명": "사리", "호선": "수인선", "위도": 37.28998, "경도": 126.85685 }, "geometry": { "type": "Point", "coordinates": [ 942992.766492927330546, 1921420.412601358955726 ] } },
{ "type": "Feature", "properties": { "역사_ID": 1876, "역사명": "야목", "호선": "수인선", "위도": 37.264179, "경도": 126.879483 }, "geometry": { "type": "Point", "coordinates": [ 944980.145081472350284, 1918544.640747121768072 ] } },
{ "type": "Feature", "properties": { "역사_ID": 1875, "역사명": "어천", "호선": "수인선", "위도": 37.250102, "경도": 126.90879 }, "geometry": { "type": "Point", "coordinates": [ 947569.000765367178246, 1916966.304418298881501 ] } },
{ "type": "Feature", "properties": { "역사_ID": 1874, "역사명": "오목천", "호선": "수인선", "위도": 37.24304, "경도": 126.963676 }, "geometry": { "type": "Point", "coordinates": [ 952432.124576916685328, 1916153.860405386192724 ] } },
{ "type": "Feature", "properties": { "역사_ID": 1873, "역사명": "고색", "호선": "수인선", "위도": 37.24963, "경도": 126.980248 }, "geometry": { "type": "Point", "coordinates": [ 953905.960561998188496, 1916876.750939679564908 ] } },
{ "type": "Feature", "properties": { "역사_ID": 1872, "역사명": "매교", "호선": "분당선", "위도": 37.265481, "경도": 127.015678 }, "geometry": { "type": "Point", "coordinates": [ 957057.078916451544501, 1918618.582263961667195 ] } },
{ "type": "Feature", "properties": { "역사_ID": 1871, "역사명": "수원시청", "호선": "분당선", "위도": 37.261911, "경도": 127.030736 }, "geometry": { "type": "Point", "coordinates": [ 958390.25645818177145, 1918215.801637921947986 ] } },
{ "type": "Feature", "properties": { "역사_ID": 1870, "역사명": "매탄권선", "호선": "분당선", "위도": 37.252759, "경도": 127.040566 }, "geometry": { "type": "Point", "coordinates": [ 959256.960942384204827, 1917196.210431146901101 ] } },
{ "type": "Feature", "properties": { "역사_ID": 1869, "역사명": "망포", "호선": "분당선", "위도": 37.245795, "경도": 127.057353 }, "geometry": { "type": "Point", "coordinates": [ 960742.043218701612204, 1916416.538312880089507 ] } },
{ "type": "Feature", "properties": { "역사_ID": 1868, "역사명": "영통", "호선": "분당선", "위도": 37.251568, "경도": 127.071394 }, "geometry": { "type": "Point", "coordinates": [ 961990.232909523998387, 1917051.257207102142274 ] } },
{ "type": "Feature", "properties": { "역사_ID": 1867, "역사명": "청명", "호선": "분당선", "위도": 37.259489, "경도": 127.078934 }, "geometry": { "type": "Point", "coordinates": [ 962662.810244905180298, 1917927.002629906404763 ] } },
{ "type": "Feature", "properties": { "역사_ID": 1866, "역사명": "상갈", "호선": "분당선", "위도": 37.26181, "경도": 127.108847 }, "geometry": { "type": "Point", "coordinates": [ 965316.361832084134221, 1918173.109055590583012 ] } },
{ "type": "Feature", "properties": { "역사_ID": 1865, "역사명": "기흥", "호선": "분당선", "위도": 37.275061, "경도": 127.11591 }, "geometry": { "type": "Point", "coordinates": [ 965948.610029875533655, 1919640.595852243015543 ] } },
{ "type": "Feature", "properties": { "역사_ID": 1864, "역사명": "신갈", "호선": "분당선", "위도": 37.286102, "경도": 127.111313 }, "geometry": { "type": "Point", "coordinates": [ 965546.095877687097527, 1920867.140148429665715 ] } },
{ "type": "Feature", "properties": { "역사_ID": 1863, "역사명": "구성", "호선": "분당선", "위도": 37.298969, "경도": 127.105664 }, "geometry": { "type": "Point", "coordinates": [ 965051.308966205455363, 1922296.670833950629458 ] } },
{ "type": "Feature", "properties": { "역사_ID": 1862, "역사명": "죽전", "호선": "분당선", "위도": 37.324753, "경도": 127.107395 }, "geometry": { "type": "Point", "coordinates": [ 965216.603589395759627, 1925156.504219831898808 ] } },
{ "type": "Feature", "properties": { "역사_ID": 1861, "역사명": "보정", "호선": "분당선", "위도": 37.312752, "경도": 127.108196 }, "geometry": { "type": "Point", "coordinates": [ 965282.049995462642983, 1923824.819611660670489 ] } },
{ "type": "Feature", "properties": { "역사_ID": 1860, "역사명": "이매", "호선": "분당선", "위도": 37.395371, "경도": 127.128248 }, "geometry": { "type": "Point", "coordinates": [ 967094.958180333953351, 1932983.437503847759217 ] } },
{ "type": "Feature", "properties": { "역사_ID": 1859, "역사명": "오리", "호선": "분당선", "위도": 37.339824, "경도": 127.108942 }, "geometry": { "type": "Point", "coordinates": [ 965360.583383877761662, 1926827.915298015344888 ] } },
{ "type": "Feature", "properties": { "역사_ID": 1858, "역사명": "미금", "호선": "분당선", "위도": 37.350077, "경도": 127.10891 }, "geometry": { "type": "Point", "coordinates": [ 965362.458765456685796, 1927965.399100069189444 ] } },
{ "type": "Feature", "properties": { "역사_ID": 1857, "역사명": "정자", "호선": "분당선", "위도": 37.365994, "경도": 127.10807 }, "geometry": { "type": "Point", "coordinates": [ 965295.392142588738352, 1929731.55003649299033 ] } },
{ "type": "Feature", "properties": { "역사_ID": 1856, "역사명": "수내", "호선": "분당선", "위도": 37.378455, "경도": 127.114322 }, "geometry": { "type": "Point", "coordinates": [ 965854.644855021848343, 1931111.70466587995179 ] } },
{ "type": "Feature", "properties": { "역사_ID": 1855, "역사명": "서현", "호선": "분당선", "위도": 37.385126, "경도": 127.123592 }, "geometry": { "type": "Point", "coordinates": [ 966678.30384533572942, 1931848.478909736964852 ] } },
{ "type": "Feature", "properties": { "역사_ID": 1854, "역사명": "야탑", "호선": "분당선", "위도": 37.411185, "경도": 127.128715 }, "geometry": { "type": "Point", "coordinates": [ 967143.199940813239664, 1934737.702630273997784 ] } },
{ "type": "Feature", "properties": { "역사_ID": 1853, "역사명": "모란", "호선": "분당선", "위도": 37.432052, "경도": 127.129104 }, "geometry": { "type": "Point", "coordinates": [ 967186.731285435496829, 1937052.589311596471816 ] } },
{ "type": "Feature", "properties": { "역사_ID": 1852, "역사명": "태평", "호선": "분당선", "위도": 37.440019, "경도": 127.127709 }, "geometry": { "type": "Point", "coordinates": [ 967066.805978628457524, 1937936.951186427148059 ] } },
{ "type": "Feature", "properties": { "역사_ID": 1851, "역사명": "가천대", "호선": "분당선", "위도": 37.448605, "경도": 127.126697 }, "geometry": { "type": "Point", "coordinates": [ 966981.056590927182697, 1938889.855149111710489 ] } },
{ "type": "Feature", "properties": { "역사_ID": 1850, "역사명": "선정릉", "호선": "분당선", "위도": 37.510735, "경도": 127.043677 }, "geometry": { "type": "Point", "coordinates": [ 959671.239934910554439, 1945815.081851813709363 ] } },
{ "type": "Feature", "properties": { "역사_ID": 1849, "역사명": "강남구청", "호선": "분당선", "위도": 37.517469, "경도": 127.041151 }, "geometry": { "type": "Point", "coordinates": [ 959451.640220406348817, 1946563.263295975746587 ] } },
{ "type": "Feature", "properties": { "역사_ID": 1848, "역사명": "압구정로데오", "호선": "분당선", "위도": 37.527381, "경도": 127.040534 }, "geometry": { "type": "Point", "coordinates": [ 959402.487025974667631, 1947663.206275582080707 ] } },
{ "type": "Feature", "properties": { "역사_ID": 1847, "역사명": "서울숲", "호선": "분당선", "위도": 37.543617, "경도": 127.044707 }, "geometry": { "type": "Point", "coordinates": [ 959779.92798878706526, 1949462.70367636019364 ] } },
{ "type": "Feature", "properties": { "역사_ID": 1846, "역사명": "수원", "호선": "분당선", "위도": 37.265917, "경도": 126.999422 }, "geometry": { "type": "Point", "coordinates": [ 955615.969698234694079, 1918674.453277032356709 ] } },
{ "type": "Feature", "properties": { "역사_ID": 1823, "역사명": "도화", "호선": "경인선", "위도": 37.46607, "경도": 126.668672 }, "geometry": { "type": "Point", "coordinates": [ 926484.943071933928877, 1941086.481959091266617 ] } },
{ "type": "Feature", "properties": { "역사_ID": 1822, "역사명": "중동", "호선": "경인선", "위도": 37.486562, "경도": 126.764843 }, "geometry": { "type": "Point", "coordinates": [ 935007.30813881882932, 1943289.234416341409087 ] } },
{ "type": "Feature", "properties": { "역사_ID": 1821, "역사명": "온수(성공회대입구)", "호선": "경인선", "위도": 37.492433, "경도": 126.824086 }, "geometry": { "type": "Point", "coordinates": [ 940249.520439732586965, 1943901.337557488353923 ] } },
{ "type": "Feature", "properties": { "역사_ID": 1817, "역사명": "도원", "호선": "경인선", "위도": 37.468446, "경도": 126.642706 }, "geometry": { "type": "Point", "coordinates": [ 924191.102317300043069, 1941370.672471904428676 ] } },
{ "type": "Feature", "properties": { "역사_ID": 1816, "역사명": "간석", "호선": "경인선", "위도": 37.464737, "경도": 126.694181 }, "geometry": { "type": "Point", "coordinates": [ 928739.500488023972139, 1940918.986780209233984 ] } },
{ "type": "Feature", "properties": { "역사_ID": 1815, "역사명": "부개", "호선": "경인선", "위도": 37.488418, "경도": 126.74109 }, "geometry": { "type": "Point", "coordinates": [ 932909.01574607391376, 1943511.811746435239911 ] } },
{ "type": "Feature", "properties": { "역사_ID": 1814, "역사명": "소사", "호선": "경인선", "위도": 37.482753, "경도": 126.79544 }, "geometry": { "type": "Point", "coordinates": [ 937709.157246335525997, 1942845.962789448909461 ] } },
{ "type": "Feature", "properties": { "역사_ID": 1813, "역사명": "구일", "호선": "경인선", "위도": 37.496756, "경도": 126.870793 }, "geometry": { "type": "Point", "coordinates": [ 944381.648379947757348, 1944352.326000922126696 ] } },
{ "type": "Feature", "properties": { "역사_ID": 1812, "역사명": "인천", "호선": "경인선", "위도": 37.476079, "경도": 126.616801 }, "geometry": { "type": "Point", "coordinates": [ 921908.267256689025089, 1942238.687663056887686 ] } },
{ "type": "Feature", "properties": { "역사_ID": 1811, "역사명": "동인천", "호선": "경인선", "위도": 37.475276, "경도": 126.632802 }, "geometry": { "type": "Point", "coordinates": [ 923322.270707132061943, 1942136.448250892804936 ] } },
{ "type": "Feature", "properties": { "역사_ID": 1810, "역사명": "제물포", "호선": "경인선", "위도": 37.466769, "경도": 126.656666 }, "geometry": { "type": "Point", "coordinates": [ 925423.916475984500721, 1941173.471670619444922 ] } },
{ "type": "Feature", "properties": { "역사_ID": 1809, "역사명": "주안", "호선": "경인선", "위도": 37.465047, "경도": 126.679742 }, "geometry": { "type": "Point", "coordinates": [ 927462.902030697092414, 1940964.402030335506424 ] } },
{ "type": "Feature", "properties": { "역사_ID": 1808, "역사명": "동암", "호선": "경인선", "위도": 37.471408, "경도": 126.702896 }, "geometry": { "type": "Point", "coordinates": [ 929516.465869767009281, 1941652.541909592458978 ] } },
{ "type": "Feature", "properties": { "역사_ID": 1807, "역사명": "백운", "호선": "경인선", "위도": 37.483664, "경도": 126.707704 }, "geometry": { "type": "Point", "coordinates": [ 929953.059340838575736, 1943008.696121803019196 ] } },
{ "type": "Feature", "properties": { "역사_ID": 1806, "역사명": "부평", "호선": "경인선", "위도": 37.489445, "경도": 126.724506 }, "geometry": { "type": "Point", "coordinates": [ 931443.832601923961192, 1943637.700930226361379 ] } },
{ "type": "Feature", "properties": { "역사_ID": 1805, "역사명": "송내", "호선": "경인선", "위도": 37.4876, "경도": 126.753664 }, "geometry": { "type": "Point", "coordinates": [ 934019.909798397682607, 1943412.171600986504927 ] } },
{ "type": "Feature", "properties": { "역사_ID": 1804, "역사명": "부천", "호선": "경인선", "위도": 37.48405, "경도": 126.782686 }, "geometry": { "type": "Point", "coordinates": [ 936582.644582584383897, 1942998.37258348078467 ] } },
{ "type": "Feature", "properties": { "역사_ID": 1803, "역사명": "역곡", "호선": "경인선", "위도": 37.485178, "경도": 126.811502 }, "geometry": { "type": "Point", "coordinates": [ 939131.200053254375234, 1943104.497323400340974 ] } },
{ "type": "Feature", "properties": { "역사_ID": 1802, "역사명": "오류동", "호선": "경인선", "위도": 37.494526, "경도": 126.845365 }, "geometry": { "type": "Point", "coordinates": [ 942132.210724969627336, 1944120.249579131603241 ] } },
{ "type": "Feature", "properties": { "역사_ID": 1801, "역사명": "개봉", "호선": "경인선", "위도": 37.494594, "경도": 126.85968 }, "geometry": { "type": "Point", "coordinates": [ 943397.679458901402541, 1944119.089220666792244 ] } },
{ "type": "Feature", "properties": { "역사_ID": 1763, "역사명": "수리산", "호선": "안산선", "위도": 37.349801, "경도": 126.925365 }, "geometry": { "type": "Point", "coordinates": [ 949106.179865886224434, 1928017.896321677835658 ] } },
{ "type": "Feature", "properties": { "역사_ID": 1762, "역사명": "오이도", "호선": "안산선", "위도": 37.362357, "경도": 126.738714 }, "geometry": { "type": "Point", "coordinates": [ 932586.024678516667336, 1929527.818507650168613 ] } },
{ "type": "Feature", "properties": { "역사_ID": 1761, "역사명": "정왕", "호선": "안산선", "위도": 37.351735, "경도": 126.742989 }, "geometry": { "type": "Point", "coordinates": [ 932955.145581114804372, 1928346.342845922801644 ] } },
{ "type": "Feature", "properties": { "역사_ID": 1760, "역사명": "신길온천", "호선": "안산선", "위도": 37.338212, "경도": 126.765844 }, "geometry": { "type": "Point", "coordinates": [ 934967.671985331107862, 1926830.090212738839909 ] } },
{ "type": "Feature", "properties": { "역사_ID": 1759, "역사명": "안산", "호선": "안산선", "위도": 37.327082, "경도": 126.788532 }, "geometry": { "type": "Point", "coordinates": [ 936968.128474517026916, 1925579.929739339509979 ] } },
{ "type": "Feature", "properties": { "역사_ID": 1758, "역사명": "초지", "호선": "안산선", "위도": 37.320646, "경도": 126.805913 }, "geometry": { "type": "Point", "coordinates": [ 938502.758275037747808, 1924854.456764851696789 ] } },
{ "type": "Feature", "properties": { "역사_ID": 1757, "역사명": "고잔", "호선": "안산선", "위도": 37.316784, "경도": 126.823144 }, "geometry": { "type": "Point", "coordinates": [ 940026.403587883105502, 1924414.92718428815715 ] } },
{ "type": "Feature", "properties": { "역사_ID": 1756, "역사명": "중앙", "호선": "안산선", "위도": 37.315941, "경도": 126.838573 }, "geometry": { "type": "Point", "coordinates": [ 941392.869616686599329, 1924311.724272406194359 ] } },
{ "type": "Feature", "properties": { "역사_ID": 1755, "역사명": "한대앞", "호선": "안산선", "위도": 37.309689, "경도": 126.85344 }, "geometry": { "type": "Point", "coordinates": [ 942705.461870705126785, 1923609.005371969658881 ] } },
{ "type": "Feature", "properties": { "역사_ID": 1754, "역사명": "상록수", "호선": "안산선", "위도": 37.302795, "경도": 126.866489 }, "geometry": { "type": "Point", "coordinates": [ 943856.678640048019588, 1922836.349664716050029 ] } },
{ "type": "Feature", "properties": { "역사_ID": 1753, "역사명": "반월", "호선": "안산선", "위도": 37.312212, "경도": 126.903524 }, "geometry": { "type": "Point", "coordinates": [ 947145.437453132821247, 1923859.726633433951065 ] } },
{ "type": "Feature", "properties": { "역사_ID": 1752, "역사명": "대야미", "호선": "안산선", "위도": 37.328467, "경도": 126.917332 }, "geometry": { "type": "Point", "coordinates": [ 948380.113657454377972, 1925655.43726456281729 ] } },
{ "type": "Feature", "properties": { "역사_ID": 1751, "역사명": "산본", "호선": "안산선", "위도": 37.358101, "경도": 126.933274 }, "geometry": { "type": "Point", "coordinates": [ 949812.190411683637649, 1928934.476498085539788 ] } },
{ "type": "Feature", "properties": { "역사_ID": 1750, "역사명": "광명", "호선": "경부선", "위도": 37.416182, "경도": 126.884466 }, "geometry": { "type": "Point", "coordinates": [ 945531.870479714823887, 1935405.172026315703988 ] } },
{ "type": "Feature", "properties": { "역사_ID": 1749, "역사명": "서동탄", "호선": "경부선", "위도": 37.195504, "경도": 127.051672 }, "geometry": { "type": "Point", "coordinates": [ 960211.790255924337544, 1910839.710846436209977 ] } },
{ "type": "Feature", "properties": { "역사_ID": 1729, "역사명": "당정", "호선": "경부선", "위도": 37.344285, "경도": 126.948345 }, "geometry": { "type": "Point", "coordinates": [ 951137.897086941753514, 1927393.808399284724146 ] } },
{ "type": "Feature", "properties": { "역사_ID": 1728, "역사명": "천안", "호선": "경부선", "위도": 36.810005, "경도": 127.146826 }, "geometry": { "type": "Point", "coordinates": [ 968497.896381551050581, 1868039.098719754256308 ] } },
{ "type": "Feature", "properties": { "역사_ID": 1727, "역사명": "두정", "호선": "경부선", "위도": 36.833705, "경도": 127.14896 }, "geometry": { "type": "Point", "coordinates": [ 968697.897644337383099, 1870667.450891353888437 ] } },
{ "type": "Feature", "properties": { "역사_ID": 1726, "역사명": "직산", "호선": "경부선", "위도": 36.870593, "경도": 127.143904 }, "geometry": { "type": "Point", "coordinates": [ 968262.307600721600465, 1874761.144844453549013 ] } },
{ "type": "Feature", "properties": { "역사_ID": 1725, "역사명": "성환", "호선": "경부선", "위도": 36.916076, "경도": 127.126964 }, "geometry": { "type": "Point", "coordinates": [ 966772.214885890716687, 1879812.425449338741601 ] } },
{ "type": "Feature", "properties": { "역사_ID": 1724, "역사명": "평택", "호선": "경부선", "위도": 36.990726, "경도": 127.085159 }, "geometry": { "type": "Point", "coordinates": [ 963084.507148493896239, 1888108.96666352939792 ] } },
{ "type": "Feature", "properties": { "역사_ID": 1723, "역사명": "지제", "호선": "경부선", "위도": 37.0188, "경도": 127.070444 }, "geometry": { "type": "Point", "coordinates": [ 961789.108969655935653, 1891229.139400831190869 ] } },
{ "type": "Feature", "properties": { "역사_ID": 1722, "역사명": "서정리", "호선": "경부선", "위도": 37.056496, "경도": 127.052819 }, "geometry": { "type": "Point", "coordinates": [ 960240.938808050588705, 1895418.163434481713921 ] } },
{ "type": "Feature", "properties": { "역사_ID": 1721, "역사명": "송탄", "호선": "경부선", "위도": 37.075696, "경도": 127.054301 }, "geometry": { "type": "Point", "coordinates": [ 960382.691622483776882, 1897547.50473031308502 ] } },
{ "type": "Feature", "properties": { "역사_ID": 1720, "역사명": "진위", "호선": "경부선", "위도": 37.109447, "경도": 127.062278 }, "geometry": { "type": "Point", "coordinates": [ 961109.007163210306317, 1901288.405942264245823 ] } },
{ "type": "Feature", "properties": { "역사_ID": 1719, "역사명": "오산", "호선": "경부선", "위도": 37.145885, "경도": 127.06672 }, "geometry": { "type": "Point", "coordinates": [ 961522.126109368051402, 1905328.90067566325888 ] } },
{ "type": "Feature", "properties": { "역사_ID": 1718, "역사명": "오산대", "호선": "경부선", "위도": 37.168953, "경도": 127.063197 }, "geometry": { "type": "Point", "coordinates": [ 961221.045037617557682, 1907889.431805260013789 ] } },
{ "type": "Feature", "properties": { "역사_ID": 1717, "역사명": "세마", "호선": "경부선", "위도": 37.187533, "경도": 127.04318 }, "geometry": { "type": "Point", "coordinates": [ 959453.876072482089512, 1909959.024530578637496 ] } },
{ "type": "Feature", "properties": { "역사_ID": 1716, "역사명": "병점", "호선": "경부선", "위도": 37.207503, "경도": 127.032731 }, "geometry": { "type": "Point", "coordinates": [ 958537.368518905597739, 1912178.976135569857433 ] } },
{ "type": "Feature", "properties": { "역사_ID": 1715, "역사명": "세류", "호선": "경부선", "위도": 37.245025, "경도": 127.013222 }, "geometry": { "type": "Point", "coordinates": [ 956827.641739000449888, 1916350.329094948014244 ] } },
{ "type": "Feature", "properties": { "역사_ID": 1714, "역사명": "독산", "호선": "경부선", "위도": 37.466613, "경도": 126.889249 }, "geometry": { "type": "Point", "coordinates": [ 945991.378402648726478, 1940997.396390186622739 ] } },
{ "type": "Feature", "properties": { "역사_ID": 1713, "역사명": "수원", "호선": "경부선", "위도": 37.266348, "경도": 126.999561 }, "geometry": { "type": "Point", "coordinates": [ 955628.547184875817038, 1918722.202958886511624 ] } },
{ "type": "Feature", "properties": { "역사_ID": 1712, "역사명": "화서", "호선": "경부선", "위도": 37.283862, "경도": 126.989627 }, "geometry": { "type": "Point", "coordinates": [ 954758.22479178395588, 1920669.903820571489632 ] } },
{ "type": "Feature", "properties": { "역사_ID": 1711, "역사명": "성균관대", "호선": "경부선", "위도": 37.300349, "경도": 126.97075 }, "geometry": { "type": "Point", "coordinates": [ 953095.106264365371317, 1922508.168238683603704 ] } },
{ "type": "Feature", "properties": { "역사_ID": 1710, "역사명": "의왕", "호선": "경부선", "위도": 37.320852, "경도": 126.948217 }, "geometry": { "type": "Point", "coordinates": [ 951111.376241598743945, 1924794.197302686516196 ] } },
{ "type": "Feature", "properties": { "역사_ID": 1709, "역사명": "군포", "호선": "경부선", "위도": 37.35356, "경도": 126.948462 }, "geometry": { "type": "Point", "coordinates": [ 951154.269587378948927, 1928422.727227504830807 ] } },
{ "type": "Feature", "properties": { "역사_ID": 1708, "역사명": "금정", "호선": "경부선", "위도": 37.372221, "경도": 126.943429 }, "geometry": { "type": "Point", "coordinates": [ 950720.734248319407925, 1930495.621023195562884 ] } },
{ "type": "Feature", "properties": { "역사_ID": 1707, "역사명": "명학", "호선": "경부선", "위도": 37.384653, "경도": 126.935433 }, "geometry": { "type": "Point", "coordinates": [ 950021.006242164759897, 1931879.053872134070843 ] } },
{ "type": "Feature", "properties": { "역사_ID": 1706, "역사명": "안양", "호선": "경부선", "위도": 37.401592, "경도": 126.922874 }, "geometry": { "type": "Point", "coordinates": [ 948920.691049034707248, 1933765.028341636294499 ] } },
{ "type": "Feature", "properties": { "역사_ID": 1705, "역사명": "관악", "호선": "경부선", "위도": 37.419232, "경도": 126.908706 }, "geometry": { "type": "Point", "coordinates": [ 947678.991860664449632, 1935729.820804867893457 ] } },
{ "type": "Feature", "properties": { "역사_ID": 1704, "역사명": "석수", "호선": "경부선", "위도": 37.435047, "경도": 126.902295 }, "geometry": { "type": "Point", "coordinates": [ 947122.829593508853577, 1937487.959001995390281 ] } },
{ "type": "Feature", "properties": { "역사_ID": 1703, "역사명": "금천구청", "호선": "경부선", "위도": 37.455626, "경도": 126.89398 }, "geometry": { "type": "Point", "coordinates": [ 946401.902194170514122, 1939775.757330311927944 ] } },
{ "type": "Feature", "properties": { "역사_ID": 1702, "역사명": "가산디지털단지", "호선": "경부선", "위도": 37.481581, "경도": 126.882581 }, "geometry": { "type": "Point", "coordinates": [ 945412.609783476800658, 1942661.848338863579556 ] } },
{ "type": "Feature", "properties": { "역사_ID": 1701, "역사명": "구로", "호선": "경부선", "위도": 37.503039, "경도": 126.881966 }, "geometry": { "type": "Point", "coordinates": [ 945373.866166315041482, 1945042.845427664695308 ] } },
{ "type": "Feature", "properties": { "역사_ID": 1512, "역사명": "성남", "호선": "경강선", "위도": 37.39468, "경도": 127.11945 }, "geometry": { "type": "Point", "coordinates": [ 966315.904864631826058, 1932909.881988344714046 ] } },
{ "type": "Feature", "properties": { "역사_ID": 1511, "역사명": "여주", "호선": "경강선", "위도": 37.282308, "경도": 127.628816 }, "geometry": { "type": "Point", "coordinates": [ 1011419.030687437974848, 1920383.217658591689542 ] } },
{ "type": "Feature", "properties": { "역사_ID": 1510, "역사명": "세종대왕릉", "호선": "경강선", "위도": 37.295309, "경도": 127.570938 }, "geometry": { "type": "Point", "coordinates": [ 1006287.291258652461693, 1921820.11403002217412 ] } },
{ "type": "Feature", "properties": { "역사_ID": 1509, "역사명": "부발", "호선": "경강선", "위도": 37.260192, "경도": 127.490277 }, "geometry": { "type": "Point", "coordinates": [ 999137.842424816335551, 1917921.97400326305069 ] } },
{ "type": "Feature", "properties": { "역사_ID": 1508, "역사명": "이천", "호선": "경강선", "위도": 37.265579, "경도": 127.44226 }, "geometry": { "type": "Point", "coordinates": [ 994880.444811399211176, 1918521.115693365689367 ] } },
{ "type": "Feature", "properties": { "역사_ID": 1507, "역사명": "신둔도예촌", "호선": "경강선", "위도": 37.317185, "경도": 127.40476 }, "geometry": { "type": "Point", "coordinates": [ 991561.247706590685993, 1924248.909065801184624 ] } },
{ "type": "Feature", "properties": { "역사_ID": 1506, "역사명": "곤지암", "호선": "경강선", "위도": 37.351315, "경도": 127.34674 }, "geometry": { "type": "Point", "coordinates": [ 986426.517936439020559, 1928042.037070390302688 ] } },
{ "type": "Feature", "properties": { "역사_ID": 1505, "역사명": "초월", "호선": "경강선", "위도": 37.374419, "경도": 127.299 }, "geometry": { "type": "Point", "coordinates": [ 982203.874429436167702, 1930613.130772545002401 ] } },
{ "type": "Feature", "properties": { "역사_ID": 1504, "역사명": "경기광주", "호선": "경강선", "위도": 37.399907, "경도": 127.25263 }, "geometry": { "type": "Point", "coordinates": [ 978105.776928894105367, 1933450.540881726657972 ] } },
{ "type": "Feature", "properties": { "역사_ID": 1503, "역사명": "삼동", "호선": "경강선", "위도": 37.409522, "경도": 127.20336 }, "geometry": { "type": "Point", "coordinates": [ 973748.33321253862232, 1934529.815121508436278 ] } },
{ "type": "Feature", "properties": { "역사_ID": 1502, "역사명": "이매", "호선": "경강선", "위도": 37.394655, "경도": 127.127819 }, "geometry": { "type": "Point", "coordinates": [ 967056.672414547065273, 1932904.153258229140192 ] } },
{ "type": "Feature", "properties": { "역사_ID": 1501, "역사명": "판교", "호선": "경강선", "위도": 37.394761, "경도": 127.111217 }, "geometry": { "type": "Point", "coordinates": [ 965587.201201643445529, 1932921.839533937396482 ] } },
{ "type": "Feature", "properties": { "역사_ID": 1458, "역사명": "금정", "호선": "과천선", "위도": 37.372209, "경도": 126.943417 }, "geometry": { "type": "Point", "coordinates": [ 950719.663899151259102, 1930494.295988732948899 ] } },
{ "type": "Feature", "properties": { "역사_ID": 1457, "역사명": "범계", "호선": "과천선", "위도": 37.389793, "경도": 126.950806 }, "geometry": { "type": "Point", "coordinates": [ 951385.250335672171786, 1932441.263666146667674 ] } },
{ "type": "Feature", "properties": { "역사_ID": 1456, "역사명": "평촌", "호선": "과천선", "위도": 37.394287, "경도": 126.963883 }, "geometry": { "type": "Point", "coordinates": [ 952545.670816608588211, 1932933.178847250761464 ] } },
{ "type": "Feature", "properties": { "역사_ID": 1455, "역사명": "인덕원", "호선": "과천선", "위도": 37.401553, "경도": 126.976715 }, "geometry": { "type": "Point", "coordinates": [ 953685.973691605497152, 1933732.905754224630073 ] } },
{ "type": "Feature", "properties": { "역사_ID": 1454, "역사명": "정부과천청사", "호선": "과천선", "위도": 37.426513, "경도": 126.98978 }, "geometry": { "type": "Point", "coordinates": [ 954857.299377336748876, 1936495.687962755328044 ] } },
{ "type": "Feature", "properties": { "역사_ID": 1453, "역사명": "과천", "호선": "과천선", "위도": 37.433021, "경도": 126.996568 }, "geometry": { "type": "Point", "coordinates": [ 955461.740816821111366, 1937214.472615261096507 ] } },
{ "type": "Feature", "properties": { "역사_ID": 1452, "역사명": "대공원", "호선": "과천선", "위도": 37.435675, "경도": 127.006523 }, "geometry": { "type": "Point", "coordinates": [ 956343.999683848698623, 1937504.256676954915747 ] } },
{ "type": "Feature", "properties": { "역사_ID": 1451, "역사명": "경마공원", "호선": "과천선", "위도": 37.443885, "경도": 127.007888 }, "geometry": { "type": "Point", "coordinates": [ 956469.51277105382178, 1938414.463953808881342 ] } },
{ "type": "Feature", "properties": { "역사_ID": 1450, "역사명": "선바위", "호선": "과천선", "위도": 37.451673, "경도": 127.002303 }, "geometry": { "type": "Point", "coordinates": [ 955980.043783574365079, 1939281.080697736237198 ] } },
{ "type": "Feature", "properties": { "역사_ID": 1408, "역사명": "신창(순천향대)", "호선": "장항선", "위도": 36.769502, "경도": 126.951108 }, "geometry": { "type": "Point", "coordinates": [ 951014.511045693303458, 1863628.412488548317924 ] } },
{ "type": "Feature", "properties": { "역사_ID": 1407, "역사명": "온양온천", "호선": "장항선", "위도": 36.780483, "경도": 127.003249 }, "geometry": { "type": "Point", "coordinates": [ 955674.156631326535717, 1864821.119402023497969 ] } },
{ "type": "Feature", "properties": { "역사_ID": 1405, "역사명": "배방", "호선": "장항선", "위도": 36.777629, "경도": 127.052991 }, "geometry": { "type": "Point", "coordinates": [ 960111.258826329023577, 1864482.636794741731137 ] } },
{ "type": "Feature", "properties": { "역사_ID": 1404, "역사명": "탕정", "호선": "장항선", "위도": 36.78866, "경도": 127.08485 }, "geometry": { "type": "Point", "coordinates": [ 962959.513013356598094, 1865693.499453471740708 ] } },
{ "type": "Feature", "properties": { "역사_ID": 1403, "역사명": "아산", "호선": "장항선", "위도": 36.792053, "경도": 127.104361 }, "geometry": { "type": "Point", "coordinates": [ 964701.886861389968544, 1866062.5088196832221 ] } },
{ "type": "Feature", "properties": { "역사_ID": 1402, "역사명": "쌍용(나사렛대)", "호선": "장항선", "위도": 36.793759, "경도": 127.1214 }, "geometry": { "type": "Point", "coordinates": [ 966222.82748135260772, 1866245.603874571155757 ] } },
{ "type": "Feature", "properties": { "역사_ID": 1401, "역사명": "봉명", "호선": "장항선", "위도": 36.801215, "경도": 127.135763 }, "geometry": { "type": "Point", "coordinates": [ 967507.391215027892031, 1867067.723426701268181 ] } },
{ "type": "Feature", "properties": { "역사_ID": 1329, "역사명": "춘천", "호선": "경춘선", "위도": 37.885054, "경도": 127.717023 }, "geometry": { "type": "Point", "coordinates": [ 1019083.753287788364105, 1987268.821714540012181 ] } },
{ "type": "Feature", "properties": { "역사_ID": 1328, "역사명": "남춘천", "호선": "경춘선", "위도": 37.864007, "경도": 127.723792 }, "geometry": { "type": "Point", "coordinates": [ 1019684.580602287431248, 1984935.064910874702036 ] } },
{ "type": "Feature", "properties": { "역사_ID": 1327, "역사명": "김유정", "호선": "경춘선", "위도": 37.818466, "경도": 127.71434 }, "geometry": { "type": "Point", "coordinates": [ 1018864.784575115190819, 1979880.37305418937467 ] } },
{ "type": "Feature", "properties": { "역사_ID": 1326, "역사명": "강촌", "호선": "경춘선", "위도": 37.805723, "경도": 127.634146 }, "geometry": { "type": "Point", "coordinates": [ 1011808.665986911975779, 1978453.393671985715628 ] } },
{ "type": "Feature", "properties": { "역사_ID": 1325, "역사명": "백양리", "호선": "경춘선", "위도": 37.830779, "경도": 127.58933 }, "geometry": { "type": "Point", "coordinates": [ 1007860.923903051298112, 1981228.607588171260431 ] } },
{ "type": "Feature", "properties": { "역사_ID": 1324, "역사명": "굴봉산", "호선": "경춘선", "위도": 37.832067, "경도": 127.557695 }, "geometry": { "type": "Point", "coordinates": [ 1005076.996458746492863, 1981369.319102700566873 ] } },
{ "type": "Feature", "properties": { "역사_ID": 1323, "역사명": "가평", "호선": "경춘선", "위도": 37.814536, "경도": 127.510739 }, "geometry": { "type": "Point", "coordinates": [ 1000945.225080012110993, 1979422.763246342306957 ] } },
{ "type": "Feature", "properties": { "역사_ID": 1322, "역사명": "상천", "호선": "경춘선", "위도": 37.770246, "경도": 127.454821 }, "geometry": { "type": "Point", "coordinates": [ 996021.06118031591177, 1974509.776013343594968 ] } },
{ "type": "Feature", "properties": { "역사_ID": 1321, "역사명": "청평", "호선": "경춘선", "위도": 37.735488, "경도": 127.42661 }, "geometry": { "type": "Point", "coordinates": [ 993533.478698945138603, 1970655.039789472008124 ] } },
{ "type": "Feature", "properties": { "역사_ID": 1320, "역사명": "대성리", "호선": "경춘선", "위도": 37.684071, "경도": 127.379319 }, "geometry": { "type": "Point", "coordinates": [ 989359.235335670877248, 1964954.814476572908461 ] } },
{ "type": "Feature", "properties": { "역사_ID": 1319, "역사명": "마석", "호선": "경춘선", "위도": 37.652782, "경도": 127.311767 }, "geometry": { "type": "Point", "coordinates": [ 983396.022171478136443, 1961493.241685832384974 ] } },
{ "type": "Feature", "properties": { "역사_ID": 1318, "역사명": "천마산", "호선": "경춘선", "위도": 37.658978, "경도": 127.285379 }, "geometry": { "type": "Point", "coordinates": [ 981069.91489761066623, 1962185.660605393582955 ] } },
{ "type": "Feature", "properties": { "역사_ID": 1317, "역사명": "평내호평", "호선": "경춘선", "위도": 37.653225, "경도": 127.244493 }, "geometry": { "type": "Point", "coordinates": [ 977461.927460702136159, 1961556.428336916025728 ] } },
{ "type": "Feature", "properties": { "역사_ID": 1316, "역사명": "금곡", "호선": "경춘선", "위도": 37.637382, "경도": 127.207853 }, "geometry": { "type": "Point", "coordinates": [ 974224.460944497957826, 1959808.150737673044205 ] } },
{ "type": "Feature", "properties": { "역사_ID": 1315, "역사명": "사릉", "호선": "경춘선", "위도": 37.65108, "경도": 127.176933 }, "geometry": { "type": "Point", "coordinates": [ 971501.678522887988947, 1961336.830341849243268 ] } },
{ "type": "Feature", "properties": { "역사_ID": 1314, "역사명": "퇴계원", "호선": "경춘선", "위도": 37.648311, "경도": 127.143952 }, "geometry": { "type": "Point", "coordinates": [ 968591.189869838999584, 1961040.153134491061792 ] } },
{ "type": "Feature", "properties": { "역사_ID": 1313, "역사명": "별내", "호선": "경춘선", "위도": 37.64202, "경도": 127.12684 }, "geometry": { "type": "Point", "coordinates": [ 967078.871287215268239, 1960348.05953926127404 ] } },
{ "type": "Feature", "properties": { "역사_ID": 1312, "역사명": "갈매", "호선": "경춘선", "위도": 37.634118, "경도": 127.114757 }, "geometry": { "type": "Point", "coordinates": [ 966009.274325315956958, 1959475.67393830162473 ] } },
{ "type": "Feature", "properties": { "역사_ID": 1311, "역사명": "신내", "호선": "경춘선", "위도": 37.612887, "경도": 127.103218 }, "geometry": { "type": "Point", "coordinates": [ 964981.203981483937241, 1957124.429447024594992 ] } },
{ "type": "Feature", "properties": { "역사_ID": 1286, "역사명": "운천", "호선": "경의중앙선", "위도": 37.879942, "경도": 126.769999 }, "geometry": { "type": "Point", "coordinates": [ 935803.083530824165791, 1986930.566877007251605 ] } },
{ "type": "Feature", "properties": { "역사_ID": 1285, "역사명": "임진강", "호선": "경의중앙선", "위도": 37.888421, "경도": 126.746765 }, "geometry": { "type": "Point", "coordinates": [ 933767.43179646669887, 1987887.570860733045265 ] } },
{ "type": "Feature", "properties": { "역사_ID": 1284, "역사명": "문산", "호선": "경의중앙선", "위도": 37.854619, "경도": 126.788047 }, "geometry": { "type": "Point", "coordinates": [ 937368.82929885701742, 1984108.673215947579592 ] } },
{ "type": "Feature", "properties": { "역사_ID": 1283, "역사명": "파주", "호선": "경의중앙선", "위도": 37.815298, "경도": 126.792783 }, "geometry": { "type": "Point", "coordinates": [ 937752.432218224508688, 1979742.799534945050254 ] } },
{ "type": "Feature", "properties": { "역사_ID": 1282, "역사명": "월롱", "호선": "경의중앙선", "위도": 37.796188, "경도": 126.792587 }, "geometry": { "type": "Point", "coordinates": [ 937719.132817915873602, 1977622.665486829355359 ] } },
{ "type": "Feature", "properties": { "역사_ID": 1280, "역사명": "금촌", "호선": "경의중앙선", "위도": 37.766217, "경도": 126.774644 }, "geometry": { "type": "Point", "coordinates": [ 936113.611974073341116, 1974309.483138418756425 ] } },
{ "type": "Feature", "properties": { "역사_ID": 1279, "역사명": "금릉", "호선": "경의중앙선", "위도": 37.751322, "경도": 126.765347 }, "geometry": { "type": "Point", "coordinates": [ 935281.782965877093375, 1972663.27544185728766 ] } },
{ "type": "Feature", "properties": { "역사_ID": 1278, "역사명": "운정", "호선": "경의중앙선", "위도": 37.725826, "경도": 126.767257 }, "geometry": { "type": "Point", "coordinates": [ 935427.900665145367384, 1969833.189347624778748 ] } },
{ "type": "Feature", "properties": { "역사_ID": 1277, "역사명": "야당", "호선": "경의중앙선", "위도": 37.712327, "경도": 126.761356 }, "geometry": { "type": "Point", "coordinates": [ 934896.061696815304458, 1968339.573211532551795 ] } },
{ "type": "Feature", "properties": { "역사_ID": 1276, "역사명": "탄현", "호선": "경의중앙선", "위도": 37.694023, "경도": 126.761086 }, "geometry": { "type": "Point", "coordinates": [ 934856.245513099129312, 1966308.953727970132604 ] } },
{ "type": "Feature", "properties": { "역사_ID": 1275, "역사명": "일산", "호선": "경의중앙선", "위도": 37.682077, "경도": 126.769846 }, "geometry": { "type": "Point", "coordinates": [ 935618.224216836853884, 1964977.508905937429518 ] } },
{ "type": "Feature", "properties": { "역사_ID": 1274, "역사명": "풍산", "호선": "경의중앙선", "위도": 37.672346, "경도": 126.786243 }, "geometry": { "type": "Point", "coordinates": [ 937055.838123896159232, 1963886.735129998531193 ] } },
{ "type": "Feature", "properties": { "역사_ID": 1273, "역사명": "백마", "호선": "경의중앙선", "위도": 37.658239, "경도": 126.794461 }, "geometry": { "type": "Point", "coordinates": [ 937768.791753335506655, 1962316.106879727682099 ] } },
{ "type": "Feature", "properties": { "역사_ID": 1272, "역사명": "곡산", "호선": "경의중앙선", "위도": 37.645676, "경도": 126.801762 }, "geometry": { "type": "Point", "coordinates": [ 938402.399104842334054, 1960917.451957953162491 ] } },
{ "type": "Feature", "properties": { "역사_ID": 1271, "역사명": "능곡", "호선": "경의중앙선", "위도": 37.618808, "경도": 126.820783 }, "geometry": { "type": "Point", "coordinates": [ 940058.848291375790723, 1957924.203821263974532 ] } },
{ "type": "Feature", "properties": { "역사_ID": 1270, "역사명": "행신", "호선": "경의중앙선", "위도": 37.612102, "경도": 126.834146 }, "geometry": { "type": "Point", "coordinates": [ 941232.87415654247161, 1957171.744943423895165 ] } },
{ "type": "Feature", "properties": { "역사_ID": 1269, "역사명": "강매", "호선": "경의중앙선", "위도": 37.612314, "경도": 126.843223 }, "geometry": { "type": "Point", "coordinates": [ 942034.168185197864659, 1957189.621974464505911 ] } },
{ "type": "Feature", "properties": { "역사_ID": 1268, "역사명": "화전", "호선": "경의중앙선", "위도": 37.602888, "경도": 126.868387 }, "geometry": { "type": "Point", "coordinates": [ 944248.080922746565193, 1956128.60040653985925 ] } },
{ "type": "Feature", "properties": { "역사_ID": 1267, "역사명": "수색", "호선": "경의중앙선", "위도": 37.580842, "경도": 126.895611 }, "geometry": { "type": "Point", "coordinates": [ 946635.402764120022766, 1953666.86912857205607 ] } },
{ "type": "Feature", "properties": { "역사_ID": 1266, "역사명": "디지털미디어시티", "호선": "경의중앙선", "위도": 37.577475, "경도": 126.900453 }, "geometry": { "type": "Point", "coordinates": [ 947060.547816750942729, 1953290.575404642149806 ] } },
{ "type": "Feature", "properties": { "역사_ID": 1265, "역사명": "가좌", "호선": "경의중앙선", "위도": 37.568491, "경도": 126.915487 }, "geometry": { "type": "Point", "coordinates": [ 948381.847756400355138, 1952285.475603217957541 ] } },
{ "type": "Feature", "properties": { "역사_ID": 1264, "역사명": "홍대입구", "호선": "경의중앙선", "위도": 37.557641, "경도": 126.926683 }, "geometry": { "type": "Point", "coordinates": [ 949363.228138457401656, 1951075.62819434562698 ] } },
{ "type": "Feature", "properties": { "역사_ID": 1263, "역사명": "서강대", "호선": "경의중앙선", "위도": 37.551881, "경도": 126.935711 }, "geometry": { "type": "Point", "coordinates": [ 950156.773827951867133, 1950431.75916092377156 ] } },
{ "type": "Feature", "properties": { "역사_ID": 1262, "역사명": "공덕", "호선": "경의중앙선", "위도": 37.542596, "경도": 126.952099 }, "geometry": { "type": "Point", "coordinates": [ 951598.321894691907801, 1949393.073086686665192 ] } },
{ "type": "Feature", "properties": { "역사_ID": 1261, "역사명": "효창공원앞", "호선": "경의중앙선", "위도": 37.538579, "경도": 126.96221 }, "geometry": { "type": "Point", "coordinates": [ 952488.987497885012999, 1948942.251401438144967 ] } },
{ "type": "Feature", "properties": { "역사_ID": 1252, "역사명": "신촌", "호선": "경의중앙선", "위도": 37.559733, "경도": 126.942597 }, "geometry": { "type": "Point", "coordinates": [ 950770.179989232332446, 1951299.270886600250378 ] } },
{ "type": "Feature", "properties": { "역사_ID": 1251, "역사명": "서울역", "호선": "경의중앙선", "위도": 37.557231, "경도": 126.97103 }, "geometry": { "type": "Point", "coordinates": [ 953279.838684840127826, 1951007.173446187051013 ] } },
{ "type": "Feature", "properties": { "역사_ID": 1220, "역사명": "지평", "호선": "중앙선", "위도": 37.476393, "경도": 127.629874 }, "geometry": { "type": "Point", "coordinates": [ 1011483.188050208962522, 1941915.222695989301428 ] } },
{ "type": "Feature", "properties": { "역사_ID": 1219, "역사명": "용문", "호선": "중앙선", "위도": 37.48223, "경도": 127.594647 }, "geometry": { "type": "Point", "coordinates": [ 1008367.838443115935661, 1942559.079771053977311 ] } },
{ "type": "Feature", "properties": { "역사_ID": 1218, "역사명": "원덕", "호선": "중앙선", "위도": 37.468672, "경도": 127.547076 }, "geometry": { "type": "Point", "coordinates": [ 1004162.789042997523211, 1941051.760312653146684 ] } },
{ "type": "Feature", "properties": { "역사_ID": 1217, "역사명": "양평", "호선": "중앙선", "위도": 37.492773, "경도": 127.491837 }, "geometry": { "type": "Point", "coordinates": [ 999278.40229194262065, 1943724.571141929365695 ] } },
{ "type": "Feature", "properties": { "역사_ID": 1216, "역사명": "오빈", "호선": "중앙선", "위도": 37.506062, "경도": 127.473868 }, "geometry": { "type": "Point", "coordinates": [ 997690.377308066468686, 1945199.177154739852995 ] } },
{ "type": "Feature", "properties": { "역사_ID": 1215, "역사명": "아신", "호선": "중앙선", "위도": 37.51382, "경도": 127.443173 }, "geometry": { "type": "Point", "coordinates": [ 994977.982931414153427, 1946061.067521068034694 ] } },
{ "type": "Feature", "properties": { "역사_ID": 1214, "역사명": "국수", "호선": "중앙선", "위도": 37.516169, "경도": 127.399367 }, "geometry": { "type": "Point", "coordinates": [ 991106.958839778089896, 1946324.911911066388711 ] } },
{ "type": "Feature", "properties": { "역사_ID": 1213, "역사명": "신원", "호선": "중앙선", "위도": 37.525545, "경도": 127.372921 }, "geometry": { "type": "Point", "coordinates": [ 988771.303019490791485, 1947367.942675222409889 ] } },
{ "type": "Feature", "properties": { "역사_ID": 1212, "역사명": "양수", "호선": "중앙선", "위도": 37.545981, "경도": 127.329098 }, "geometry": { "type": "Point", "coordinates": [ 984903.221572848502547, 1949641.316194707993418 ] } },
{ "type": "Feature", "properties": { "역사_ID": 1211, "역사명": "운길산", "호선": "중앙선", "위도": 37.554669, "경도": 127.310115 }, "geometry": { "type": "Point", "coordinates": [ 983228.286928032059222, 1950608.412861973047256 ] } },
{ "type": "Feature", "properties": { "역사_ID": 1210, "역사명": "팔당", "호선": "중앙선", "위도": 37.547371, "경도": 127.243939 }, "geometry": { "type": "Point", "coordinates": [ 977381.03558288840577, 1949812.608921012841165 ] } },
{ "type": "Feature", "properties": { "역사_ID": 1209, "역사명": "도심", "호선": "중앙선", "위도": 37.579622, "경도": 127.222672 }, "geometry": { "type": "Point", "coordinates": [ 975512.985099576762877, 1953395.998502622358501 ] } },
{ "type": "Feature", "properties": { "역사_ID": 1208, "역사명": "덕소", "호선": "중앙선", "위도": 37.586781, "경도": 127.208832 }, "geometry": { "type": "Point", "coordinates": [ 974293.424507260322571, 1954193.948093871818855 ] } },
{ "type": "Feature", "properties": { "역사_ID": 1207, "역사명": "양정", "호선": "중앙선", "위도": 37.60533, "경도": 127.19364 }, "geometry": { "type": "Point", "coordinates": [ 972958.866667677415535, 1956256.130399521905929 ] } },
{ "type": "Feature", "properties": { "역사_ID": 1206, "역사명": "도농", "호선": "중앙선", "위도": 37.608806, "경도": 127.161153 }, "geometry": { "type": "Point", "coordinates": [ 970092.756792215281166, 1956651.628135320963338 ] } },
{ "type": "Feature", "properties": { "역사_ID": 1205, "역사명": "구리", "호선": "중앙선", "위도": 37.603392, "경도": 127.143869 }, "geometry": { "type": "Point", "coordinates": [ 968564.956739613902755, 1956056.617134185042232 ] } },
{ "type": "Feature", "properties": { "역사_ID": 1204, "역사명": "양원", "호선": "중앙선", "위도": 37.606596, "경도": 127.107906 }, "geometry": { "type": "Point", "coordinates": [ 965392.039596542250365, 1956424.733621065504849 ] } },
{ "type": "Feature", "properties": { "역사_ID": 1203, "역사명": "망우", "호선": "중앙선", "위도": 37.59955, "경도": 127.091909 }, "geometry": { "type": "Point", "coordinates": [ 963976.669709396548569, 1955649.029820148367435 ] } },
{ "type": "Feature", "properties": { "역사_ID": 1202, "역사명": "상봉(시외버스터미널)", "호선": "중앙선", "위도": 37.596678, "경도": 127.08504 }, "geometry": { "type": "Point", "coordinates": [ 963368.913227516110055, 1955333.052339065121487 ] } },
{ "type": "Feature", "properties": { "역사_ID": 1201, "역사명": "중랑", "호선": "중앙선", "위도": 37.594917, "경도": 127.076116 }, "geometry": { "type": "Point", "coordinates": [ 962580.251013335306197, 1955141.196162397041917 ] } },
{ "type": "Feature", "properties": { "역사_ID": 1032, "역사명": "신길", "호선": "경부선", "위도": 37.516862, "경도": 126.917865 }, "geometry": { "type": "Point", "coordinates": [ 948556.38620196073316, 1946556.195959930540994 ] } },
{ "type": "Feature", "properties": { "역사_ID": 1031, "역사명": "복정", "호선": "분당선", "위도": 37.470047, "경도": 127.12666 }, "geometry": { "type": "Point", "coordinates": [ 966987.211395526654087, 1941268.69710095692426 ] } },
{ "type": "Feature", "properties": { "역사_ID": 1030, "역사명": "수서", "호선": "분당선", "위도": 37.487472, "경도": 127.101422 }, "geometry": { "type": "Point", "coordinates": [ 964763.701539656030945, 1943211.023500985931605 ] } },
{ "type": "Feature", "properties": { "역사_ID": 1028, "역사명": "대모산입구", "호선": "분당선", "위도": 37.491373, "경도": 127.07272 }, "geometry": { "type": "Point", "coordinates": [ 962228.252921169507317, 1943654.942600562004372 ] } },
{ "type": "Feature", "properties": { "역사_ID": 1027, "역사명": "개포동", "호선": "분당선", "위도": 37.489116, "경도": 127.06614 }, "geometry": { "type": "Point", "coordinates": [ 961645.420994586776942, 1943407.204157499596477 ] } },
{ "type": "Feature", "properties": { "역사_ID": 1026, "역사명": "구룡", "호선": "분당선", "위도": 37.486839, "경도": 127.058856 }, "geometry": { "type": "Point", "coordinates": [ 961000.305594743229449, 1943157.578892961144447 ] } },
{ "type": "Feature", "properties": { "역사_ID": 1025, "역사명": "도곡", "호선": "분당선", "위도": 37.491224, "경도": 127.055186 }, "geometry": { "type": "Point", "coordinates": [ 960678.153213714947924, 1943645.591947122244164 ] } },
{ "type": "Feature", "properties": { "역사_ID": 1024, "역사명": "한티", "호선": "분당선", "위도": 37.496237, "경도": 127.052873 }, "geometry": { "type": "Point", "coordinates": [ 960476.323236020863988, 1944202.719944094540551 ] } },
{ "type": "Feature", "properties": { "역사_ID": 1023, "역사명": "선릉", "호선": "분당선", "위도": 37.504856, "경도": 127.048807 }, "geometry": { "type": "Point", "coordinates": [ 960121.492436560452916, 1945160.657531592529267 ] } },
{ "type": "Feature", "properties": { "역사_ID": 1021, "역사명": "녹천", "호선": "경원선", "위도": 37.644799, "경도": 127.051269 }, "geometry": { "type": "Point", "coordinates": [ 960413.247325696400367, 1960685.583760969573632 ] } },
{ "type": "Feature", "properties": { "역사_ID": 1020, "역사명": "월계", "호선": "경원선", "위도": 37.633212, "경도": 127.058831 }, "geometry": { "type": "Point", "coordinates": [ 961074.320461929659359, 1959396.88696643919684 ] } },
{ "type": "Feature", "properties": { "역사_ID": 1019, "역사명": "광운대", "호선": "경원선", "위도": 37.623632, "경도": 127.061835 }, "geometry": { "type": "Point", "coordinates": [ 961334.411185560864396, 1958332.783340635709465 ] } },
{ "type": "Feature", "properties": { "역사_ID": 1018, "역사명": "석계", "호선": "경원선", "위도": 37.614532, "경도": 127.065934 }, "geometry": { "type": "Point", "coordinates": [ 961691.457697634352371, 1957321.496610468951985 ] } },
{ "type": "Feature", "properties": { "역사_ID": 1017, "역사명": "신이문", "호선": "경원선", "위도": 37.601854, "경도": 127.067325 }, "geometry": { "type": "Point", "coordinates": [ 961807.738967472570948, 1955914.36286882776767 ] } },
{ "type": "Feature", "properties": { "역사_ID": 1016, "역사명": "외대앞", "호선": "경원선", "위도": 37.596073, "경도": 127.063549 }, "geometry": { "type": "Point", "coordinates": [ 961471.448491558083333, 1955274.530420174822211 ] } },
{ "type": "Feature", "properties": { "역사_ID": 1015, "역사명": "회기", "호선": "중앙선", "위도": 37.58946, "경도": 127.057583 }, "geometry": { "type": "Point", "coordinates": [ 960941.329575765645131, 1954543.313898265361786 ] } },
{ "type": "Feature", "properties": { "역사_ID": 1014, "역사명": "청량리(서울시립대입구)", "호선": "경원선", "위도": 37.580759, "경도": 127.0483 }, "geometry": { "type": "Point", "coordinates": [ 960117.136027755448595, 1953581.881088651251048 ] } },
{ "type": "Feature", "properties": { "역사_ID": 1013, "역사명": "왕십리(성동구청)", "호선": "경원선", "위도": 37.561827, "경도": 127.038352 }, "geometry": { "type": "Point", "coordinates": [ 959228.452881938312203, 1951485.741742960177362 ] } },
{ "type": "Feature", "properties": { "역사_ID": 1012, "역사명": "응봉", "호선": "경원선", "위도": 37.549946, "경도": 127.034538 }, "geometry": { "type": "Point", "coordinates": [ 958885.081202557776123, 1950169.269820642191917 ] } },
{ "type": "Feature", "properties": { "역사_ID": 1011, "역사명": "옥수", "호선": "경원선", "위도": 37.540446, "경도": 127.018672 }, "geometry": { "type": "Point", "coordinates": [ 957478.210745204123668, 1949122.354232478421181 ] } },
{ "type": "Feature", "properties": { "역사_ID": 1010, "역사명": "한남", "호선": "경원선", "위도": 37.52943, "경도": 127.009169 }, "geometry": { "type": "Point", "coordinates": [ 956632.30645427107811, 1947904.53102551586926 ] } },
{ "type": "Feature", "properties": { "역사_ID": 1009, "역사명": "서빙고", "호선": "경원선", "위도": 37.519594, "경도": 126.988537 }, "geometry": { "type": "Point", "coordinates": [ 954803.406697055906989, 1946822.996698191855103 ] } },
{ "type": "Feature", "properties": { "역사_ID": 1008, "역사명": "이촌(국립중앙박물관)", "호선": "경원선", "위도": 37.522427, "경도": 126.973406 }, "geometry": { "type": "Point", "coordinates": [ 953468.071158443461172, 1947144.678846886148676 ] } },
{ "type": "Feature", "properties": { "역사_ID": 1007, "역사명": "신도림", "호선": "경부선", "위도": 37.508787, "경도": 126.891144 }, "geometry": { "type": "Point", "coordinates": [ 946189.215603926684707, 1945675.265830690041184 ] } },
{ "type": "Feature", "properties": { "역사_ID": 1006, "역사명": "영등포", "호선": "경부선", "위도": 37.515504, "경도": 126.907628 }, "geometry": { "type": "Point", "coordinates": [ 947650.779491741326638, 1946411.180319623323157 ] } },
{ "type": "Feature", "properties": { "역사_ID": 1005, "역사명": "대방", "호선": "경부선", "위도": 37.513342, "경도": 126.926382 }, "geometry": { "type": "Point", "coordinates": [ 949306.66413411940448, 1946161.04859016276896 ] } },
{ "type": "Feature", "properties": { "역사_ID": 1004, "역사명": "노량진", "호선": "경부선", "위도": 37.514149, "경도": 126.94271 }, "geometry": { "type": "Point", "coordinates": [ 950750.189091556705534, 1946241.908352730097249 ] } },
{ "type": "Feature", "properties": { "역사_ID": 1003, "역사명": "용산", "호선": "경부선", "위도": 37.529849, "경도": 126.964561 }, "geometry": { "type": "Point", "coordinates": [ 952691.173484209692106, 1947972.520231534959748 ] } },
{ "type": "Feature", "properties": { "역사_ID": 1002, "역사명": "남영", "호선": "경부선", "위도": 37.541021, "경도": 126.9713 }, "geometry": { "type": "Point", "coordinates": [ 953293.572086813743226, 1949208.624159340281039 ] } },
{ "type": "Feature", "properties": { "역사_ID": 1001, "역사명": "서울역", "호선": "경부선", "위도": 37.554337, "경도": 126.971134 }, "geometry": { "type": "Point", "coordinates": [ 953287.217829174012877, 1950686.047160317422822 ] } },
{ "type": "Feature", "properties": { "역사_ID": 434, "역사명": "남태령", "호선": "4호선", "위도": 37.463873, "경도": 126.989134 }, "geometry": { "type": "Point", "coordinates": [ 954822.613084152224474, 1940640.819442538311705 ] } },
{ "type": "Feature", "properties": { "역사_ID": 433, "역사명": "사당", "호선": "4호선", "위도": 37.476955, "경도": 126.981651 }, "geometry": { "type": "Point", "coordinates": [ 954168.852680419106036, 1942095.794719830155373 ] } },
{ "type": "Feature", "properties": { "역사_ID": 432, "역사명": "총신대입구(이수)", "호선": "4호선", "위도": 37.486263, "경도": 126.981989 }, "geometry": { "type": "Point", "coordinates": [ 954204.419379054452293, 1943128.292214633896947 ] } },
{ "type": "Feature", "properties": { "역사_ID": 431, "역사명": "동작(현충원)", "호선": "4호선", "위도": 37.502852, "경도": 126.980347 }, "geometry": { "type": "Point", "coordinates": [ 954069.415329953073524, 1944969.537805186817423 ] } },
{ "type": "Feature", "properties": { "역사_ID": 430, "역사명": "이촌(국립중앙박물관)", "호선": "4호선", "위도": 37.522295, "경도": 126.974733 }, "geometry": { "type": "Point", "coordinates": [ 953585.249210826004855, 1947129.378606803016737 ] } },
{ "type": "Feature", "properties": { "역사_ID": 429, "역사명": "신용산", "호선": "4호선", "위도": 37.52917, "경도": 126.967894 }, "geometry": { "type": "Point", "coordinates": [ 952985.237430147244595, 1947895.517637291923165 ] } },
{ "type": "Feature", "properties": { "역사_ID": 428, "역사명": "삼각지", "호선": "4호선", "위도": 37.534075, "경도": 126.9726 }, "geometry": { "type": "Point", "coordinates": [ 953404.095525207696483, 1948437.358205379685387 ] } },
{ "type": "Feature", "properties": { "역사_ID": 427, "역사명": "숙대입구(갈월)", "호선": "4호선", "위도": 37.54456, "경도": 126.972106 }, "geometry": { "type": "Point", "coordinates": [ 953366.980695445206948, 1949600.857293805107474 ] } },
{ "type": "Feature", "properties": { "역사_ID": 426, "역사명": "서울역", "호선": "4호선", "위도": 37.55281, "경도": 126.972556 }, "geometry": { "type": "Point", "coordinates": [ 953411.868185190367512, 1950515.92862972500734 ] } },
{ "type": "Feature", "properties": { "역사_ID": 425, "역사명": "회현(남대문시장)", "호선": "4호선", "위도": 37.558514, "경도": 126.978246 }, "geometry": { "type": "Point", "coordinates": [ 953917.97143920219969, 1951145.953464068239555 ] } },
{ "type": "Feature", "properties": { "역사_ID": 424, "역사명": "명동", "호선": "4호선", "위도": 37.560989, "경도": 126.986325 }, "geometry": { "type": "Point", "coordinates": [ 954633.025505075114779, 1951416.611806767527014 ] } },
{ "type": "Feature", "properties": { "역사_ID": 423, "역사명": "충무로", "호선": "4호선", "위도": 37.561207, "경도": 126.99408 }, "geometry": { "type": "Point", "coordinates": [ 955318.069849654100835, 1951437.082688002381474 ] } },
{ "type": "Feature", "properties": { "역사_ID": 422, "역사명": "동대문역사문화공원", "호선": "4호선", "위도": 37.565133, "경도": 127.007885 }, "geometry": { "type": "Point", "coordinates": [ 956539.590892702457495, 1951866.178756491281092 ] } },
{ "type": "Feature", "properties": { "역사_ID": 421, "역사명": "동대문", "호선": "4호선", "위도": 37.57093, "경도": 127.009287 }, "geometry": { "type": "Point", "coordinates": [ 956666.765733859152533, 1952508.679347025929019 ] } },
{ "type": "Feature", "properties": { "역사_ID": 420, "역사명": "혜화", "호선": "4호선", "위도": 37.582336, "경도": 127.001844 }, "geometry": { "type": "Point", "coordinates": [ 956016.204510943498462, 1953777.578469853382558 ] } },
{ "type": "Feature", "properties": { "역사_ID": 419, "역사명": "한성대입구(삼선교)", "호선": "4호선", "위도": 37.588458, "경도": 127.006221 }, "geometry": { "type": "Point", "coordinates": [ 956406.23676910426002, 1954454.745330023113638 ] } },
{ "type": "Feature", "properties": { "역사_ID": 418, "역사명": "성신여대입구(돈암)", "호선": "4호선", "위도": 37.592612, "경도": 127.016441 }, "geometry": { "type": "Point", "coordinates": [ 957310.897841955767944, 1954910.918124297400936 ] } },
{ "type": "Feature", "properties": { "역사_ID": 417, "역사명": "길음", "호선": "4호선", "위도": 37.603407, "경도": 127.025053 }, "geometry": { "type": "Point", "coordinates": [ 958077.236178876948543, 1956104.694895202061161 ] } },
{ "type": "Feature", "properties": { "역사_ID": 416, "역사명": "미아사거리", "호선": "4호선", "위도": 37.613292, "경도": 127.030053 }, "geometry": { "type": "Point", "coordinates": [ 958524.069810951012187, 1957199.171925048111007 ] } },
{ "type": "Feature", "properties": { "역사_ID": 415, "역사명": "미아(서울사이버대학)", "호선": "4호선", "위도": 37.62667, "경도": 127.025983 }, "geometry": { "type": "Point", "coordinates": [ 958172.359017424634658, 1958685.211914837360382 ] } },
{ "type": "Feature", "properties": { "역사_ID": 414, "역사명": "수유(강북구청)", "호선": "4호선", "위도": 37.638052, "경도": 127.025732 }, "geometry": { "type": "Point", "coordinates": [ 958156.592982999747619, 1959948.112467762781307 ] } },
{ "type": "Feature", "properties": { "역사_ID": 413, "역사명": "쌍문", "호선": "4호선", "위도": 37.648627, "경도": 127.034709 }, "geometry": { "type": "Point", "coordinates": [ 958954.433595853159204, 1961117.403640640201047 ] } },
{ "type": "Feature", "properties": { "역사_ID": 412, "역사명": "창동", "호선": "4호선", "위도": 37.653088, "경도": 127.047274 }, "geometry": { "type": "Point", "coordinates": [ 960065.247844822471961, 1961606.911337130470201 ] } },
{ "type": "Feature", "properties": { "역사_ID": 411, "역사명": "노원", "호선": "4호선", "위도": 37.65627, "경도": 127.063276 }, "geometry": { "type": "Point", "coordinates": [ 961478.427942668437026, 1961953.249662077752873 ] } },
{ "type": "Feature", "properties": { "역사_ID": 410, "역사명": "상계", "호선": "4호선", "위도": 37.660878, "경도": 127.073572 }, "geometry": { "type": "Point", "coordinates": [ 962388.923483901075087, 1962460.311513960827142 ] } },
{ "type": "Feature", "properties": { "역사_ID": 409, "역사명": "불암산", "호선": "4호선", "위도": 37.670272, "경도": 127.079066 }, "geometry": { "type": "Point", "coordinates": [ 962878.17703981033992, 1963500.353839201387018 ] } },
{ "type": "Feature", "properties": { "역사_ID": 408, "역사명": "별내별가람", "호선": "진접선", "위도": 37.66778, "경도": 127.11581 }, "geometry": { "type": "Point", "coordinates": [ 966117.480235338909552, 1963209.96147983125411 ] } },
{ "type": "Feature", "properties": { "역사_ID": 406, "역사명": "오남", "호선": "진접선", "위도": 37.705, "경도": 127.19281 }, "geometry": { "type": "Point", "coordinates": [ 972921.825122627546079, 1967314.355009154882282 ] } },
{ "type": "Feature", "properties": { "역사_ID": 405, "역사명": "진접", "호선": "진접선", "위도": 37.7205, "경도": 127.2034 }, "geometry": { "type": "Point", "coordinates": [ 973860.759818373480812, 1969031.0257362278644 ] } },
{ "type": "Feature", "properties": { "역사_ID": 342, "역사명": "오금", "호선": "3호선", "위도": 37.502129, "경도": 127.128319 }, "geometry": { "type": "Point", "coordinates": [ 967147.961466190172359, 1944827.389926384668797 ] } },
{ "type": "Feature", "properties": { "역사_ID": 341, "역사명": "경찰병원", "호선": "3호선", "위도": 37.495918, "경도": 127.12454 }, "geometry": { "type": "Point", "coordinates": [ 966811.194178991485387, 1944139.647273619892076 ] } },
{ "type": "Feature", "properties": { "역사_ID": 340, "역사명": "가락시장", "호선": "3호선", "위도": 37.492245, "경도": 127.117757 }, "geometry": { "type": "Point", "coordinates": [ 966209.95348747225944, 1943734.566284349886701 ] } },
{ "type": "Feature", "properties": { "역사_ID": 339, "역사명": "수서", "호선": "3호선", "위도": 37.487378, "경도": 127.101907 }, "geometry": { "type": "Point", "coordinates": [ 964806.534059971221723, 1943200.413432253524661 ] } },
{ "type": "Feature", "properties": { "역사_ID": 338, "역사명": "일원", "호선": "3호선", "위도": 37.483681, "경도": 127.08439 }, "geometry": { "type": "Point", "coordinates": [ 963256.12371248845011, 1942796.949070919537917 ] } },
{ "type": "Feature", "properties": { "역사_ID": 337, "역사명": "대청", "호선": "3호선", "위도": 37.493514, "경도": 127.079532 }, "geometry": { "type": "Point", "coordinates": [ 962831.500666665146127, 1943889.760631277458742 ] } },
{ "type": "Feature", "properties": { "역사_ID": 336, "역사명": "학여울", "호선": "3호선", "위도": 37.496663, "경도": 127.070594 }, "geometry": { "type": "Point", "coordinates": [ 962042.98994151270017, 1944242.688076532911509 ] } },
{ "type": "Feature", "properties": { "역사_ID": 335, "역사명": "대치", "호선": "3호선", "위도": 37.494612, "경도": 127.063642 }, "geometry": { "type": "Point", "coordinates": [ 961427.41534214746207, 1944017.969375055516139 ] } },
{ "type": "Feature", "properties": { "역사_ID": 334, "역사명": "도곡", "호선": "3호선", "위도": 37.490922, "경도": 127.055452 }, "geometry": { "type": "Point", "coordinates": [ 960701.509686353150755, 1943611.975976357702166 ] } },
{ "type": "Feature", "properties": { "역사_ID": 333, "역사명": "매봉", "호선": "3호선", "위도": 37.486947, "경도": 127.046769 }, "geometry": { "type": "Point", "coordinates": [ 959931.796444320003502, 1943174.636455203639343 ] } },
{ "type": "Feature", "properties": { "역사_ID": 332, "역사명": "양재(서초구청)", "호선": "3호선", "위도": 37.484477, "경도": 127.033902 }, "geometry": { "type": "Point", "coordinates": [ 958792.917176616028883, 1942906.160419397288933 ] } },
{ "type": "Feature", "properties": { "역사_ID": 331, "역사명": "남부터미널(예술의전당)", "호선": "3호선", "위도": 37.485013, "경도": 127.016189 }, "geometry": { "type": "Point", "coordinates": [ 957227.231227772193961, 1942973.52599453064613 ] } },
{ "type": "Feature", "properties": { "역사_ID": 330, "역사명": "교대(법원.검찰청)", "호선": "3호선", "위도": 37.493025, "경도": 127.013786 }, "geometry": { "type": "Point", "coordinates": [ 957019.376329865655862, 1943863.499595593428239 ] } },
{ "type": "Feature", "properties": { "역사_ID": 329, "역사명": "고속터미널", "호선": "3호선", "위도": 37.504891, "경도": 127.004916 }, "geometry": { "type": "Point", "coordinates": [ 956242.20078784856014, 1945184.044644065434113 ] } },
{ "type": "Feature", "properties": { "역사_ID": 328, "역사명": "잠원", "호선": "3호선", "위도": 37.512759, "경도": 127.01122 }, "geometry": { "type": "Point", "coordinates": [ 956803.915062038809992, 1946054.03833135520108 ] } },
{ "type": "Feature", "properties": { "역사_ID": 327, "역사명": "신사", "호선": "3호선", "위도": 37.516334, "경도": 127.020114 }, "geometry": { "type": "Point", "coordinates": [ 957591.952929013874382, 1946446.616794155212119 ] } },
{ "type": "Feature", "properties": { "역사_ID": 326, "역사명": "압구정", "호선": "3호선", "위도": 37.527072, "경도": 127.028461 }, "geometry": { "type": "Point", "coordinates": [ 958335.562409524805844, 1947634.204007544321939 ] } },
{ "type": "Feature", "properties": { "역사_ID": 325, "역사명": "옥수", "호선": "3호선", "위도": 37.541684, "경도": 127.017269 }, "geometry": { "type": "Point", "coordinates": [ 957354.970384625601582, 1949260.338835578178987 ] } },
{ "type": "Feature", "properties": { "역사_ID": 324, "역사명": "금호", "호선": "3호선", "위도": 37.548034, "경도": 127.015872 }, "geometry": { "type": "Point", "coordinates": [ 957235.184567243093625, 1949965.471028735861182 ] } },
{ "type": "Feature", "properties": { "역사_ID": 323, "역사명": "약수", "호선": "3호선", "위도": 37.554867, "경도": 127.010541 }, "geometry": { "type": "Point", "coordinates": [ 956768.221765430527739, 1950725.994231953518465 ] } },
{ "type": "Feature", "properties": { "역사_ID": 322, "역사명": "동대입구", "호선": "3호선", "위도": 37.559052, "경도": 127.005602 }, "geometry": { "type": "Point", "coordinates": [ 956334.420818166574463, 1951192.581171303754672 ] } },
{ "type": "Feature", "properties": { "역사_ID": 321, "역사명": "충무로", "호선": "3호선", "위도": 37.56143, "경도": 126.994072 }, "geometry": { "type": "Point", "coordinates": [ 955317.496480399277061, 1951461.827208240516484 ] } },
{ "type": "Feature", "properties": { "역사_ID": 320, "역사명": "을지로3가", "호선": "3호선", "위도": 37.566672, "경도": 126.992548 }, "geometry": { "type": "Point", "coordinates": [ 955186.039348267717287, 1952044.126415132777765 ] } },
{ "type": "Feature", "properties": { "역사_ID": 319, "역사명": "종로3가", "호선": "3호선", "위도": 37.571605, "경도": 126.991791 }, "geometry": { "type": "Point", "coordinates": [ 955122.146836931933649, 1952591.779738425975665 ] } },
{ "type": "Feature", "properties": { "역사_ID": 318, "역사명": "안국", "호선": "3호선", "위도": 37.576477, "경도": 126.985443 }, "geometry": { "type": "Point", "coordinates": [ 954564.537268726737238, 1953135.355562091106549 ] } },
{ "type": "Feature", "properties": { "역사_ID": 317, "역사명": "경복궁(정부서울청사)", "호선": "3호선", "위도": 37.575762, "경도": 126.97353 }, "geometry": { "type": "Point", "coordinates": [ 953512.165443119825795, 1953061.857535430695862 ] } },
{ "type": "Feature", "properties": { "역사_ID": 316, "역사명": "독립문", "호선": "3호선", "위도": 37.574571, "경도": 126.957748 }, "geometry": { "type": "Point", "coordinates": [ 952117.8256258033216, 1952937.647562784841284 ] } },
{ "type": "Feature", "properties": { "역사_ID": 315, "역사명": "무악재", "호선": "3호선", "위도": 37.582299, "경도": 126.950291 }, "geometry": { "type": "Point", "coordinates": [ 951464.365872723748907, 1953798.860333061544225 ] } },
{ "type": "Feature", "properties": { "역사_ID": 314, "역사명": "홍제", "호선": "3호선", "위도": 37.589066, "경도": 126.943736 }, "geometry": { "type": "Point", "coordinates": [ 950890.044477730989456, 1954553.036232054233551 ] } },
{ "type": "Feature", "properties": { "역사_ID": 313, "역사명": "녹번", "호선": "3호선", "위도": 37.600927, "경도": 126.935756 }, "geometry": { "type": "Point", "coordinates": [ 950193.42795673024375, 1955873.167006328003481 ] } },
{ "type": "Feature", "properties": { "역사_ID": 312, "역사명": "불광", "호선": "3호선", "위도": 37.610553, "경도": 126.92982 }, "geometry": { "type": "Point", "coordinates": [ 949675.930477535584942, 1956944.298855894943699 ] } },
{ "type": "Feature", "properties": { "역사_ID": 311, "역사명": "연신내", "호선": "3호선", "위도": 37.619229, "경도": 126.921038 }, "geometry": { "type": "Point", "coordinates": [ 948906.761501426692121, 1957911.61253365688026 ] } },
{ "type": "Feature", "properties": { "역사_ID": 310, "역사명": "구파발", "호선": "3호선", "위도": 37.636763, "경도": 126.918821 }, "geometry": { "type": "Point", "coordinates": [ 948723.15787200035993, 1959858.157976303715259 ] } },
{ "type": "Feature", "properties": { "역사_ID": 309, "역사명": "지축", "호선": "3호선", "위도": 37.648033, "경도": 126.913917 }, "geometry": { "type": "Point", "coordinates": [ 948298.290607471950352, 1961111.220056361751631 ] } },
{ "type": "Feature", "properties": { "역사_ID": 250, "역사명": "용두(동대문구청)", "호선": "2호선", "위도": 37.574028, "경도": 127.038091 }, "geometry": { "type": "Point", "coordinates": [ 959212.055612791678868, 1952839.493184674996883 ] } },
{ "type": "Feature", "properties": { "역사_ID": 249, "역사명": "신정네거리", "호선": "2호선", "위도": 37.520074, "경도": 126.852912 }, "geometry": { "type": "Point", "coordinates": [ 942818.841911581344903, 1946950.049805832793936 ] } },
{ "type": "Feature", "properties": { "역사_ID": 248, "역사명": "양천구청", "호선": "2호선", "위도": 37.512398, "경도": 126.865819 }, "geometry": { "type": "Point", "coordinates": [ 943953.665106737986207, 1946090.670814557932317 ] } },
{ "type": "Feature", "properties": { "역사_ID": 247, "역사명": "도림천", "호선": "2호선", "위도": 37.514287, "경도": 126.882768 }, "geometry": { "type": "Point", "coordinates": [ 945452.938920980319381, 1946290.283779206452891 ] } },
{ "type": "Feature", "properties": { "역사_ID": 246, "역사명": "신설동", "호선": "2호선", "위도": 37.574747, "경도": 127.024932 }, "geometry": { "type": "Point", "coordinates": [ 958050.473137855296955, 1952925.05647237575613 ] } },
{ "type": "Feature", "properties": { "역사_ID": 245, "역사명": "신답", "호선": "2호선", "위도": 37.57004, "경도": 127.046481 }, "geometry": { "type": "Point", "coordinates": [ 959950.786203836090863, 1952393.435835136566311 ] } },
{ "type": "Feature", "properties": { "역사_ID": 244, "역사명": "용답", "호선": "2호선", "위도": 37.561904, "경도": 127.050899 }, "geometry": { "type": "Point", "coordinates": [ 960336.617981898481958, 1951488.915390814188868 ] } },
{ "type": "Feature", "properties": { "역사_ID": 243, "역사명": "충정로(경기대입구)", "호선": "2호선", "위도": 37.559704, "경도": 126.964378 }, "geometry": { "type": "Point", "coordinates": [ 952693.873902375926264, 1951284.867671580286697 ] } },
{ "type": "Feature", "properties": { "역사_ID": 242, "역사명": "아현", "호선": "2호선", "위도": 37.557345, "경도": 126.956141 }, "geometry": { "type": "Point", "coordinates": [ 951964.862185608129948, 1951027.326074919197708 ] } },
{ "type": "Feature", "properties": { "역사_ID": 241, "역사명": "이대", "호선": "2호선", "위도": 37.556733, "경도": 126.946013 }, "geometry": { "type": "Point", "coordinates": [ 951069.921735637472011, 1950964.651840397156775 ] } },
{ "type": "Feature", "properties": { "역사_ID": 240, "역사명": "신촌", "호선": "2호선", "위도": 37.555131, "경도": 126.936926 }, "geometry": { "type": "Point", "coordinates": [ 950266.254618134466, 1950791.687013084301725 ] } },
{ "type": "Feature", "properties": { "역사_ID": 239, "역사명": "홍대입구", "호선": "2호선", "위도": 37.55679, "경도": 126.923708 }, "geometry": { "type": "Point", "coordinates": [ 949099.887630764162168, 1950982.820754213491455 ] } },
{ "type": "Feature", "properties": { "역사_ID": 238, "역사명": "합정", "호선": "2호선", "위도": 37.549457, "경도": 126.913808 }, "geometry": { "type": "Point", "coordinates": [ 948220.404031859827228, 1950174.667164813028648 ] } },
{ "type": "Feature", "properties": { "역사_ID": 237, "역사명": "당산", "호선": "2호선", "위도": 37.534946, "경도": 126.902767 }, "geometry": { "type": "Point", "coordinates": [ 947234.893741687526926, 1948570.882823722204193 ] } },
{ "type": "Feature", "properties": { "역사_ID": 236, "역사명": "영등포구청", "호선": "2호선", "위도": 37.525706, "경도": 126.89661 }, "geometry": { "type": "Point", "coordinates": [ 946684.345171466353349, 1947549.225200786022469 ] } },
{ "type": "Feature", "properties": { "역사_ID": 235, "역사명": "문래", "호선": "2호선", "위도": 37.517933, "경도": 126.89476 }, "geometry": { "type": "Point", "coordinates": [ 946515.328695631353185, 1946687.902551426086575 ] } },
{ "type": "Feature", "properties": { "역사_ID": 234, "역사명": "신도림", "호선": "2호선", "위도": 37.508961, "경도": 126.891084 }, "geometry": { "type": "Point", "coordinates": [ 946184.037665355950594, 1945694.604478382505476 ] } },
{ "type": "Feature", "properties": { "역사_ID": 233, "역사명": "대림(구로구청)", "호선": "2호선", "위도": 37.493243, "경도": 126.894932 }, "geometry": { "type": "Point", "coordinates": [ 946512.915650970768183, 1943948.588443545624614 ] } },
{ "type": "Feature", "properties": { "역사_ID": 232, "역사명": "구로디지털단지", "호선": "2호선", "위도": 37.485266, "경도": 126.901401 }, "geometry": { "type": "Point", "coordinates": [ 947079.143338554073125, 1943059.931703383103013 ] } },
{ "type": "Feature", "properties": { "역사_ID": 231, "역사명": "신대방", "호선": "2호선", "위도": 37.487462, "경도": 126.913149 }, "geometry": { "type": "Point", "coordinates": [ 948119.287177557591349, 1943297.025599824031815 ] } },
{ "type": "Feature", "properties": { "역사_ID": 230, "역사명": "신림", "호선": "2호선", "위도": 37.484201, "경도": 126.929715 }, "geometry": { "type": "Point", "coordinates": [ 949581.629979587043636, 1942926.23726143501699 ] } },
{ "type": "Feature", "properties": { "역사_ID": 229, "역사명": "봉천", "호선": "2호선", "위도": 37.482362, "경도": 126.941892 }, "geometry": { "type": "Point", "coordinates": [ 950656.986902535776608, 1942715.760389119153842 ] } },
{ "type": "Feature", "properties": { "역사_ID": 228, "역사명": "서울대입구(관악구청)", "호선": "2호선", "위도": 37.481247, "경도": 126.952739 }, "geometry": { "type": "Point", "coordinates": [ 951615.272199265076779, 1942586.428852685028687 ] } },
{ "type": "Feature", "properties": { "역사_ID": 227, "역사명": "낙성대", "호선": "2호선", "위도": 37.47693, "경도": 126.963693 }, "geometry": { "type": "Point", "coordinates": [ 952581.022608608473092, 1942101.912932156585157 ] } },
{ "type": "Feature", "properties": { "역사_ID": 226, "역사명": "사당", "호선": "2호선", "위도": 37.476538, "경도": 126.981544 }, "geometry": { "type": "Point", "coordinates": [ 954159.137219229247421, 1942049.583407583180815 ] } },
{ "type": "Feature", "properties": { "역사_ID": 225, "역사명": "방배", "호선": "2호선", "위도": 37.481426, "경도": 126.997596 }, "geometry": { "type": "Point", "coordinates": [ 955581.326706613996066, 1942584.181260200450197 ] } },
{ "type": "Feature", "properties": { "역사_ID": 224, "역사명": "서초", "호선": "2호선", "위도": 37.491897, "경도": 127.007917 }, "geometry": { "type": "Point", "coordinates": [ 956499.907587921596132, 1943741.051242649788037 ] } },
{ "type": "Feature", "properties": { "역사_ID": 223, "역사명": "교대(법원.검찰청)", "호선": "2호선", "위도": 37.493961, "경도": 127.014667 }, "geometry": { "type": "Point", "coordinates": [ 957097.791372845415026, 1943966.940863368567079 ] } },
{ "type": "Feature", "properties": { "역사_ID": 222, "역사명": "강남", "호선": "2호선", "위도": 37.49799, "경도": 127.027912 }, "geometry": { "type": "Point", "coordinates": [ 958270.864778572577052, 1944407.977971928892657 ] } },
{ "type": "Feature", "properties": { "역사_ID": 221, "역사명": "역삼", "호선": "2호선", "위도": 37.500622, "경도": 127.036456 }, "geometry": { "type": "Point", "coordinates": [ 959027.53455434110947, 1944696.227683277567849 ] } },
{ "type": "Feature", "properties": { "역사_ID": 220, "역사명": "선릉", "호선": "2호선", "위도": 37.504286, "경도": 127.048203 }, "geometry": { "type": "Point", "coordinates": [ 960067.804258007090539, 1945097.675786886131391 ] } },
{ "type": "Feature", "properties": { "역사_ID": 219, "역사명": "삼성(무역센터)", "호선": "2호선", "위도": 37.508844, "경도": 127.06316 }, "geometry": { "type": "Point", "coordinates": [ 961392.136867329711094, 1945597.115142666967586 ] } },
{ "type": "Feature", "properties": { "역사_ID": 218, "역사명": "종합운동장", "호선": "2호선", "위도": 37.511022, "경도": 127.073704 }, "geometry": { "type": "Point", "coordinates": [ 962325.113498451770283, 1945834.476412755670026 ] } },
{ "type": "Feature", "properties": { "역사_ID": 217, "역사명": "잠실새내", "호선": "2호선", "위도": 37.511687, "경도": 127.086162 }, "geometry": { "type": "Point", "coordinates": [ 963426.447377122472972, 1945903.338605711935088 ] } },
{ "type": "Feature", "properties": { "역사_ID": 216, "역사명": "잠실(송파구청)", "호선": "2호선", "위도": 37.513262, "경도": 127.100159 }, "geometry": { "type": "Point", "coordinates": [ 964664.201083866180852, 1946072.726099561434239 ] } },
{ "type": "Feature", "properties": { "역사_ID": 215, "역사명": "잠실나루", "호선": "2호선", "위도": 37.520733, "경도": 127.10379 }, "geometry": { "type": "Point", "coordinates": [ 964988.581340119126253, 1946900.228672773577273 ] } },
{ "type": "Feature", "properties": { "역사_ID": 214, "역사명": "강변(동서울터미널)", "호선": "2호선", "위도": 37.535095, "경도": 127.094681 }, "geometry": { "type": "Point", "coordinates": [ 964190.519988351501524, 1948497.033950767247006 ] } },
{ "type": "Feature", "properties": { "역사_ID": 213, "역사명": "구의(광진구청)", "호선": "2호선", "위도": 37.537077, "경도": 127.085916 }, "geometry": { "type": "Point", "coordinates": [ 963417.106819557258859, 1948720.298765195533633 ] } },
{ "type": "Feature", "properties": { "역사_ID": 212, "역사명": "건대입구", "호선": "2호선", "위도": 37.540373, "경도": 127.069191 }, "geometry": { "type": "Point", "coordinates": [ 961941.178946403437294, 1949092.608664121944457 ] } },
{ "type": "Feature", "properties": { "역사_ID": 211, "역사명": "성수", "호선": "2호선", "위도": 37.544581, "경도": 127.055961 }, "geometry": { "type": "Point", "coordinates": [ 960774.604036831995472, 1949564.899406255455688 ] } },
{ "type": "Feature", "properties": { "역사_ID": 210, "역사명": "뚝섬", "호선": "2호선", "위도": 37.547184, "경도": 127.047367 }, "geometry": { "type": "Point", "coordinates": [ 960016.815856193075888, 1949857.307797982124612 ] } },
{ "type": "Feature", "properties": { "역사_ID": 209, "역사명": "한양대", "호선": "2호선", "위도": 37.555273, "경도": 127.043655 }, "geometry": { "type": "Point", "coordinates": [ 959693.272243363200687, 1950756.323153756326064 ] } },
{ "type": "Feature", "properties": { "역사_ID": 208, "역사명": "왕십리(성동구청)", "호선": "2호선", "위도": 37.561238, "경도": 127.036954 }, "geometry": { "type": "Point", "coordinates": [ 959104.662523359642364, 1951421.002681197132915 ] } },
{ "type": "Feature", "properties": { "역사_ID": 207, "역사명": "상왕십리", "호선": "2호선", "위도": 37.564354, "경도": 127.029354 }, "geometry": { "type": "Point", "coordinates": [ 958435.172390200430527, 1951770.040757545037195 ] } },
{ "type": "Feature", "properties": { "역사_ID": 206, "역사명": "신당", "호선": "2호선", "위도": 37.56564, "경도": 127.019614 }, "geometry": { "type": "Point", "coordinates": [ 957575.714098914060742, 1951917.068259779596701 ] } },
{ "type": "Feature", "properties": { "역사_ID": 205, "역사명": "동대문역사문화공원", "호선": "2호선", "위도": 37.565613, "경도": 127.009054 }, "geometry": { "type": "Point", "coordinates": [ 956643.108259848318994, 1951918.892348472028971 ] } },
{ "type": "Feature", "properties": { "역사_ID": 204, "역사명": "을지로4가", "호선": "2호선", "위도": 37.566595, "경도": 126.997817 }, "geometry": { "type": "Point", "coordinates": [ 955651.311272199847735, 1952033.084009853657335 ] } },
{ "type": "Feature", "properties": { "역사_ID": 203, "역사명": "을지로3가", "호선": "2호선", "위도": 37.566306, "경도": 126.991696 }, "geometry": { "type": "Point", "coordinates": [ 955110.577612239751033, 1952003.927179374964908 ] } },
{ "type": "Feature", "properties": { "역사_ID": 202, "역사명": "을지로입구", "호선": "2호선", "위도": 37.566014, "경도": 126.982618 }, "geometry": { "type": "Point", "coordinates": [ 954308.695899154641666, 1951975.906327157048509 ] } },
{ "type": "Feature", "properties": { "역사_ID": 201, "역사명": "시청", "호선": "2호선", "위도": 37.563588, "경도": 126.975411 }, "geometry": { "type": "Point", "coordinates": [ 953670.720616749254987, 1951710.282118760980666 ] } },
{ "type": "Feature", "properties": { "역사_ID": 159, "역사명": "동묘앞", "호선": "1호선", "위도": 37.573197, "경도": 127.01648 }, "geometry": { "type": "Point", "coordinates": [ 957303.253849496366456, 1952756.898847956676036 ] } },
{ "type": "Feature", "properties": { "역사_ID": 158, "역사명": "청량리(서울시립대입구)", "호선": "1호선", "위도": 37.579956, "경도": 127.044585 }, "geometry": { "type": "Point", "coordinates": [ 959788.686345981084742, 1953494.375856548780575 ] } },
{ "type": "Feature", "properties": { "역사_ID": 157, "역사명": "제기동", "호선": "1호선", "위도": 37.578103, "경도": 127.034893 }, "geometry": { "type": "Point", "coordinates": [ 958931.89912523329258, 1953292.987231072271243 ] } },
{ "type": "Feature", "properties": { "역사_ID": 156, "역사명": "신설동", "호선": "1호선", "위도": 37.576048, "경도": 127.024634 }, "geometry": { "type": "Point", "coordinates": [ 958024.889223998878151, 1953069.529075960395858 ] } },
{ "type": "Feature", "properties": { "역사_ID": 155, "역사명": "동대문", "호선": "1호선", "위도": 37.571687, "경도": 127.01093 }, "geometry": { "type": "Point", "coordinates": [ 956812.291650983155705, 1952591.90830639237538 ] } },
{ "type": "Feature", "properties": { "역사_ID": 154, "역사명": "종로5가", "호선": "1호선", "위도": 37.570926, "경도": 127.001849 }, "geometry": { "type": "Point", "coordinates": [ 956009.934063870110549, 1952511.691729892510921 ] } },
{ "type": "Feature", "properties": { "역사_ID": 153, "역사명": "종로3가", "호선": "1호선", "위도": 37.570406, "경도": 126.991847 }, "geometry": { "type": "Point", "coordinates": [ 955126.372620979091153, 1952458.729806993855163 ] } },
{ "type": "Feature", "properties": { "역사_ID": 152, "역사명": "종각", "호선": "1호선", "위도": 37.570161, "경도": 126.982923 }, "geometry": { "type": "Point", "coordinates": [ 954338.163065667613409, 1952435.847386430948973 ] } },
{ "type": "Feature", "properties": { "역사_ID": 151, "역사명": "시청", "호선": "1호선", "위도": 37.565715, "경도": 126.977088 }, "geometry": { "type": "Point", "coordinates": [ 953820.139627024065703, 1951945.436862571863458 ] } },
{ "type": "Feature", "properties": { "역사_ID": 150, "역사명": "서울역", "호선": "1호선", "위도": 37.556228, "경도": 126.972135 }, "geometry": { "type": "Point", "coordinates": [ 953376.811275166226551, 1950895.347000903682783 ] } }
]
}
